timestamp,vessel_o3_pct,cell_temp_c,pressure_mbar,room_o3_ppm,vessel_temp_c
2026-01-11 23:44:41.274454,0.0,24.4,1022.1,0.0,16.8
2026-01-11 23:44:43.276322,0.0,24.4,1022.1,0.0,16.8
2026-01-11 23:44:45.270167,0.0,24.4,1022.1,0.0,16.8
2026-01-11 23:44:47.371077,0.0,24.4,1022.1,0.0,-999.0
2026-01-11 23:44:49.277289,0.0,24.4,1022.1,0.0,16.8
2026-01-11 23:44:51.269571,0.0,24.4,1022.1,0.0,-999.0
2026-01-11 23:44:53.307616,0.0,24.4,1022.1,0.0,16.8
2026-01-11 23:44:55.275417,0.0,24.4,1022.1,0.0,16.8
2026-01-11 23:44:57.355327,0.0,24.4,1022.1,0.0,16.8
2026-01-11 23:44:59.269095,0.0,24.4,1022.1,0.0,-999.0
2026-01-11 23:45:01.274719,0.0,24.4,1022.1,0.0,16.8
2026-01-11 23:45:03.274078,0.0,24.4,1022.1,0.0,16.5
2026-01-11 23:45:05.346167,0.0,24.4,1022.1,0.0,16.8
2026-01-11 23:45:07.349372,0.0,24.4,1022.1,0.0,17.0
2026-01-11 23:45:09.289492,0.0,24.4,1022.1,0.0,16.8
2026-01-11 23:45:11.351334,0.0,24.4,1022.1,0.0,16.8
2026-01-11 23:45:13.320677,0.0,24.4,1022.3,0.0,16.8
2026-01-11 23:45:15.378859,0.0,24.4,1022.1,0.0,17.0
2026-01-11 23:45:17.449723,0.0,24.4,1022.1,0.0,-999.0
2026-01-11 23:45:19.399732,0.0,24.4,1022.0,0.0,16.8
2026-01-11 23:45:21.275295,0.0,24.4,1022.1,0.0,-999.0
2026-01-11 23:45:23.408031,0.0,24.4,1022.1,0.0,16.8
2026-01-11 23:45:25.278190,0.0,24.4,1022.1,0.0,-999.0
2026-01-11 23:45:27.318827,0.0,24.4,1022.3,0.0,-999.0
2026-01-11 23:45:29.369873,0.0,24.4,1022.1,0.0,-999.0
2026-01-11 23:45:31.339559,0.0,24.4,1022.0,0.0,16.8
2026-01-11 23:45:33.273957,0.0,24.4,1022.1,0.0,16.8
2026-01-11 23:45:35.351817,0.0,24.4,1022.1,0.0,-999.0
2026-01-11 23:45:37.272164,0.0,24.4,1022.1,0.0,-999.0
2026-01-11 23:45:39.367261,0.0,24.4,1022.0,0.0,-999.0
2026-01-11 23:45:41.274154,0.0,24.4,1022.1,0.0,-999.0
2026-01-11 23:45:43.276360,0.0,24.4,1022.1,0.0,-999.0
2026-01-11 23:45:45.275132,0.0,24.4,1022.1,0.0,-999.0
2026-01-11 23:45:47.268111,0.0,24.4,1022.1,0.0,-999.0
2026-01-11 23:45:49.276119,0.0,24.4,1022.1,0.0,-999.0
2026-01-11 23:45:51.310396,0.0,24.4,1022.1,0.0,16.6
2026-01-11 23:45:53.292233,0.0,24.4,1022.1,0.0,-999.0
2026-01-11 23:45:55.326159,0.0,24.4,1022.1,0.0,16.6
2026-01-11 23:45:57.339546,0.0,24.4,1022.3,0.0,16.7
2026-01-11 23:45:59.265836,0.0,24.4,1022.1,0.0,-999.0
2026-01-11 23:46:01.409049,0.0,24.4,1022.1,0.0,16.6
2026-01-11 23:46:03.279612,0.0,24.4,1022.1,0.0,-999.0
2026-01-11 23:46:05.275158,0.0,24.4,1022.1,0.0,16.5
2026-01-11 23:46:07.371296,0.0,24.4,1022.3,0.0,-999.0
2026-01-11 23:46:09.279010,0.0,24.4,1022.1,0.0,-999.0
2026-01-11 23:46:11.277833,0.0,24.4,1022.0,0.0,-999.0
2026-01-11 23:46:13.283086,0.0,24.5,1022.1,0.0,-999.0
2026-01-11 23:46:15.265167,0.0,24.5,1022.1,0.0,-999.0
2026-01-11 23:46:17.277169,0.0,24.5,1022.0,0.0,-999.0
2026-01-11 23:46:19.272076,0.0,24.5,1022.1,0.0,16.8
2026-01-11 23:46:21.270360,0.0,24.5,1022.1,0.0,-999.0
2026-01-11 23:46:23.338997,0.0,24.6,1022.1,0.0,-999.0
2026-01-11 23:46:25.503434,0.0,24.6,1022.1,0.0,-999.0
2026-01-11 23:46:27.277594,0.0,24.6,1022.1,0.0,-999.0
2026-01-11 23:46:29.277179,0.0,24.6,1022.1,0.0,16.7
2026-01-11 23:46:31.294458,0.0,24.6,1022.1,0.0,16.8
2026-01-11 23:46:33.300824,0.0,24.6,1022.1,0.0,-999.0
2026-01-11 23:46:35.284690,0.0,24.7,1022.1,0.0,-999.0
2026-01-11 23:46:37.318844,0.0,24.7,1022.1,0.0,-999.0
2026-01-11 23:46:39.278812,0.0,24.7,1022.1,0.0,16.7
2026-01-11 23:46:41.269071,0.0,24.7,1022.1,0.0,16.6
2026-01-11 23:46:43.280484,0.0,24.7,1022.3,0.0,16.8
2026-01-11 23:46:46.012735,0.0,24.7,1022.1,0.0,16.7
2026-01-11 23:46:47.278312,0.0,24.8,1022.0,0.0,-999.0
2026-01-11 23:46:49.384461,0.0,24.8,1022.0,0.0,16.6
2026-01-11 23:46:51.286028,0.0,24.8,1022.1,0.0,-999.0
2026-01-11 23:46:53.392238,0.0,24.8,1022.0,0.0,-999.0
2026-01-11 23:46:55.359497,0.0,24.8,1022.0,0.0,-999.0
2026-01-11 23:46:57.297375,0.0,24.8,1022.1,0.0,16.6
2026-01-11 23:46:59.266485,0.0,24.8,1022.1,0.0,-999.0
2026-01-11 23:47:01.286322,0.0,24.8,1022.0,0.0,16.6
2026-01-11 23:47:03.277782,0.0,24.8,1022.0,0.0,16.8
2026-01-11 23:47:05.339125,0.0,24.8,1022.1,0.0,16.6
2026-01-11 23:47:07.368337,0.0,24.8,1022.0,0.0,16.5
2026-01-11 23:47:09.364465,0.0,24.8,1022.1,0.0,16.6
2026-01-11 23:47:11.309118,0.0,24.8,1022.1,0.0,16.8
2026-01-11 23:47:13.371668,0.0,24.8,1022.0,0.0,16.8
2026-01-11 23:47:15.273365,0.0,24.8,1022.0,0.0,16.9
2026-01-11 23:47:17.277662,0.0,24.8,1022.1,0.0,16.8
2026-01-11 23:47:19.285840,0.0,24.8,1022.1,0.0,16.8
2026-01-11 23:47:21.288099,0.0,24.8,1022.1,0.0,16.6
2026-01-11 23:47:23.381450,0.0,24.8,1022.1,0.0,16.7
2026-01-11 23:47:25.294422,0.0,24.8,1022.1,0.0,-999.0
2026-01-11 23:47:27.379579,0.0,24.8,1022.0,0.0,16.6
2026-01-11 23:47:29.358803,0.0,24.8,1022.1,0.0,16.7
2026-01-11 23:47:31.373092,0.0,24.8,1022.0,0.0,16.8
2026-01-11 23:47:33.299930,0.0,24.8,1022.1,0.0,-999.0
2026-01-11 23:47:35.308386,0.0,24.8,1022.1,0.0,-999.0
2026-01-11 23:47:37.408709,0.0,24.8,1022.1,0.0,-999.0
2026-01-11 23:47:39.313662,0.0,24.8,1022.0,0.0,16.8
2026-01-11 23:47:41.389330,0.0,24.8,1022.1,0.0,-999.0
2026-01-11 23:47:43.390264,0.0,24.8,1022.3,0.0,-999.0
2026-01-11 23:47:45.295562,0.0,24.8,1022.0,0.0,-999.0
2026-01-11 23:47:47.394018,0.0,24.8,1022.1,0.0,16.7
2026-01-11 23:47:49.390450,0.0,24.8,1022.0,0.0,16.7
2026-01-11 23:47:51.304153,0.0,24.8,1022.0,0.0,16.6
2026-01-11 23:47:53.405546,0.0,24.8,1022.1,0.0,16.6
2026-01-11 23:47:55.379409,0.0,24.8,1022.1,0.0,16.7
2026-01-11 23:47:57.348488,0.0,24.8,1022.1,0.0,16.5
2026-01-11 23:47:59.288355,0.0,24.8,1022.1,0.0,16.9
2026-01-11 23:48:01.373443,0.0,24.8,1022.1,0.0,16.8
2026-01-11 23:48:03.372901,0.0,24.8,1022.1,0.0,16.5
2026-01-11 23:48:05.400010,0.0,24.8,1022.1,0.0,16.7
2026-01-11 23:48:07.398106,0.0,24.8,1022.0,0.0,-999.0
2026-01-11 23:48:09.355583,0.0,24.8,1022.1,0.0,16.8
2026-01-11 23:48:11.409899,0.0,24.8,1022.1,0.0,-999.0
2026-01-11 23:48:13.422739,0.0,24.8,1022.0,0.0,16.8
2026-01-11 23:48:15.350925,0.0,24.8,1022.3,0.0,-999.0
2026-01-11 23:48:17.307861,0.0,24.8,1022.1,0.0,-999.0
2026-01-11 23:48:19.364558,0.0,24.8,1022.1,0.0,-999.0
2026-01-11 23:48:21.279690,0.0,24.8,1022.1,0.0,-999.0
2026-01-11 23:48:23.391960,0.0,24.8,1022.0,0.0,-999.0
2026-01-11 23:48:25.278473,0.0,24.8,1022.1,0.0,-999.0
2026-01-11 23:48:27.410363,0.0,24.8,1022.1,0.0,16.5
2026-01-11 23:48:29.355280,0.0,24.8,1022.1,0.0,-999.0
2026-01-11 23:48:31.279953,0.0,24.8,1022.1,0.0,-999.0
2026-01-11 23:48:33.285164,0.0,24.8,1022.0,0.0,-999.0
2026-01-11 23:48:35.354876,0.0,24.8,1022.1,0.0,17.0
2026-01-11 23:48:37.391415,0.0,24.8,1022.1,0.0,-999.0
2026-01-11 23:48:39.375203,0.0,24.8,1022.1,0.0,16.8
2026-01-11 23:48:41.305751,0.0,24.8,1022.0,0.0,16.6
2026-01-11 23:48:43.356830,0.0,24.8,1022.0,0.0,16.6
2026-01-11 23:48:45.354177,0.0,24.8,1022.1,0.0,16.6
2026-01-11 23:48:47.288335,0.0,24.8,1022.1,0.0,16.6
2026-01-11 23:48:49.366670,0.0,24.8,1022.0,0.0,-999.0
2026-01-11 23:48:51.373458,0.0,24.8,1022.1,0.0,-999.0
2026-01-11 23:48:53.352450,0.0,24.8,1022.1,0.0,16.5
2026-01-11 23:48:55.401818,0.0,24.8,1022.1,0.0,-999.0
2026-01-11 23:48:57.367915,0.0,24.8,1022.1,0.0,-999.0
2026-01-11 23:48:59.267237,0.0,24.8,1022.1,0.0,-999.0
2026-01-11 23:49:01.385695,0.0,24.8,1022.1,0.0,16.5
2026-01-11 23:49:03.281276,0.0,24.9,1022.0,0.0,-999.0
2026-01-11 23:49:05.277365,0.0,24.8,1022.0,0.0,16.4
2026-01-11 23:49:07.268954,0.0,24.8,1022.1,0.0,-999.0
2026-01-11 23:49:09.409018,0.0,24.9,1022.1,0.0,16.6
2026-01-11 23:49:11.281412,0.0,24.9,1022.3,0.0,16.8
2026-01-11 23:49:13.323018,0.0,24.9,1022.1,0.0,16.6
2026-01-11 23:49:15.386328,0.0,24.9,1022.1,0.0,16.6
2026-01-11 23:49:21.357230,0.0,24.9,1022.1,0.0,16.8
2026-01-11 23:49:23.303212,0.0,24.9,1022.1,0.0,16.9
2026-01-11 23:49:25.280514,0.0,24.9,1022.0,0.0,-999.0
2026-01-11 23:49:27.282268,0.0,24.9,1022.0,0.0,16.6
2026-01-11 23:49:29.289346,0.0,24.9,1022.1,0.0,-999.0
2026-01-11 23:49:31.280761,0.0,24.9,1022.1,0.0,-999.0
2026-01-11 23:49:33.282784,0.0,24.9,1022.0,0.0,16.5
2026-01-11 23:49:35.291901,0.0,24.9,1022.1,0.0,-999.0
2026-01-11 23:49:37.388566,0.0,24.9,1022.1,0.0,16.5
2026-01-11 23:49:39.364252,0.0,24.9,1022.1,0.0,16.5
2026-01-11 23:49:41.404467,0.0,24.9,1022.0,0.0,16.5
2026-01-11 23:49:43.405051,0.0,24.9,1022.0,0.0,-999.0
2026-01-11 23:49:45.398847,0.0,24.9,1022.1,0.0,16.5
2026-01-11 23:49:47.403431,0.0,24.9,1022.1,0.0,-999.0
2026-01-11 23:49:49.395797,0.0,25.0,1022.1,0.0,16.6
2026-01-11 23:49:51.389738,0.0,25.0,1022.1,0.0,-999.0
2026-01-11 23:49:53.385436,0.0,25.0,1022.1,0.0,-999.0
2026-01-11 23:49:55.400193,0.0,25.0,1022.0,0.0,16.5
2026-01-11 23:49:57.366837,0.0,25.0,1022.1,0.0,-999.0
2026-01-11 23:49:59.394360,0.0,25.0,1022.0,0.0,16.4
2026-01-11 23:50:01.421687,0.0,25.1,1022.1,0.0,16.5
2026-01-11 23:50:03.393303,0.0,25.1,1022.0,0.0,16.6
2026-01-11 23:50:05.288256,0.0,25.1,1022.0,0.0,-999.0
2026-01-11 23:50:07.371170,0.0,25.1,1022.0,0.0,16.6
2026-01-11 23:50:09.279913,0.0,25.1,1022.1,0.0,-999.0
2026-01-11 23:50:11.389245,0.0,25.1,1022.0,0.0,16.6
2026-01-11 23:50:13.290767,0.0,25.2,1022.1,0.0,16.6
2026-01-11 23:50:15.288011,0.0,25.2,1022.0,0.0,-999.0
2026-01-11 23:50:17.367109,0.0,25.2,1022.0,0.0,16.7
2026-01-11 23:50:19.279268,0.0,25.2,1022.1,0.0,-999.0
2026-01-11 23:50:21.360176,0.0,25.2,1022.1,0.0,16.4
2026-01-11 23:50:23.293980,0.0,25.3,1022.1,0.0,-999.0
2026-01-11 23:50:25.290508,0.0,25.3,1022.1,0.0,16.4
2026-01-11 23:50:27.368973,0.0,25.3,1022.1,0.0,16.5
2026-01-11 23:50:29.378708,0.0,25.3,1022.1,0.0,16.6
2026-01-11 23:50:31.430541,0.0,25.3,1022.0,0.0,16.5
2026-01-11 23:50:33.291333,0.0,25.3,1022.1,0.0,16.3
2026-01-11 23:50:35.355639,0.0,25.3,1022.1,0.0,16.4
2026-01-11 23:50:37.348810,0.0,25.3,1022.1,0.0,-999.0
2026-01-11 23:50:39.411689,0.0,25.3,1022.0,0.0,16.5
2026-01-11 23:50:41.389627,0.0,25.3,1022.1,0.0,-999.0
2026-01-11 23:50:43.278877,0.0,25.3,1022.1,0.0,16.4
2026-01-11 23:50:45.323356,0.0,25.3,1022.0,0.0,-999.0
2026-01-11 23:50:47.408335,0.0,25.3,1022.1,0.0,-999.0
2026-01-11 23:50:49.396031,0.0,25.3,1022.0,0.0,16.4
2026-01-11 23:50:51.402897,0.0,25.3,1022.1,0.0,-999.0
2026-01-11 23:50:53.376207,0.0,25.3,1022.1,0.0,16.4
2026-01-11 23:50:55.406911,0.0,25.3,1022.1,0.0,-999.0
2026-01-11 23:50:57.407334,0.0,25.3,1022.4,0.0,16.5
2026-01-11 23:50:59.307747,0.0,25.3,1022.1,0.0,16.5
2026-01-11 23:51:01.458506,0.0,25.3,1022.1,0.0,16.4
2026-01-11 23:51:03.414267,0.0,25.3,1022.1,0.0,16.5
2026-01-11 23:51:05.303397,0.0,25.3,1022.1,0.0,16.5
2026-01-11 23:51:07.392168,0.0,25.3,1022.1,0.0,16.5
2026-01-11 23:51:09.407777,0.0,25.3,1022.1,0.0,-999.0
2026-01-11 23:51:11.313148,0.0,25.3,1022.0,0.0,16.6
2026-01-11 23:51:13.395751,0.0,25.3,1022.0,0.0,-999.0
2026-01-11 23:51:15.358548,0.0,25.3,1022.0,0.0,16.4
2026-01-11 23:51:17.411278,0.0,25.3,1022.1,0.0,-999.0
2026-01-11 23:51:19.395498,0.0,25.3,1022.1,0.0,16.6
2026-01-11 23:51:21.397227,0.0,25.3,1022.0,0.0,16.8
2026-01-11 23:51:23.408263,0.0,25.3,1022.0,0.0,16.6
2026-01-11 23:51:25.396518,0.0,25.3,1022.1,0.0,16.5
2026-01-11 23:51:27.417226,0.0,25.3,1022.1,0.0,16.6
2026-01-11 23:51:29.404190,0.0,25.3,1022.0,0.0,16.6
2026-01-11 23:51:31.362860,0.0,25.3,1022.3,0.0,16.6
2026-01-11 23:51:33.298576,0.0,25.3,1022.0,0.0,16.5
2026-01-11 23:51:35.392517,0.0,25.3,1022.1,0.0,-999.0
2026-01-11 23:51:37.308757,0.0,25.3,1022.1,0.0,16.6
2026-01-11 23:51:39.392902,0.0,25.3,1022.7,0.0,-999.0
2026-01-11 23:51:41.409722,0.0,25.3,1022.3,0.0,-999.0
2026-01-11 23:51:43.309060,0.0,25.3,1022.1,0.0,16.4
2026-01-11 23:51:45.304600,0.0,25.3,1022.1,0.0,-999.0
2026-01-11 23:51:47.429036,0.0,25.3,1022.1,0.0,16.5
2026-01-11 23:51:49.393128,0.0,25.3,1022.0,0.0,-999.0
2026-01-11 23:51:51.377594,0.0,25.3,1022.1,0.0,16.4
2026-01-11 23:51:53.294124,0.0,25.3,1022.3,0.0,16.5
2026-01-11 23:51:55.401787,0.0,25.3,1022.0,0.0,16.3
2026-01-11 23:51:57.286831,0.0,25.3,1022.1,0.0,16.4
2026-01-11 23:51:59.416675,0.0,25.3,1022.1,0.0,16.4
2026-01-11 23:52:01.318779,0.0,25.3,1022.1,0.0,16.5
2026-01-11 23:52:03.318747,0.0,25.3,1022.0,0.0,-999.0
2026-01-11 23:52:05.411486,0.0,25.3,1022.1,0.0,16.3
2026-01-11 23:52:07.410996,0.0,25.3,1022.0,0.0,16.3
2026-01-11 23:52:09.299275,0.0,25.3,1022.3,0.0,16.2
2026-01-11 23:52:11.406931,0.0,25.3,1022.1,0.0,-999.0
2026-01-11 23:52:13.394069,0.0,25.3,1022.1,0.0,16.3
2026-01-11 23:52:15.419614,0.0,25.3,1022.1,0.0,-999.0
2026-01-11 23:52:17.415371,0.0,25.3,1022.0,0.0,16.4
2026-01-11 23:52:19.409924,0.0,25.3,1022.0,0.0,-999.0
2026-01-11 23:52:21.425438,0.0,25.3,1022.4,0.0,16.5
2026-01-11 23:52:23.412563,0.0,25.3,1022.0,0.0,-999.0
2026-01-11 23:52:25.307559,0.0,25.3,1022.3,0.0,16.4
2026-01-11 23:52:35.298523,0.0,25.3,1022.1,0.0,16.5
2026-01-11 23:52:37.296067,0.0,25.3,1022.0,0.0,-999.0
2026-01-11 23:52:39.345383,0.0,25.3,1022.1,0.0,16.5
2026-01-11 23:52:41.357016,0.0,25.3,1022.0,0.0,-999.0
2026-01-11 23:52:43.362240,0.0,25.3,1022.4,0.0,16.4
2026-01-11 23:52:45.389951,0.0,25.3,1022.3,0.0,-999.0
2026-01-11 23:52:47.350173,0.0,25.3,1022.1,0.0,16.5
2026-01-11 23:52:49.388713,0.0,25.3,1022.3,0.0,-999.0
2026-01-11 23:52:51.420058,0.0,25.3,1022.5,0.0,16.5
2026-01-11 23:52:53.343054,0.0,25.3,1022.7,0.0,-999.0
2026-01-11 23:52:55.287683,0.0,25.3,1022.7,0.0,-999.0
2026-01-11 23:52:57.293746,0.0,25.3,1022.3,0.0,16.5
2026-01-11 23:52:59.359588,0.0,25.3,1022.5,0.0,-999.0
2026-01-11 23:53:01.303591,0.0,25.3,1022.3,0.0,16.4
2026-01-11 23:53:03.289737,0.0,25.3,1022.8,0.0,-999.0
2026-01-11 23:53:05.299011,0.0,25.3,1022.5,0.0,16.3
2026-01-11 23:53:07.351752,0.0,25.3,1022.9,0.0,-999.0
2026-01-11 23:53:09.285495,0.0,25.3,1023.1,0.0,16.2
2026-01-11 23:53:11.363593,0.0,25.3,1023.1,0.0,16.3
2026-01-11 23:53:13.311360,0.0,25.3,1022.0,0.0,16.2
2026-01-11 23:53:15.376749,0.0,25.3,1022.0,0.0,-999.0
2026-01-11 23:53:17.342810,0.0,25.3,1022.3,0.0,16.2
2026-01-11 23:53:19.300010,0.0,25.3,1022.0,0.0,-999.0
2026-01-11 23:53:21.343277,0.0,25.3,1022.1,0.0,16.2
2026-01-11 23:53:23.415240,0.0,25.3,1022.3,0.0,16.2
2026-01-11 23:53:25.288915,0.0,25.3,1022.1,0.0,16.3
2026-01-11 23:53:27.426848,0.0,25.4,1022.3,0.0,-999.0
2026-01-11 23:53:29.390860,0.0,25.3,1022.0,0.0,16.4
2026-01-11 23:53:31.325706,0.0,25.4,1022.3,0.0,-999.0
2026-01-11 23:53:33.404197,0.0,25.4,1022.4,0.0,16.4
2026-01-11 23:53:35.350149,0.0,25.4,1022.1,0.0,-999.0
2026-01-11 23:53:37.302206,0.0,25.4,1022.4,0.0,16.2
2026-01-11 23:53:39.293315,0.0,25.4,1022.5,0.0,-999.0
2026-01-11 23:53:41.324514,0.0,25.4,1023.2,0.0,16.2
2026-01-11 23:53:43.297736,0.0,25.4,1022.8,0.0,-999.0
2026-01-11 23:53:45.292864,0.0,25.4,1022.9,0.0,-999.0
2026-01-11 23:53:47.388250,0.0,25.4,1022.8,0.0,16.0
2026-01-11 23:53:49.295482,0.0,25.4,1022.7,0.0,-999.0
2026-01-11 23:53:51.418234,0.0,25.4,1023.1,0.0,16.2
2026-01-11 23:53:53.325886,0.0,25.4,1022.8,0.0,-999.0
2026-01-11 23:53:55.329777,0.0,25.5,1023.5,0.0,16.4
2026-01-11 23:53:57.401939,0.0,25.5,1024.0,0.0,16.4
2026-01-11 23:53:59.303363,0.0,25.5,1022.9,0.0,16.5
2026-01-11 23:54:01.409688,0.0,25.5,1022.9,0.0,16.3
2026-01-11 23:54:03.365684,0.0,25.5,1023.3,0.0,16.4
2026-01-11 23:54:05.424439,0.0,25.5,1023.1,0.0,16.2
2026-01-11 23:54:07.368495,0.0,25.5,1022.7,0.0,16.1
2026-01-11 23:54:09.288764,0.0,25.6,1023.3,0.0,16.0
2026-01-11 23:54:11.298235,0.0,25.5,1023.3,0.0,16.0
2026-01-11 23:54:13.347285,0.0,25.6,1023.7,0.0,15.2
2026-01-11 23:54:15.410336,0.0,25.6,1024.0,0.0,-999.0
2026-01-11 23:54:17.356482,0.0,25.6,1024.1,0.0,15.5
2026-01-11 23:54:19.431588,0.0,25.6,1022.9,0.0,-999.0
2026-01-11 23:54:21.297826,0.0,25.6,1024.3,0.0,16.2
2026-01-11 23:54:23.323258,0.0,25.6,1024.3,0.0,16.3
2026-01-11 23:54:25.400904,0.0,25.7,1023.7,0.0,16.2
2026-01-11 23:54:27.347532,0.0,25.7,1023.6,0.0,-999.0
2026-01-11 23:54:29.413918,0.0,25.7,1024.0,0.0,16.2
2026-01-11 23:54:31.362759,0.0,25.7,1024.1,0.0,15.4
2026-01-11 23:54:33.426087,0.0,25.7,1024.1,0.0,15.7
2026-01-11 23:54:35.376001,0.0,25.7,1023.9,0.0,16.3
2026-01-11 23:54:37.332084,0.0,25.8,1023.9,0.0,16.2
2026-01-11 23:54:39.399056,0.0,25.8,1024.3,0.0,16.2
2026-01-11 23:54:41.354913,0.0,25.8,1024.4,0.0,-999.0
2026-01-11 23:54:43.299436,0.0,25.8,1023.7,0.0,16.3
2026-01-11 23:54:45.358524,0.0,25.8,1024.1,0.0,-999.0
2026-01-11 23:54:47.423870,0.0,25.8,1024.3,0.0,16.3
2026-01-11 23:54:49.385772,0.0,25.8,1025.7,0.0,-999.0
2026-01-11 23:54:51.294802,0.0,25.8,1026.4,0.0,16.2
2026-01-11 23:54:53.400932,0.0,25.8,1026.4,0.0,-999.0
2026-01-11 23:54:55.346477,0.0,25.8,1026.4,0.0,16.2
2026-01-11 23:54:57.299540,0.0,25.8,1026.4,0.0,-999.0
2026-01-11 23:54:59.369690,0.0,25.8,1026.4,0.0,16.2
2026-01-11 23:55:01.302376,0.0,25.8,1026.4,0.0,-999.0
2026-01-11 23:55:03.491895,0.0,25.8,1026.4,0.0,-999.0
2026-01-11 23:55:05.333610,0.0,25.8,1026.4,0.0,-999.0
2026-01-11 23:55:07.306629,0.0,25.8,1026.4,0.0,16.2
2026-01-11 23:55:09.358911,0.0,25.8,1026.4,0.0,16.1
2026-01-11 23:55:11.415186,0.0,25.8,1026.4,0.0,16.2
2026-01-11 23:55:13.375147,0.0,25.8,1026.7,0.0,16.2
2026-01-11 23:55:15.357243,0.0,25.8,1026.4,0.0,16.2
2026-01-11 23:55:17.384244,0.0,25.8,1026.9,0.0,16.1
2026-01-11 23:55:19.374136,0.0,25.8,1026.8,0.0,-999.0
2026-01-11 23:55:21.397656,0.0,25.8,1026.9,0.0,16.2
2026-01-11 23:55:23.353916,0.0,25.8,1026.9,0.0,16.1
2026-01-11 23:55:25.420404,0.0,25.8,1027.3,0.0,16.1
2026-01-11 23:55:27.370636,0.0,25.8,1027.2,0.0,16.1
2026-01-11 23:55:29.325863,0.0,25.8,1027.3,0.0,16.2
2026-01-11 23:55:31.298763,0.0,25.8,1027.6,0.0,-999.0
2026-01-11 23:55:33.299427,0.0,25.8,1027.7,0.0,16.2
2026-01-11 23:55:35.410773,0.0,25.8,1027.9,0.0,-999.0
2026-01-11 23:55:37.363574,0.0,25.8,1028.0,0.0,-999.0
2026-01-11 23:55:39.427980,0.0,25.8,1028.0,0.0,16.2
2026-01-11 23:55:41.356581,0.0,25.8,1027.9,0.0,-999.0
2026-01-11 23:55:43.300739,0.0,25.8,1028.5,0.0,16.2
2026-01-11 23:55:45.347308,0.0,25.8,1028.1,0.0,-999.0
2026-01-11 23:55:47.293645,0.0,25.8,1028.3,0.0,16.3
2026-01-11 23:55:49.401862,0.0,25.8,1028.3,0.0,-999.0
2026-01-11 23:55:51.298011,0.0,25.8,1028.3,0.0,16.2
2026-01-11 23:55:53.306631,0.0,25.8,1028.3,0.0,16.1
2026-01-11 23:55:55.380359,0.0,25.8,1028.8,0.0,16.2
2026-01-11 23:55:57.339115,0.0,25.8,1028.9,0.0,15.9
2026-01-11 23:55:59.395492,0.0,25.8,1028.8,0.0,16.2
2026-01-11 23:56:01.296507,0.0,25.8,1028.9,0.0,16.2
2026-01-11 23:56:03.419308,0.0,25.8,1028.8,0.0,-999.0
2026-01-11 23:56:05.366688,0.0,25.8,1029.1,0.0,16.2
2026-01-11 23:56:07.301430,0.0,25.8,1028.9,0.0,-999.0
2026-01-11 23:56:09.297034,0.0,25.8,1029.2,0.0,16.2
2026-01-11 23:56:11.334312,0.0,25.8,1029.5,0.0,-999.0
2026-01-11 23:56:13.400329,0.0,25.8,1029.5,0.0,16.2
2026-01-11 23:56:15.303081,0.0,25.8,1029.3,0.0,-999.0
2026-01-11 23:56:17.299928,0.0,25.8,1029.5,0.0,16.2
2026-01-11 23:56:19.370000,0.0,25.8,1029.3,0.0,-999.0
2026-01-11 23:56:21.402481,0.0,25.8,1029.3,0.0,16.1
2026-01-11 23:56:23.391208,0.0,25.8,1029.1,0.0,16.1
2026-01-11 23:56:25.335703,0.0,25.8,1029.5,0.0,16.2
2026-01-11 23:56:27.401872,0.0,25.8,1029.6,0.0,16.0
2026-01-11 23:56:29.297864,0.0,25.8,1029.6,0.0,16.1
2026-01-11 23:56:31.311422,0.0,25.8,1029.6,0.0,16.2
2026-01-11 23:56:33.366380,0.0,25.8,1029.7,0.0,16.1
2026-01-11 23:56:35.294486,0.0,25.8,1029.2,0.0,16.1
2026-01-11 23:56:37.309724,0.0,25.8,1029.1,0.0,16.2
2026-01-11 23:56:39.300534,0.0,25.8,1029.7,0.0,16.1
2026-01-11 23:56:41.423881,0.0,25.8,1029.6,0.0,-999.0
2026-01-11 23:56:43.352956,0.0,25.8,1029.6,0.0,16.2
2026-01-11 23:56:45.368574,0.0,25.8,1029.5,0.0,-999.0
2026-01-11 23:56:47.301750,0.0,25.8,1029.3,0.0,16.2
2026-01-11 23:56:49.322051,0.0,25.8,1029.6,0.0,-999.0
2026-01-11 23:56:51.394972,0.0,25.8,1029.6,0.0,16.2
2026-01-11 23:56:53.293415,0.0,25.8,1029.3,0.0,-999.0
2026-01-11 23:56:55.303522,0.0,25.8,1029.7,0.0,16.2
2026-01-11 23:56:57.319741,0.0,25.8,1029.5,0.0,-999.0
2026-01-11 23:56:59.331213,0.0,25.8,1029.5,0.0,16.2
2026-01-11 23:57:01.374824,0.0,25.8,1029.3,0.0,-999.0
2026-01-11 23:57:03.303621,0.0,25.8,1029.7,0.0,16.1
2026-01-11 23:57:05.401761,0.0,25.8,1029.6,0.0,-999.0
2026-01-11 23:57:07.304930,0.0,25.8,1029.6,0.0,16.2
2026-01-11 23:57:09.415139,0.0,25.8,1029.6,0.0,-999.0
2026-01-11 23:57:11.364930,0.0,25.8,1029.5,0.0,16.1
2026-01-11 23:57:13.423071,0.0,25.8,1029.5,0.0,-999.0
2026-01-11 23:57:15.300358,0.0,25.8,1029.5,0.0,16.2
2026-01-11 23:57:17.337085,0.0,25.8,1029.5,0.0,-999.0
2026-01-11 23:57:19.393777,0.0,25.8,1029.7,0.0,16.2
2026-01-11 23:57:21.303640,0.0,25.8,1029.3,0.0,16.2
2026-01-11 23:57:23.304735,0.0,25.8,1029.7,0.0,16.2
2026-01-11 23:57:25.375403,0.0,25.8,1029.2,0.0,-999.0
2026-01-11 23:57:27.312133,0.0,25.8,1029.5,0.0,16.2
2026-01-11 23:57:29.377128,0.0,25.8,1028.9,0.0,-999.0
2026-01-11 23:57:31.343660,0.0,25.8,1029.7,0.0,16.1
2026-01-11 23:57:33.396474,0.0,25.8,1029.7,0.0,-999.0
2026-01-11 23:57:35.301024,0.0,25.8,1029.6,0.0,16.2
2026-01-11 23:57:37.361027,0.0,25.8,1029.2,0.0,16.1
2026-01-11 23:57:39.367404,0.0,25.8,1029.5,0.0,16.2
2026-01-11 23:57:41.378186,0.0,25.8,1029.2,0.0,16.1
2026-01-11 23:57:43.377311,0.0,25.8,1028.3,0.0,16.2
2026-01-11 23:57:45.332383,0.0,25.8,1029.1,0.0,16.2
2026-01-11 23:57:47.294887,0.0,25.8,1029.1,0.0,16.2
2026-01-11 23:57:49.385544,0.0,25.8,1028.8,0.0,-999.0
2026-01-11 23:57:51.416810,0.0,25.8,1029.2,0.0,16.1
2026-01-11 23:57:53.381360,0.0,25.8,1028.7,0.0,16.0
2026-01-11 23:57:55.372643,0.0,25.8,1027.9,0.0,16.0
2026-01-11 23:57:57.366345,0.0,25.8,1028.1,0.0,16.0
2026-01-11 23:57:59.392855,0.0,25.8,1027.6,0.0,16.1
2026-01-11 23:58:01.390329,0.0,25.8,1027.3,0.0,16.2
2026-01-11 23:58:03.361733,0.0,25.8,1027.7,0.0,16.1
2026-01-11 23:58:05.416286,0.0,25.8,1027.2,0.0,16.0
2026-01-11 23:58:07.379367,0.0,25.8,1027.5,0.0,16.0
2026-01-11 23:58:09.386691,0.0,25.8,1027.6,0.0,-999.0
2026-01-11 23:58:11.299807,0.0,25.8,1027.3,0.0,16.1
2026-01-11 23:58:13.379801,0.0,25.8,1027.1,0.0,16.0
2026-01-11 23:58:15.372684,0.0,25.8,1027.5,0.0,16.0
2026-01-11 23:58:17.387253,0.0,25.9,1028.1,0.0,16.0
2026-01-11 23:58:19.369752,0.0,25.8,1027.5,0.0,16.1
2026-01-11 23:58:21.418303,0.0,25.8,1027.7,0.0,-999.0
2026-01-11 23:58:23.397371,0.0,25.8,1027.7,0.0,16.0
2026-01-11 23:58:25.398224,0.0,25.8,1027.3,0.0,-999.0
2026-01-11 23:58:27.399413,0.0,25.9,1027.3,0.0,-999.0
2026-01-11 23:58:29.388146,0.0,25.8,1027.6,0.0,-999.0
2026-01-11 23:58:31.342426,0.0,25.9,1027.5,0.0,-999.0
2026-01-11 23:58:33.416700,0.0,25.9,1027.3,0.0,16.0
2026-01-11 23:58:35.363847,0.0,25.9,1027.2,0.0,-999.0
2026-01-11 23:58:37.306220,0.0,25.9,1027.6,0.0,16.2
2026-01-11 23:58:39.390771,0.0,25.9,1027.3,0.0,-999.0
2026-01-11 23:58:41.338291,0.0,25.9,1027.5,0.0,16.1
2026-01-11 23:58:43.300370,0.0,25.9,1027.5,0.0,-999.0
2026-01-11 23:58:45.362990,0.0,25.9,1027.3,0.0,16.0
2026-01-11 23:58:47.304223,0.0,25.9,1027.6,0.0,15.9
2026-01-11 23:58:49.382420,0.0,25.9,1027.7,0.0,15.9
2026-01-11 23:58:51.306016,0.0,25.9,1027.9,0.0,16.0
2026-01-11 23:58:53.394253,0.0,25.9,1027.3,0.0,16.0
2026-01-11 23:58:55.347702,0.0,25.9,1027.5,0.0,15.9
2026-01-11 23:58:57.406375,0.0,26.0,1027.6,0.0,16.1
2026-01-11 23:58:59.306599,0.0,26.0,1027.2,0.0,-999.0
2026-01-11 23:59:01.424786,0.0,26.0,1027.5,0.0,15.9
2026-01-11 23:59:03.381410,0.0,26.0,1027.6,0.0,16.2
2026-01-11 23:59:05.348557,0.0,26.0,1027.5,0.0,15.9
2026-01-11 23:59:07.303987,0.0,26.0,1027.9,0.0,15.9
2026-01-11 23:59:09.348796,0.0,26.0,1028.1,0.0,15.9
2026-01-11 23:59:11.311581,0.0,26.0,1027.6,0.0,15.9
2026-01-11 23:59:13.366834,0.0,26.0,1027.6,0.0,16.1
2026-01-11 23:59:15.429819,0.0,26.1,1028.0,0.0,16.1
2026-01-11 23:59:17.388007,0.0,26.0,1027.3,0.0,16.0
2026-01-11 23:59:19.310819,0.0,26.1,1027.2,0.0,-999.0
2026-01-11 23:59:21.311513,0.0,26.1,1027.3,0.0,-999.0
2026-01-11 23:59:23.365470,0.0,26.1,1027.6,0.0,-999.0
2026-01-11 23:59:25.306339,0.0,26.1,1027.2,0.0,-999.0
2026-01-11 23:59:27.297330,0.0,26.1,1027.6,0.0,16.0
2026-01-11 23:59:29.437926,0.0,26.1,1027.7,0.0,16.2
2026-01-11 23:59:31.388245,0.0,26.2,1027.5,0.0,16.0
2026-01-11 23:59:33.409657,0.0,26.1,1027.6,0.0,-999.0
2026-01-11 23:59:35.311103,0.0,26.2,1028.4,0.0,15.9
2026-01-11 23:59:37.429355,0.0,26.2,1027.9,0.0,-999.0
2026-01-11 23:59:39.367449,0.0,26.2,1028.7,0.0,16.0
2026-01-11 23:59:41.305882,0.0,26.2,1028.0,0.0,-999.0
2026-01-11 23:59:43.398568,0.0,26.2,1028.7,0.0,15.9
2026-01-11 23:59:45.408471,0.0,26.2,1028.3,0.0,16.0
2026-01-11 23:59:47.386873,0.0,26.2,1029.2,0.0,16.1
2026-01-11 23:59:49.385159,0.0,26.2,1028.3,0.0,16.0
2026-01-11 23:59:51.412307,0.0,26.2,1028.1,0.0,16.1
2026-01-11 23:59:53.417521,0.0,26.2,1028.4,0.0,16.0
2026-01-11 23:59:55.316346,0.0,26.2,1028.4,0.0,16.1
2026-01-11 23:59:57.384636,0.0,26.2,1029.2,0.0,16.0
2026-01-11 23:59:59.451056,0.0,26.2,1029.2,0.0,16.1
2026-01-12 00:00:01.412561,0.0,26.3,1029.5,0.0,16.0
2026-01-12 00:00:03.399323,0.0,26.3,1029.5,0.0,-999.0
2026-01-12 00:00:05.400387,0.0,26.3,1029.5,0.0,15.9
2026-01-12 00:00:07.311558,0.0,26.3,1029.2,0.0,-999.0
2026-01-12 00:00:09.405765,0.0,26.3,1029.3,0.0,16.0
2026-01-12 00:00:11.385531,0.0,26.3,1029.6,0.0,-999.0
2026-01-12 00:00:13.411160,0.0,26.3,1029.5,0.0,15.9
2026-01-12 00:00:15.403584,0.0,26.3,1029.6,0.0,-999.0
2026-01-12 00:00:17.413213,0.0,26.3,1029.6,0.0,16.1
2026-01-12 00:00:19.412024,0.0,26.3,1029.5,0.0,-999.0
2026-01-12 00:00:21.411859,0.0,26.3,1029.6,0.0,16.1
2026-01-12 00:00:23.376649,0.0,26.3,1029.3,0.0,-999.0
2026-01-12 00:00:25.414055,0.0,26.3,1029.6,0.0,15.9
2026-01-12 00:00:27.391481,0.0,26.3,1029.5,0.0,-999.0
2026-01-12 00:00:29.400476,0.0,26.3,1029.6,0.0,16.0
2026-01-12 00:00:31.407253,0.0,26.3,1029.5,0.0,-999.0
2026-01-12 00:00:33.424981,0.0,26.3,1029.6,0.0,16.0
2026-01-12 00:00:35.318950,0.0,26.3,1029.6,0.0,-999.0
2026-01-12 00:00:37.337569,0.0,26.3,1029.6,0.0,16.0
2026-01-12 00:00:39.369196,0.0,26.3,1029.6,0.0,16.1
2026-01-12 00:00:41.329177,0.0,26.3,1029.5,0.0,16.1
2026-01-12 00:00:43.362756,0.0,26.3,1029.5,0.0,16.0
2026-01-12 00:00:45.459827,0.0,26.3,1029.6,0.0,16.0
2026-01-12 00:00:47.358288,0.0,26.3,1029.6,0.0,-999.0
2026-01-12 00:40:31.445106,0.0,28.3,1026.3,0.0,15.6,0,0.0,0.0
2026-01-12 00:40:33.476992,0.0,28.3,1026.3,0.0,15.8,0,0.0,0.0
2026-01-12 00:40:35.446838,0.0,28.3,1026.4,0.0,15.7,0,0.0,0.0
2026-01-12 00:40:37.417908,0.0,28.3,1026.3,0.0,15.6,0,0.0,0.0
2026-01-12 00:40:39.424764,0.0,28.3,1026.3,0.0,15.6,0,0.0,0.0
2026-01-12 00:40:41.424589,0.0,28.3,1026.1,0.0,15.6,0,0.0,0.0
2026-01-12 00:40:43.423211,0.0,28.3,1026.3,0.0,15.6,0,0.0,0.0
2026-01-12 00:40:45.488686,0.0,28.3,1026.1,0.0,-999.0,0,0.0,0.0
2026-01-12 00:40:47.416783,0.0,28.3,1026.1,0.0,15.6,0,0.0,0.0
2026-01-12 00:40:49.448700,0.0,28.3,1025.9,0.0,-999.0,0,0.0,0.0
2026-01-12 00:40:51.429329,0.0,28.3,1026.0,0.0,15.7,12,12.7,0.479
2026-01-12 00:40:53.519436,0.0,28.3,1026.3,0.0,15.5,33,34.4,1.161
2026-01-12 00:40:55.417779,0.0,28.3,1026.1,0.0,15.6,50,50.4,1.663
2026-01-12 00:40:57.428329,0.0,28.3,1026.3,0.0,15.6,50,50.4,1.662
2026-01-12 00:40:59.543033,0.0,28.3,1026.3,0.0,15.7,50,50.7,1.672
2026-01-12 00:41:01.419371,0.0,28.3,1026.4,0.0,-999.0,50,50.3,1.66
2026-01-12 00:41:03.419867,0.0,28.3,1026.3,0.0,15.6,50,50.7,1.673
2026-01-12 00:41:05.435736,0.0,28.3,1026.3,0.0,-999.0,50,50.2,1.655
2026-01-12 00:41:07.424358,0.0,28.3,1026.1,0.0,15.6,50,50.5,1.667
2026-01-12 00:41:09.425779,0.0,28.3,1026.3,0.0,-999.0,50,50.2,1.657
2026-01-12 00:41:11.419942,0.0,28.3,1026.3,0.0,15.6,58,58.3,1.911
2026-01-12 00:41:13.445270,0.0,28.3,1026.3,0.0,15.8,60,60.5,1.982
2026-01-12 00:41:15.439862,0.0,28.3,1026.3,0.0,-999.0,61,62.0,2.028
2026-01-12 00:41:17.514785,0.0,28.3,1026.3,0.0,-999.0,80,80.5,2.609
2026-01-12 00:41:19.483196,0.0,28.3,1026.3,0.0,15.6,100,100.0,3.24
2026-01-12 00:41:21.424099,0.0,28.3,1026.4,0.0,-999.0,100,100.0,3.266
2026-01-12 00:41:23.415113,0.0,28.3,1026.4,0.0,15.6,100,100.0,3.256
2026-01-12 00:41:25.423341,0.0,28.3,1026.3,0.0,-999.0,100,100.0,3.265
2026-01-12 00:41:27.523411,0.0,28.3,1026.3,0.0,15.6,100,100.0,3.232
2026-01-12 00:41:29.419981,0.0,28.3,1026.1,0.0,-999.0,100,100.0,3.241
2026-01-12 00:41:31.479199,0.0,28.3,1026.3,0.0,15.6,80,80.8,2.617
2026-01-12 00:41:33.449763,0.0,28.3,1026.3,0.0,-999.0,79,79.6,2.58
2026-01-12 00:41:35.544033,0.0,28.3,1026.3,0.0,15.5,79,79.7,2.582
2026-01-12 00:41:37.430993,0.0,28.3,1026.4,0.0,-999.0,79,79.5,2.576
2026-01-12 00:41:39.422037,0.0,28.3,1026.3,0.0,15.6,79,79.6,2.581
2026-01-12 00:41:41.440589,0.0,28.3,1026.3,0.0,-999.0,79,79.7,2.583
2026-01-12 00:41:43.531419,0.0,28.3,1026.3,0.0,15.5,79,79.4,2.572
2026-01-12 00:41:45.426282,0.0,28.3,1026.4,0.0,-999.0,79,78.9,2.558
2026-01-12 00:41:47.539543,0.0,28.3,1026.3,0.0,15.8,79,79.7,2.584
2026-01-12 00:41:49.413620,0.0,28.3,1026.4,0.0,-999.0,79,79.8,2.585
2026-01-12 00:41:51.419721,0.0,28.3,1026.1,0.0,15.6,79,79.9,2.589
2026-01-12 00:41:53.418535,0.0,28.3,1026.4,0.0,-999.0,79,79.7,2.584
2026-01-12 00:41:55.445318,0.0,28.3,1026.3,0.0,15.7,79,80.0,2.591
2026-01-12 00:41:57.419336,0.0,28.3,1026.4,0.0,-999.0,79,79.5,2.576
2026-01-12 00:41:59.562319,0.0,28.3,1026.5,0.0,15.8,79,79.9,2.59
2026-01-12 00:42:01.431108,0.0,28.3,1026.3,0.0,-999.0,79,80.0,2.591
2026-01-12 00:42:03.421207,0.0,28.3,1026.3,0.0,15.6,79,79.6,2.579
2026-01-12 00:42:05.440973,0.0,28.3,1026.3,0.0,-999.0,79,79.6,2.579
2026-01-12 00:42:07.419529,0.0,28.3,1026.5,0.0,-999.0,79,79.6,2.579
2026-01-12 00:42:09.444523,0.0,28.3,1026.4,0.0,-999.0,79,79.5,2.577
2026-01-12 00:42:11.426873,0.0,28.3,1026.3,0.0,-999.0,79,79.6,2.581
2026-01-12 00:42:13.412836,0.0,28.3,1026.4,0.0,-999.0,79,79.6,2.58
2026-01-12 00:42:15.422788,0.0,28.3,1026.4,0.0,-999.0,79,79.8,2.585
2026-01-12 00:42:17.422805,0.0,28.3,1026.4,0.0,-999.0,80,79.9,2.588
2026-01-12 00:42:19.423555,0.0,28.3,1026.4,0.0,15.6,80,79.7,2.583
2026-01-12 00:42:21.419898,0.0,28.3,1026.3,0.0,-999.0,79,79.8,2.587
2026-01-12 00:42:23.454447,0.0,28.3,1026.4,0.0,15.6,74,75.0,2.435
2026-01-12 00:42:25.416654,0.0,28.3,1026.4,0.0,-999.0,54,54.3,1.785
2026-01-12 00:42:27.431704,0.0,28.3,1026.3,0.0,15.6,31,30.9,1.05
2026-01-12 00:42:29.418956,0.0,28.3,1026.3,0.0,-999.0,24,24.3,0.843
2026-01-12 00:42:31.416936,0.0,28.3,1026.4,0.0,15.8,24,24.0,0.834
2026-01-12 00:42:33.587242,0.0,28.3,1026.3,0.0,-999.0,23,24.3,0.845
2026-01-12 00:42:35.447084,0.0,28.3,1026.1,0.0,15.8,24,24.5,0.851
2026-01-12 00:42:37.439141,0.0,28.3,1026.4,0.0,-999.0,23,24.5,0.851
2026-01-12 00:42:39.428936,0.0,28.3,1026.4,0.0,15.8,24,24.1,0.838
2026-01-12 00:42:41.425800,0.0,28.3,1026.3,0.0,15.4,24,23.6,0.82
2026-01-12 00:42:43.424907,0.0,28.3,1026.4,0.0,15.6,24,24.4,0.847
2026-01-12 00:42:45.445720,0.0,28.3,1026.4,0.0,15.8,24,23.9,0.832
2026-01-12 00:42:47.430934,0.0,28.3,1026.4,0.0,15.6,24,24.2,0.84
2026-01-12 00:42:49.423401,0.0,28.3,1026.4,0.0,-999.0,24,24.6,0.853
2026-01-12 00:42:51.423884,0.0,28.3,1026.3,0.0,15.7,24,24.3,0.844
2026-01-12 00:42:53.415662,0.0,28.3,1026.3,0.0,-999.0,23,22.6,0.791
2026-01-12 00:42:55.414503,0.0,28.3,1026.3,0.0,-999.0,2,2.6,0.163
2026-01-12 00:42:57.456461,0.0,28.3,1026.3,0.0,15.8,0,0.0,0.076
2026-01-12 00:42:59.423214,0.0,28.3,1026.4,0.0,-999.0,0,0.0,0.072
2026-01-12 00:43:01.442809,0.0,28.3,1026.3,0.0,15.6,0,0.0,0.078
2026-01-12 00:43:03.414883,0.0,28.3,1026.4,0.0,-999.0,0,0.0,0.075
2026-01-12 00:43:05.456721,0.0,28.3,1026.3,0.0,15.6,13,13.7,0.51
2026-01-12 00:43:07.407876,0.0,28.3,1026.4,0.0,-999.0,19,19.7,0.698
2026-01-12 00:43:09.434376,0.0,28.3,1026.3,0.0,15.5,20,19.6,0.695
2026-01-12 00:43:11.426352,0.0,28.3,1026.4,0.0,15.6,19,20.1,0.712
2026-01-12 00:43:13.432860,0.0,28.3,1026.3,0.0,15.6,20,19.9,0.705
2026-01-12 00:43:15.439734,0.0,28.3,1026.4,0.0,15.8,19,20.2,0.715
2026-01-12 00:43:17.420483,0.0,28.3,1026.3,0.0,15.7,20,20.0,0.71
2026-01-12 00:43:19.417650,0.0,28.3,1026.3,0.0,15.5,19,20.1,0.712
2026-01-12 00:43:21.455833,0.0,28.3,1026.5,0.0,15.8,19,19.8,0.703
2026-01-12 00:43:23.416017,0.0,28.3,1026.4,0.0,15.8,19,19.7,0.698
2026-01-12 00:43:25.450028,0.0,28.3,1026.4,0.0,15.6,20,20.0,0.71
2026-01-12 00:43:27.427000,0.0,28.3,1026.4,0.0,15.8,20,19.9,0.704
2026-01-12 00:43:29.443254,0.0,28.3,1026.4,0.0,15.6,19,19.9,0.707
2026-01-12 00:43:31.427658,0.0,28.3,1026.4,0.0,15.7,20,19.9,0.705
2026-01-12 00:43:33.417457,0.0,28.3,1026.3,0.0,15.7,20,19.9,0.706
2026-01-12 00:43:35.431051,0.0,28.3,1026.4,0.0,15.5,20,20.3,0.718
2026-01-12 00:43:37.435933,0.0,28.3,1026.4,0.0,15.6,32,32.3,1.096
2026-01-12 00:43:39.439542,0.0,28.3,1026.4,0.0,15.8,50,49.9,1.646
2026-01-12 00:43:41.422178,0.0,28.3,1026.4,0.0,15.7,50,50.4,1.663
2026-01-12 00:43:43.458661,0.0,28.3,1026.3,0.0,15.8,50,50.7,1.672
2026-01-12 00:43:45.448592,0.0,28.3,1026.4,0.0,15.6,50,50.3,1.659
2026-01-12 00:43:47.420354,0.0,28.3,1026.4,0.0,-999.0,49,50.3,1.661
2026-01-12 00:43:49.476284,0.0,28.3,1026.3,0.0,15.6,50,50.1,1.653
2026-01-12 00:43:51.420227,0.0,28.3,1026.4,0.0,15.6,50,50.4,1.663
2026-01-12 00:43:53.437572,0.0,28.3,1026.5,0.0,15.8,50,50.2,1.656
2026-01-12 00:43:55.425791,0.0,28.3,1026.4,0.0,-999.0,50,50.4,1.664
2026-01-12 00:43:57.451365,0.0,28.3,1026.3,0.0,15.6,49,50.2,1.658
2026-01-12 00:43:59.415804,0.0,28.3,1026.4,0.0,-999.0,50,50.6,1.669
2026-01-12 00:44:01.412518,0.0,28.3,1026.4,0.0,15.7,50,50.3,1.658
2026-01-12 00:44:03.419969,0.0,28.3,1026.4,0.0,-999.0,50,50.4,1.662
2026-01-12 00:44:05.420343,0.0,28.3,1028.0,0.0,-999.0,50,50.4,1.662
2026-01-12 00:44:07.434151,0.0,28.3,1029.6,0.0,15.6,50,50.6,1.669
2026-01-12 00:44:09.419554,0.0,28.3,1030.4,0.0,-999.0,48,50.4,1.663
2026-01-12 00:44:11.451907,0.0,28.3,1030.3,0.0,15.5,50,50.4,1.664
2026-01-12 00:44:13.435375,0.0,28.3,1030.0,0.0,15.6,49,50.7,1.672
2026-01-12 00:44:15.428988,0.0,28.3,1030.0,0.0,15.7,50,50.1,1.654
2026-01-12 00:44:17.449392,0.0,28.3,1030.1,0.0,15.5,50,50.3,1.658
2026-01-12 00:44:19.437902,0.0,28.3,1030.3,0.0,15.7,50,50.3,1.66
2026-01-12 00:44:21.440402,0.0,28.3,1030.5,0.0,15.6,50,50.5,1.667
2026-01-12 00:44:23.420815,0.0,28.3,1030.3,0.0,15.6,50,50.3,1.658
2026-01-12 00:44:25.564727,0.0,28.3,1030.4,0.0,15.7,50,50.4,1.664
2026-01-12 00:44:27.421053,0.0,28.3,1030.4,0.0,-999.0,50,50.1,1.654
2026-01-12 00:44:29.412021,0.0,28.3,1030.3,0.0,15.6,50,50.3,1.661
2026-01-12 00:44:31.416699,0.0,28.3,1030.5,0.0,-999.0,50,50.5,1.666
2026-01-12 00:44:33.423851,0.0,28.3,1030.5,0.0,15.7,50,50.4,1.662
2026-01-12 00:44:35.442456,0.0,28.3,1030.4,0.0,15.7,50,50.3,1.659
2026-01-12 00:44:37.418529,0.0,28.3,1030.5,0.0,15.6,50,50.5,1.667
2026-01-12 00:44:39.463343,0.0,28.3,1030.7,0.0,15.8,49,50.1,1.654
2026-01-12 00:44:41.436679,0.0,28.3,1030.4,0.0,-999.0,50,50.4,1.662
2026-01-12 00:44:43.444571,0.0,28.3,1030.4,0.0,15.6,50,50.0,1.651
2026-01-12 00:44:45.481761,0.0,28.3,1030.7,0.0,15.6,50,50.3,1.66
2026-01-12 00:44:47.430017,0.0,28.3,1030.7,0.0,-999.0,50,50.2,1.655
2026-01-12 00:44:49.453913,0.0,28.3,1030.7,0.0,15.5,50,50.5,1.667
2026-01-12 00:44:51.428553,0.0,28.3,1030.7,0.0,-999.0,50,50.5,1.667
2026-01-12 00:44:53.469744,0.0,28.3,1030.5,0.0,-999.0,50,50.2,1.655
2026-01-12 00:44:55.412226,0.0,28.4,1030.7,0.0,-999.0,50,50.0,1.65
2026-01-12 00:44:57.435762,0.0,28.3,1030.5,0.0,15.7,50,50.3,1.66
2026-01-12 00:44:59.431266,0.0,28.3,1030.7,0.0,-999.0,50,50.4,1.664
2026-01-12 00:45:01.435590,0.0,28.3,1030.5,0.0,15.6,50,50.2,1.655
2026-01-12 00:45:03.444026,0.0,28.4,1030.5,0.0,15.7,50,50.4,1.662
2026-01-12 00:45:05.448054,0.0,28.3,1030.7,0.0,15.6,50,50.3,1.659
2026-01-12 00:45:07.458619,0.0,28.4,1030.7,0.0,15.6,50,50.2,1.658
2026-01-12 00:45:09.447191,0.0,28.3,1030.7,0.0,15.6,50,50.3,1.66
2026-01-12 00:45:11.439891,0.0,28.3,1030.3,0.0,15.6,50,50.4,1.663
2026-01-12 00:45:13.436343,0.0,28.3,1030.5,0.0,15.6,50,49.9,1.648
2026-01-12 00:45:15.588794,0.0,28.3,1030.5,0.0,15.7,50,50.5,1.667
2026-01-12 00:45:17.447430,0.0,28.3,1030.5,0.0,15.7,50,50.5,1.665
2026-01-12 00:45:19.439113,0.0,28.4,1030.3,0.0,15.7,50,50.5,1.666
2026-01-12 00:45:21.433933,0.0,28.4,1030.5,0.0,-999.0,50,49.5,1.635
2026-01-12 00:45:23.443619,0.0,28.3,1030.5,0.0,-999.0,50,50.4,1.662
2026-01-12 00:45:25.439139,0.0,28.3,1030.7,0.0,-999.0,50,50.8,1.677
2026-01-12 00:45:27.430961,0.0,28.3,1030.1,0.0,-999.0,50,49.6,1.639
2026-01-12 00:45:29.429300,0.0,28.3,1030.5,0.0,15.6,50,50.9,1.679
2026-01-12 00:45:31.470269,0.0,28.3,1030.0,0.0,15.8,49,50.2,1.657
2026-01-12 00:45:33.430470,0.0,28.4,1030.5,0.0,-999.0,50,50.4,1.663
2026-01-12 00:45:35.457425,0.0,28.4,1030.1,0.0,-999.0,49,50.5,1.667
2026-01-12 00:45:37.438021,0.0,28.3,1030.3,0.0,15.6,49,50.3,1.66
2026-01-12 00:45:39.441975,0.0,28.4,1029.9,0.0,-999.0,50,50.0,1.651
2026-01-12 00:45:41.448446,0.0,28.3,1030.1,0.0,15.8,50,50.9,1.678
2026-01-12 00:45:43.438445,0.0,28.4,1029.9,0.0,15.5,50,50.4,1.663
2026-01-12 00:45:45.469488,0.0,28.3,1029.5,0.0,15.8,50,50.7,1.674
2026-01-12 00:45:47.435538,0.0,28.4,1029.1,0.0,15.8,50,50.5,1.667
2026-01-12 00:45:49.419832,0.0,28.4,1029.2,0.0,-999.0,49,49.9,1.646
2026-01-12 00:45:51.438470,0.0,28.3,1029.3,0.0,15.6,35,35.4,1.193
2026-01-12 00:45:53.422540,0.0,28.3,1029.6,0.0,15.6,19,20.0,0.708
2026-01-12 00:45:55.438377,0.0,28.3,1029.9,0.0,15.4,19,19.7,0.698
2026-01-12 00:45:57.435634,0.0,28.3,1028.7,0.0,-999.0,19,19.9,0.707
2026-01-12 00:45:59.459319,0.0,28.3,1029.2,0.0,15.6,19,19.8,0.702
2026-01-12 00:46:01.430540,0.0,28.3,1029.7,0.0,15.5,19,19.9,0.706
2026-01-12 00:46:03.422870,0.0,28.4,1029.6,0.0,-999.0,19,20.0,0.708
2026-01-12 00:46:05.431304,0.0,28.4,1029.6,0.0,15.7,19,20.0,0.708
2026-01-12 00:46:07.432842,0.0,28.4,1029.3,0.0,15.7,19,19.4,0.691
2026-01-12 00:46:09.459377,0.0,28.4,1028.8,0.0,15.8,19,19.8,0.703
2026-01-12 00:46:11.433715,0.0,28.4,1028.8,0.0,-999.0,19,19.8,0.704
2026-01-12 00:46:13.483452,0.0,28.4,1028.9,0.0,15.6,19,19.6,0.696
2026-01-12 00:46:15.436103,0.0,28.4,1029.2,0.0,-999.0,20,19.7,0.7
2026-01-12 00:46:17.448903,0.0,28.4,1028.9,0.0,15.6,19,19.6,0.696
2026-01-12 00:46:19.431886,0.0,28.4,1029.1,0.0,-999.0,19,19.8,0.701
2026-01-12 00:46:21.439084,0.0,28.4,1028.9,0.0,15.6,19,19.8,0.702
2026-01-12 00:46:23.439951,0.0,28.4,1029.2,0.0,-999.0,19,20.3,0.718
2026-01-12 00:46:25.443724,0.0,28.4,1029.3,0.0,15.6,19,19.7,0.7
2026-01-12 00:46:27.464259,0.0,28.4,1029.2,0.0,-999.0,19,19.5,0.692
2026-01-12 00:46:29.453882,0.0,28.4,1028.8,0.0,15.5,19,19.7,0.699
2026-01-12 00:46:31.443099,0.0,28.4,1029.3,0.0,-999.0,19,20.0,0.708
2026-01-12 00:46:33.445678,0.0,28.4,1029.2,0.0,15.7,24,24.8,0.858
2026-01-12 00:46:35.432943,0.0,28.4,1029.2,0.0,-999.0,47,47.5,1.573
2026-01-12 00:46:37.434247,0.0,28.4,1029.2,0.0,-999.0,50,50.8,1.675
2026-01-12 00:46:39.447085,0.0,28.4,1029.6,0.0,15.6,50,50.6,1.67
2026-01-12 00:46:41.460450,0.0,28.4,1029.3,0.0,-999.0,50,50.5,1.667
2026-01-12 00:46:43.472969,0.0,28.4,1029.5,0.0,15.7,50,50.8,1.676
2026-01-12 00:46:45.484262,0.0,28.4,1029.3,0.0,15.6,50,50.4,1.662
2026-01-12 00:46:47.446540,0.0,28.4,1029.6,0.0,15.5,50,50.2,1.657
2026-01-12 00:46:49.434796,0.0,28.4,1029.5,0.0,15.6,50,50.9,1.679
2026-01-12 00:46:51.449692,0.0,28.4,1030.1,0.0,15.5,50,51.0,1.681
2026-01-12 00:46:53.439929,0.0,28.4,1030.1,0.0,15.8,50,50.1,1.653
2026-01-12 00:46:55.478168,0.0,28.4,1030.3,0.0,15.7,50,50.0,1.65
2026-01-12 00:46:57.440570,0.0,28.4,1030.0,0.0,-999.0,50,51.2,1.688
2026-01-12 00:46:59.436385,0.0,28.4,1029.7,0.0,15.6,50,50.6,1.67
2026-01-12 00:47:01.443305,0.0,28.4,1029.9,0.0,-999.0,50,50.5,1.666
2026-01-12 00:47:03.429306,0.0,28.4,1030.0,0.0,-999.0,50,50.7,1.672
2026-01-12 00:47:05.465215,0.0,28.4,1030.0,0.0,15.6,50,50.8,1.676
2026-01-12 00:47:07.434610,0.0,28.4,1030.5,0.0,-999.0,50,50.4,1.664
2026-01-12 00:47:09.461447,0.0,28.4,1030.5,0.0,15.7,50,50.8,1.675
2026-01-12 00:47:11.442840,0.0,28.4,1030.7,0.0,-999.0,50,50.2,1.658
2026-01-12 00:47:13.433595,0.0,28.4,1030.7,0.0,15.6,50,50.7,1.674
2026-01-12 00:47:15.441163,0.0,28.4,1030.5,0.0,-999.0,50,50.4,1.664
2026-01-12 00:47:17.449982,0.0,28.4,1030.7,0.0,15.6,50,50.3,1.658
2026-01-12 00:47:19.458197,0.0,28.4,1030.7,0.0,15.5,50,50.5,1.667
2026-01-12 00:47:21.442811,0.0,28.4,1030.7,0.0,15.6,50,50.5,1.666
2026-01-12 00:47:23.468489,0.0,28.4,1030.7,0.0,15.5,50,50.6,1.669
2026-01-12 00:47:25.440455,0.0,28.4,1030.7,0.0,15.6,50,50.6,1.669
2026-01-12 00:47:27.445372,0.0,28.4,1030.7,0.0,15.6,50,50.3,1.661
2026-01-12 00:47:29.445121,0.0,28.4,1030.8,0.0,-999.0,50,50.8,1.676
2026-01-12 00:47:31.427412,0.0,28.4,1030.7,0.0,15.7,50,50.2,1.657
2026-01-12 00:47:33.462977,0.0,28.4,1030.5,0.0,-999.0,50,50.7,1.673
2026-01-12 00:47:35.428508,0.0,28.4,1030.7,0.0,15.5,50,50.4,1.662
2026-01-12 00:47:37.426172,0.06,28.4,1030.5,0.0,-999.0,50,50.4,1.664
2026-01-12 00:47:39.427862,0.41,28.4,1030.7,0.0,15.3,49,50.7,1.671
2026-01-12 00:47:41.447556,0.6,28.4,1030.7,0.0,-999.0,51,50.6,1.668
2026-01-12 00:47:43.456109,0.69,28.4,1030.7,0.0,-999.0,50,50.7,1.671
2026-01-12 00:47:45.445373,0.71,28.4,1030.7,0.0,15.3,49,50.3,1.66
2026-01-12 00:47:47.462180,0.72,28.4,1030.7,0.0,-999.0,50,50.4,1.664
2026-01-12 00:47:49.439300,0.72,28.4,1030.7,0.0,15.4,51,50.3,1.66
2026-01-12 00:47:51.477443,0.73,28.4,1030.7,0.0,-999.0,50,50.3,1.66
2026-01-12 00:47:53.440001,0.74,28.4,1030.7,0.0,15.6,50,50.1,1.654
2026-01-12 00:47:55.448308,0.74,28.4,1030.7,0.0,-999.0,51,50.2,1.655
2026-01-12 00:47:57.452067,0.75,28.4,1030.7,0.0,15.2,50,50.5,1.666
2026-01-12 00:47:59.428043,0.74,28.4,1030.7,0.0,-999.0,49,50.3,1.659
2026-01-12 00:48:01.554168,0.73,28.4,1030.7,0.0,-999.0,50,49.9,1.649
2026-01-12 00:48:03.521528,0.74,28.4,1030.7,0.0,-999.0,50,49.7,1.642
2026-01-12 00:48:05.440282,0.74,28.4,1030.7,0.0,-999.0,50,50.3,1.661
2026-01-12 00:48:07.435013,0.74,28.4,1030.7,0.0,-999.0,50,51.2,1.687
2026-01-12 00:48:09.437883,0.75,28.4,1030.7,0.0,-999.0,50,50.8,1.675
2026-01-12 00:48:11.448838,0.75,28.4,1030.7,0.0,15.2,50,50.9,1.679
2026-01-12 00:48:13.438552,0.75,28.4,1030.7,0.0,-999.0,51,50.1,1.653
2026-01-12 00:48:15.462958,0.73,28.4,1030.7,0.0,15.2,50,50.4,1.664
2026-01-12 00:48:17.445681,0.74,28.4,1030.7,0.0,15.2,50,50.5,1.667
2026-01-12 00:48:19.440254,0.75,28.4,1030.7,0.0,15.2,50,50.7,1.672
2026-01-12 00:48:21.453408,0.75,28.4,1030.7,0.0,15.2,50,50.5,1.667
2026-01-12 00:48:23.454826,0.76,28.4,1030.7,0.0,15.2,48,50.5,1.667
2026-01-12 00:48:25.463857,0.75,28.4,1030.7,0.0,15.2,50,51.0,1.681
2026-01-12 00:48:27.432849,0.74,28.4,1030.7,0.0,15.2,50,50.9,1.679
2026-01-12 00:48:29.460645,0.74,28.4,1030.7,0.0,15.2,50,50.2,1.656
2026-01-12 00:48:31.430808,0.75,28.4,1030.7,0.0,15.3,50,50.6,1.671
2026-01-12 00:48:33.443898,0.75,28.4,1030.7,0.0,15.2,50,50.8,1.675
2026-01-12 00:48:35.446869,0.76,28.4,1030.7,0.0,15.3,50,50.4,1.662
2026-01-12 00:48:37.451287,0.76,28.4,1030.7,0.0,15.4,50,50.6,1.671
2026-01-12 00:48:39.447048,0.76,28.4,1030.7,0.0,15.2,50,50.5,1.667
2026-01-12 00:48:41.451988,0.74,28.4,1030.7,0.0,15.2,49,49.8,1.645
2026-01-12 00:48:43.434293,0.75,28.4,1030.7,0.0,-999.0,50,50.9,1.678
2026-01-12 00:48:45.446281,0.75,28.4,1030.7,0.0,15.2,51,50.6,1.671
2026-01-12 00:48:47.447239,0.76,28.4,1030.7,0.0,-999.0,51,51.1,1.686
2026-01-12 00:48:49.432971,0.77,28.4,1030.7,0.0,15.2,50,50.7,1.673
2026-01-12 00:48:51.431404,0.76,28.4,1030.7,0.0,-999.0,50,50.6,1.671
2026-01-12 00:48:53.463441,0.75,28.4,1030.7,0.0,15.2,50,50.7,1.672
2026-01-12 00:48:55.447957,0.75,28.4,1030.5,0.0,-999.0,50,50.4,1.664
2026-01-12 00:48:57.466005,0.75,28.4,1030.7,0.0,15.2,50,50.9,1.678
2026-01-12 00:48:59.432456,0.76,28.4,1030.7,0.0,-999.0,50,50.7,1.671
2026-01-12 00:49:01.434551,0.76,28.4,1030.7,0.0,-999.0,50,50.4,1.663
2026-01-12 00:49:03.467332,0.77,28.4,1030.7,0.0,-999.0,51,50.7,1.671
2026-01-12 00:49:05.427471,0.76,28.4,1030.7,0.0,-999.0,51,51.0,1.681
2026-01-12 00:49:07.463829,0.74,28.4,1030.5,0.0,-999.0,49,51.1,1.686
2026-01-12 00:49:09.447584,0.76,28.4,1030.7,0.0,-999.0,50,50.4,1.664
2026-01-12 00:49:11.439248,0.76,28.4,1030.7,0.0,-999.0,50,50.1,1.652
2026-01-12 00:49:13.432996,0.76,28.4,1030.7,0.0,-999.0,51,50.5,1.667
2026-01-12 00:49:15.450563,0.77,28.4,1030.7,0.0,-999.0,49,50.5,1.667
2026-01-12 00:49:17.433710,0.77,28.4,1030.7,0.0,-999.0,50,50.2,1.655
2026-01-12 00:49:19.445495,0.76,28.4,1030.7,0.0,-999.0,50,50.5,1.667
2026-01-12 00:49:21.463452,0.75,28.4,1030.7,0.0,-999.0,51,50.6,1.669
2026-01-12 00:49:23.439301,0.76,28.4,1030.7,0.0,-999.0,50,49.8,1.645
2026-01-12 00:49:25.508642,0.76,28.4,1030.7,0.0,-999.0,50,50.5,1.667
2026-01-12 00:49:27.438902,0.77,28.4,1030.7,0.0,-999.0,51,50.6,1.671
2026-01-12 00:49:29.452335,0.78,28.4,1030.7,0.0,-999.0,50,50.1,1.654
2026-01-12 00:49:31.453364,0.77,28.4,1030.7,0.0,-999.0,50,50.5,1.665
2026-01-12 00:49:33.434067,0.75,28.4,1030.7,0.0,-999.0,50,50.7,1.671
2026-01-12 00:49:35.462500,0.76,28.4,1030.5,0.0,-999.0,50,51.1,1.685
2026-01-12 00:49:37.441150,0.76,28.4,1030.5,0.0,-999.0,50,52.4,1.727
2026-01-12 00:49:39.435267,0.77,28.4,1030.5,0.0,-999.0,50,50.7,1.673
2026-01-12 00:49:41.457033,0.78,28.4,1030.7,0.0,-999.0,50,50.3,1.659
2026-01-12 00:49:43.435084,0.78,28.4,1030.7,0.0,-999.0,50,50.5,1.667
2026-01-12 00:49:45.527839,0.77,28.4,1030.7,0.0,-999.0,50,50.8,1.676
2026-01-12 00:49:47.472706,0.75,28.4,1030.7,0.0,-999.0,50,50.8,1.677
2026-01-12 00:49:49.464339,0.76,28.4,1030.7,0.0,-999.0,50,50.1,1.653
2026-01-12 00:49:51.498691,0.77,28.4,1030.7,0.0,-999.0,50,50.7,1.671
2026-01-12 00:49:53.431024,0.77,28.4,1030.7,0.0,-999.0,50,50.6,1.669
2026-01-12 00:49:55.439948,0.78,28.4,1030.7,0.0,-999.0,50,50.1,1.654
2026-01-12 00:49:57.435646,0.78,28.4,1030.7,0.0,-999.0,50,50.7,1.671
2026-01-12 00:49:59.438036,0.76,28.4,1030.5,0.0,-999.0,50,50.5,1.667
2026-01-12 00:50:01.443432,0.76,28.4,1030.7,0.0,-999.0,50,50.6,1.668
2026-01-12 00:50:03.479266,0.77,28.4,1030.7,0.0,-999.0,50,50.7,1.671
2026-01-12 00:50:05.445845,0.77,28.4,1030.7,0.0,-999.0,50,52.8,1.74
2026-01-12 00:50:07.451788,0.78,28.4,1030.7,0.0,-999.0,51,50.5,1.667
2026-01-12 00:50:09.436577,0.78,28.4,1030.7,0.0,-999.0,51,50.3,1.661
2026-01-12 00:50:11.435435,0.77,28.4,1030.8,0.0,-999.0,50,50.5,1.665
2026-01-12 00:50:13.451018,0.76,28.4,1030.8,0.0,-999.0,50,50.6,1.668
2026-01-12 00:50:15.436290,0.77,28.4,1030.7,0.0,15.2,49,50.9,1.679
2026-01-12 00:50:17.440539,0.77,28.4,1030.8,0.0,-999.0,50,50.3,1.661
2026-01-12 00:50:19.437781,0.77,28.4,1030.8,0.0,-999.0,50,50.8,1.675
2026-01-12 00:50:21.437625,0.79,28.4,1030.7,0.0,-999.0,50,50.6,1.671
2026-01-12 00:50:23.446750,0.78,28.4,1030.8,0.0,-999.0,50,50.9,1.678
2026-01-12 00:50:25.439805,0.77,28.4,1030.8,0.0,-999.0,60,60.0,1.965
2026-01-12 00:50:27.453025,0.79,28.4,1030.7,0.0,-999.0,81,82.0,2.654
2026-01-12 00:50:29.449654,1.2,28.4,1030.9,0.0,-999.0,100,100.0,3.263
2026-01-12 00:50:31.439428,1.73,28.4,1030.9,0.0,-999.0,100,100.0,3.27
2026-01-12 00:50:33.457295,1.65,28.4,1030.9,0.0,-999.0,100,99.4,3.201
2026-01-12 00:50:35.441323,1.68,28.4,1030.9,0.0,-999.0,100,100.0,3.254
2026-01-12 00:50:37.450046,1.65,28.4,1031.1,0.0,-999.0,100,100.0,3.267
2026-01-12 00:50:39.449800,1.58,28.4,1030.9,0.0,-999.0,100,100.0,3.231
2026-01-12 00:50:41.462482,1.59,28.4,1030.9,0.0,-999.0,100,100.0,3.264
2026-01-12 00:50:43.431269,1.6,28.4,1030.9,0.0,-999.0,100,100.0,3.266
2026-01-12 00:50:45.474176,1.63,28.4,1031.1,0.0,-999.0,97,100.0,3.275
2026-01-12 00:50:47.431403,1.65,28.4,1030.9,0.0,-999.0,100,100.0,3.281
2026-01-12 00:50:49.438752,1.65,28.4,1031.1,0.0,-999.0,100,100.0,3.248
2026-01-12 00:50:51.447909,1.62,28.4,1031.1,0.0,-999.0,100,100.0,3.269
2026-01-12 00:50:53.437596,1.55,28.4,1031.1,0.0,-999.0,100,100.0,3.265
2026-01-12 00:50:55.570670,1.58,28.4,1031.1,0.0,-999.0,100,100.0,3.268
2026-01-12 00:50:57.447163,1.6,28.4,1031.2,0.0,-999.0,100,100.0,3.298
2026-01-12 00:50:59.431210,1.62,28.4,1030.9,0.0,-999.0,100,100.0,3.236
2026-01-12 00:51:01.447508,1.64,28.4,1030.9,0.0,-999.0,100,100.0,3.277
2026-01-12 00:51:03.453388,1.63,28.4,1031.1,0.0,-999.0,100,100.0,3.257
2026-01-12 00:51:05.449409,1.57,28.4,1030.9,0.0,-999.0,100,100.0,3.262
2026-01-12 00:51:07.457187,1.54,28.4,1030.9,0.0,-999.0,100,100.0,3.266
2026-01-12 00:51:09.460088,1.56,28.4,1031.1,0.0,-999.0,100,100.0,3.252
2026-01-12 00:51:11.453608,1.6,28.4,1031.1,0.0,-999.0,100,100.0,3.278
2026-01-12 00:51:13.435552,1.62,28.4,1030.9,0.0,-999.0,100,100.0,3.252
2026-01-12 00:51:15.439210,1.62,28.4,1031.1,0.0,-999.0,100,100.0,3.27
2026-01-12 00:51:17.437906,1.6,28.4,1030.9,0.0,-999.0,100,100.0,3.254
2026-01-12 00:51:19.439187,1.52,28.4,1030.9,0.0,-999.0,100,100.0,3.247
2026-01-12 00:51:21.465376,1.54,28.4,1030.9,0.0,-999.0,100,100.0,3.252
2026-01-12 00:51:23.438971,1.57,28.4,1030.9,0.0,-999.0,100,100.0,3.242
2026-01-12 00:51:25.450229,1.59,28.4,1030.9,0.0,-999.0,100,100.0,3.26
2026-01-12 00:51:27.447057,1.61,28.4,1030.9,0.0,-999.0,100,100.0,3.259
2026-01-12 00:51:29.442027,1.6,28.4,1030.9,0.0,-999.0,100,100.0,3.242
2026-01-12 00:51:31.446347,1.55,28.4,1030.9,0.0,-999.0,100,100.0,3.271
2026-01-12 00:51:33.459250,1.51,28.4,1030.9,0.0,-999.0,100,100.0,3.251
2026-01-12 00:51:35.439047,1.54,28.4,1030.9,0.0,-999.0,100,100.0,3.225
2026-01-12 00:51:37.466645,1.57,28.4,1031.1,0.0,-999.0,100,100.0,3.244
2026-01-12 00:51:39.441610,1.58,28.4,1030.8,0.0,-999.0,100,100.0,3.267
2026-01-12 00:51:41.442781,1.6,28.4,1030.9,0.0,-999.0,100,100.0,3.28
2026-01-12 00:51:43.443830,1.58,28.4,1030.9,0.0,-999.0,100,100.0,3.249
2026-01-12 00:51:45.471387,1.51,28.4,1030.8,0.0,-999.0,100,97.8,3.152
2026-01-12 00:51:47.467612,1.51,28.4,1030.9,0.0,-999.0,100,100.0,3.249
2026-01-12 00:51:49.446874,1.53,28.4,1030.9,0.0,-999.0,100,100.0,3.247
2026-01-12 00:51:51.440543,1.56,28.4,1030.9,0.0,-999.0,100,100.0,3.252
2026-01-12 00:51:53.451068,1.58,28.4,1031.1,0.0,-999.0,100,100.0,3.265
2026-01-12 00:51:55.432471,1.58,28.4,1030.9,0.0,-999.0,100,100.0,3.275
2026-01-12 00:51:57.451367,1.55,28.4,1030.9,0.0,-999.0,100,100.0,3.252
2026-01-12 00:51:59.439547,1.48,28.4,1030.9,0.0,-999.0,100,100.0,3.242
2026-01-12 00:52:01.584404,1.51,28.4,1030.8,0.0,-999.0,99,100.0,3.256
2026-01-12 00:52:03.427303,1.55,28.4,1030.8,0.0,-999.0,100,100.0,3.277
2026-01-12 00:52:05.441891,1.56,28.4,1030.8,0.0,-999.0,100,100.0,3.253
2026-01-12 00:52:07.457685,1.58,28.4,1030.9,0.0,-999.0,100,100.0,3.252
2026-01-12 00:52:09.439027,1.56,28.4,1031.1,0.0,-999.0,100,100.0,3.272
2026-01-12 00:52:11.466698,1.5,28.4,1030.9,0.0,-999.0,100,100.0,3.259
2026-01-12 00:52:13.446260,1.49,28.5,1030.9,0.0,-999.0,100,100.0,3.27
2026-01-12 00:52:15.466950,1.51,28.4,1030.9,0.0,-999.0,100,100.0,3.288
2026-01-12 00:52:17.440925,1.54,28.4,1030.9,0.0,-999.0,100,100.0,3.252
2026-01-12 00:52:19.441244,1.56,28.5,1030.8,0.0,-999.0,100,100.0,3.261
2026-01-12 00:52:21.441438,1.57,28.4,1030.8,0.0,-999.0,100,100.0,3.257
2026-01-12 00:52:23.441991,1.54,28.4,1030.8,0.0,14.9,100,100.0,3.257
2026-01-12 00:52:25.508402,1.47,28.5,1030.8,0.0,-999.0,100,100.0,3.26
2026-01-12 00:52:27.432013,1.49,28.5,1030.8,0.0,-999.0,99,100.0,3.266
2026-01-12 00:52:29.473929,1.52,28.5,1030.9,0.0,-999.0,100,100.0,3.276
2026-01-12 00:52:31.445924,1.54,28.5,1030.8,0.0,-999.0,100,100.0,3.261
2026-01-12 00:52:33.435379,1.56,28.5,1030.8,0.0,-999.0,100,100.0,3.265
2026-01-12 00:52:35.445384,1.55,28.5,1030.9,0.0,-999.0,99,100.0,3.268
2026-01-12 00:52:37.445139,1.5,28.5,1031.1,0.0,-999.0,100,100.0,3.273
2026-01-12 00:52:39.451310,1.46,28.4,1030.8,0.0,-999.0,100,100.0,3.248
2026-01-12 00:52:41.456892,1.49,28.5,1030.8,0.0,-999.0,100,100.0,3.276
2026-01-12 00:52:43.464542,1.52,28.5,1030.7,0.0,-999.0,100,100.0,3.273
2026-01-12 00:52:45.547959,1.54,28.5,1030.7,0.0,-999.0,100,100.0,3.249
2026-01-12 00:52:47.443786,1.55,28.5,1030.5,0.0,-999.0,100,100.0,3.248
2026-01-12 00:52:49.460298,1.53,28.5,1030.5,0.0,-999.0,100,100.0,3.256
2026-01-12 00:52:51.443556,1.45,28.5,1030.3,0.0,-999.0,100,100.0,3.261
2026-01-12 00:52:53.441544,1.61,28.5,1030.0,0.0,-999.0,100,100.0,3.237
2026-01-12 00:52:55.443309,1.62,28.5,1030.0,0.0,-999.0,100,100.0,3.256
2026-01-12 00:52:57.446908,1.65,28.5,1030.0,0.0,-999.0,100,100.0,3.256
2026-01-12 00:52:59.444928,1.67,28.5,1029.9,0.0,-999.0,100,100.0,3.277
2026-01-12 00:53:01.436348,1.68,28.5,1030.3,0.0,-999.0,100,100.0,3.273
2026-01-12 00:53:03.445446,1.66,28.5,1030.3,0.0,-999.0,100,100.0,3.277
2026-01-12 00:53:05.433815,1.61,28.5,1030.3,0.0,-999.0,100,100.0,3.273
2026-01-12 00:53:07.455996,1.62,28.5,1029.9,0.0,-999.0,100,100.0,3.221
2026-01-12 00:53:09.452168,1.64,28.5,1029.7,0.0,-999.0,100,100.0,3.248
2026-01-12 00:53:11.475779,1.66,28.5,1029.9,0.0,-999.0,100,100.0,3.257
2026-01-12 00:53:13.442605,1.68,28.5,1030.1,0.0,-999.0,100,100.0,3.254
2026-01-12 00:53:15.443491,1.67,28.5,1030.0,0.0,-999.0,100,100.0,3.248
2026-01-12 00:53:17.444566,1.65,28.5,1029.9,0.0,-999.0,100,100.0,3.254
2026-01-12 00:53:19.444014,1.63,28.5,1030.0,0.0,-999.0,100,100.0,3.258
2026-01-12 00:53:21.454459,1.64,28.5,1030.4,0.0,-999.0,100,100.0,3.269
2026-01-12 00:53:23.442751,1.65,28.5,1030.3,0.0,-999.0,99,100.0,3.262
2026-01-12 00:53:25.476605,1.67,28.5,1029.5,0.0,-999.0,100,100.0,3.257
2026-01-12 00:53:27.454210,1.79,28.5,1029.3,0.0,-999.0,100,100.0,3.273
2026-01-12 00:53:29.441897,1.78,28.5,1028.9,0.0,-999.0,100,100.0,3.252
2026-01-12 00:53:31.444732,1.75,28.6,1029.2,0.0,-999.0,100,100.0,3.26
2026-01-12 00:53:33.460555,1.74,28.5,1029.7,0.0,-999.0,100,100.0,3.273
2026-01-12 00:53:35.462797,1.75,28.6,1029.3,0.0,-999.0,100,100.0,3.225
2026-01-12 00:53:37.465663,1.76,28.6,1030.4,0.0,-999.0,100,100.0,3.247
2026-01-12 00:53:39.458904,1.78,28.5,1030.1,0.0,-999.0,100,100.0,3.278
2026-01-12 00:53:41.439805,1.78,28.6,1030.5,0.0,-999.0,100,100.0,3.261
2026-01-12 00:53:43.444378,1.77,28.6,1030.7,0.0,-999.0,100,100.0,3.265
2026-01-12 00:53:45.466020,1.76,28.6,1030.5,0.0,-999.0,100,100.0,3.251
2026-01-12 00:53:47.444950,1.76,28.6,1030.5,0.0,-999.0,100,100.0,3.253
2026-01-12 00:53:49.464098,1.76,28.6,1030.7,0.0,-999.0,100,100.0,3.258
2026-01-12 00:53:51.446560,1.77,28.6,1030.5,0.0,-999.0,100,100.0,3.267
2026-01-12 00:53:53.490572,1.79,28.6,1030.7,0.0,-999.0,100,100.0,3.248
2026-01-12 00:53:55.440620,1.78,28.6,1030.7,0.0,-999.0,100,100.0,3.273
2026-01-12 00:53:57.686710,1.77,28.6,1030.7,0.0,-999.0,100,100.0,3.272
2026-01-12 00:53:59.454274,1.77,28.6,1030.7,0.0,-999.0,100,100.0,3.238
2026-01-12 00:54:01.457850,1.76,28.6,1030.7,0.0,-999.0,100,100.0,3.235
2026-01-12 00:54:03.474102,1.78,28.6,1030.5,0.0,-999.0,100,100.0,3.255
2026-01-12 00:54:05.456329,1.79,28.6,1030.7,0.0,-999.0,100,100.0,3.252
2026-01-12 00:54:07.456120,1.79,28.6,1030.5,0.0,-999.0,100,100.0,3.261
2026-01-12 00:54:09.538113,1.78,28.6,1030.5,0.0,-999.0,100,100.0,3.266
2026-01-12 00:54:11.460582,1.77,28.6,1030.7,0.0,-999.0,100,100.0,3.255
2026-01-12 00:54:13.453555,1.77,28.6,1030.7,0.0,-999.0,96,100.0,3.252
2026-01-12 00:54:15.471833,1.77,28.6,1030.7,0.0,-999.0,100,100.0,3.274
2026-01-12 00:54:17.469609,1.78,28.6,1030.5,0.0,-999.0,100,100.0,3.281
2026-01-12 00:54:19.452014,1.8,28.6,1030.7,0.0,-999.0,100,100.0,3.248
2026-01-12 00:54:21.459926,1.79,28.6,1030.7,0.0,-999.0,100,100.0,3.263
2026-01-12 00:54:23.451822,1.78,28.6,1030.7,0.0,-999.0,100,100.0,3.268
2026-01-12 00:54:25.453791,1.77,28.6,1030.7,0.0,-999.0,100,100.0,3.249
2026-01-12 00:54:27.479081,1.77,28.6,1030.7,0.0,-999.0,100,100.0,3.246
2026-01-12 00:54:29.443972,1.78,28.6,1030.7,0.0,-999.0,100,100.0,3.266
2026-01-12 00:54:31.472665,1.79,28.6,1030.7,0.0,-999.0,100,100.0,3.279
2026-01-12 00:54:33.523661,1.79,28.6,1030.7,0.0,-999.0,100,100.0,3.271
2026-01-12 00:54:35.454710,1.79,28.6,1030.5,0.0,-999.0,100,100.0,3.253
2026-01-12 00:54:37.442624,1.77,28.6,1030.1,0.0,-999.0,100,100.0,3.235
2026-01-12 00:54:39.448365,2.01,28.6,1030.5,0.0,-999.0,100,100.0,3.26
2026-01-12 00:54:41.462221,1.93,28.6,1030.4,0.0,-999.0,100,98.8,3.184
2026-01-12 00:54:43.457585,1.94,28.6,1030.5,0.0,-999.0,100,100.0,3.238
2026-01-12 00:54:45.483941,1.95,28.7,1030.4,0.0,-999.0,100,100.0,3.261
2026-01-12 00:54:47.447370,1.95,28.7,1030.5,0.0,-999.0,100,100.0,3.248
2026-01-12 00:54:49.447863,1.95,28.7,1030.5,0.0,-999.0,100,100.0,3.265
2026-01-12 00:54:51.444582,1.94,28.7,1030.4,0.0,-999.0,100,100.0,3.271
2026-01-12 00:54:53.459965,1.94,28.7,1030.5,0.0,-999.0,100,100.0,3.253
2026-01-12 00:54:55.459410,1.94,28.7,1030.5,0.0,-999.0,100,100.0,3.253
2026-01-12 00:54:57.464400,1.94,28.6,1030.5,0.0,-999.0,100,100.0,3.255
2026-01-12 00:54:59.547080,1.95,28.7,1030.5,0.0,-999.0,100,100.0,3.262
2026-01-12 00:55:01.443806,1.95,28.7,1030.5,0.0,-999.0,100,100.0,3.247
2026-01-12 00:55:03.447928,1.94,28.7,1030.1,0.0,-999.0,100,100.0,3.265
2026-01-12 00:55:05.458569,1.94,28.7,1030.3,0.0,-999.0,100,100.0,3.268
2026-01-12 00:55:07.459770,1.94,28.7,1030.5,0.0,-999.0,100,100.0,3.264
2026-01-12 00:55:09.461903,1.94,28.7,1030.4,0.0,-999.0,100,100.0,3.259
2026-01-12 00:55:11.444033,1.94,28.7,1030.4,0.0,-999.0,100,100.0,3.267
2026-01-12 00:55:13.486914,1.95,28.7,1030.5,0.0,-999.0,100,100.0,3.256
2026-01-12 00:55:15.453151,1.94,28.7,1030.5,0.0,-999.0,100,100.0,3.268
2026-01-12 00:55:17.458691,1.94,28.7,1030.4,0.0,-999.0,100,100.0,3.254
2026-01-12 00:55:19.464397,1.94,28.7,1030.5,0.0,-999.0,100,100.0,3.269
2026-01-12 00:55:21.449612,1.94,28.7,1030.3,0.0,-999.0,100,100.0,3.25
2026-01-12 00:55:23.460856,1.94,28.7,1030.5,0.0,-999.0,100,100.0,3.274
2026-01-12 00:55:25.459643,1.95,28.7,1030.5,0.0,-999.0,100,100.0,3.269
2026-01-12 00:55:27.459233,1.94,28.7,1030.3,0.0,-999.0,100,100.0,3.251
2026-01-12 00:55:29.451534,1.94,28.7,1030.3,0.0,-999.0,100,100.0,3.255
2026-01-12 00:55:31.449540,1.94,28.7,1030.3,0.0,-999.0,100,100.0,3.259
2026-01-12 00:55:33.450238,1.94,28.7,1030.5,0.0,-999.0,100,100.0,3.237
2026-01-12 00:55:35.448824,1.94,28.7,1030.4,0.0,-999.0,100,100.0,3.278
2026-01-12 00:55:37.481458,1.94,28.7,1030.1,0.0,-999.0,100,100.0,3.278
2026-01-12 00:55:39.450749,1.94,28.7,1030.4,0.0,-999.0,100,100.0,3.281
2026-01-12 00:55:41.491215,1.94,28.7,1030.4,0.0,-999.0,100,100.0,3.245
2026-01-12 00:55:43.448888,1.94,28.7,1030.5,0.0,-999.0,100,100.0,3.269
2026-01-12 00:55:45.540704,1.94,28.7,1030.5,0.0,-999.0,100,100.0,3.253
2026-01-12 00:55:47.450335,1.93,28.7,1030.5,0.0,-999.0,100,100.0,3.261
2026-01-12 00:55:49.459580,1.93,28.7,1030.3,0.0,-999.0,100,100.0,3.268
2026-01-12 00:55:51.578351,1.94,28.7,1030.3,0.0,-999.0,100,100.0,3.257
2026-01-12 00:55:53.448645,1.94,28.7,1030.4,0.0,-999.0,100,100.0,3.26
2026-01-12 00:55:55.484902,1.93,28.7,1030.3,0.0,-999.0,100,100.0,3.223
2026-01-12 00:55:57.460694,1.93,28.7,1030.4,0.0,-999.0,100,100.0,3.257
2026-01-12 00:55:59.456080,1.93,28.7,1030.3,0.0,-999.0,100,100.0,3.268
2026-01-12 00:56:01.472621,1.93,28.7,1030.3,0.0,-999.0,100,100.0,3.26
2026-01-12 00:56:03.461309,1.93,28.7,1030.3,0.0,-999.0,100,100.0,3.282
2026-01-12 00:56:05.473988,1.94,28.7,1029.9,0.0,-999.0,100,100.0,3.253
2026-01-12 00:56:07.458369,1.93,28.7,1028.9,0.0,-999.0,100,100.0,3.261
2026-01-12 00:56:09.452222,1.93,28.7,1029.7,0.0,-999.0,100,100.0,3.273
2026-01-12 00:56:11.467117,1.93,28.7,1030.1,0.0,-999.0,100,100.0,3.259
2026-01-12 00:56:13.457928,1.93,28.7,1028.8,0.0,-999.0,78,78.0,2.528
2026-01-12 00:56:15.478504,1.87,28.7,1028.3,0.0,-999.0,56,56.5,1.856
2026-01-12 00:56:17.464313,1.68,28.7,1029.9,0.0,-999.0,40,40.1,1.339
2026-01-12 00:56:19.479066,1.32,28.7,1029.5,0.0,-999.0,39,39.9,1.333
2026-01-12 00:56:21.451808,0.94,28.7,1029.2,0.0,-999.0,40,40.0,1.338
2026-01-12 00:56:23.452204,0.81,28.7,1029.3,0.0,-999.0,39,39.9,1.334
2026-01-12 00:56:25.453713,0.76,28.7,1029.3,0.0,-999.0,39,39.8,1.331
2026-01-12 00:56:27.453409,0.74,28.7,1029.5,0.0,-999.0,40,40.0,1.336
2026-01-12 00:56:29.563373,0.73,28.7,1029.5,0.0,-999.0,39,40.3,1.346
2026-01-12 00:56:31.447689,0.73,28.7,1029.7,0.0,-999.0,39,40.0,1.338
2026-01-12 00:56:33.489096,0.73,28.7,1029.1,0.0,-999.0,39,40.9,1.365
2026-01-12 00:56:35.448859,0.73,28.7,1028.7,0.0,-999.0,40,39.9,1.334
2026-01-12 00:56:37.446233,0.73,28.7,1030.1,0.0,-999.0,40,42.9,1.427
2026-01-12 00:56:39.454146,0.73,28.7,1029.9,0.0,-999.0,40,39.9,1.333
2026-01-12 00:56:41.464880,0.73,28.7,1029.2,0.0,-999.0,40,40.0,1.335
2026-01-12 00:56:43.566497,0.73,28.7,1029.5,0.0,-999.0,39,39.9,1.334
2026-01-12 00:56:45.462057,0.73,28.7,1029.6,0.0,-999.0,40,40.1,1.339
2026-01-12 00:56:47.456028,0.73,28.7,1030.0,0.0,-999.0,39,40.2,1.343
2026-01-12 00:56:49.465063,0.73,28.7,1029.3,0.0,-999.0,40,40.0,1.338
2026-01-12 00:56:51.462647,0.73,28.7,1029.6,0.0,-999.0,39,39.6,1.324
2026-01-12 00:56:53.464392,0.73,28.7,1030.5,0.0,-999.0,40,39.8,1.33
2026-01-12 00:56:55.465456,0.73,28.7,1030.1,0.0,-999.0,39,40.1,1.34
2026-01-12 00:56:57.547819,0.73,28.7,1030.4,0.0,-999.0,40,40.0,1.335
2026-01-12 00:56:59.450197,0.73,28.7,1030.5,0.0,-999.0,39,39.9,1.334
2026-01-12 00:57:01.462322,0.73,28.7,1030.5,0.0,-999.0,39,39.8,1.33
2026-01-12 00:57:03.462860,0.73,28.7,1030.4,0.0,-999.0,40,39.8,1.33
2026-01-12 00:57:05.466299,0.73,28.7,1030.5,0.0,-999.0,39,39.2,1.313
2026-01-12 00:57:07.453991,0.73,28.8,1030.4,0.0,-999.0,39,39.8,1.33
2026-01-12 00:57:09.519020,0.73,28.7,1030.5,0.0,-999.0,39,39.8,1.331
2026-01-12 00:57:11.480044,0.73,28.7,1030.5,0.0,-999.0,40,39.8,1.33
2026-01-12 00:57:13.460425,0.73,28.7,1030.4,0.0,-999.0,39,39.5,1.319
2026-01-12 00:57:15.459801,0.73,28.7,1030.4,0.0,-999.0,39,39.9,1.333
2026-01-12 00:57:17.467896,0.73,28.7,1030.5,0.0,-999.0,40,39.5,1.321
2026-01-12 00:57:19.451758,0.73,28.7,1030.4,0.0,-999.0,40,39.2,1.31
2026-01-12 00:57:21.466577,0.73,28.7,1030.4,0.0,-999.0,39,39.7,1.328
2026-01-12 00:57:23.474939,0.73,28.7,1030.4,0.0,-999.0,39,40.1,1.339
2026-01-12 00:57:25.475854,0.73,28.7,1030.4,0.0,-999.0,40,39.8,1.329
2026-01-12 00:57:27.458801,0.73,28.8,1030.4,0.0,-999.0,39,40.4,1.348
2026-01-12 00:57:29.456812,0.73,28.7,1030.5,0.0,-999.0,39,41.7,1.388
2026-01-12 00:57:31.458142,0.73,28.7,1030.5,0.0,-999.0,39,39.9,1.333
2026-01-12 00:57:33.459044,0.73,28.8,1030.5,0.0,-999.0,39,39.8,1.329
2026-01-12 00:57:35.468335,0.73,28.7,1030.1,0.0,-999.0,39,39.1,1.309
2026-01-12 00:57:37.466099,0.74,28.7,1030.3,0.0,-999.0,40,40.2,1.343
2026-01-12 00:57:39.473084,0.73,28.8,1030.3,0.0,-999.0,40,39.7,1.328
2026-01-12 00:57:41.450026,0.73,28.8,1030.4,0.0,-999.0,40,40.0,1.336
2026-01-12 00:57:43.465873,0.74,28.8,1030.4,0.0,-999.0,39,39.8,1.33
2026-01-12 00:57:45.520031,0.73,28.8,1030.5,0.0,-999.0,40,40.1,1.341
2026-01-12 00:57:47.454746,0.73,28.8,1030.4,0.0,-999.0,40,40.0,1.337
2026-01-12 00:57:49.474235,0.74,28.8,1030.7,0.0,-999.0,39,40.1,1.339
2026-01-12 00:57:51.460563,0.74,28.8,1030.7,0.0,-999.0,40,39.8,1.331
2026-01-12 00:57:53.477713,0.73,28.7,1030.5,0.0,-999.0,39,39.9,1.333
2026-01-12 00:57:55.457915,0.74,28.8,1030.5,0.0,-999.0,39,40.3,1.347
2026-01-12 00:57:57.449768,0.74,28.8,1030.5,0.0,-999.0,40,40.0,1.335
2026-01-12 00:57:59.455290,0.73,28.8,1030.5,0.0,-999.0,40,40.8,1.36
2026-01-12 00:58:01.461533,0.74,28.8,1030.4,0.0,-999.0,40,39.6,1.323
2026-01-12 00:58:03.463266,0.74,28.8,1030.4,0.0,-999.0,39,40.3,1.346
2026-01-12 00:58:05.466805,0.74,28.8,1030.3,0.0,-999.0,39,39.9,1.333
2026-01-12 00:58:07.456517,0.74,28.8,1030.4,0.0,-999.0,30,28.9,0.989
2026-01-12 00:58:09.469921,0.73,28.8,1030.4,0.0,-999.0,9,9.1,0.366
2026-01-12 00:58:11.465515,0.53,28.8,1030.3,0.0,-999.0,0,0.3,0.089
2026-01-12 00:58:13.456292,0.22,28.7,1030.4,0.0,-999.0,0,0.0,0.077
2026-01-12 00:58:15.462906,0.07,28.7,1030.1,0.0,-999.0,0,0.0,0.071
2026-01-12 00:58:17.511494,0.0,28.8,1030.3,0.0,-999.0,0,0.2,0.088
2026-01-12 00:58:19.462866,0.0,28.8,1030.3,0.0,-999.0,0,0.0,0.078
2026-01-12 00:58:21.474274,0.0,28.8,1030.1,0.0,-999.0,0,0.0,0.081
2026-01-12 00:58:23.454023,0.0,28.8,1030.5,0.0,-999.0,0,0.7,0.103
2026-01-12 00:58:25.457780,0.0,28.8,1030.4,0.0,-999.0,0,0.0,0.07
2026-01-12 00:58:27.477573,0.0,28.8,1030.4,0.0,-999.0,0,0.0,0.078
2026-01-12 00:58:29.453515,0.0,28.8,1030.3,0.0,-999.0,0,0.4,0.093
2026-01-12 00:58:31.480886,0.0,28.8,1030.3,0.0,-999.0,0,0.1,0.082
2026-01-12 00:58:33.467011,0.0,28.8,1030.5,0.0,-999.0,0,0.0,0.074
2026-01-12 00:58:35.590215,0.0,28.8,1030.7,0.0,-999.0,0,0.1,0.082
2026-01-12 00:58:37.466808,0.0,28.8,1030.3,0.0,-999.0,0,0.2,0.086
2026-01-12 00:58:39.491740,0.0,28.8,1030.3,0.0,-999.0,0,0.2,0.088
2026-01-12 00:58:41.469480,0.0,28.8,1030.4,0.0,-999.0,0,0.0,0.079
2026-01-12 00:58:43.461513,0.0,28.8,1030.5,0.0,-999.0,0,0.0,0.079
2026-01-12 00:58:45.475588,0.0,28.8,1030.5,0.0,-999.0,0,0.2,0.086
2026-01-12 00:58:47.458219,0.0,28.8,1030.4,0.0,-999.0,0,0.0,0.076
2026-01-12 00:58:49.470805,0.0,28.8,1030.3,0.0,-999.0,0,0.2,0.086
2026-01-12 00:58:51.459972,0.0,28.8,1030.3,0.0,-999.0,0,0.0,0.064
2026-01-12 00:58:53.480437,0.0,28.8,1030.3,0.0,-999.0,0,0.0,0.081
2026-01-12 00:58:55.465137,0.0,28.8,1030.5,0.0,-999.0,0,0.0,0.08
2026-01-12 00:58:57.522479,0.0,28.8,1030.5,0.0,-999.0,0,0.0,0.079
2026-01-12 00:58:59.469381,0.0,28.8,1030.5,0.0,-999.0,0,0.0,0.08
2026-01-12 00:59:01.467315,0.0,28.7,1030.4,0.0,-999.0,0,0.0,0.077
2026-01-12 00:59:03.514104,0.0,28.8,1030.3,0.0,-999.0,8,8.4,0.345
2026-01-12 00:59:05.463519,0.0,28.8,1030.3,0.0,-999.0,29,29.5,1.008
2026-01-12 00:59:07.462821,0.03,28.8,1030.4,0.0,-999.0,53,53.2,1.751
2026-01-12 00:59:09.473600,0.31,28.8,1030.3,0.0,-999.0,74,74.7,2.425
2026-01-12 00:59:11.467850,0.91,28.8,1030.5,0.0,-999.0,100,100.0,3.284
2026-01-12 00:59:13.486901,1.87,28.8,1030.0,0.0,-999.0,100,100.0,3.286
2026-01-12 00:59:15.460541,2.19,28.8,1030.5,0.0,-999.0,100,100.0,3.284
2026-01-12 00:59:17.483427,2.14,28.8,1030.4,0.0,-999.0,100,100.0,3.277
2026-01-12 00:59:19.455630,2.13,28.8,1030.1,0.0,-999.0,100,100.0,3.28
2026-01-12 00:59:21.503338,2.13,28.8,1030.1,0.0,-999.0,100,100.0,3.285
2026-01-12 00:59:23.464773,2.12,28.8,1030.5,0.0,-999.0,98,100.0,3.26
2026-01-12 00:59:25.471069,2.11,28.8,1030.5,0.0,-999.0,100,100.0,3.282
2026-01-12 00:59:27.500287,2.11,28.8,1030.3,0.0,-999.0,100,100.0,3.298
2026-01-12 00:59:29.468568,2.11,28.8,1030.5,0.0,-999.0,100,100.0,3.28
2026-01-12 00:59:31.461304,2.1,28.8,1030.5,0.0,-999.0,100,100.0,3.281
2026-01-12 00:59:33.461952,2.1,28.8,1030.1,0.0,-999.0,100,100.0,3.269
2026-01-12 00:59:35.448318,2.1,28.8,1030.5,0.0,-999.0,100,96.5,3.111
2026-01-12 00:59:37.475982,2.09,28.8,1030.1,0.0,-999.0,100,100.0,3.221
2026-01-12 00:59:39.461855,2.08,28.8,1030.4,0.0,-999.0,100,100.0,3.277
2026-01-12 00:59:41.482218,2.08,28.8,1030.5,0.0,-999.0,100,100.0,3.293
2026-01-12 00:59:43.447728,2.08,28.8,1030.4,0.0,-999.0,100,100.0,3.282
2026-01-12 00:59:45.463030,2.08,28.8,1030.4,0.0,-999.0,100,100.0,3.295
2026-01-12 00:59:47.446622,2.07,28.8,1030.5,0.0,-999.0,100,100.0,3.221
2026-01-12 00:59:49.461296,2.05,28.8,1028.0,0.0,-999.0,100,100.0,3.277
2026-01-12 00:59:51.482974,2.05,28.8,1028.1,0.0,-999.0,100,100.0,3.256
2026-01-12 00:59:53.462224,2.04,28.8,1027.9,0.0,-999.0,100,100.0,3.281
2026-01-12 00:59:55.462763,2.04,28.8,1028.1,0.0,-999.0,100,100.0,3.289
2026-01-12 00:59:57.465855,2.04,28.8,1027.9,0.0,-999.0,100,100.0,3.283
2026-01-12 00:59:59.464087,2.04,28.8,1028.1,0.0,-999.0,100,100.0,3.285
2026-01-12 01:00:01.464479,2.03,28.8,1028.1,0.0,-999.0,100,100.0,3.276
2026-01-12 01:00:03.462442,2.03,28.8,1028.0,0.0,-999.0,100,100.0,3.281
2026-01-12 01:00:05.478420,2.03,28.8,1028.1,0.0,-999.0,100,100.0,3.296
2026-01-12 01:00:07.460503,2.03,28.8,1028.0,0.0,-999.0,100,100.0,3.292
2026-01-12 01:00:09.495872,2.03,28.8,1028.0,0.0,-999.0,100,100.0,3.289
2026-01-12 01:00:11.464218,2.03,28.8,1027.7,0.0,-999.0,100,100.0,3.277
2026-01-12 01:00:13.458431,2.02,28.8,1028.0,0.0,-999.0,100,100.0,3.281
2026-01-12 01:00:15.456518,2.02,28.8,1027.9,0.0,-999.0,100,100.0,3.287
2026-01-12 01:00:17.457740,2.02,28.8,1027.9,0.0,-999.0,100,100.0,3.277
2026-01-12 01:00:19.476751,2.02,28.8,1028.0,0.0,-999.0,100,100.0,3.284
2026-01-12 01:00:21.449003,2.02,28.8,1028.0,0.0,-999.0,100,100.0,3.277
2026-01-12 01:00:23.466228,2.02,28.8,1027.9,0.0,-999.0,100,100.0,3.284
2026-01-12 01:00:25.460693,2.02,28.8,1027.9,0.0,-999.0,100,100.0,3.284
2026-01-12 01:00:27.460929,2.01,28.8,1028.0,0.0,-999.0,100,100.0,3.29
2026-01-12 01:00:29.458389,2.01,28.8,1028.0,0.0,-999.0,100,100.0,3.287
2026-01-12 01:00:31.450288,2.01,28.8,1028.0,0.0,-999.0,100,100.0,3.274
2026-01-12 01:00:33.475743,2.01,28.8,1028.0,0.0,-999.0,100,100.0,3.277
2026-01-12 01:00:35.483864,2.01,28.8,1027.9,0.0,14.8,100,100.0,3.279
2026-01-12 01:00:37.464294,2.01,28.8,1028.1,0.0,-999.0,100,100.0,3.278
2026-01-12 01:00:39.473325,2.01,28.8,1028.0,0.0,-999.0,100,100.0,3.255
2026-01-12 01:00:41.465734,2.0,28.8,1027.9,0.0,-999.0,100,100.0,3.273
2026-01-12 01:00:43.460812,2.0,28.8,1028.1,0.0,-999.0,100,100.0,3.281
2026-01-12 01:00:45.465650,2.0,28.8,1027.9,0.0,-999.0,100,100.0,3.297
2026-01-12 01:00:47.482228,2.0,28.8,1028.0,0.0,-999.0,100,100.0,3.292
2026-01-12 01:00:49.473461,2.0,28.8,1028.0,0.0,-999.0,100,100.0,3.288
2026-01-12 01:00:51.464061,2.0,28.8,1028.1,0.0,-999.0,100,100.0,3.286
2026-01-12 01:00:53.463546,2.0,28.8,1027.9,0.0,-999.0,100,100.0,3.298
2026-01-12 01:00:55.484342,2.0,28.8,1028.0,0.0,-999.0,100,100.0,3.269
2026-01-12 01:00:57.463960,2.0,28.8,1028.0,0.0,-999.0,100,100.0,3.285
2026-01-12 01:00:59.462177,1.99,28.8,1028.1,0.0,-999.0,100,100.0,3.275
2026-01-12 01:01:01.482057,1.99,28.8,1028.0,0.0,-999.0,100,100.0,3.261
2026-01-12 01:01:03.461800,1.99,28.8,1028.0,0.0,-999.0,100,100.0,3.277
2026-01-12 01:01:05.478657,1.99,28.8,1028.0,0.0,-999.0,100,100.0,3.265
2026-01-12 01:01:07.466619,1.99,28.8,1027.9,0.0,-999.0,100,100.0,3.276
2026-01-12 01:01:09.469655,1.99,28.8,1028.0,0.0,-999.0,100,100.0,3.239
2026-01-12 01:01:11.472403,1.99,28.8,1028.1,0.0,-999.0,100,100.0,3.257
2026-01-12 01:01:13.464623,1.99,28.8,1028.0,0.0,-999.0,100,100.0,3.278
2026-01-12 01:01:15.482327,1.99,28.8,1027.9,0.0,-999.0,100,100.0,3.266
2026-01-12 01:01:17.467873,1.98,28.8,1028.0,0.0,-999.0,100,100.0,3.269
2026-01-12 01:01:19.452934,1.98,28.8,1027.9,0.0,-999.0,100,100.0,3.291
2026-01-12 01:01:21.471899,1.98,28.8,1027.7,0.0,-999.0,100,100.0,3.277
2026-01-12 01:01:23.472087,1.98,28.8,1028.0,0.0,14.8,100,100.0,3.296
2026-01-12 01:01:25.467733,1.98,28.8,1028.1,0.0,14.8,100,100.0,3.29
2026-01-12 01:01:27.464011,1.98,28.8,1028.3,0.0,14.8,100,100.0,3.272
2026-01-12 01:01:29.610746,1.98,28.8,1028.0,0.0,14.8,100,100.0,3.285
2026-01-12 01:01:31.465819,1.98,28.8,1028.0,0.0,14.8,100,100.0,3.289
2026-01-12 01:01:33.467817,1.98,28.8,1028.4,0.0,14.8,100,100.0,3.285
2026-01-12 01:01:35.464544,1.98,28.8,1027.9,0.0,14.9,100,100.0,3.269
2026-01-12 01:01:37.468087,1.97,28.8,1028.0,0.0,-999.0,100,100.0,3.29
2026-01-12 01:01:39.471526,1.97,28.8,1027.9,0.0,14.8,100,100.0,3.289
2026-01-12 01:01:41.463347,1.97,28.8,1027.7,0.0,14.8,100,100.0,3.285
2026-01-12 01:01:43.469797,1.97,28.8,1027.9,0.0,14.8,100,100.0,3.281
2026-01-12 01:01:45.493015,1.97,28.8,1027.7,0.0,14.8,100,100.0,3.28
2026-01-12 01:01:47.460303,1.97,28.8,1027.7,0.0,14.8,100,100.0,3.288
2026-01-12 01:01:49.466055,1.97,28.8,1028.0,0.0,14.8,100,100.0,3.262
2026-01-12 01:01:51.467694,1.97,28.8,1028.0,0.0,-999.0,100,100.0,3.281
2026-01-12 01:01:53.489869,1.97,28.8,1027.7,0.0,14.8,100,100.0,3.29
2026-01-12 01:01:55.469839,1.97,28.8,1027.9,0.0,-999.0,100,100.0,3.281
2026-01-12 01:01:57.485001,1.97,28.8,1027.6,0.0,-999.0,100,100.0,3.283
2026-01-12 01:01:59.466149,1.96,28.8,1028.1,0.0,-999.0,100,100.0,3.281
2026-01-12 01:02:01.453497,1.96,28.8,1028.0,0.0,-999.0,99,100.0,3.269
2026-01-12 01:02:03.465832,1.96,28.8,1028.0,0.0,-999.0,100,100.0,3.3
2026-01-12 01:02:05.464682,1.96,28.8,1027.9,0.0,-999.0,100,100.0,3.283
2026-01-12 01:02:07.473067,1.96,28.8,1027.7,0.0,15.0,100,100.0,3.284
2026-01-12 01:02:09.474727,1.96,28.8,1028.1,0.0,-999.0,100,100.0,3.282
2026-01-12 01:02:11.464935,1.96,28.8,1027.9,0.0,15.1,100,100.0,3.278
2026-01-12 01:02:13.472825,1.96,28.8,1028.0,0.0,14.9,74,74.4,2.418
2026-01-12 01:02:15.477459,1.96,28.8,1028.0,0.0,15.0,53,52.8,1.738
2026-01-12 01:02:17.476576,1.96,28.8,1028.3,0.0,15.2,39,39.9,1.332
2026-01-12 01:02:19.466654,1.95,28.8,1028.0,0.0,15.4,40,39.7,1.326
2026-01-12 01:02:21.493698,1.95,28.8,1028.1,0.0,-999.0,22,21.9,0.768
2026-01-12 01:02:23.455252,1.95,28.8,1027.7,0.0,-999.0,1,1.3,0.122
2026-01-12 01:02:25.462268,1.95,28.8,1028.1,0.0,15.9,0,0.1,0.083
2026-01-12 01:02:27.455348,1.95,28.8,1028.0,0.0,15.8,0,0.0,0.073
2026-01-12 01:02:29.472767,1.95,28.8,1028.1,0.0,-999.0,0,0.0,0.081
2026-01-12 01:02:31.491116,1.95,28.8,1028.1,0.0,-999.0,0,0.0,0.075
2026-01-12 01:02:33.469757,1.95,28.8,1028.0,0.0,15.9,0,0.2,0.087
2026-01-12 01:02:35.504430,1.95,28.8,1028.1,0.0,15.9,0,0.0,0.081
2026-01-12 01:02:37.469726,1.95,28.8,1028.1,0.0,15.8,0,0.0,0.07
2026-01-12 01:02:39.459332,1.95,28.8,1028.0,0.0,-999.0,0,0.0,0.075
2026-01-12 01:02:41.472402,1.95,28.8,1027.9,0.0,15.8,0,0.0,0.078
2026-01-12 01:02:43.477042,1.94,28.8,1027.9,0.0,15.9,0,0.0,0.077
2026-01-12 01:02:45.486425,1.94,28.8,1028.0,0.0,15.8,0,0.1,0.082
2026-01-12 01:02:47.483292,1.94,28.8,1027.9,0.0,15.9,0,0.0,0.079
2026-01-12 01:02:49.499608,1.94,28.8,1027.9,0.0,15.8,0,0.1,0.085
2026-01-12 01:02:51.476533,1.94,28.8,1028.0,0.0,15.9,0,0.0,0.06
2026-01-12 01:04:06.679883,1.92,28.8,1028.0,0.0,15.8,0,0.0,0.081
2026-01-12 01:04:06.679883,1.92,28.8,1027.9,0.0,15.8,0,0.0,0.076
2026-01-12 01:04:06.679883,1.92,28.8,1028.0,0.0,15.8,0,0.1,0.083
2026-01-12 01:04:06.679883,1.92,28.8,1027.9,0.0,15.7,0,0.2,0.086
2026-01-12 01:04:06.679883,1.91,28.8,1027.7,0.0,15.8,0,0.0,0.079
2026-01-12 01:04:06.679883,1.91,28.8,1027.7,0.0,15.8,0,0.0,0.081
2026-01-12 01:04:06.679883,1.91,28.8,1027.9,0.0,15.8,0,0.1,0.084
2026-01-12 01:04:07.472085,1.91,28.8,1028.1,0.0,15.8,0,0.0,0.073
2026-01-12 01:04:09.498595,1.91,28.8,1027.9,0.0,15.8,0,0.4,0.094
2026-01-12 01:04:11.543887,1.91,28.8,1028.0,0.0,15.8,0,0.0,0.077
2026-01-12 01:04:13.600741,1.91,28.8,1027.9,0.0,15.7,0,0.1,0.083
2026-01-12 01:04:15.597504,1.91,28.8,1028.0,0.0,15.8,0,0.2,0.085
2026-01-12 01:04:17.479451,1.91,28.8,1028.0,0.0,15.5,0,0.0,0.081
2026-01-12 01:04:19.564826,1.91,28.8,1028.0,0.0,15.7,0,0.1,0.083
2026-01-12 01:04:21.596296,1.91,28.8,1027.9,0.0,15.8,0,0.1,0.083
2026-01-12 01:04:23.594683,1.91,28.8,1027.9,0.0,15.6,0,0.0,0.08
2026-01-12 01:04:25.550954,1.91,28.8,1027.9,0.0,15.5,0,0.0,0.08
2026-01-12 01:04:27.504997,1.9,28.8,1028.3,0.0,15.7,0,0.0,0.079
2026-01-12 01:04:29.563631,1.9,28.8,1028.1,0.0,15.5,0,0.0,0.081
2026-01-12 01:04:31.514491,1.9,28.8,1028.1,0.0,15.6,0,0.1,0.083
2026-01-12 01:04:33.476346,1.9,28.8,1028.0,0.0,15.8,0,0.1,0.082
2026-01-12 01:04:35.538802,1.9,28.9,1027.9,0.0,15.5,0,0.2,0.087
2026-01-12 01:04:37.492544,1.9,28.9,1027.9,0.0,15.5,0,0.0,0.08
2026-01-12 01:04:39.475227,1.9,28.9,1027.9,0.0,15.7,0,0.0,0.081
2026-01-12 01:04:41.498480,1.9,28.9,1028.0,0.0,-999.0,0,0.0,0.078
2026-01-12 01:04:43.471067,1.9,28.9,1028.0,0.0,15.7,0,0.1,0.084
2026-01-12 01:04:45.507302,1.9,28.9,1028.0,0.0,-999.0,0,0.0,0.078
2026-01-12 01:04:47.578444,1.9,28.9,1028.0,0.0,15.6,0,0.0,0.076
2026-01-12 01:04:49.472355,1.9,28.9,1028.0,0.0,-999.0,0,0.1,0.084
2026-01-12 01:04:51.594659,1.9,28.9,1028.0,0.0,15.7,0,0.0,0.081
2026-01-12 01:04:53.561107,1.9,28.9,1027.9,0.0,-999.0,0,0.0,0.078
2026-01-12 01:04:55.479793,1.9,28.9,1028.0,0.0,15.7,0,0.0,0.08
2026-01-12 01:04:57.576345,1.9,28.9,1028.0,0.0,-999.0,0,0.2,0.086
2026-01-12 01:04:59.530353,1.9,28.9,1027.7,0.0,15.5,0,0.0,0.081
2026-01-12 01:05:01.488935,1.89,28.9,1028.0,0.0,-999.0,0,0.0,0.081
2026-01-12 01:05:03.547818,1.89,28.9,1027.9,0.0,15.7,0,0.0,0.08
2026-01-12 01:05:05.608037,1.89,28.9,1027.9,0.0,-999.0,0,0.0,0.081
2026-01-12 01:05:07.472785,1.89,28.9,1028.1,0.0,15.6,0,0.0,0.078
2026-01-12 01:05:09.474729,1.89,28.9,1027.9,0.0,-999.0,0,0.0,0.077
2026-01-12 01:05:11.477417,1.89,29.0,1028.3,0.0,15.6,0,0.1,0.082
2026-01-12 01:05:13.474196,1.89,29.0,1028.0,0.0,-999.0,0,0.0,0.078
2026-01-12 01:05:15.484853,1.89,29.0,1028.0,0.0,15.7,0,0.2,0.086
2026-01-12 01:05:17.474846,1.89,29.0,1027.9,0.0,-999.0,0,0.3,0.089
2026-01-12 01:05:19.517322,1.89,29.0,1028.0,0.0,15.6,0,0.0,0.079
2026-01-12 01:05:21.482880,1.89,29.0,1028.0,0.0,-999.0,0,0.1,0.083
2026-01-12 01:05:25.722714,1.89,29.0,1028.1,0.0,15.6,0,0.0,0.073
2026-01-12 01:05:26.871716,1.89,29.1,1028.1,0.0,-999.0,0,0.0,0.076
2026-01-12 01:05:27.484094,1.89,29.0,1028.3,0.0,15.6,0,0.0,0.081
2026-01-12 01:05:29.501998,1.89,29.0,1028.1,0.0,-999.0,0,0.2,0.086
2026-01-12 01:05:31.477437,1.88,29.0,1028.0,0.0,15.7,0,0.0,0.081
2026-01-12 01:05:33.483492,1.88,29.0,1028.1,0.0,-999.0,0,0.1,0.082
2026-01-12 01:05:35.559526,1.88,29.1,1028.0,0.0,15.6,0,0.0,0.08
2026-01-12 01:05:37.484587,1.88,29.1,1028.1,0.0,-999.0,0,0.1,0.084
2026-01-12 01:05:39.483884,1.88,29.1,1028.1,0.0,15.6,0,0.1,0.085
2026-01-12 01:05:41.522691,1.88,29.1,1028.3,0.0,15.7,0,0.0,0.079
2026-01-12 01:05:43.500238,1.88,29.1,1027.9,0.0,15.6,0,0.1,0.082
2026-01-12 01:05:45.493318,1.88,29.1,1028.0,0.0,15.6,0,0.2,0.087
2026-01-12 01:05:47.476244,1.88,29.1,1028.0,0.0,-999.0,0,0.2,0.085
2026-01-12 01:05:49.478034,1.88,29.1,1028.0,0.0,15.6,0,0.1,0.082
2026-01-12 01:05:51.471875,1.88,29.1,1028.1,0.0,-999.0,0,0.1,0.082
2026-01-12 01:05:53.476199,1.88,29.1,1028.1,0.0,15.6,0,0.0,0.08
2026-01-12 01:05:55.487856,1.88,29.1,1028.3,0.0,-999.0,0,0.0,0.078
2026-01-12 01:05:57.480577,1.88,29.1,1028.3,0.0,15.7,0,0.0,0.07
2026-01-12 01:05:59.472694,1.88,29.1,1028.3,0.0,-999.0,0,0.0,0.081
2026-01-12 01:06:01.474682,1.88,29.2,1028.1,0.0,15.7,0,0.2,0.086
2026-01-12 01:06:03.474970,1.87,29.2,1028.1,0.0,-999.0,0,0.1,0.085
2026-01-12 01:06:05.479649,1.87,29.2,1028.3,0.0,15.7,0,0.1,0.085
2026-01-12 01:06:07.482127,1.87,29.2,1028.1,0.0,15.6,0,0.1,0.085
2026-01-12 01:06:09.469984,1.87,29.2,1028.3,0.0,15.6,0,0.2,0.085
2026-01-12 01:06:11.496239,1.87,29.2,1028.0,0.0,15.7,0,0.0,0.077
2026-01-12 01:06:13.469152,1.87,29.2,1028.0,0.0,15.6,0,0.1,0.082
2026-01-12 01:06:15.468891,1.87,29.2,1028.0,0.0,15.7,0,0.1,0.082
2026-01-12 01:06:17.580063,1.87,29.2,1028.3,0.0,-999.0,0,0.0,0.081
2026-01-12 01:06:19.473969,1.87,29.2,1028.1,0.0,15.7,0,0.3,0.089
2026-01-12 01:06:21.502834,1.87,29.2,1028.1,0.0,15.7,0,0.1,0.084
2026-01-12 01:06:23.542375,1.87,29.2,1028.1,0.0,-999.0,0,0.0,0.081
2026-01-12 01:06:25.599088,1.87,29.2,1028.1,0.0,15.7,0,0.0,0.08
2026-01-12 01:06:27.560009,1.87,29.2,1028.1,0.0,-999.0,0,0.1,0.084
2026-01-12 01:06:29.517770,1.87,29.2,1028.1,0.0,15.8,0,0.3,0.089
2026-01-12 01:06:31.477495,1.87,29.2,1028.3,0.0,-999.0,0,0.2,0.086
2026-01-12 01:06:33.482749,1.87,29.2,1028.1,0.0,15.8,0,0.1,0.082
2026-01-12 01:06:35.597912,1.86,29.2,1028.1,0.0,-999.0,0,0.0,0.079
2026-01-12 01:06:37.510175,1.86,29.2,1028.0,0.0,15.8,5,5.9,0.267
2026-01-12 01:06:39.603838,1.86,29.2,1028.1,0.0,-999.0,6,6.0,0.269
2026-01-12 01:06:41.529316,1.86,29.2,1028.0,0.0,15.8,6,6.4,0.281
2026-01-12 01:06:43.476284,1.86,29.2,1028.0,0.0,-999.0,6,6.3,0.28
2026-01-12 01:06:45.549127,1.86,29.2,1028.1,0.0,15.8,6,6.1,0.272
2026-01-12 01:06:47.481934,1.86,29.2,1028.1,0.0,15.8,0,0.0,0.078
2026-01-12 01:06:49.488979,1.86,29.2,1028.0,0.0,15.7,0,0.2,0.086
2026-01-12 01:06:51.547538,1.86,29.2,1028.0,0.0,15.8,0,0.2,0.087
2026-01-12 01:06:53.497019,1.86,29.2,1028.1,0.0,15.7,0,0.2,0.085
2026-01-12 01:06:55.570526,1.86,29.2,1028.0,0.0,15.8,0,0.1,0.084
2026-01-12 01:06:57.491414,1.86,29.2,1028.0,0.0,15.8,0,0.0,0.073
2026-01-12 01:07:27.584114,1.85,29.2,1028.1,0.0,15.8,0,0.1,0.083
2026-01-12 01:07:29.576585,1.85,29.2,1028.1,0.0,-999.0,0,0.1,0.084
2026-01-12 01:07:31.496298,1.85,29.2,1028.3,0.0,15.8,0,0.1,0.084
2026-01-12 01:07:34.143657,1.85,29.2,1028.4,0.0,-999.0,0,0.0,0.081
2026-01-12 01:07:35.480146,1.85,29.2,1028.1,0.0,15.8,0,0.2,0.085
2026-01-12 01:07:37.479134,1.85,29.2,1028.1,0.0,15.8,0,0.0,0.079
2026-01-12 01:07:39.484510,1.85,29.2,1028.1,0.0,15.8,0,0.1,0.082
2026-01-12 01:07:41.485835,1.84,29.2,1028.4,0.0,15.8,0,0.1,0.082
2026-01-12 01:07:43.488986,1.84,29.2,1028.0,0.0,15.8,0,0.0,0.079
2026-01-12 01:07:45.493309,1.84,29.2,1028.0,0.0,15.8,0,0.0,0.08
2026-01-12 01:07:47.473457,1.84,29.2,1028.1,0.0,15.8,0,0.0,0.081
2026-01-12 01:07:49.481542,1.84,29.2,1028.0,0.0,15.8,0,0.1,0.084
2026-01-12 01:07:51.489079,1.84,29.2,1028.0,0.0,-999.0,0,0.1,0.084
2026-01-12 01:07:53.493965,1.84,29.2,1028.3,0.0,15.7,0,0.0,0.08
2026-01-12 01:07:55.481286,1.84,29.2,1028.0,0.0,-999.0,0,0.1,0.084
2026-01-12 01:07:57.606142,1.84,29.2,1028.0,0.0,-999.0,0,0.1,0.085
2026-01-12 01:07:59.588447,1.84,29.2,1028.0,0.0,16.0,0,0.3,0.089
2026-01-12 01:08:01.640458,1.84,29.2,1028.0,0.0,-999.0,0,0.0,0.061
2026-01-12 01:08:03.592874,1.84,29.2,1028.3,0.0,15.7,0,0.0,0.081
2026-01-12 01:08:05.594492,1.84,29.2,1028.1,0.0,15.9,0,0.1,0.083
2026-01-12 01:08:07.627590,1.84,29.2,1028.0,0.0,15.7,0,0.1,0.084
2026-01-12 01:08:09.591053,1.84,29.2,1028.1,0.0,15.8,0,0.3,0.089
2026-01-12 01:08:11.546271,1.84,29.2,1028.1,0.0,15.8,0,0.2,0.086
2026-01-12 01:08:13.482105,1.84,29.2,1028.1,0.0,15.8,0,0.3,0.089
2026-01-12 01:08:15.554885,1.84,29.2,1028.0,0.0,15.7,0,0.0,0.078
2026-01-12 01:08:17.514393,1.83,29.2,1028.3,0.0,15.8,0,0.0,0.08
2026-01-12 01:08:19.581305,1.83,29.2,1028.1,0.0,-999.0,0,0.0,0.081
2026-01-12 01:08:21.539433,1.83,29.2,1028.0,0.0,15.7,0,0.1,0.084
2026-01-12 01:08:23.604120,1.83,29.2,1028.1,0.0,-999.0,0,0.1,0.082
2026-01-12 01:08:25.479594,1.83,29.2,1027.9,0.0,-999.0,0,0.2,0.088
2026-01-12 01:08:27.517173,1.83,29.2,1028.3,0.0,15.8,0,0.0,0.081
2026-01-12 01:08:29.496975,1.83,29.2,1028.1,0.0,15.7,0,0.4,0.093
2026-01-12 01:08:31.473315,1.83,29.2,1028.1,0.0,15.5,0,0.1,0.083
2026-01-12 01:08:33.578765,1.83,29.2,1028.3,0.0,15.7,0,0.0,0.072
2026-01-12 01:08:35.531078,1.83,29.2,1028.1,0.0,15.8,0,0.1,0.082
2026-01-12 01:08:37.511235,1.83,29.2,1028.0,0.0,-999.0,0,0.0,0.08
2026-01-12 01:08:39.547872,1.83,29.2,1028.1,0.0,15.8,0,0.1,0.082
2026-01-12 01:08:41.476527,1.83,29.2,1028.1,0.0,-999.0,0,0.0,0.079
2026-01-12 01:08:43.577856,1.83,29.2,1028.1,0.0,15.8,0,0.0,0.081
2026-01-12 01:08:45.633849,1.83,29.2,1028.0,0.0,-999.0,0,0.0,0.078
2026-01-12 01:08:47.581900,1.83,29.2,1028.1,0.0,-999.0,0,0.3,0.089
2026-01-12 01:08:49.538709,1.83,29.2,1028.1,0.0,-999.0,0,0.2,0.085
2026-01-12 01:08:51.600733,1.82,29.2,1028.0,0.0,-999.0,0,0.2,0.086
2026-01-12 01:08:53.478909,1.82,29.2,1028.1,0.0,15.8,0,0.0,0.081
2026-01-12 01:08:55.507566,1.82,29.2,1028.1,0.0,-999.0,0,0.7,0.102
2026-01-12 01:08:57.578134,1.82,29.2,1028.0,0.0,15.8,0,0.2,0.085
2026-01-12 01:08:59.483557,1.82,29.2,1028.0,0.0,-999.0,0,0.7,0.104
2026-01-12 01:09:01.487903,1.82,29.2,1028.3,0.0,15.8,0,0.0,0.081
2026-01-12 01:09:03.541631,1.82,29.2,1028.0,0.0,-999.0,0,0.0,0.081
2026-01-12 01:09:05.612815,1.82,29.2,1028.1,0.0,15.8,0,0.0,0.08
2026-01-12 01:09:07.562198,1.82,29.2,1028.1,0.0,15.8,0,0.0,0.075
2026-01-12 01:09:09.511540,1.82,29.2,1028.0,0.0,15.8,0,0.1,0.085
2026-01-12 01:09:11.575100,1.82,29.2,1028.1,0.0,15.8,0,0.1,0.082
2026-01-12 01:09:13.480013,1.82,29.2,1028.1,0.0,15.7,0,0.0,0.077
2026-01-12 01:09:15.483758,1.82,29.2,1028.3,0.0,15.8,0,0.1,0.082
2026-01-12 01:09:17.545052,1.82,29.2,1028.0,0.0,15.8,0,0.0,0.075
2026-01-12 01:09:19.602642,1.82,29.2,1028.1,0.0,15.8,0,0.1,0.082
2026-01-12 01:09:21.483324,1.82,29.2,1028.3,0.0,15.8,0,0.0,0.08
2026-01-12 01:09:23.512015,1.82,29.2,1028.0,0.0,15.9,0,0.0,0.078
2026-01-12 01:09:25.485114,1.82,29.2,1028.1,0.0,-999.0,0,0.1,0.083
2026-01-12 01:09:27.528154,1.82,29.2,1027.9,0.0,-999.0,0,0.0,0.081
2026-01-12 01:09:29.590301,1.81,29.2,1028.0,0.0,15.8,0,0.0,0.078
2026-01-12 01:09:31.482975,1.81,29.2,1028.0,0.0,15.8,0,0.1,0.082
2026-01-12 01:09:33.604775,1.81,29.2,1028.3,0.0,15.8,0,0.0,0.078
2026-01-12 01:09:35.558172,1.81,29.2,1028.0,0.0,-999.0,0,0.1,0.082
2026-01-12 01:09:37.524686,1.81,29.2,1027.9,0.0,-999.0,0,0.0,0.076
2026-01-12 01:09:39.491304,1.81,29.2,1028.4,0.0,-999.0,0,0.1,0.084
2026-01-12 01:09:41.545532,1.81,29.2,1028.1,0.0,-999.0,0,0.0,0.081
2026-01-12 01:09:43.481728,1.81,29.2,1028.0,0.0,-999.0,0,0.1,0.084
2026-01-12 01:09:45.538215,1.81,29.2,1028.1,0.0,-999.0,0,0.1,0.085
2026-01-12 01:09:47.619760,1.81,29.2,1028.4,0.0,-999.0,0,0.0,0.075
2026-01-12 01:09:49.477180,1.81,29.2,1028.1,0.0,-999.0,0,0.0,0.079
2026-01-12 01:09:51.476181,1.81,29.2,1028.0,0.0,15.8,0,0.5,0.096
2026-01-12 01:09:53.588505,1.81,29.2,1028.3,0.0,-999.0,0,0.2,0.085
2026-01-12 01:09:55.537722,1.81,29.2,1028.3,0.0,-999.0,0,0.0,0.077
2026-01-12 01:09:57.485005,1.81,29.2,1028.1,0.0,15.8,0,0.1,0.084
2026-01-12 01:09:59.546121,1.81,29.2,1028.3,0.0,15.8,0,0.2,0.086
2026-01-12 01:10:01.600340,1.81,29.2,1028.0,0.0,-999.0,0,0.0,0.081
2026-01-12 01:10:03.571573,1.8,29.2,1028.1,0.0,-999.0,0,0.0,0.077
2026-01-12 01:10:05.496190,1.8,29.2,1028.0,0.0,-999.0,0,0.0,0.077
2026-01-12 01:10:07.589734,1.8,29.2,1028.0,0.0,15.8,0,0.2,0.087
2026-01-12 01:10:09.529920,1.8,29.2,1028.0,0.0,-999.0,0,0.2,0.087
2026-01-12 01:10:11.608231,1.8,29.2,1028.0,0.0,-999.0,0,0.0,0.081
2026-01-12 01:10:13.492913,1.8,29.2,1028.3,0.0,15.8,0,0.2,0.085
2026-01-12 01:10:15.514597,1.8,29.2,1027.9,0.0,-999.0,0,0.1,0.085
2026-01-12 01:10:17.493817,1.8,29.2,1028.1,0.0,15.8,0,0.3,0.091
2026-01-12 01:10:19.520782,1.8,29.2,1028.0,0.0,-999.0,0,0.1,0.085
2026-01-12 01:10:21.492310,1.8,29.2,1028.0,0.0,-999.0,0,0.0,0.076
2026-01-12 01:10:23.549442,1.8,29.2,1028.1,0.0,-999.0,0,0.1,0.085
2026-01-12 01:10:25.607729,1.8,29.2,1028.0,0.0,-999.0,0,0.0,0.076
2026-01-12 01:10:27.563458,1.8,29.2,1028.0,0.0,-999.0,0,0.0,0.081
2026-01-12 01:10:29.495015,1.8,29.2,1028.1,0.0,15.8,0,0.0,0.079
2026-01-12 01:10:31.570377,1.8,29.2,1028.0,0.0,-999.0,0,0.2,0.085
2026-01-12 01:10:33.486841,1.8,29.2,1028.0,0.0,15.8,0,0.0,0.081
2026-01-12 01:10:35.577413,1.8,29.2,1028.0,0.0,-999.0,0,0.1,0.082
2026-01-12 01:10:37.497966,1.8,29.2,1028.1,0.0,15.8,0,0.2,0.086
2026-01-12 01:10:39.600090,1.8,29.2,1028.0,0.0,-999.0,0,0.1,0.085
2026-01-12 01:10:41.563982,1.79,29.2,1028.1,0.0,-999.0,0,0.1,0.082
2026-01-12 01:10:43.489931,1.79,29.2,1028.1,0.0,-999.0,0,0.0,0.076
2026-01-12 01:10:45.583909,1.79,29.2,1028.0,0.0,-999.0,0,0.1,0.083
2026-01-12 01:10:47.521626,1.79,29.2,1028.0,0.0,15.8,0,0.1,0.083
2026-01-12 01:10:49.590133,1.79,29.2,1028.1,0.0,-999.0,0,0.0,0.068
2026-01-12 01:10:51.551933,1.79,29.2,1027.9,0.0,15.8,0,0.1,0.083
2026-01-12 01:10:53.504495,1.79,29.2,1028.1,0.0,-999.0,0,0.0,0.081
2026-01-12 01:10:55.490227,1.79,29.2,1028.1,0.0,15.8,0,0.0,0.078
2026-01-12 01:10:57.516006,1.79,29.2,1028.1,0.0,-999.0,0,0.1,0.082
2026-01-12 01:10:59.512587,1.79,29.2,1028.1,0.0,15.8,0,0.1,0.084
2026-01-12 01:11:01.531276,1.79,29.2,1028.1,0.0,-999.0,0,0.0,0.081
2026-01-12 01:11:03.595308,1.79,29.2,1028.3,0.0,15.8,0,0.3,0.089
2026-01-12 01:11:05.519585,1.79,29.2,1028.0,0.0,-999.0,0,0.1,0.082
2026-01-12 01:11:07.496937,1.79,29.2,1028.3,0.0,15.8,0,0.1,0.084
2026-01-12 01:11:09.501284,1.79,29.2,1028.0,0.0,-999.0,0,0.0,0.077
2026-01-12 01:11:11.516296,1.79,29.2,1028.0,0.0,15.9,0,0.1,0.082
2026-01-12 01:11:13.498257,1.79,29.2,1028.1,0.0,15.8,0,0.1,0.085
2026-01-12 01:11:15.497884,1.79,29.2,1028.1,0.0,15.8,0,0.0,0.077
2026-01-12 01:11:17.593030,1.79,29.2,1028.0,0.0,-999.0,0,0.1,0.082
2026-01-12 01:11:19.500278,1.78,29.2,1028.1,0.0,-999.0,0,0.1,0.084
2026-01-12 01:11:21.508595,1.78,29.2,1028.4,0.0,-999.0,0,0.0,0.079
2026-01-12 01:11:23.573741,1.78,29.2,1028.0,0.0,-999.0,0,0.0,0.081
2026-01-12 01:11:25.489395,1.78,29.2,1028.0,0.0,-999.0,0,0.1,0.085
2026-01-12 01:11:27.497111,1.78,29.2,1028.1,0.0,-999.0,0,0.0,0.081
2026-01-12 01:11:29.543622,1.78,29.2,1028.1,0.0,-999.0,0,0.0,0.077
2026-01-12 01:11:31.600093,1.78,29.2,1028.1,0.0,-999.0,0,0.1,0.084
2026-01-12 01:11:33.562255,1.78,29.2,1028.3,0.0,-999.0,0,0.1,0.082
2026-01-12 01:11:35.515084,1.78,29.2,1028.0,0.0,-999.0,0,0.1,0.082
2026-01-12 01:11:37.510962,1.78,29.2,1028.1,0.0,15.8,0,0.0,0.078
2026-01-12 01:11:39.630513,1.78,29.2,1028.1,0.0,-999.0,0,0.1,0.082
2026-01-12 01:11:41.500580,1.78,29.2,1028.0,0.0,15.8,0,0.0,0.081
2026-01-12 01:11:43.498545,1.78,29.2,1027.9,0.0,-999.0,0,0.0,0.081
2026-01-12 01:11:45.554691,1.78,29.2,1028.1,0.0,15.8,0,0.2,0.087
2026-01-12 01:11:47.673419,1.78,29.2,1028.1,0.0,-999.0,0,0.2,0.085
2026-01-12 01:11:49.541007,1.78,29.2,1028.1,0.0,15.8,0,0.2,0.087
2026-01-12 01:11:51.576210,1.78,29.2,1027.9,0.0,-999.0,0,0.1,0.083
2026-01-12 01:11:53.495475,1.78,29.2,1028.0,0.0,15.8,0,0.0,0.078
2026-01-12 01:11:55.501663,1.78,29.2,1028.0,0.0,15.7,0,0.2,0.086
2026-01-12 01:11:57.493174,1.78,29.2,1028.0,0.0,15.8,0,0.0,0.079
2026-01-12 01:11:59.497076,1.77,29.2,1027.9,0.0,15.7,0,0.0,0.081
2026-01-12 01:12:01.486026,1.77,29.2,1028.0,0.0,16.0,0,0.2,0.088
2026-01-12 01:12:03.625010,1.77,29.2,1028.1,0.0,15.7,0,0.1,0.082
2026-01-12 01:12:05.588122,1.77,29.2,1028.0,0.0,15.9,0,0.1,0.082
2026-01-12 01:12:07.486823,1.77,29.2,1028.0,0.0,15.8,0,0.0,0.081
2026-01-12 01:12:09.501279,1.77,29.2,1028.1,0.0,15.8,0,0.0,0.079
2026-01-12 01:12:11.515171,1.77,29.2,1028.0,0.0,15.8,0,0.1,0.085
2026-01-12 01:12:13.497557,1.77,29.2,1028.0,0.0,15.8,0,0.3,0.089
2026-01-12 01:12:15.498830,1.77,29.2,1028.0,0.0,15.8,0,0.2,0.086
2026-01-12 01:12:17.622511,1.77,29.2,1028.0,0.0,15.8,0,0.0,0.08
2026-01-12 01:12:19.502018,1.77,29.2,1028.0,0.0,15.8,0,0.1,0.085
2026-01-12 01:12:21.498395,1.77,29.2,1028.0,0.0,15.8,0,0.1,0.083
2026-01-12 01:12:23.487297,1.77,29.2,1028.0,0.0,-999.0,0,0.1,0.085
2026-01-12 01:12:25.494822,1.77,29.2,1028.3,0.0,15.8,0,0.0,0.081
2026-01-12 01:12:27.497218,1.77,29.3,1028.0,0.0,15.8,0,0.2,0.085
2026-01-12 01:12:29.496837,1.77,29.2,1028.3,0.0,15.8,0,0.0,0.078
2026-01-12 01:12:31.501829,1.77,29.2,1028.3,0.0,15.8,0,0.1,0.085
2026-01-12 01:12:33.579150,1.77,29.3,1028.1,0.0,15.8,0,0.2,0.087
2026-01-12 01:12:35.501465,1.77,29.2,1028.1,0.0,15.8,0,0.2,0.086
2026-01-12 01:12:37.496692,1.77,29.3,1028.0,0.0,15.8,0,0.0,0.081
2026-01-12 01:12:39.490167,1.76,29.3,1028.1,0.0,15.8,0,0.0,0.077
2026-01-12 01:12:41.507393,1.76,29.2,1028.1,0.0,15.8,0,0.0,0.07
2026-01-12 01:12:43.501647,1.76,29.3,1028.1,0.0,15.9,0,0.2,0.086
2026-01-12 01:12:45.503966,1.76,29.3,1028.0,0.0,15.7,0,0.1,0.083
2026-01-12 01:12:47.493399,1.76,29.3,1028.0,0.0,15.6,0,0.2,0.086
2026-01-12 01:12:49.534738,1.76,29.3,1028.0,0.0,15.7,0,0.1,0.085
2026-01-12 01:12:51.613243,1.76,29.3,1028.1,0.0,15.8,0,0.0,0.079
2026-01-12 01:12:53.497265,1.76,29.3,1028.0,0.0,15.6,0,0.1,0.084
2026-01-12 01:12:55.615214,1.76,29.3,1028.1,0.0,15.8,0,0.1,0.085
2026-01-12 01:12:57.573990,1.76,29.3,1028.0,0.0,15.8,0,0.0,0.081
2026-01-12 01:12:59.624143,1.76,29.3,1028.1,0.0,15.8,0,0.0,0.076
2026-01-12 01:13:01.501956,1.76,29.3,1028.0,0.0,15.7,0,0.0,0.081
2026-01-12 01:13:03.514806,1.76,29.3,1028.0,0.0,15.8,0,0.0,0.081
2026-01-12 01:13:05.509347,1.76,29.3,1027.7,0.0,15.8,0,0.3,0.09
2026-01-12 01:13:07.569186,1.76,29.3,1028.0,0.0,-999.0,0,0.4,0.094
2026-01-12 01:13:09.609532,1.76,29.3,1028.1,0.0,15.7,0,0.1,0.082
2026-01-12 01:13:11.582004,1.76,29.3,1028.0,0.0,-999.0,0,0.0,0.08
2026-01-12 01:13:13.500754,1.76,29.3,1028.0,0.0,-999.0,0,0.0,0.08
2026-01-12 01:13:15.592885,1.76,29.3,1028.1,0.0,15.6,0,0.1,0.084
2026-01-12 01:13:17.498257,1.76,29.3,1028.3,0.0,15.7,0,0.0,0.08
2026-01-12 01:13:19.591868,1.75,29.3,1028.3,0.0,15.8,0,0.1,0.085
2026-01-12 01:13:21.497853,1.75,29.3,1028.1,0.0,-999.0,0,0.0,0.081
2026-01-12 01:13:23.524453,1.75,29.3,1028.1,0.0,15.7,0,0.1,0.085
2026-01-12 01:13:25.580458,1.75,29.3,1028.1,0.0,-999.0,0,0.2,0.086
2026-01-12 01:13:27.536451,1.75,29.3,1028.3,0.0,15.8,0,0.0,0.081
2026-01-12 01:13:29.508574,1.75,29.4,1028.3,0.0,-999.0,0,0.0,0.078
2026-01-12 01:13:31.553798,1.75,29.3,1028.3,0.0,15.8,0,0.1,0.085
2026-01-12 01:13:33.490281,1.75,29.3,1028.1,0.0,15.8,0,0.0,0.081
2026-01-12 01:13:35.557605,1.75,29.4,1028.1,0.0,15.8,0,0.0,0.077
2026-01-12 01:13:37.507295,1.75,29.3,1028.0,0.0,15.9,0,0.1,0.084
2026-01-12 01:13:39.584730,1.75,29.4,1028.3,0.0,15.6,0,0.1,0.085
2026-01-12 01:13:41.541671,1.75,29.4,1028.1,0.0,15.8,0,0.0,0.068
2026-01-12 01:13:43.499912,1.75,29.4,1028.1,0.0,15.8,0,0.0,0.08
2026-01-12 01:13:45.506968,1.75,29.4,1028.3,0.0,15.8,0,0.4,0.093
2026-01-12 01:13:47.511760,1.75,29.4,1028.0,0.0,15.8,0,0.0,0.08
2026-01-12 01:13:49.503538,1.75,29.4,1028.1,0.0,15.8,0,0.3,0.089
2026-01-12 01:13:51.507479,1.75,29.4,1028.1,0.0,15.8,0,0.3,0.089
2026-01-12 01:13:53.583611,1.75,29.4,1027.9,0.0,15.8,0,0.0,0.077
2026-01-12 01:13:55.541895,1.75,29.4,1027.9,0.0,-999.0,0,0.1,0.082
2026-01-12 01:13:57.602184,1.75,29.4,1027.9,0.0,15.8,0,0.2,0.086
2026-01-12 01:13:59.493277,1.75,29.4,1028.0,0.0,-999.0,0,0.2,0.085
2026-01-12 01:14:01.621111,1.75,29.4,1027.9,0.0,15.7,0,0.0,0.075
2026-01-12 01:14:03.500873,1.74,29.4,1028.3,0.0,-999.0,0,0.1,0.085
2026-01-12 01:14:05.504220,1.74,29.4,1028.1,0.0,15.7,0,0.1,0.084
2026-01-12 01:14:07.589535,1.74,29.5,1028.0,0.0,-999.0,0,0.1,0.082
2026-01-12 01:14:09.534653,1.74,29.5,1028.0,0.0,15.8,0,0.1,0.085
2026-01-12 01:14:11.614541,1.74,29.5,1028.1,0.0,-999.0,0,0.2,0.086
2026-01-12 01:14:13.492964,1.74,29.5,1028.0,0.0,15.8,0,0.0,0.081
2026-01-12 01:14:15.620961,1.74,29.5,1028.0,0.0,-999.0,0,0.0,0.073
2026-01-12 01:14:17.577435,1.74,29.5,1028.0,0.0,15.8,0,0.2,0.086
2026-01-12 01:14:19.655562,1.74,29.5,1028.0,0.0,-999.0,0,0.1,0.082
2026-01-12 01:14:21.504885,1.74,29.5,1027.9,0.0,15.8,0,0.1,0.082
2026-01-12 01:14:23.542083,1.74,29.5,1028.0,0.0,15.8,0,0.1,0.084
2026-01-12 01:14:25.493713,1.74,29.5,1028.0,0.0,15.8,0,0.1,0.085
2026-01-12 01:14:27.550672,1.74,29.5,1028.0,0.0,15.8,0,0.2,0.087
2026-01-12 01:14:29.518441,1.74,29.5,1028.0,0.0,15.8,0,0.0,0.074
2026-01-12 01:14:31.572108,1.74,29.5,1028.0,0.0,15.8,0,0.1,0.082
2026-01-12 01:14:33.534370,1.74,29.5,1028.0,0.0,15.8,0,0.2,0.085
2026-01-12 01:14:35.586500,1.74,29.5,1028.0,0.0,15.8,0,0.1,0.082
2026-01-12 01:14:37.520658,1.74,29.6,1027.9,0.0,15.8,0,0.0,0.08
2026-01-12 01:14:39.503493,1.74,29.6,1028.0,0.0,15.8,0,0.0,0.081
2026-01-12 01:14:41.497081,1.74,29.6,1027.7,0.0,15.8,0,0.3,0.089
2026-01-12 01:14:43.511233,1.74,29.6,1028.0,0.0,15.8,0,0.0,0.08
2026-01-12 01:14:45.511757,1.74,29.6,1027.9,0.0,-999.0,0,0.1,0.083
2026-01-12 01:14:47.500637,1.74,29.6,1028.0,0.0,15.8,0,0.2,0.088
2026-01-12 01:14:49.593353,1.73,29.6,1028.0,0.0,-999.0,0,0.0,0.077
2026-01-12 01:14:51.544538,1.73,29.6,1028.1,0.0,15.8,0,0.2,0.085
2026-01-12 01:14:53.523229,1.73,29.6,1028.0,0.0,-999.0,0,0.1,0.084
2026-01-12 01:14:55.572702,1.73,29.6,1027.9,0.0,15.8,0,0.0,0.081
2026-01-12 01:14:57.629935,1.73,29.6,1028.0,0.0,-999.0,0,0.0,0.081
2026-01-12 01:14:59.498555,1.73,29.6,1027.9,0.0,15.4,0,0.1,0.085
2026-01-12 01:15:01.502560,1.73,29.6,1028.0,0.0,15.6,0,0.1,0.083
2026-01-12 01:15:03.602130,1.73,29.6,1028.1,0.0,15.8,0,0.2,0.085
2026-01-12 01:15:05.547780,1.73,29.6,1028.0,0.0,15.7,0,0.3,0.089
2026-01-12 01:15:07.611927,1.73,29.7,1027.9,0.0,15.8,0,0.2,0.087
2026-01-12 01:15:09.490275,1.73,29.6,1028.0,0.0,-999.0,0,0.2,0.087
2026-01-12 01:15:11.624672,1.73,29.7,1027.9,0.0,-999.0,0,0.1,0.082
2026-01-12 01:15:13.511306,1.73,29.6,1027.9,0.0,15.8,0,0.0,0.078
2026-01-12 01:15:15.508586,1.73,29.7,1028.0,0.0,-999.0,0,0.0,0.078
2026-01-12 01:15:17.593857,1.73,29.7,1028.1,0.0,-999.0,0,0.2,0.088
2026-01-12 01:15:19.508054,1.73,29.7,1028.0,0.0,-999.0,0,0.3,0.089
2026-01-12 01:15:21.618350,1.73,29.7,1028.1,0.0,-999.0,0,0.1,0.084
2026-01-12 01:15:23.521752,1.73,29.7,1028.0,0.0,-999.0,0,0.2,0.086
2026-01-12 01:15:25.510644,1.73,29.7,1027.9,0.0,15.7,0,0.4,0.092
2026-01-12 01:15:27.501466,1.73,29.7,1027.9,0.0,-999.0,0,0.1,0.083
2026-01-12 01:15:29.498746,1.73,29.7,1028.0,0.0,15.7,0,0.1,0.083
2026-01-12 01:15:31.606968,1.73,29.7,1027.7,0.0,-999.0,0,0.0,0.08
2026-01-12 01:15:33.560999,1.73,29.7,1027.7,0.0,15.8,0,0.0,0.077
2026-01-12 01:15:35.515236,1.72,29.7,1028.0,0.0,-999.0,0,0.0,0.075
2026-01-12 01:15:37.568881,1.72,29.7,1027.7,0.0,15.8,0,0.0,0.079
2026-01-12 01:15:39.495465,1.72,29.7,1027.9,0.0,-999.0,0,0.2,0.088
2026-01-12 01:15:41.498400,1.72,29.7,1028.0,0.0,15.8,0,0.3,0.089
2026-01-12 01:15:43.503943,1.72,29.7,1028.0,0.0,-999.0,0,0.2,0.087
2026-01-12 01:15:45.572778,1.72,29.7,1028.0,0.0,15.8,0,0.1,0.084
2026-01-12 01:15:47.542173,1.72,29.7,1028.0,0.0,-999.0,0,0.0,0.076
2026-01-12 01:15:49.620787,1.72,29.7,1027.9,0.0,15.7,0,0.0,0.081
2026-01-12 01:15:51.581445,1.72,29.7,1027.9,0.0,-999.0,0,0.1,0.083
2026-01-12 01:15:53.509017,1.72,29.7,1027.9,0.0,15.8,0,0.2,0.088
2026-01-12 01:15:55.498284,1.72,29.7,1027.9,0.0,-999.0,0,0.0,0.077
2026-01-12 01:15:57.517857,1.72,29.7,1027.9,0.0,15.8,0,0.2,0.085
2026-01-12 01:15:59.518949,1.72,29.7,1027.9,0.0,-999.0,0,0.4,0.094
2026-01-12 01:16:01.556726,1.72,29.7,1028.0,0.0,15.8,0,0.0,0.079
2026-01-12 01:16:03.621823,1.72,29.7,1027.9,0.0,-999.0,0,0.0,0.077
2026-01-12 01:16:05.577224,1.72,29.7,1027.9,0.0,15.8,0,0.0,0.081
2026-01-12 01:16:07.511355,1.72,29.7,1028.0,0.0,-999.0,0,0.3,0.09
2026-01-12 01:16:09.516520,1.72,29.7,1028.0,0.0,15.8,0,0.0,0.078
2026-01-12 01:16:11.501469,1.72,29.7,1027.9,0.0,-999.0,0,0.1,0.082
2026-01-12 01:16:13.503577,1.72,29.7,1027.9,0.0,-999.0,0,0.1,0.083
2026-01-12 01:16:15.506243,1.72,29.7,1027.7,0.0,15.8,0,0.0,0.079
2026-01-12 01:16:17.624408,1.71,29.7,1027.9,0.0,-999.0,0,0.6,0.098
2026-01-12 01:16:19.578065,1.71,29.7,1027.7,0.0,15.8,0,0.1,0.085
2026-01-12 01:16:21.543117,1.71,29.7,1027.7,0.0,-999.0,0,0.0,0.081
2026-01-12 01:16:23.603970,1.71,29.7,1027.9,0.0,15.8,0,0.0,0.081
2026-01-12 01:16:25.554639,1.71,29.7,1028.0,0.0,-999.0,0,0.0,0.079
2026-01-12 01:16:27.615697,1.71,29.7,1028.0,0.0,15.8,0,0.1,0.082
2026-01-12 01:16:29.500194,1.71,29.7,1027.9,0.0,-999.0,0,0.0,0.081
2026-01-12 01:16:31.629423,1.71,29.7,1027.9,0.0,15.8,0,0.0,0.08
2026-01-12 01:16:33.581411,1.71,29.7,1028.0,0.0,-999.0,0,0.1,0.085
2026-01-12 01:16:35.538898,1.71,29.7,1027.9,0.0,15.8,0,0.0,0.081
2026-01-12 01:16:37.497896,1.71,29.7,1028.0,0.0,-999.0,0,0.0,0.081
2026-01-12 01:16:39.554292,1.71,29.7,1027.7,0.0,15.8,0,0.2,0.086
2026-01-12 01:16:41.508949,1.71,29.7,1027.9,0.0,15.8,0,0.4,0.092
2026-01-12 01:16:43.573633,1.71,29.7,1027.9,0.0,15.9,0,0.2,0.087
2026-01-12 01:16:45.508923,1.71,29.7,1028.1,0.0,-999.0,0,0.1,0.084
2026-01-12 01:16:47.587715,1.71,29.7,1027.9,0.0,15.8,0,0.1,0.085
2026-01-12 01:16:49.547897,1.71,29.7,1027.9,0.0,-999.0,0,0.1,0.082
2026-01-12 01:16:51.602232,1.71,29.7,1028.0,0.0,15.8,0,0.1,0.085
2026-01-12 01:16:53.552090,1.71,29.7,1028.0,0.0,-999.0,0,0.0,0.081
2026-01-12 01:16:55.522787,1.71,29.7,1028.0,0.0,-999.0,0,0.0,0.081
2026-01-12 01:16:57.577105,1.71,29.7,1028.0,0.0,15.9,0,0.1,0.083
2026-01-12 01:16:59.507858,1.7,29.7,1028.0,0.0,15.8,0,0.2,0.087
2026-01-12 01:17:01.517360,1.7,29.7,1027.9,0.0,15.8,0,0.0,0.081
2026-01-12 01:17:03.495700,1.7,29.7,1028.0,0.0,15.8,0,0.1,0.084
2026-01-12 01:17:05.595629,1.7,29.7,1028.0,0.0,-999.0,0,0.0,0.08
2026-01-12 01:17:07.566261,1.7,29.7,1027.9,0.0,-999.0,0,0.1,0.085
2026-01-12 01:17:09.523010,1.7,29.7,1028.0,0.0,-999.0,0,0.2,0.086
2026-01-12 01:17:11.568158,1.7,29.7,1027.9,0.0,-999.0,0,0.1,0.082
2026-01-12 01:17:13.534006,1.7,29.7,1027.9,0.0,15.8,0,0.1,0.085
2026-01-12 01:17:15.594876,1.7,29.7,1027.9,0.0,15.8,0,0.4,0.092
2026-01-12 01:17:17.541656,1.7,29.7,1028.1,0.0,15.8,0,0.1,0.082
2026-01-12 01:17:19.611255,1.7,29.7,1027.9,0.0,15.8,0,0.0,0.081
2026-01-12 01:17:21.521981,1.7,29.7,1027.7,0.0,15.8,0,0.0,0.077
2026-01-12 01:17:23.535997,1.7,29.7,1028.0,0.0,-999.0,0,0.1,0.085
2026-01-12 01:17:25.577524,1.7,29.7,1028.1,0.0,15.9,0,0.2,0.088
2026-01-12 01:17:27.637288,1.7,29.7,1028.0,0.0,-999.0,0,0.2,0.085
2026-01-12 01:17:29.502235,1.7,29.7,1028.1,0.0,15.8,0,0.2,0.088
2026-01-12 01:17:31.518586,1.7,29.7,1028.0,0.0,-999.0,0,0.1,0.085
2026-01-12 01:17:33.504746,1.7,29.7,1028.0,0.0,15.8,0,0.1,0.084
2026-01-12 01:17:35.557967,1.7,29.7,1027.9,0.0,-999.0,0,0.2,0.085
2026-01-12 01:17:37.531081,1.7,29.7,1028.0,0.0,15.8,0,0.0,0.077
2026-01-12 01:17:39.574307,1.7,29.7,1027.9,0.0,-999.0,0,0.4,0.094
2026-01-12 01:17:41.514449,1.7,29.7,1027.9,0.0,15.8,0,0.0,0.077
2026-01-12 01:17:43.504167,1.7,29.7,1027.6,0.0,-999.0,0,0.2,0.085
2026-01-12 01:17:45.556908,1.69,29.7,1027.7,0.0,15.8,0,0.0,0.079
2026-01-12 01:17:47.603329,1.69,29.7,1028.0,0.0,-999.0,0,0.0,0.081
2026-01-12 01:17:49.496348,1.69,29.7,1027.7,0.0,-999.0,0,0.0,0.079
2026-01-12 01:17:51.623841,1.69,29.7,1028.0,0.0,-999.0,0,0.1,0.085
2026-01-12 01:17:53.507430,1.69,29.7,1027.9,0.0,-999.0,0,0.0,0.08
2026-01-12 01:17:55.537102,1.69,29.7,1027.9,0.0,-999.0,0,0.2,0.085
2026-01-12 01:17:57.598351,1.69,29.7,1027.9,0.0,15.8,0,0.0,0.081
2026-01-12 01:17:59.502810,1.69,29.7,1028.1,0.0,-999.0,0,0.0,0.08
2026-01-12 01:18:01.618165,1.69,29.7,1028.1,0.0,15.8,0,0.3,0.089
2026-01-12 01:18:03.514748,1.69,29.7,1028.1,0.0,-999.0,0,0.1,0.082
2026-01-12 01:18:05.540890,1.69,29.7,1028.0,0.0,15.9,0,0.0,0.079
2026-01-12 01:18:07.592459,1.69,29.7,1028.1,0.0,-999.0,0,0.0,0.081
2026-01-12 01:18:09.648929,1.69,29.7,1028.1,0.0,15.8,0,0.1,0.084
2026-01-12 01:18:11.598588,1.69,29.7,1028.0,0.0,-999.0,0,0.0,0.079
2026-01-12 01:18:13.506550,1.69,29.7,1028.0,0.0,15.8,0,0.2,0.085
2026-01-12 01:18:15.525257,1.69,29.7,1027.9,0.0,-999.0,0,0.5,0.098
2026-01-12 01:18:17.496359,1.69,29.7,1027.9,0.0,15.8,0,0.3,0.089
2026-01-12 01:18:19.630108,1.69,29.7,1027.9,0.0,-999.0,0,0.0,0.081
2026-01-12 01:18:21.511047,1.69,29.7,1028.1,0.0,15.9,0,0.5,0.097
2026-01-12 01:18:23.534949,1.69,29.7,1027.9,0.0,15.9,0,0.3,0.089
2026-01-12 01:18:25.603795,1.69,29.7,1027.9,0.0,15.9,0,0.0,0.078
2026-01-12 01:18:27.560743,1.68,29.7,1028.1,0.0,-999.0,0,0.2,0.087
2026-01-12 01:18:29.513101,1.68,29.7,1028.1,0.0,15.8,0,0.1,0.082
2026-01-12 01:18:31.577677,1.68,29.7,1028.1,0.0,-999.0,0,0.1,0.082
2026-01-12 01:18:33.510406,1.68,29.7,1028.1,0.0,15.8,0,0.0,0.077
2026-01-12 01:18:35.588059,1.68,29.7,1028.0,0.0,-999.0,0,0.2,0.085
2026-01-12 01:18:37.496687,1.68,29.7,1028.1,0.0,15.8,0,0.1,0.084
2026-01-12 01:18:39.605322,1.68,29.7,1028.1,0.0,-999.0,0,0.0,0.078
2026-01-12 01:18:41.567646,1.68,29.7,1028.1,0.0,16.0,0,0.1,0.083
2026-01-12 01:18:43.621967,1.68,29.7,1027.9,0.0,-999.0,0,0.0,0.081
2026-01-12 01:18:45.582858,1.68,29.7,1027.9,0.0,15.8,0,0.1,0.084
2026-01-12 01:18:47.500221,1.68,29.7,1028.0,0.0,-999.0,0,0.0,0.073
2026-01-12 01:18:49.600181,1.68,29.7,1028.0,0.0,15.6,0,0.1,0.084
2026-01-12 01:18:51.549440,1.68,29.7,1028.0,0.0,15.8,0,0.0,0.079
2026-01-12 01:18:53.607895,1.68,29.7,1028.0,0.0,15.9,0,0.0,0.076
2026-01-12 01:18:55.561356,1.68,29.7,1027.9,0.0,-999.0,0,0.0,0.078
2026-01-12 01:18:57.625536,1.68,29.7,1028.1,0.0,15.8,0,0.1,0.082
2026-01-12 01:18:59.521350,1.68,29.7,1028.0,0.0,-999.0,0,0.0,0.081
2026-01-12 01:19:01.637310,1.68,29.7,1028.0,0.0,15.8,0,0.1,0.084
2026-01-12 01:19:03.516392,1.68,29.7,1027.9,0.0,15.9,0,0.0,0.081
2026-01-12 01:19:05.551527,1.68,29.7,1028.1,0.0,15.8,0,0.1,0.082
2026-01-12 01:19:07.512270,1.68,29.7,1027.9,0.0,15.8,0,0.0,0.081
2026-01-12 01:19:09.676665,1.67,29.7,1028.0,0.0,16.0,0,0.4,0.092
2026-01-12 01:19:11.624868,1.67,29.7,1028.1,0.0,-999.0,0,0.0,0.081
2026-01-12 01:19:13.510934,1.67,29.7,1028.0,0.0,15.8,0,0.0,0.081
2026-01-12 01:19:15.637829,1.67,29.7,1028.0,0.0,15.8,0,0.1,0.085
2026-01-12 01:19:17.560908,1.67,29.7,1028.0,0.0,15.8,0,0.0,0.077
2026-01-12 01:19:19.522315,1.67,29.7,1028.1,0.0,15.9,0,0.2,0.086
2026-01-12 01:19:21.619870,1.67,29.7,1028.0,0.0,-999.0,0,0.1,0.085
2026-01-12 01:19:23.565635,1.67,29.7,1028.1,0.0,15.8,0,0.2,0.087
2026-01-12 01:19:25.634363,1.67,29.7,1028.1,0.0,15.9,0,0.3,0.09
2026-01-12 01:19:27.588645,1.67,29.7,1028.0,0.0,15.8,0,0.0,0.079
2026-01-12 01:19:29.518446,1.67,29.7,1027.9,0.0,15.8,0,0.0,0.08
2026-01-12 01:19:31.523628,1.67,29.7,1027.7,0.0,15.8,0,0.1,0.083
2026-01-12 01:19:33.521839,1.67,29.7,1027.9,0.0,15.6,0,0.0,0.077
2026-01-12 01:19:35.526973,1.67,29.7,1028.0,0.0,15.9,0,0.0,0.077
2026-01-12 01:19:37.509517,1.67,29.7,1028.0,0.0,16.0,0,0.2,0.085
2026-01-12 01:19:39.639487,1.67,29.7,1028.0,0.0,15.8,0,0.2,0.085
2026-01-12 01:19:41.575786,1.67,29.7,1027.7,0.0,15.8,0,0.2,0.087
2026-01-12 01:19:43.754565,1.67,29.7,1028.0,0.0,15.9,0,0.4,0.093
2026-01-12 01:19:45.607208,1.67,29.7,1028.0,0.0,15.8,0,0.0,0.073
2026-01-12 01:19:47.541773,1.67,29.7,1027.9,0.0,15.9,0,0.1,0.085
2026-01-12 01:19:49.503678,1.67,29.7,1027.9,0.0,-999.0,0,0.2,0.087
2026-01-12 01:19:51.578511,1.66,29.7,1028.0,0.0,15.8,0,0.0,0.071
2026-01-12 01:19:53.637520,1.66,29.7,1028.0,0.0,-999.0,0,0.0,0.081
2026-01-12 01:19:55.593055,1.66,29.7,1027.7,0.0,-999.0,0,0.3,0.089
2026-01-12 01:19:57.516259,1.66,29.7,1027.7,0.0,-999.0,0,0.3,0.091
2026-01-12 01:19:59.526488,1.66,29.7,1027.7,0.0,-999.0,0,0.0,0.077
2026-01-12 01:20:01.555623,1.66,29.7,1027.7,0.0,15.8,0,0.0,0.076
2026-01-12 01:20:03.532929,1.66,29.7,1027.9,0.0,-999.0,0,0.0,0.079
2026-01-12 01:20:05.584380,1.66,29.7,1028.0,0.0,15.8,0,0.0,0.079
2026-01-12 01:20:07.548346,1.66,29.7,1027.9,0.0,-999.0,0,0.1,0.083
2026-01-12 01:20:09.532637,1.66,29.7,1028.0,0.0,15.8,0,0.0,0.08
2026-01-12 01:20:11.531458,1.66,29.7,1028.0,0.0,-999.0,0,0.1,0.085
2026-01-12 01:20:13.530134,1.66,29.7,1027.9,0.0,15.8,0,0.1,0.085
2026-01-12 01:20:15.514480,1.66,29.7,1028.0,0.0,15.8,0,0.1,0.085
2026-01-12 01:20:17.592718,1.66,29.7,1028.0,0.0,15.8,0,0.1,0.082
2026-01-12 01:20:19.511266,1.66,29.7,1028.0,0.0,16.0,0,0.2,0.085
2026-01-12 01:20:21.538646,1.66,29.7,1028.0,0.0,15.8,0,0.0,0.075
2026-01-12 01:20:23.518456,1.66,29.7,1027.9,0.0,15.8,0,0.0,0.078
2026-01-12 01:20:25.521978,1.66,29.7,1027.9,0.0,-999.0,0,0.1,0.085
2026-01-12 01:20:27.521698,1.66,29.7,1027.9,0.0,15.8,0,0.0,0.079
2026-01-12 01:20:29.539964,1.66,29.7,1027.9,0.0,15.8,0,0.2,0.086
2026-01-12 01:20:31.532657,1.66,29.7,1027.7,0.0,15.9,0,0.0,0.08
2026-01-12 01:20:33.578842,1.66,29.7,1027.6,0.0,-999.0,0,0.2,0.085
2026-01-12 01:20:35.645866,1.65,29.7,1028.1,0.0,15.8,0,0.1,0.084
2026-01-12 01:20:37.520251,1.66,29.7,1027.6,0.0,-999.0,0,0.0,0.077
2026-01-12 01:20:39.539381,1.65,29.7,1028.1,0.0,15.8,0,0.1,0.084
2026-01-12 01:20:41.526872,1.65,29.7,1028.0,0.0,-999.0,0,0.1,0.085
2026-01-12 01:20:43.527484,1.65,29.7,1028.0,0.0,-999.0,0,0.0,0.081
2026-01-12 01:20:45.740745,1.65,29.7,1027.9,0.0,-999.0,0,0.0,0.079
2026-01-12 01:20:47.529571,1.65,29.7,1028.1,0.0,15.8,0,0.0,0.08
2026-01-12 01:20:49.532233,1.65,29.7,1028.0,0.0,16.0,0,0.0,0.081
2026-01-12 01:20:51.533741,1.65,29.7,1028.0,0.0,15.8,0,0.1,0.082
2026-01-12 01:20:53.525241,1.65,29.7,1028.4,0.0,15.8,0,0.2,0.085
2026-01-12 01:20:55.532302,1.65,29.7,1028.1,0.0,-999.0,0,0.2,0.085
2026-01-12 01:20:57.534702,1.65,29.7,1027.7,0.0,15.8,0,0.0,0.081
2026-01-12 01:20:59.532113,1.65,29.7,1027.9,0.0,15.8,0,0.0,0.077
2026-01-12 01:21:01.529386,1.65,29.7,1027.9,0.0,15.8,0,0.0,0.08
2026-01-12 01:21:03.523461,1.65,29.7,1028.0,0.0,15.9,0,0.1,0.085
2026-01-12 01:21:05.519752,1.65,29.7,1027.9,0.0,15.9,0,0.0,0.075
2026-01-12 01:21:07.539071,1.65,29.7,1027.9,0.0,15.8,0,0.1,0.085
2026-01-12 01:21:09.621975,1.65,29.7,1028.0,0.0,15.6,0,0.2,0.085
2026-01-12 01:21:11.531985,1.65,29.7,1027.9,0.0,15.8,0,0.1,0.085
2026-01-12 01:21:13.542122,1.65,29.7,1028.0,0.0,15.8,0,0.0,0.081
2026-01-12 01:21:15.581184,1.65,29.7,1027.9,0.0,-999.0,0,0.0,0.081
2026-01-12 01:21:17.527069,1.65,29.7,1028.0,0.0,15.8,0,0.1,0.084
2026-01-12 01:21:19.520062,1.64,29.7,1028.0,0.0,15.8,0,0.1,0.085
2026-01-12 01:21:21.520600,1.64,29.7,1028.1,0.0,15.8,0,0.3,0.091
2026-01-12 01:21:23.617453,1.64,29.7,1027.9,0.0,-999.0,0,0.0,0.078
2026-01-12 01:21:25.521416,1.64,29.7,1027.9,0.0,15.8,0,0.0,0.079
2026-01-12 01:21:27.558348,1.64,29.7,1028.3,0.0,-999.0,0,0.1,0.085
2026-01-12 01:21:29.517037,1.64,29.7,1027.9,0.0,15.8,0,0.1,0.082
2026-01-12 01:21:31.519053,1.64,29.7,1028.0,0.0,-999.0,0,0.2,0.086
2026-01-12 01:21:33.526786,1.64,29.7,1028.0,0.0,15.8,0,0.1,0.083
2026-01-12 01:21:35.518001,1.64,29.7,1028.1,0.0,-999.0,0,0.2,0.086
2026-01-12 01:21:37.515878,1.64,29.7,1028.0,0.0,15.8,0,0.2,0.086
2026-01-12 01:21:39.516857,1.64,29.7,1028.3,0.0,-999.0,0,0.0,0.076
2026-01-12 01:21:41.549339,1.64,29.7,1028.0,0.0,15.8,0,0.0,0.073
2026-01-12 01:21:43.536635,1.64,29.7,1028.0,0.0,-999.0,0,0.2,0.085
2026-01-12 01:21:45.528316,1.64,29.7,1028.0,0.0,15.8,0,0.2,0.086
2026-01-12 01:21:47.527499,1.64,29.7,1028.0,0.0,-999.0,0,0.0,0.081
2026-01-12 01:21:49.567823,1.64,29.7,1028.0,0.0,15.8,0,0.0,0.08
2026-01-12 01:21:51.532969,1.64,29.7,1027.9,0.0,-999.0,0,0.1,0.084
2026-01-12 01:21:53.517236,1.64,29.7,1028.0,0.0,15.8,0,0.1,0.084
2026-01-12 01:21:55.548987,1.64,29.7,1028.0,0.0,-999.0,0,0.0,0.081
2026-01-12 01:21:57.522087,1.64,29.7,1028.1,0.0,-999.0,0,0.1,0.083
2026-01-12 01:21:59.521844,1.64,29.7,1028.1,0.0,-999.0,0,0.0,0.077
2026-01-12 01:22:01.608820,1.64,29.7,1028.0,0.0,-999.0,0,0.2,0.087
2026-01-12 01:22:03.536373,1.63,29.7,1028.5,0.0,15.8,0,0.2,0.085
2026-01-12 01:22:05.516953,1.63,29.7,1028.3,0.0,-999.0,0,0.3,0.09
2026-01-12 01:22:07.583653,1.63,29.7,1028.0,0.0,15.8,0,0.2,0.088
2026-01-12 01:22:09.523335,1.63,29.7,1028.4,0.0,-999.0,0,0.3,0.09
2026-01-12 01:22:11.524006,1.63,29.7,1028.0,0.0,15.8,0,0.2,0.085
2026-01-12 01:22:13.534638,1.63,29.7,1028.3,0.0,-999.0,0,0.0,0.078
2026-01-12 01:22:15.608202,1.63,29.7,1028.0,0.0,15.9,0,0.2,0.087
2026-01-12 01:22:17.528240,1.63,29.7,1028.1,0.0,15.8,0,0.0,0.081
2026-01-12 01:22:19.528581,1.63,29.7,1028.4,0.0,15.8,0,0.1,0.083
2026-01-12 01:22:21.523260,1.63,29.7,1028.1,0.0,15.9,0,0.1,0.085
2026-01-12 01:22:23.650693,1.63,29.7,1028.1,0.0,15.9,0,0.0,0.076
2026-01-12 01:22:25.607762,1.63,29.7,1028.1,0.0,15.9,0,0.0,0.08
2026-01-12 01:22:27.565050,1.63,29.7,1027.9,0.0,15.8,0,0.2,0.087
2026-01-12 01:22:29.525057,1.63,29.7,1028.1,0.0,15.8,0,0.0,0.08
2026-01-12 01:22:31.567315,1.63,29.7,1028.4,0.0,15.9,0,0.2,0.085
2026-01-12 01:22:33.564663,1.63,29.7,1028.0,0.0,15.8,0,0.3,0.089
2026-01-12 01:22:35.522353,1.63,29.7,1028.3,0.0,-999.0,0,0.2,0.085
2026-01-12 01:22:37.519907,1.63,29.7,1028.3,0.0,15.8,0,0.1,0.083
2026-01-12 01:22:39.609213,1.63,29.7,1028.1,0.0,-999.0,0,0.3,0.091
2026-01-12 01:22:41.519087,1.63,29.7,1028.1,0.0,15.9,0,0.3,0.089
2026-01-12 01:22:43.618709,1.63,29.7,1028.0,0.0,-999.0,0,0.0,0.081
2026-01-12 01:22:45.574249,1.63,29.7,1028.0,0.0,15.9,0,0.1,0.085
2026-01-12 01:22:47.636042,1.62,29.7,1027.9,0.0,15.8,0,0.0,0.073
2026-01-12 01:22:49.591217,1.62,29.8,1028.3,0.0,15.9,0,0.0,0.081
2026-01-12 01:22:51.535125,1.62,29.8,1028.3,0.0,-999.0,0,0.1,0.083
2026-01-12 01:22:53.603843,1.62,29.8,1028.1,0.0,15.9,0,0.1,0.083
2026-01-12 01:22:55.530028,1.62,29.8,1028.0,0.0,15.9,0,0.2,0.087
2026-01-12 01:22:57.519962,1.62,29.8,1028.1,0.0,15.8,0,0.2,0.086
2026-01-12 01:22:59.567037,1.62,29.8,1028.0,0.0,15.8,0,0.0,0.07
2026-01-12 01:23:01.644492,1.62,29.8,1028.0,0.0,-999.0,0,0.0,0.071
2026-01-12 01:23:03.601092,1.62,29.8,1027.9,0.0,15.9,0,0.3,0.091
2026-01-12 01:23:05.519970,1.62,29.8,1028.0,0.0,-999.0,0,0.5,0.096
2026-01-12 01:23:07.528584,1.62,29.8,1028.0,0.0,15.8,0,0.1,0.084
2026-01-12 01:23:09.520659,1.62,29.8,1028.4,0.0,-999.0,0,0.0,0.081
2026-01-12 01:23:11.605957,1.62,29.8,1028.1,0.0,15.8,0,0.1,0.083
2026-01-12 01:23:13.520772,1.62,29.8,1028.3,0.0,-999.0,0,0.2,0.085
2026-01-12 01:23:15.537464,1.62,29.8,1028.1,0.0,15.9,0,0.0,0.076
2026-01-12 01:23:17.527641,1.62,29.8,1027.9,0.0,-999.0,0,0.2,0.086
2026-01-12 01:23:19.521338,1.62,29.8,1028.1,0.0,15.8,0,0.1,0.082
2026-01-12 01:23:21.606061,1.62,29.8,1028.0,0.0,15.8,0,0.3,0.091
2026-01-12 01:23:23.520953,1.62,29.8,1028.4,0.0,15.8,0,0.0,0.081
2026-01-12 01:23:25.524077,1.62,29.8,1028.1,0.0,15.8,0,0.0,0.081
2026-01-12 01:23:27.522748,1.62,29.8,1028.0,0.0,15.8,0,0.1,0.084
2026-01-12 01:23:29.538607,1.61,29.8,1028.1,0.0,-999.0,0,0.2,0.086
2026-01-12 01:23:31.613023,1.61,29.8,1028.0,0.0,15.8,0,0.1,0.082
2026-01-12 01:23:33.527892,1.61,29.8,1028.1,0.0,-999.0,0,0.1,0.084
2026-01-12 01:23:35.524884,1.61,29.8,1028.0,0.0,15.8,0,0.0,0.075
2026-01-12 01:23:37.553913,1.61,29.8,1027.9,0.0,-999.0,0,0.0,0.079
2026-01-12 01:23:39.523507,1.61,29.9,1028.3,0.0,15.9,0,0.1,0.084
2026-01-12 01:23:41.530365,1.61,29.8,1027.6,0.0,15.8,0,0.0,0.078
2026-01-12 01:23:43.521970,1.61,29.8,1028.1,0.0,15.9,0,0.0,0.081
2026-01-12 01:23:45.511001,1.61,29.8,1027.9,0.0,-999.0,0,0.3,0.09
2026-01-12 01:23:47.528291,1.61,29.9,1028.0,0.0,15.9,0,0.1,0.082
2026-01-12 01:23:49.515305,1.61,29.9,1028.1,0.0,-999.0,0,0.1,0.082
2026-01-12 01:23:51.539043,1.61,29.9,1028.1,0.0,16.0,0,0.0,0.077
2026-01-12 01:23:53.530968,1.61,29.9,1028.0,0.0,15.9,0,0.2,0.085
2026-01-12 01:23:55.523150,1.61,29.9,1028.0,0.0,15.8,0,0.0,0.071
2026-01-12 01:23:57.543879,1.61,29.9,1028.1,0.0,15.8,0,0.2,0.088
2026-01-12 01:23:59.527119,1.61,29.9,1028.3,0.0,15.8,0,0.0,0.08
2026-01-12 01:24:01.557507,1.61,29.9,1028.0,0.0,-999.0,0,0.2,0.085
2026-01-12 01:24:03.525465,1.61,29.9,1028.0,0.0,-999.0,0,0.0,0.081
2026-01-12 01:24:05.527413,1.61,29.9,1028.1,0.0,15.8,0,0.0,0.079
2026-01-12 01:24:07.633011,1.61,29.9,1028.0,0.0,-999.0,0,0.1,0.083
2026-01-12 01:24:09.527337,1.61,29.9,1028.1,0.0,15.9,0,0.0,0.077
2026-01-12 01:24:11.529353,1.61,29.9,1027.7,0.0,-999.0,0,0.2,0.086
2026-01-12 01:24:13.524544,1.61,29.9,1028.0,0.0,15.9,0,0.1,0.085
2026-01-12 01:24:15.524420,1.61,29.9,1027.9,0.0,16.0,0,0.1,0.085
2026-01-12 01:24:17.524421,1.6,29.9,1028.3,0.0,16.0,0,0.2,0.088
2026-01-12 01:24:19.584550,1.6,30.0,1028.1,0.0,15.9,0,0.0,0.08
2026-01-12 01:24:21.547506,1.6,29.9,1028.1,0.0,15.9,0,0.1,0.084
2026-01-12 01:24:23.599082,1.6,30.0,1028.0,0.0,15.9,0,0.0,0.079
2026-01-12 01:24:25.653849,1.6,30.0,1028.0,0.0,-999.0,0,0.0,0.077
2026-01-12 01:24:27.522248,1.6,30.0,1027.7,0.0,16.0,0,0.1,0.085
2026-01-12 01:24:29.530343,1.6,30.0,1028.0,0.0,-999.0,0,0.1,0.084
2026-01-12 01:24:31.522321,1.6,30.0,1028.1,0.0,-999.0,0,0.0,0.08
2026-01-12 01:24:33.524480,1.6,30.0,1028.1,0.0,-999.0,0,0.0,0.081
2026-01-12 01:24:35.540116,1.6,30.0,1028.3,0.0,-999.0,0,0.4,0.093
2026-01-12 01:24:37.526791,1.6,30.0,1028.3,0.0,16.0,0,0.1,0.083
2026-01-12 01:24:39.553086,1.6,30.0,1028.3,0.0,15.9,0,0.0,0.08
2026-01-12 01:24:41.532648,1.6,30.0,1028.0,0.0,15.9,0,0.0,0.08
2026-01-12 01:24:43.522127,1.6,30.0,1028.0,0.0,-999.0,0,0.0,0.081
2026-01-12 01:24:45.574927,1.6,30.1,1028.1,0.0,15.9,0,0.0,0.081
2026-01-12 01:24:47.525965,1.6,30.0,1028.1,0.0,15.9,0,0.1,0.083
2026-01-12 01:24:49.541966,1.6,30.1,1028.3,0.0,15.8,0,0.0,0.081
2026-01-12 01:24:51.708155,1.6,30.1,1028.3,0.0,-999.0,0,0.0,0.072
2026-01-12 01:24:53.656639,1.6,30.1,1028.1,0.0,15.8,0,0.0,0.079
2026-01-12 01:24:55.625090,1.6,30.1,1028.4,0.0,-999.0,0,0.3,0.089
2026-01-12 01:24:57.676117,1.6,30.1,1028.3,0.0,-999.0,0,0.2,0.087
2026-01-12 01:24:59.550658,1.6,30.1,1028.0,0.0,15.9,0,0.1,0.085
2026-01-12 01:25:01.528872,1.6,30.1,1028.0,0.0,-999.0,0,0.0,0.077
2026-01-12 01:25:03.552368,1.59,30.1,1028.0,0.0,15.9,0,0.0,0.08
2026-01-12 01:25:05.527321,1.59,30.1,1028.4,0.0,15.8,0,0.1,0.085
2026-01-12 01:25:07.559900,1.59,30.1,1028.3,0.0,15.8,0,0.0,0.08
2026-01-12 01:25:09.520931,1.59,30.1,1028.0,0.0,16.0,0,0.2,0.085
2026-01-12 01:25:11.525149,1.59,30.1,1028.1,0.0,15.9,0,0.0,0.077
2026-01-12 01:25:13.532315,1.59,30.1,1028.3,0.0,15.9,0,0.6,0.1
2026-01-12 01:25:15.528395,1.59,30.1,1028.0,0.0,15.8,0,0.2,0.088
2026-01-12 01:25:17.532348,1.59,30.1,1028.3,0.0,15.9,0,0.1,0.083
2026-01-12 01:25:19.530708,1.59,30.1,1028.0,0.0,-999.0,0,0.1,0.085
2026-01-12 01:25:21.529696,1.59,30.1,1028.0,0.0,15.8,0,0.7,0.104
2026-01-12 01:25:23.525811,1.59,30.1,1028.3,0.0,-999.0,0,0.0,0.081
2026-01-12 01:25:25.574982,1.59,30.1,1028.1,0.0,15.9,0,0.6,0.099
2026-01-12 01:25:27.542739,1.59,30.1,1028.0,0.0,15.9,0,0.1,0.085
2026-01-12 01:25:29.592693,1.59,30.1,1028.3,0.0,15.9,0,0.0,0.077
2026-01-12 01:25:31.525626,1.59,30.2,1028.3,0.0,15.9,0,0.1,0.084
2026-01-12 01:25:33.535025,1.59,30.2,1028.1,0.0,15.9,0,0.0,0.08
2026-01-12 01:25:35.523108,1.59,30.1,1027.9,0.0,15.9,0,0.1,0.083
2026-01-12 01:25:37.532646,1.59,30.2,1028.1,0.0,15.8,0,0.1,0.083
2026-01-12 01:25:39.571543,1.59,30.2,1028.0,0.0,15.8,0,0.0,0.077
2026-01-12 01:25:41.595873,1.59,30.2,1028.0,0.0,-999.0,0,0.0,0.077
2026-01-12 01:25:43.598328,1.59,30.2,1028.1,0.0,16.0,0,0.0,0.08
2026-01-12 01:25:45.654450,1.59,30.2,1027.7,0.0,-999.0,0,0.2,0.087
2026-01-12 01:25:47.518262,1.59,30.2,1028.1,0.0,-999.0,0,0.2,0.088
2026-01-12 01:25:49.561951,1.58,30.2,1028.4,0.0,-999.0,0,0.0,0.077
2026-01-12 01:25:51.625632,1.58,30.2,1028.0,0.0,-999.0,0,0.4,0.092
2026-01-12 01:25:53.526075,1.58,30.2,1028.0,0.0,16.0,0,0.4,0.092
2026-01-12 01:25:55.636105,1.58,30.2,1028.1,0.0,-999.0,0,0.1,0.085
2026-01-12 01:25:57.527311,1.58,30.2,1028.3,0.0,15.8,0,0.0,0.081
2026-01-12 01:25:59.542013,1.58,30.2,1028.0,0.0,-999.0,0,0.0,0.079
2026-01-12 01:26:01.524612,1.58,30.2,1028.4,0.0,15.9,0,0.1,0.085
2026-01-12 01:26:03.531860,1.58,30.2,1028.3,0.0,15.8,0,0.2,0.086
2026-01-12 01:26:05.525421,1.58,30.2,1028.1,0.0,15.9,0,0.0,0.08
2026-01-12 01:26:07.523009,1.58,30.2,1028.3,0.0,15.9,0,0.1,0.085
2026-01-12 01:26:09.549219,1.58,30.2,1028.0,0.0,15.8,0,0.0,0.077
2026-01-12 01:26:11.521291,1.58,30.2,1028.1,0.0,15.9,0,0.0,0.081
2026-01-12 01:26:13.533527,1.58,30.2,1027.9,0.0,-999.0,0,0.3,0.089
2026-01-12 01:26:15.527918,1.58,30.2,1028.4,0.0,16.0,0,0.3,0.09
2026-01-12 01:26:17.525403,1.58,30.2,1028.3,0.0,-999.0,0,0.0,0.079
2026-01-12 01:26:19.528389,1.58,30.2,1028.3,0.0,15.8,0,0.2,0.085
2026-01-12 01:26:21.523909,1.58,30.2,1028.0,0.0,-999.0,0,0.0,0.081
2026-01-12 01:26:23.547904,1.58,30.2,1028.1,0.0,15.8,0,0.1,0.083
2026-01-12 01:26:25.598774,1.58,30.2,1028.3,0.0,-999.0,0,0.0,0.073
2026-01-12 01:26:27.522148,1.58,30.2,1028.1,0.0,16.0,0,0.0,0.081
2026-01-12 01:26:29.615623,1.58,30.2,1028.1,0.0,15.9,0,0.1,0.082
2026-01-12 01:26:31.532302,1.57,30.2,1028.3,0.0,15.8,0,0.0,0.074
2026-01-12 01:26:33.546710,1.57,30.2,1028.4,0.0,15.9,0,0.2,0.087
2026-01-12 01:26:35.524108,1.57,30.2,1027.9,0.0,-999.0,0,0.2,0.085
2026-01-12 01:26:37.542868,1.57,30.2,1028.1,0.0,15.7,0,0.1,0.082
2026-01-12 01:26:39.529109,1.57,30.2,1028.3,0.0,-999.0,0,0.0,0.078
2026-01-12 01:26:41.525813,1.57,30.2,1028.1,0.0,-999.0,0,0.3,0.089
2026-01-12 01:26:43.615714,1.57,30.2,1028.3,0.0,-999.0,0,0.2,0.085
2026-01-12 01:26:45.522343,1.57,30.2,1027.9,0.0,-999.0,0,0.1,0.085
2026-01-12 01:26:47.533866,1.57,30.2,1028.3,0.0,15.9,0,0.1,0.084
2026-01-12 01:26:49.529374,1.57,30.2,1027.9,0.0,-999.0,0,0.1,0.083
2026-01-12 01:26:51.572213,1.57,30.2,1028.1,0.0,15.8,0,0.1,0.083
2026-01-12 01:26:53.531765,1.57,30.2,1028.3,0.0,-999.0,0,0.0,0.079
2026-01-12 01:26:55.614361,1.57,30.2,1028.1,0.0,15.9,0,0.0,0.074
2026-01-12 01:26:57.527311,1.57,30.2,1028.1,0.0,15.9,0,0.0,0.081
2026-01-12 01:26:59.526224,1.57,30.2,1028.0,0.0,15.8,0,0.3,0.089
2026-01-12 01:27:01.534774,1.57,30.2,1028.3,0.0,15.9,0,0.0,0.079
2026-01-12 01:27:03.535242,1.57,30.2,1028.3,0.0,-999.0,0,0.0,0.081
2026-01-12 01:27:05.549757,1.57,30.2,1028.0,0.0,15.8,0,0.0,0.077
2026-01-12 01:27:07.538990,1.57,30.2,1028.0,0.0,-999.0,0,0.1,0.084
2026-01-12 01:27:09.530350,1.57,30.2,1028.1,0.0,-999.0,0,0.0,0.078
2026-01-12 01:27:11.546974,1.57,30.2,1028.0,0.0,15.9,0,0.0,0.081
2026-01-12 01:27:13.531938,1.57,30.2,1028.0,0.0,-999.0,0,0.1,0.083
2026-01-12 01:27:15.542093,1.56,30.2,1028.3,0.0,-999.0,0,0.1,0.085
2026-01-12 01:27:17.528566,1.56,30.2,1028.0,0.0,-999.0,0,0.1,0.083
2026-01-12 01:27:19.529564,1.56,30.2,1028.1,0.0,15.9,0,0.1,0.082
2026-01-12 01:27:21.533028,1.56,30.2,1027.9,0.0,-999.0,0,0.1,0.083
2026-01-12 01:27:23.568166,1.56,30.2,1027.9,0.0,16.0,0,0.2,0.085
2026-01-12 01:27:25.534089,1.56,30.2,1028.1,0.0,15.9,0,0.0,0.075
2026-01-12 01:27:27.524730,1.56,30.2,1028.3,0.0,16.0,0,0.2,0.086
2026-01-12 01:27:29.549098,1.56,30.2,1027.9,0.0,16.0,0,0.0,0.077
2026-01-12 01:27:31.529100,1.56,30.2,1028.3,0.0,16.0,0,0.0,0.056
2026-01-12 01:27:33.529393,1.56,30.2,1028.1,0.0,-999.0,0,0.0,0.081
2026-01-12 01:27:35.525230,1.56,30.2,1028.1,0.0,15.9,0,0.2,0.085
2026-01-12 01:27:37.572150,1.56,30.2,1028.1,0.0,-999.0,0,0.1,0.082
2026-01-12 01:27:39.534115,1.56,30.2,1028.0,0.0,15.9,0,0.2,0.086
2026-01-12 01:27:41.536076,1.56,30.2,1028.3,0.0,15.9,0,0.0,0.081
2026-01-12 01:27:43.650020,1.56,30.2,1027.9,0.0,16.0,0,0.0,0.069
2026-01-12 01:27:45.604968,1.56,30.2,1028.0,0.0,-999.0,0,0.0,0.081
2026-01-12 01:27:47.529215,1.56,30.2,1028.0,0.0,15.9,0,0.2,0.085
2026-01-12 01:27:49.533869,1.56,30.2,1028.1,0.0,-999.0,0,0.1,0.083
2026-01-12 01:27:51.532369,1.56,30.2,1028.0,0.0,16.0,0,0.0,0.079
2026-01-12 01:27:53.535429,1.56,30.2,1028.4,0.0,-999.0,0,0.1,0.085
2026-01-12 01:27:55.586170,1.56,30.2,1028.1,0.0,15.9,0,0.0,0.081
2026-01-12 01:27:57.571381,1.56,30.2,1028.0,0.0,-999.0,0,0.2,0.085
2026-01-12 01:27:59.523980,1.55,30.2,1028.1,0.0,15.8,0,0.1,0.082
2026-01-12 01:28:01.668715,1.55,30.2,1028.0,0.0,-999.0,0,0.1,0.082
2026-01-12 01:28:03.555696,1.55,30.2,1028.3,0.0,16.0,0,0.1,0.085
2026-01-12 01:28:05.568045,1.55,30.2,1028.3,0.0,-999.0,0,0.0,0.079
2026-01-12 01:28:07.642750,1.55,30.2,1028.1,0.0,15.9,0,0.1,0.085
2026-01-12 01:28:09.531633,1.55,30.2,1028.1,0.0,15.9,0,0.4,0.093
2026-01-12 01:28:11.645641,1.55,30.2,1028.0,0.0,16.0,0,0.1,0.082
2026-01-12 01:28:13.537537,1.55,30.2,1028.0,0.0,15.8,0,0.0,0.079
2026-01-12 01:28:15.669902,1.55,30.2,1028.0,0.0,-999.0,0,0.4,0.094
2026-01-12 01:28:17.550077,1.55,30.2,1028.3,0.0,15.8,0,0.0,0.077
2026-01-12 01:28:19.537472,1.55,30.2,1028.1,0.0,-999.0,0,0.2,0.086
2026-01-12 01:28:21.548124,1.55,30.2,1028.0,0.0,16.0,0,0.0,0.077
2026-01-12 01:28:23.588099,1.55,30.2,1028.0,0.0,-999.0,0,0.1,0.085
2026-01-12 01:28:25.569634,1.55,30.2,1028.1,0.0,15.8,0,0.0,0.081
2026-01-12 01:28:27.540318,1.55,30.2,1028.3,0.0,-999.0,0,0.2,0.085
2026-01-12 01:28:29.537176,1.55,30.2,1028.1,0.0,15.8,0,0.0,0.079
2026-01-12 01:28:31.538613,1.55,30.2,1028.1,0.0,15.9,0,0.4,0.092
2026-01-12 01:28:33.571629,1.55,30.2,1028.4,0.0,15.9,0,0.0,0.078
2026-01-12 01:28:35.637727,1.55,30.2,1028.5,0.0,16.0,0,0.0,0.079
2026-01-12 01:28:37.556174,1.55,30.2,1028.3,0.0,15.9,0,0.0,0.078
2026-01-12 01:28:39.553728,1.55,30.2,1028.3,0.0,15.9,0,0.2,0.085
2026-01-12 01:28:41.538153,1.54,30.2,1028.5,0.0,15.9,0,0.0,0.081
2026-01-12 01:28:43.548714,1.54,30.2,1028.1,0.0,15.9,0,0.0,0.079
2026-01-12 01:28:45.587562,1.54,30.2,1028.1,0.0,16.0,0,0.1,0.084
2026-01-12 01:28:47.550275,1.54,30.2,1028.1,0.0,15.8,0,0.1,0.083
2026-01-12 01:28:49.543275,1.54,30.2,1028.3,0.0,15.8,0,0.2,0.085
2026-01-12 01:28:51.543801,1.54,30.2,1028.4,0.0,-999.0,0,0.0,0.081
2026-01-12 01:28:53.554301,1.54,30.2,1028.1,0.0,16.0,0,0.3,0.089
2026-01-12 01:28:55.543258,1.54,30.2,1028.4,0.0,-999.0,0,0.1,0.085
2026-01-12 01:28:57.573270,1.54,30.2,1028.4,0.0,16.0,0,0.0,0.081
2026-01-12 01:28:59.540545,1.54,30.2,1028.3,0.0,-999.0,0,0.0,0.081
2026-01-12 01:29:01.543780,1.54,30.2,1027.9,0.0,15.9,0,0.1,0.082
2026-01-12 01:29:03.558480,1.54,30.2,1028.1,0.0,-999.0,0,0.0,0.08
2026-01-12 01:29:05.539660,1.54,30.2,1028.1,0.0,15.8,0,0.3,0.089
2026-01-12 01:29:07.663239,1.54,30.2,1028.1,0.0,-999.0,0,0.1,0.084
2026-01-12 01:29:09.627198,1.54,30.2,1028.3,0.0,15.9,0,0.1,0.082
2026-01-12 01:29:11.679273,1.54,30.2,1028.5,0.0,-999.0,0,0.1,0.083
2026-01-12 01:29:13.540703,1.54,30.2,1028.1,0.0,16.0,0,0.1,0.085
2026-01-12 01:29:15.589249,1.54,30.2,1028.3,0.0,15.9,0,0.4,0.093
2026-01-12 01:29:17.646542,1.54,30.2,1028.0,0.0,15.9,0,0.0,0.08
2026-01-12 01:29:19.541162,1.54,30.2,1028.5,0.0,16.0,0,0.0,0.077
2026-01-12 01:29:21.669941,1.53,30.2,1028.9,0.0,15.9,0,0.1,0.083
2026-01-12 01:29:23.622668,1.53,30.2,1028.8,0.0,15.9,0,0.4,0.093
2026-01-12 01:29:25.572318,1.53,30.2,1028.4,0.0,15.9,0,0.1,0.083
2026-01-12 01:29:27.630018,1.53,30.2,1028.4,0.0,16.0,0,0.2,0.086
2026-01-12 01:29:29.536197,1.53,30.2,1028.5,0.0,15.9,0,0.1,0.084
2026-01-12 01:29:31.546163,1.53,30.2,1028.3,0.0,15.9,0,0.0,0.07
2026-01-12 01:29:33.542153,1.53,30.2,1028.4,0.0,15.9,0,0.0,0.079
2026-01-12 01:29:35.541623,1.53,30.2,1028.1,0.0,15.8,0,0.0,0.073
2026-01-12 01:29:37.540097,1.53,30.2,1028.3,0.0,-999.0,0,0.0,0.081
2026-01-12 01:29:39.581060,1.53,30.2,1028.3,0.0,16.0,0,0.3,0.089
2026-01-12 01:29:41.552839,1.53,30.2,1028.1,0.0,-999.0,0,0.0,0.081
2026-01-12 01:29:43.541835,1.53,30.2,1028.1,0.0,-999.0,0,0.0,0.081
2026-01-12 01:29:45.647027,1.53,30.2,1028.1,0.0,15.9,0,0.0,0.08
2026-01-12 01:29:47.532428,1.53,30.2,1028.4,0.0,16.0,0,0.1,0.083
2026-01-12 01:29:49.541845,1.53,30.2,1028.0,0.0,-999.0,0,0.1,0.082
2026-01-12 01:29:51.538762,1.53,30.2,1028.1,0.0,-999.0,0,0.1,0.084
2026-01-12 01:29:53.548402,1.53,30.2,1028.0,0.0,15.9,0,0.1,0.085
2026-01-12 01:29:55.544547,1.53,30.2,1028.1,0.0,-999.0,0,0.0,0.073
2026-01-12 01:29:57.549789,1.53,30.2,1028.1,0.0,15.9,0,0.2,0.086
2026-01-12 01:29:59.555370,1.53,30.2,1028.4,0.0,15.8,0,0.0,0.077
2026-01-12 01:30:01.541083,1.53,30.2,1028.0,0.0,15.9,0,0.1,0.082
2026-01-12 01:30:03.544957,1.53,30.2,1028.3,0.0,16.0,0,0.0,0.079
2026-01-12 01:30:05.545513,1.53,30.2,1028.0,0.0,15.8,0,0.1,0.083
2026-01-12 01:30:07.588152,1.52,30.2,1028.0,0.0,16.0,0,0.0,0.081
2026-01-12 01:30:09.596931,1.52,30.2,1028.0,0.0,15.9,0,0.2,0.087
2026-01-12 01:30:11.608509,1.52,30.2,1028.1,0.0,-999.0,0,0.0,0.081
2026-01-12 01:30:13.610636,1.52,30.2,1028.1,0.0,15.9,0,0.0,0.077
2026-01-12 01:30:15.550572,1.52,30.2,1028.1,0.0,15.9,0,0.2,0.086
2026-01-12 01:30:17.543382,1.52,30.2,1028.3,0.0,15.9,0,0.6,0.099
2026-01-12 01:30:19.540882,1.52,30.2,1028.1,0.0,-999.0,0,0.4,0.092
2026-01-12 01:30:21.542221,1.52,30.2,1028.0,0.0,-999.0,0,0.0,0.081
2026-01-12 01:30:23.545449,1.52,30.2,1028.1,0.0,15.8,0,0.1,0.082
2026-01-12 01:30:25.540293,1.52,30.2,1027.9,0.0,-999.0,0,0.0,0.081
2026-01-12 01:30:27.556292,1.52,30.2,1028.0,0.0,15.9,0,0.2,0.086
2026-01-12 01:30:29.578011,1.52,30.2,1028.0,0.0,15.8,0,0.1,0.085
2026-01-12 01:30:31.670915,1.52,30.2,1028.1,0.0,15.9,0,0.2,0.088
2026-01-12 01:30:33.627662,1.52,30.2,1028.1,0.0,16.0,0,0.1,0.084
2026-01-12 01:30:35.584589,1.52,30.2,1028.0,0.0,15.9,0,0.1,0.082
2026-01-12 01:30:37.541104,1.52,30.2,1028.0,0.0,15.9,0,0.0,0.078
2026-01-12 01:30:39.595094,1.52,30.2,1027.9,0.0,15.8,0,0.0,0.08
2026-01-12 01:30:41.669765,1.52,30.2,1028.1,0.0,16.0,0,0.0,0.081
2026-01-12 01:30:43.549456,1.52,30.2,1028.0,0.0,15.9,0,0.0,0.076
2026-01-12 01:30:45.550068,1.52,30.2,1028.0,0.0,15.9,0,0.0,0.081
2026-01-12 01:30:47.533701,1.52,30.2,1028.1,0.0,-999.0,0,0.0,0.077
2026-01-12 01:30:49.565654,1.51,30.2,1028.3,0.0,15.8,0,0.1,0.084
2026-01-12 01:30:51.651895,1.51,30.2,1028.1,0.0,-999.0,0,0.1,0.084
2026-01-12 01:30:53.600227,1.51,30.2,1028.1,0.0,-999.0,0,0.2,0.088
2026-01-12 01:30:55.666183,1.51,30.2,1028.0,0.0,15.9,0,0.1,0.082
2026-01-12 01:30:57.542203,1.51,30.2,1028.3,0.0,15.9,0,0.0,0.077
2026-01-12 01:30:59.576340,1.51,30.2,1028.3,0.0,15.9,0,0.1,0.084
2026-01-12 01:31:01.558683,1.51,30.2,1028.0,0.0,16.0,0,0.2,0.085
2026-01-12 01:31:03.541141,1.51,30.2,1028.1,0.0,16.0,0,0.3,0.09
2026-01-12 01:31:05.656050,1.51,30.2,1028.3,0.0,-999.0,0,0.1,0.084
2026-01-12 01:31:07.608137,1.51,30.2,1028.1,0.0,15.9,0,0.2,0.086
2026-01-12 01:31:09.543699,1.51,30.2,1028.0,0.0,16.0,0,0.7,0.102
2026-01-12 01:31:11.627605,1.51,30.2,1028.1,0.0,15.9,0,0.1,0.085
2026-01-12 01:31:13.544139,1.51,30.2,1028.0,0.0,-999.0,0,0.2,0.087
2026-01-12 01:31:15.639922,1.51,30.2,1027.9,0.0,15.9,0,0.1,0.085
2026-01-12 01:31:17.593541,1.51,30.2,1028.0,0.0,-999.0,0,0.1,0.085
2026-01-12 01:31:19.564493,1.51,30.2,1028.0,0.0,-999.0,0,0.0,0.079
2026-01-12 01:31:21.611780,1.51,30.2,1028.0,0.0,-999.0,0,0.1,0.085
2026-01-12 01:31:23.673933,1.51,30.2,1028.0,0.0,-999.0,0,0.2,0.086
2026-01-12 01:31:25.625003,1.51,30.2,1027.9,0.0,16.0,0,0.1,0.083
2026-01-12 01:31:27.694891,1.51,30.2,1028.0,0.0,15.8,0,0.1,0.084
2026-01-12 01:31:29.647190,1.51,30.2,1028.0,0.0,16.0,0,0.0,0.079
2026-01-12 01:31:31.550058,1.51,30.2,1027.9,0.0,15.9,0,0.1,0.084
2026-01-12 01:31:33.650363,1.51,30.2,1027.9,0.0,16.0,0,0.1,0.085
2026-01-12 01:31:35.623409,1.5,30.2,1028.0,0.0,-999.0,0,0.0,0.081
2026-01-12 01:31:37.555758,1.5,30.2,1028.0,0.0,15.9,0,0.0,0.078
2026-01-12 01:31:39.576831,1.5,30.2,1028.1,0.0,15.8,0,0.0,0.081
2026-01-12 01:31:41.527728,1.5,30.2,1028.0,0.0,15.9,0,0.2,0.086
2026-01-12 01:31:43.640097,1.5,30.2,1028.0,0.0,16.0,0,0.0,0.079
2026-01-12 01:31:45.706499,1.5,30.2,1027.9,0.0,16.0,0,0.0,0.08
2026-01-12 01:31:47.557797,1.5,30.2,1028.1,0.0,16.1,0,0.1,0.085
2026-01-12 01:31:49.681261,1.5,30.2,1028.0,0.0,-999.0,0,0.0,0.076
2026-01-12 01:31:51.687861,1.5,30.2,1027.9,0.0,16.0,0,0.1,0.083
2026-01-12 01:31:53.641390,1.5,30.2,1028.0,0.0,16.0,0,0.0,0.068
2026-01-12 01:31:55.580403,1.5,30.2,1028.0,0.0,16.0,0,0.0,0.073
2026-01-12 01:31:57.640284,1.5,30.2,1028.0,0.0,-999.0,0,0.0,0.077
2026-01-12 01:31:59.544917,1.5,30.2,1028.0,0.0,15.9,0,0.0,0.081
2026-01-12 01:32:01.616400,1.5,30.2,1027.9,0.0,-999.0,0,0.0,0.077
2026-01-12 01:32:03.548117,1.5,30.2,1028.1,0.0,16.0,0,0.0,0.076
2026-01-12 01:32:05.541029,1.5,30.2,1028.0,0.0,16.0,0,0.1,0.083
2026-01-12 01:32:07.628681,1.5,30.2,1028.0,0.0,16.0,0,0.2,0.086
2026-01-12 01:32:09.600186,1.5,30.2,1027.9,0.0,16.0,0,0.2,0.086
2026-01-12 01:32:11.655599,1.5,30.2,1028.0,0.0,15.9,0,0.0,0.077
2026-01-12 01:32:13.539649,1.5,30.2,1028.1,0.0,16.0,0,0.0,0.075
2026-01-12 01:32:15.665815,1.5,30.2,1028.0,0.0,-999.0,0,0.0,0.081
2026-01-12 01:32:17.618155,1.5,30.2,1028.0,0.0,16.0,0,0.1,0.082
2026-01-12 01:32:19.563034,1.49,30.2,1028.0,0.0,16.0,0,0.3,0.089
2026-01-12 01:32:21.547038,1.49,30.2,1028.1,0.0,16.0,0,0.0,0.081
2026-01-12 01:32:23.590702,1.49,30.2,1028.1,0.0,15.9,0,0.0,0.078
2026-01-12 01:32:25.547921,1.49,30.2,1028.0,0.0,16.0,0,0.1,0.084
2026-01-12 01:32:27.590123,1.49,30.2,1028.1,0.0,-999.0,0,0.0,0.078
2026-01-12 01:32:29.676621,1.49,30.2,1028.0,0.0,-999.0,0,0.4,0.094
2026-01-12 01:32:31.633553,1.49,30.2,1028.0,0.0,-999.0,0,0.2,0.087
2026-01-12 01:32:33.577738,1.49,30.2,1028.1,0.0,15.9,0,0.2,0.088
2026-01-12 01:32:35.538840,1.49,30.2,1028.1,0.0,-999.0,0,0.1,0.083
2026-01-12 01:32:37.542888,1.49,30.2,1028.0,0.0,16.0,0,0.0,0.077
2026-01-12 01:32:39.661097,1.49,30.2,1028.0,0.0,-999.0,0,0.0,0.075
2026-01-12 01:32:41.617636,1.49,30.2,1028.1,0.0,16.0,0,0.0,0.081
2026-01-12 01:32:43.671890,1.49,30.2,1027.9,0.0,-999.0,0,0.1,0.082
2026-01-12 01:32:45.548680,1.49,30.2,1028.0,0.0,16.0,0,0.1,0.085
2026-01-12 01:32:47.577242,1.49,30.2,1028.1,0.0,16.0,0,0.1,0.084
2026-01-12 01:32:49.642995,1.49,30.2,1027.9,0.0,16.0,0,0.0,0.081
2026-01-12 01:32:51.547154,1.49,30.2,1027.9,0.0,16.0,0,0.0,0.074
2026-01-12 01:32:53.587111,1.49,30.2,1028.1,0.0,16.0,0,0.2,0.087
2026-01-12 01:32:55.534737,1.49,30.2,1028.0,0.0,15.8,0,0.3,0.089
2026-01-12 01:32:57.668542,1.49,30.2,1028.0,0.0,16.0,0,0.1,0.082
2026-01-12 01:32:59.627058,1.49,30.2,1028.0,0.0,16.0,0,0.1,0.082
2026-01-12 01:33:01.541086,1.48,30.2,1028.0,0.0,-999.0,0,0.2,0.085
2026-01-12 01:33:03.644623,1.48,30.2,1028.0,0.0,15.9,0,0.0,0.077
2026-01-12 01:33:05.598429,1.48,30.2,1027.9,0.0,-999.0,0,0.2,0.086
2026-01-12 01:33:07.568917,1.48,30.2,1027.7,0.0,-999.0,0,0.2,0.085
2026-01-12 01:33:09.616689,1.48,30.2,1027.9,0.0,-999.0,0,0.0,0.081
2026-01-12 01:33:11.682317,1.48,30.2,1028.0,0.0,15.9,0,0.3,0.09
2026-01-12 01:33:13.586880,1.48,30.2,1028.1,0.0,-999.0,0,0.0,0.081
2026-01-12 01:33:15.542333,1.48,30.2,1028.0,0.0,16.0,0,0.0,0.078
2026-01-12 01:33:17.657274,1.48,30.2,1027.9,0.0,-999.0,0,0.1,0.082
2026-01-12 01:33:19.596027,1.48,30.2,1028.3,0.0,15.9,0,0.1,0.085
2026-01-12 01:33:21.666516,1.48,30.2,1028.0,0.0,-999.0,0,0.1,0.082
2026-01-12 01:33:23.533759,1.48,30.2,1028.1,0.0,15.9,0,0.2,0.087
2026-01-12 01:33:25.542945,1.48,30.2,1028.1,0.0,-999.0,0,0.0,0.08
2026-01-12 01:33:27.638830,1.48,30.2,1028.0,0.0,-999.0,0,0.0,0.072
2026-01-12 01:33:29.582415,1.48,30.2,1028.1,0.0,-999.0,0,0.0,0.077
2026-01-12 01:33:31.619949,1.48,30.2,1028.3,0.0,15.9,0,0.0,0.081
2026-01-12 01:33:33.595986,1.48,30.2,1027.9,0.0,-999.0,0,0.0,0.081
2026-01-12 01:33:35.671422,1.48,30.2,1028.0,0.0,15.9,0,0.0,0.08
2026-01-12 01:33:37.624545,1.48,30.2,1028.0,0.0,-999.0,0,0.0,0.081
2026-01-12 01:33:39.554712,1.48,30.2,1028.0,0.0,-999.0,0,0.0,0.078
2026-01-12 01:33:41.633253,1.48,30.2,1027.9,0.0,-999.0,0,0.1,0.082
2026-01-12 01:33:43.596937,1.47,30.2,1028.0,0.0,-999.0,0,0.0,0.054
2026-01-12 01:33:45.539473,1.47,30.2,1028.0,0.0,-999.0,0,0.0,0.081
2026-01-12 01:33:47.548740,1.47,30.2,1028.0,0.0,-999.0,0,0.1,0.085
2026-01-12 01:33:49.662414,1.47,30.2,1027.9,0.0,-999.0,0,0.0,0.08
2026-01-12 01:33:51.587333,1.47,30.2,1027.9,0.0,-999.0,0,0.2,0.085
2026-01-12 01:33:53.569461,1.47,30.2,1028.0,0.0,15.9,0,0.2,0.085
2026-01-12 01:33:55.550054,1.47,30.2,1028.1,0.0,-999.0,0,0.3,0.09
2026-01-12 01:33:57.600354,1.47,30.2,1027.9,0.0,16.1,0,0.1,0.082
2026-01-12 01:33:59.651650,1.47,30.2,1028.0,0.0,16.0,0,0.1,0.085
2026-01-12 01:34:01.607136,1.47,30.2,1027.9,0.0,16.0,0,0.1,0.085
2026-01-12 01:34:03.552622,1.47,30.2,1028.0,0.0,-999.0,0,0.0,0.072
2026-01-12 01:34:05.619577,1.47,30.2,1028.0,0.0,15.8,0,0.2,0.086
2026-01-12 01:34:07.546314,1.47,30.2,1028.1,0.0,16.0,0,0.1,0.082
2026-01-12 01:34:09.538603,1.47,30.2,1028.0,0.0,16.2,0,0.3,0.091
2026-01-12 01:34:11.545464,1.47,30.3,1028.0,0.0,15.9,0,0.2,0.087
2026-01-12 01:34:13.565697,1.47,30.3,1027.9,0.0,16.0,0,0.3,0.091
2026-01-12 01:34:15.546727,1.47,30.3,1028.0,0.0,-999.0,0,0.0,0.077
2026-01-12 01:34:17.674384,1.47,30.2,1028.0,0.0,16.0,0,0.1,0.083
2026-01-12 01:34:19.533677,1.47,30.3,1028.0,0.0,16.0,0,0.1,0.084
2026-01-12 01:34:21.535205,1.47,30.3,1027.9,0.0,16.0,0,0.1,0.083
2026-01-12 01:34:23.650311,1.47,30.3,1028.0,0.0,-999.0,0,0.2,0.085
2026-01-12 01:34:25.598165,1.47,30.3,1027.9,0.0,15.9,0,0.1,0.082
2026-01-12 01:34:27.564541,1.46,30.3,1027.7,0.0,16.0,0,0.0,0.076
2026-01-12 01:34:29.617374,1.46,30.3,1027.9,0.0,15.9,0,0.0,0.081
2026-01-12 01:34:31.681864,1.46,30.3,1028.0,0.0,-999.0,0,0.0,0.081
2026-01-12 01:34:33.638449,1.46,30.3,1027.9,0.0,16.1,0,0.1,0.084
2026-01-12 01:34:35.552030,1.46,30.3,1027.7,0.0,15.9,0,0.2,0.088
2026-01-12 01:34:37.551910,1.46,30.3,1027.7,0.0,16.0,0,0.1,0.083
2026-01-12 01:34:39.553912,1.46,30.3,1028.1,0.0,-999.0,0,0.0,0.081
2026-01-12 01:34:41.560763,1.46,30.3,1028.0,0.0,16.0,0,0.1,0.084
2026-01-12 01:34:43.610839,1.46,30.3,1028.0,0.0,-999.0,0,0.0,0.079
2026-01-12 01:34:45.543954,1.46,30.3,1027.9,0.0,16.0,0,0.2,0.087
2026-01-12 01:34:47.569850,1.46,30.3,1028.0,0.0,16.0,0,0.2,0.086
2026-01-12 01:34:49.588439,1.46,30.3,1027.9,0.0,15.8,0,0.0,0.06
2026-01-12 01:34:51.639065,1.46,30.3,1028.0,0.0,-999.0,0,0.3,0.089
2026-01-12 01:34:53.539099,1.46,30.3,1028.0,0.0,-999.0,0,0.0,0.081
2026-01-12 01:34:55.660650,1.46,30.3,1028.0,0.0,-999.0,0,0.0,0.078
2026-01-12 01:34:57.616033,1.46,30.3,1027.9,0.0,-999.0,0,0.1,0.085
2026-01-12 01:34:59.670714,1.46,30.3,1027.9,0.0,16.0,0,0.0,0.077
2026-01-12 01:35:01.632803,1.46,30.3,1028.0,0.0,-999.0,0,0.0,0.079
2026-01-12 01:35:03.587183,1.46,30.3,1028.0,0.0,16.1,0,0.0,0.081
2026-01-12 01:35:05.563819,1.46,30.3,1028.0,0.0,15.9,0,0.1,0.083
2026-01-12 01:35:07.609110,1.46,30.3,1027.9,0.0,16.0,0,0.0,0.081
2026-01-12 01:35:09.567453,1.45,30.3,1028.0,0.0,15.9,0,0.0,0.081
2026-01-12 01:35:11.539659,1.45,30.4,1028.0,0.0,15.9,0,0.3,0.089
2026-01-12 01:35:13.545038,1.45,30.4,1028.0,0.0,16.0,0,0.0,0.08
2026-01-12 01:35:15.634303,1.45,30.4,1027.9,0.0,16.1,0,0.1,0.084
2026-01-12 01:35:17.599844,1.45,30.4,1028.0,0.0,16.0,0,0.0,0.077
2026-01-12 01:35:19.551631,1.45,30.4,1027.9,0.0,16.1,0,0.0,0.081
2026-01-12 01:35:21.611811,1.45,30.4,1027.9,0.0,16.0,0,0.3,0.091
2026-01-12 01:35:23.665430,1.45,30.4,1027.9,0.0,16.0,0,0.0,0.08
2026-01-12 01:35:25.622836,1.45,30.4,1027.7,0.0,16.0,0,0.2,0.087
2026-01-12 01:35:27.570997,1.45,30.4,1028.0,0.0,16.0,0,0.1,0.082
2026-01-12 01:35:29.551914,1.45,30.4,1028.0,0.0,-999.0,0,0.0,0.08
2026-01-12 01:35:31.591500,1.45,30.4,1028.0,0.0,16.0,0,0.1,0.085
2026-01-12 01:35:33.608166,1.45,30.4,1027.9,0.0,16.1,0,0.0,0.08
2026-01-12 01:35:35.607802,1.45,30.4,1028.0,0.0,15.9,0,0.0,0.081
2026-01-12 01:35:37.670861,1.45,30.4,1028.0,0.0,16.0,0,0.0,0.081
2026-01-12 01:35:39.622423,1.45,30.4,1027.9,0.0,16.1,0,0.1,0.082
2026-01-12 01:35:41.587044,1.45,30.4,1027.7,0.0,-999.0,0,0.2,0.085
2026-01-12 01:35:43.564179,1.45,30.4,1027.9,0.0,16.1,0,0.0,0.081
2026-01-12 01:35:45.559013,1.45,30.5,1028.0,0.0,15.8,0,0.2,0.085
2026-01-12 01:35:47.664908,1.45,30.5,1028.0,0.0,15.9,0,0.0,0.077
2026-01-12 01:35:49.548326,1.45,30.5,1028.0,0.0,16.1,0,0.0,0.079
2026-01-12 01:35:51.670144,1.45,30.5,1027.9,0.0,-999.0,0,0.0,0.076
2026-01-12 01:35:53.547989,1.44,30.5,1028.0,0.0,16.0,0,0.0,0.081
2026-01-12 01:35:55.578568,1.44,30.5,1028.1,0.0,-999.0,0,0.1,0.082
2026-01-12 01:35:57.549170,1.44,30.5,1028.1,0.0,15.8,0,0.1,0.084
2026-01-12 01:35:59.604669,1.44,30.5,1028.0,0.0,-999.0,0,0.0,0.077
2026-01-12 01:36:01.668230,1.44,30.5,1028.1,0.0,15.8,0,0.1,0.085
2026-01-12 01:36:03.614312,1.44,30.5,1027.9,0.0,-999.0,0,0.2,0.088
2026-01-12 01:36:05.646119,1.44,30.5,1028.0,0.0,16.0,0,0.0,0.073
2026-01-12 01:36:07.555113,1.44,30.5,1028.0,0.0,16.1,0,0.1,0.085
2026-01-12 01:36:09.581574,1.44,30.5,1028.3,0.0,16.0,0,0.0,0.081
2026-01-12 01:36:11.647937,1.44,30.5,1028.1,0.0,15.9,0,0.0,0.078
2026-01-12 01:36:13.541863,1.44,30.5,1028.1,0.0,15.8,0,0.0,0.077
2026-01-12 01:36:15.667148,1.44,30.5,1028.1,0.0,16.0,0,0.1,0.085
2026-01-12 01:36:17.625216,1.44,30.5,1028.0,0.0,15.8,0,0.0,0.081
2026-01-12 01:36:19.550376,1.44,30.5,1028.3,0.0,16.0,0,0.0,0.081
2026-01-12 01:36:21.551344,1.44,30.5,1028.0,0.0,16.0,0,0.0,0.077
2026-01-12 01:36:23.583869,1.44,30.6,1028.1,0.0,16.0,0,0.0,0.067
2026-01-12 01:36:25.662266,1.44,30.6,1028.0,0.0,15.9,0,0.2,0.085
2026-01-12 01:36:27.603744,1.44,30.6,1028.1,0.0,15.9,0,0.0,0.079
2026-01-12 01:36:29.666310,1.44,30.6,1028.0,0.0,16.0,0,0.0,0.076
2026-01-12 01:36:31.618140,1.44,30.6,1028.1,0.0,16.0,0,0.1,0.085
2026-01-12 01:36:33.572931,1.44,30.6,1028.1,0.0,16.0,0,0.2,0.088
2026-01-12 01:36:35.636887,1.44,30.6,1028.0,0.0,16.0,0,0.0,0.073
2026-01-12 01:36:37.537984,1.44,30.6,1028.0,0.0,16.0,0,0.0,0.081
2026-01-12 01:36:39.662469,1.43,30.6,1028.1,0.0,16.1,0,0.0,0.08
2026-01-12 01:36:41.553067,1.43,30.6,1028.0,0.0,16.0,0,0.0,0.077
2026-01-12 01:36:43.576503,1.43,30.6,1028.1,0.0,15.9,0,0.1,0.083
2026-01-12 01:36:45.569862,1.43,30.6,1028.1,0.0,16.0,0,0.1,0.083
2026-01-12 01:36:47.570519,1.43,30.6,1028.3,0.0,16.1,0,0.1,0.085
2026-01-12 01:36:49.646291,1.43,30.6,1028.3,0.0,-999.0,0,0.2,0.086
2026-01-12 01:36:51.590207,1.43,30.6,1028.1,0.0,16.0,0,0.1,0.084
2026-01-12 01:36:53.659990,1.43,30.6,1028.3,0.0,-999.0,0,0.1,0.083
2026-01-12 01:36:55.620067,1.43,30.6,1028.0,0.0,16.0,0,0.5,0.096
2026-01-12 01:36:57.666926,1.43,30.6,1028.3,0.0,-999.0,0,0.0,0.075
2026-01-12 01:36:59.625240,1.43,30.6,1028.1,0.0,16.0,0,0.0,0.076
2026-01-12 01:37:01.576111,1.43,30.6,1028.0,0.0,-999.0,0,0.0,0.081
2026-01-12 01:37:03.556113,1.43,30.6,1028.0,0.0,15.9,0,0.0,0.079
2026-01-12 01:37:05.543195,1.43,30.6,1028.3,0.0,-999.0,0,0.0,0.076
2026-01-12 01:37:07.556943,1.43,30.6,1028.4,0.0,16.1,0,0.0,0.081
2026-01-12 01:37:09.566503,1.43,30.6,1028.3,0.0,-999.0,0,0.2,0.086
2026-01-12 01:37:11.669877,1.43,30.6,1028.0,0.0,16.1,0,0.0,0.081
2026-01-12 01:37:13.588717,1.43,30.7,1028.0,0.0,-999.0,0,0.0,0.078
2026-01-12 01:37:15.555543,1.43,30.7,1028.0,0.0,16.1,0,0.0,0.077
2026-01-12 01:37:17.643934,1.43,30.7,1027.9,0.0,-999.0,0,0.0,0.077
2026-01-12 01:37:19.595377,1.43,30.7,1028.0,0.0,16.1,0,0.0,0.081
2026-01-12 01:37:21.663520,1.43,30.7,1028.3,0.0,-999.0,0,0.0,0.075
2026-01-12 01:37:23.618244,1.42,30.7,1028.0,0.0,16.0,0,0.2,0.085
2026-01-12 01:37:25.576688,1.42,30.6,1027.9,0.0,-999.0,0,0.0,0.077
2026-01-12 01:37:27.637739,1.42,30.7,1028.0,0.0,16.0,0,0.1,0.084
2026-01-12 01:37:29.552462,1.42,30.7,1028.0,0.0,-999.0,0,0.1,0.084
2026-01-12 01:37:31.563856,1.42,30.7,1028.0,0.0,16.0,0,0.2,0.086
2026-01-12 01:37:33.604703,1.42,30.7,1028.0,0.0,-999.0,0,0.1,0.083
2026-01-12 01:37:35.662863,1.42,30.7,1028.0,0.0,-999.0,0,0.0,0.068
2026-01-12 01:37:37.613305,1.42,30.7,1028.1,0.0,-999.0,0,0.1,0.084
2026-01-12 01:37:39.595752,1.42,30.7,1027.9,0.0,15.9,0,0.2,0.085
2026-01-12 01:37:41.561891,1.42,30.7,1028.1,0.0,16.0,0,0.0,0.073
2026-01-12 01:37:43.590338,1.42,30.7,1028.0,0.0,16.0,0,0.1,0.083
2026-01-12 01:37:45.653901,1.42,30.7,1028.1,0.0,16.0,0,0.0,0.081
2026-01-12 01:37:47.598962,1.42,30.7,1028.0,0.0,-999.0,0,0.1,0.084
2026-01-12 01:37:49.568540,1.42,30.7,1028.0,0.0,16.0,0,0.1,0.083
2026-01-12 01:37:51.629317,1.42,30.7,1028.0,0.0,16.1,0,0.0,0.081
2026-01-12 01:37:53.600412,1.42,30.7,1027.9,0.0,16.0,0,0.0,0.081
2026-01-12 01:37:55.642722,1.42,30.7,1028.1,0.0,-999.0,0,0.1,0.082
2026-01-12 01:37:57.591251,1.42,30.7,1027.9,0.0,16.0,0,0.0,0.08
2026-01-12 01:37:59.552878,1.42,30.7,1028.0,0.0,-999.0,0,0.1,0.083
2026-01-12 01:38:01.565173,1.42,30.7,1027.9,0.0,-999.0,0,0.0,0.076
2026-01-12 01:38:03.675611,1.42,30.7,1027.7,0.0,-999.0,0,0.0,0.074
2026-01-12 01:38:05.616423,1.42,30.7,1027.9,0.0,-999.0,0,0.1,0.084
2026-01-12 01:38:07.587547,1.41,30.7,1028.1,0.0,16.0,0,0.3,0.091
2026-01-12 01:38:09.574971,1.41,30.7,1028.0,0.0,-999.0,0,0.2,0.086
2026-01-12 01:38:11.563786,1.41,30.7,1028.0,0.0,16.0,0,0.0,0.081
2026-01-12 01:38:13.565501,1.41,30.7,1028.3,0.0,16.0,0,0.2,0.086
2026-01-12 01:38:15.605988,1.41,30.7,1027.9,0.0,16.0,0,0.0,0.077
2026-01-12 01:38:17.678911,1.41,30.7,1028.0,0.0,16.1,0,0.0,0.079
2026-01-12 01:38:19.550811,1.41,30.7,1027.9,0.0,16.0,0,0.0,0.081
2026-01-12 01:38:21.571534,1.41,30.7,1028.0,0.0,-999.0,0,0.3,0.089
2026-01-12 01:38:23.746038,1.41,30.7,1027.7,0.0,16.0,0,0.0,0.081
2026-01-12 01:38:25.598621,1.41,30.7,1027.9,0.0,-999.0,0,0.0,0.081
2026-01-12 01:38:27.563957,1.41,30.7,1028.1,0.0,-999.0,0,0.0,0.064
2026-01-12 01:38:29.561058,1.41,30.7,1028.0,0.0,-999.0,0,0.0,0.081
2026-01-12 01:38:31.675388,1.41,30.7,1028.1,0.0,-999.0,0,0.0,0.07
2026-01-12 01:38:33.630819,1.41,30.7,1028.3,0.0,15.9,0,0.1,0.085
2026-01-12 01:38:35.571950,1.41,30.7,1028.0,0.0,-999.0,0,0.2,0.085
2026-01-12 01:38:37.565688,1.41,30.7,1028.1,0.0,16.0,0,0.1,0.084
2026-01-12 01:38:39.573781,1.41,30.7,1028.0,0.0,16.1,0,0.0,0.081
2026-01-12 01:38:41.667938,1.41,30.7,1028.0,0.0,16.0,0,0.2,0.085
2026-01-12 01:38:43.611167,1.41,30.7,1028.0,0.0,-999.0,0,0.0,0.077
2026-01-12 01:38:45.790487,1.41,30.7,1028.0,0.0,16.0,0,0.1,0.084
2026-01-12 01:38:47.565189,1.41,30.7,1027.9,0.0,16.0,0,0.1,0.083
2026-01-12 01:38:49.695271,1.41,30.7,1028.0,0.0,16.1,0,0.1,0.083
2026-01-12 01:38:51.652230,1.4,30.7,1028.3,0.0,16.0,0,0.0,0.081
2026-01-12 01:38:53.604870,1.4,30.7,1027.9,0.0,16.1,0,0.0,0.08
2026-01-12 01:38:55.561572,1.4,30.7,1028.3,0.0,16.1,0,0.1,0.085
2026-01-12 01:38:57.606127,1.4,30.7,1027.9,0.0,-999.0,0,0.1,0.083
2026-01-12 01:38:59.580891,1.4,30.7,1028.0,0.0,16.0,0,0.1,0.085
2026-01-12 01:39:01.634589,1.4,30.7,1027.9,0.0,-999.0,0,0.1,0.084
2026-01-12 01:39:03.583835,1.4,30.7,1027.9,0.0,16.0,0,0.4,0.092
2026-01-12 01:39:05.642775,1.4,30.7,1028.1,0.0,-999.0,0,0.1,0.085
2026-01-12 01:39:07.610763,1.4,30.7,1028.3,0.0,16.0,0,0.1,0.084
2026-01-12 01:39:09.564761,1.4,30.7,1028.0,0.0,-999.0,0,0.1,0.084
2026-01-12 01:39:11.625750,1.4,30.7,1028.3,0.0,16.1,0,0.0,0.081
2026-01-12 01:39:13.577442,1.4,30.7,1028.1,0.0,-999.0,0,0.2,0.085
2026-01-12 01:39:15.637508,1.4,30.7,1028.1,0.0,16.0,0,0.0,0.081
2026-01-12 01:39:17.581855,1.4,30.7,1028.0,0.0,16.2,0,0.1,0.083
2026-01-12 01:39:19.658408,1.4,30.7,1027.9,0.0,16.0,0,0.1,0.083
2026-01-12 01:39:21.615490,1.4,30.7,1027.9,0.0,-999.0,0,0.2,0.085
2026-01-12 01:39:23.663355,1.4,30.7,1028.0,0.0,16.0,0,0.0,0.081
2026-01-12 01:39:25.617817,1.4,30.7,1028.0,0.0,-999.0,0,0.0,0.08
2026-01-12 01:39:27.689012,1.4,30.7,1028.0,0.0,16.1,0,0.0,0.071
2026-01-12 01:39:29.578142,1.4,30.7,1028.0,0.0,-999.0,0,0.2,0.085
2026-01-12 01:39:31.601809,1.4,30.7,1028.0,0.0,16.0,0,0.0,0.081
2026-01-12 01:39:33.650823,1.4,30.7,1028.0,0.0,-999.0,0,0.0,0.079
2026-01-12 01:39:35.563186,1.39,30.7,1027.9,0.0,16.0,0,0.0,0.081
2026-01-12 01:39:37.678171,1.39,30.7,1027.9,0.0,-999.0,0,0.1,0.085
2026-01-12 01:39:39.562156,1.39,30.7,1028.1,0.0,16.0,0,0.2,0.087
2026-01-12 01:39:41.587694,1.39,30.7,1028.3,0.0,-999.0,0,0.7,0.102
2026-01-12 01:39:43.636003,1.39,30.7,1028.0,0.0,16.0,0,0.0,0.081
2026-01-12 01:39:45.699664,1.39,30.7,1028.3,0.0,-999.0,0,0.2,0.087
2026-01-12 01:39:47.656594,1.39,30.7,1027.7,0.0,16.0,0,0.0,0.076
2026-01-12 01:39:49.612465,1.39,30.7,1028.1,0.0,-999.0,0,0.2,0.088
2026-01-12 01:39:51.679342,1.39,30.7,1028.0,0.0,16.0,0,0.0,0.075
2026-01-12 01:39:53.632630,1.39,30.7,1028.4,0.0,-999.0,0,0.0,0.081
2026-01-12 01:39:55.559749,1.39,30.7,1028.0,0.0,16.0,0,0.0,0.081
2026-01-12 01:39:57.645708,1.39,30.7,1028.3,0.0,16.0,0,0.1,0.083
2026-01-12 01:39:59.600654,1.39,30.7,1028.1,0.0,-999.0,0,0.2,0.088
2026-01-12 01:40:01.663074,1.39,30.7,1028.1,0.0,16.0,0,0.1,0.082
2026-01-12 01:40:03.615868,1.39,30.7,1028.0,0.0,-999.0,0,0.0,0.079
2026-01-12 01:40:05.565632,1.39,30.7,1028.1,0.0,16.0,0,0.1,0.083
2026-01-12 01:40:07.637122,1.39,30.7,1028.1,0.0,-999.0,0,0.0,0.072
2026-01-12 01:40:09.577606,1.39,30.7,1028.0,0.0,16.1,0,0.0,0.077
2026-01-12 01:40:11.646044,1.39,30.7,1028.0,0.0,-999.0,0,0.0,0.08
2026-01-12 01:40:13.564603,1.39,30.7,1028.1,0.0,16.0,0,0.2,0.086
2026-01-12 01:40:15.557677,1.39,30.7,1027.7,0.0,-999.0,0,0.1,0.084
2026-01-12 01:40:17.620822,1.39,30.7,1028.0,0.0,-999.0,0,0.0,0.078
2026-01-12 01:40:19.690770,1.38,30.7,1027.9,0.0,16.1,0,0.1,0.084
2026-01-12 01:40:21.568008,1.38,30.7,1028.3,0.0,-999.0,0,0.1,0.083
2026-01-12 01:40:23.698765,1.38,30.7,1028.1,0.0,16.0,0,0.1,0.083
2026-01-12 01:40:25.650442,1.38,30.7,1028.7,0.0,-999.0,0,0.2,0.086
2026-01-12 01:40:27.603602,1.38,30.7,1028.9,0.0,16.0,0,0.0,0.079
2026-01-12 01:40:29.565065,1.38,30.7,1028.9,0.0,-999.0,0,0.1,0.084
2026-01-12 01:40:31.637262,1.38,30.7,1028.5,0.0,16.0,0,0.0,0.081
2026-01-12 01:40:33.685574,1.38,30.7,1027.9,0.0,16.2,0,0.1,0.082
2026-01-12 01:40:35.638709,1.38,30.7,1029.1,0.0,16.1,0,0.0,0.079
2026-01-12 01:40:37.587601,1.38,30.7,1028.4,0.0,16.1,0,0.0,0.077
2026-01-12 01:40:39.565478,1.38,30.7,1028.1,0.0,16.1,0,0.2,0.085
2026-01-12 01:40:41.611730,1.38,30.7,1027.9,0.0,16.1,0,0.0,0.079
2026-01-12 01:40:43.591148,1.38,30.7,1029.9,0.0,16.0,0,0.1,0.083
2026-01-12 01:40:45.564853,1.38,30.7,1029.7,0.0,16.0,0,0.2,0.086
2026-01-12 01:40:47.688737,1.38,30.7,1028.7,0.0,16.0,0,0.1,0.082
2026-01-12 01:40:49.638493,1.38,30.7,1028.9,0.0,16.0,0,0.0,0.078
2026-01-12 01:40:51.696205,1.38,30.7,1029.3,0.0,16.0,0,0.1,0.084
2026-01-12 01:40:53.658140,1.38,30.7,1028.5,0.0,16.0,0,0.4,0.093
2026-01-12 01:40:55.580145,1.38,30.7,1029.1,0.0,16.0,0,0.1,0.083
2026-01-12 01:40:57.664119,1.38,30.7,1028.8,0.0,16.0,0,0.2,0.086
2026-01-12 01:40:59.567384,1.37,30.7,1028.9,0.0,16.0,0,0.2,0.088
2026-01-12 01:41:01.681541,1.37,30.7,1028.9,0.0,16.0,0,0.0,0.076
2026-01-12 01:41:03.751837,1.37,30.7,1028.9,0.0,16.0,0,0.0,0.077
2026-01-12 01:41:05.588205,1.37,30.7,1030.0,0.0,16.0,0,0.1,0.084
2026-01-12 01:41:07.652645,1.37,30.7,1029.6,0.0,-999.0,0,0.3,0.091
2026-01-12 01:41:09.570360,1.37,30.7,1029.3,0.0,16.0,0,0.0,0.079
2026-01-12 01:41:11.675783,1.37,30.7,1029.9,0.0,-999.0,0,0.3,0.089
2026-01-12 01:41:13.564621,1.37,30.7,1029.5,0.0,16.0,0,0.0,0.08
2026-01-12 01:41:15.578655,1.37,30.7,1030.3,0.0,16.2,0,0.0,0.078
2026-01-12 01:41:17.572897,1.37,30.7,1030.1,0.0,16.1,0,0.2,0.085
2026-01-12 01:41:19.594479,1.37,30.7,1030.4,0.0,16.0,0,0.0,0.078
2026-01-12 01:41:21.662318,1.37,30.7,1030.5,0.0,16.1,0,0.0,0.07
2026-01-12 01:41:23.621954,1.37,30.7,1030.4,0.0,-999.0,0,0.2,0.086
2026-01-12 01:41:25.673538,1.37,30.7,1030.1,0.0,16.0,0,0.1,0.084
2026-01-12 01:41:27.565415,1.37,30.7,1030.4,0.0,-999.0,0,0.0,0.081
2026-01-12 01:41:29.693637,1.37,30.7,1030.5,0.0,16.1,0,0.0,0.07
2026-01-12 01:41:31.647946,1.37,30.7,1030.4,0.0,-999.0,0,0.0,0.081
2026-01-12 01:41:33.604968,1.37,30.7,1030.3,0.0,-999.0,0,0.1,0.083
2026-01-12 01:41:35.668714,1.36,30.7,1030.5,0.0,-999.0,0,0.2,0.086
2026-01-12 01:41:37.621635,1.36,30.7,1030.4,0.0,-999.0,0,0.2,0.087
2026-01-12 01:41:39.681560,1.36,30.7,1030.4,0.0,-999.0,0,0.0,0.077
2026-01-12 01:41:41.625650,1.36,30.7,1030.4,0.0,-999.0,0,0.1,0.083
2026-01-12 01:41:43.568483,1.36,30.7,1030.7,0.0,16.0,0,0.0,0.077
2026-01-12 01:41:45.651338,1.36,30.7,1030.7,0.0,-999.0,0,0.0,0.079
2026-01-12 01:41:47.681842,1.36,30.7,1030.3,0.0,15.9,0,0.0,0.078
2026-01-12 01:41:49.683024,1.36,30.7,1030.3,0.0,-999.0,0,0.1,0.084
2026-01-12 01:41:51.565941,1.36,30.7,1030.0,0.0,16.1,0,0.0,0.081
2026-01-12 01:41:53.689114,1.36,30.7,1030.5,0.0,16.0,0,0.0,0.079
2026-01-12 01:41:55.632073,1.36,30.7,1030.0,0.0,16.2,0,0.0,0.078
2026-01-12 01:41:57.694001,1.36,30.7,1030.1,0.0,-999.0,0,0.0,0.078
2026-01-12 01:41:59.656388,1.36,30.7,1030.5,0.0,16.2,0,0.1,0.084
2026-01-12 01:42:01.568187,1.36,30.7,1030.3,0.0,-999.0,0,0.0,0.077
2026-01-12 01:42:03.670111,1.36,30.7,1030.3,0.0,16.2,0,0.1,0.082
2026-01-12 01:42:05.622634,1.36,30.7,1030.5,0.0,-999.0,0,0.0,0.078
2026-01-12 01:42:07.566259,1.36,30.7,1030.7,0.0,16.1,0,0.0,0.077
2026-01-12 01:42:09.570369,1.36,30.7,1030.7,0.0,-999.0,0,0.0,0.074
2026-01-12 01:42:11.693251,1.36,30.7,1030.4,0.0,16.1,0,0.0,0.077
2026-01-12 01:42:13.570666,1.36,30.7,1030.4,0.0,-999.0,0,0.3,0.09
2026-01-12 01:42:15.609911,1.36,30.7,1030.7,0.0,16.1,0,0.1,0.082
2026-01-12 01:42:17.562931,1.36,30.7,1030.4,0.0,-999.0,0,0.0,0.077
2026-01-12 01:42:19.569197,1.36,30.7,1029.6,0.0,-999.0,0,0.1,0.083
2026-01-12 01:42:21.615805,1.35,30.7,1030.7,0.0,-999.0,0,0.0,0.081
2026-01-12 01:42:23.560085,1.35,30.7,1030.4,0.0,-999.0,0,0.1,0.085
2026-01-12 01:42:25.615779,1.35,30.7,1030.7,0.0,-999.0,0,0.5,0.097
2026-01-12 01:42:27.660479,1.35,30.7,1030.1,0.0,-999.0,0,0.1,0.084
2026-01-12 01:42:29.581001,1.35,30.7,1030.4,0.0,-999.0,0,0.1,0.085
2026-01-12 01:42:31.674428,1.35,30.7,1030.7,0.0,16.0,0,0.0,0.077
2026-01-12 01:42:33.644466,1.35,30.7,1030.5,0.0,-999.0,0,0.2,0.086
2026-01-12 01:42:35.580899,1.35,30.7,1030.4,0.0,16.1,0,0.0,0.077
2026-01-12 01:42:37.557548,1.35,30.7,1030.3,0.0,-999.0,0,0.1,0.085
2026-01-12 01:42:39.564766,1.35,30.7,1030.4,0.0,16.2,0,0.0,0.072
2026-01-12 01:42:41.663894,1.35,30.7,1030.4,0.0,-999.0,0,0.0,0.079
2026-01-12 01:42:43.608855,1.35,30.7,1030.7,0.0,16.2,0,0.1,0.082
2026-01-12 01:42:45.614333,1.35,30.7,1030.7,0.0,-999.0,0,0.3,0.089
2026-01-12 01:42:47.575420,1.35,30.7,1030.1,0.0,16.1,0,0.0,0.074
2026-01-12 01:42:49.590863,1.35,30.7,1030.4,0.0,-999.0,0,0.0,0.078
2026-01-12 01:42:51.566199,1.35,30.7,1030.7,0.0,16.1,0,0.1,0.083
2026-01-12 01:42:53.566327,1.35,30.7,1030.5,0.0,-999.0,0,0.1,0.084
2026-01-12 01:42:55.579981,1.35,30.7,1030.3,0.0,16.1,0,0.1,0.085
2026-01-12 01:42:57.569383,1.35,30.7,1030.4,0.0,-999.0,0,0.1,0.085
2026-01-12 01:42:59.579299,1.35,30.7,1030.4,0.0,16.2,0,0.2,0.087
2026-01-12 01:43:01.630507,1.34,30.7,1030.7,0.0,16.2,0,0.1,0.083
2026-01-12 01:43:03.564469,1.34,30.7,1030.4,0.0,16.0,0,0.1,0.083
2026-01-12 01:43:05.566318,1.34,30.7,1030.5,0.0,-999.0,0,0.2,0.086
2026-01-12 01:43:07.564991,1.34,30.7,1030.5,0.0,16.0,0,0.0,0.081
2026-01-12 01:43:09.574373,1.34,30.7,1030.5,0.0,-999.0,0,0.3,0.089
2026-01-12 01:43:11.577685,1.34,30.7,1030.4,0.0,16.2,0,0.0,0.078
2026-01-12 01:43:13.575552,1.34,30.7,1030.4,0.0,-999.0,0,0.0,0.079
2026-01-12 01:43:15.565767,1.34,30.7,1030.5,0.0,16.0,0,0.1,0.082
2026-01-12 01:43:17.564677,1.34,30.7,1030.5,0.0,-999.0,0,0.1,0.083
2026-01-12 01:43:19.575665,1.34,30.7,1030.4,0.0,16.0,0,0.2,0.086
2026-01-12 01:43:21.615690,1.34,30.7,1030.5,0.0,16.2,0,0.1,0.085
2026-01-12 01:43:23.566618,1.34,30.7,1030.0,0.0,-999.0,0,0.0,0.08
2026-01-12 01:43:25.572383,1.34,30.7,1030.0,0.0,-999.0,0,0.2,0.088
2026-01-12 01:43:27.583108,1.34,30.7,1030.4,0.0,-999.0,0,0.4,0.093
2026-01-12 01:43:29.577527,1.34,30.7,1030.1,0.0,-999.0,0,0.0,0.081
2026-01-12 01:43:31.567185,1.34,30.7,1030.5,0.0,-999.0,0,0.0,0.078
2026-01-12 01:43:33.648852,1.34,30.7,1030.0,0.0,-999.0,0,0.0,0.078
2026-01-12 01:43:35.567730,1.34,30.7,1030.3,0.0,16.2,0,0.2,0.085
2026-01-12 01:43:37.573271,1.34,30.7,1030.1,0.0,-999.0,0,0.0,0.08
2026-01-12 01:43:39.573560,1.34,30.7,1030.3,0.0,16.2,0,0.0,0.079
2026-01-12 01:43:41.582301,1.34,30.7,1030.4,0.0,16.2,0,0.0,0.077
2026-01-12 01:43:43.575782,1.33,30.7,1030.1,0.0,16.0,0,0.0,0.081
2026-01-12 01:43:45.570378,1.33,30.7,1030.3,0.0,16.0,0,0.2,0.086
2026-01-12 01:43:47.597348,1.33,30.7,1030.4,0.0,-999.0,0,0.2,0.085
2026-01-12 01:43:49.568018,1.33,30.7,1030.3,0.0,16.2,0,0.0,0.077
2026-01-12 01:43:51.577337,1.33,30.7,1030.1,0.0,-999.0,0,0.1,0.085
2026-01-12 01:43:53.556267,1.33,30.7,1030.4,0.0,-999.0,0,0.0,0.078
2026-01-12 01:43:55.595091,1.33,30.7,1030.3,0.0,-999.0,0,0.0,0.08
2026-01-12 01:43:57.575952,1.33,30.7,1030.5,0.0,16.1,0,0.2,0.086
2026-01-12 01:43:59.568784,1.33,30.7,1030.7,0.0,-999.0,0,0.1,0.085
2026-01-12 01:44:01.572053,1.33,30.7,1030.3,0.0,16.1,0,0.6,0.099
2026-01-12 01:44:03.615525,1.33,30.7,1030.4,0.0,16.2,0,0.0,0.081
2026-01-12 01:44:05.619161,1.33,30.7,1030.4,0.0,16.2,0,0.0,0.081
2026-01-12 01:44:07.572150,1.33,30.7,1030.7,0.0,16.2,0,0.2,0.086
2026-01-12 01:44:09.587048,1.33,30.7,1030.4,0.0,16.1,0,0.1,0.084
2026-01-12 01:44:11.646236,1.33,30.7,1030.7,0.0,16.0,0,0.1,0.083
2026-01-12 01:44:13.567123,1.33,30.7,1029.7,0.0,16.1,0,0.2,0.086
2026-01-12 01:44:15.585964,1.33,30.7,1030.4,0.0,-999.0,0,0.0,0.081
2026-01-12 01:44:17.615912,1.33,30.7,1030.4,0.0,16.2,0,0.1,0.082
2026-01-12 01:44:19.575362,1.33,30.7,1030.7,0.0,-999.0,0,0.2,0.085
2026-01-12 01:44:21.576884,1.33,30.7,1030.7,0.0,16.2,0,0.0,0.081
2026-01-12 01:44:23.591788,1.33,30.7,1030.3,0.0,-999.0,0,0.2,0.085
2026-01-12 01:44:25.651799,1.33,30.7,1030.4,0.0,16.1,0,0.0,0.081
2026-01-12 01:44:27.568636,1.32,30.7,1030.5,0.0,-999.0,0,0.0,0.073
2026-01-12 01:44:29.663953,1.32,30.7,1030.3,0.0,16.2,0,0.2,0.086
2026-01-12 01:44:31.611712,1.32,30.7,1030.3,0.0,-999.0,0,0.1,0.083
2026-01-12 01:44:33.592789,1.32,30.7,1030.7,0.0,16.2,0,0.1,0.083
2026-01-12 01:44:35.635343,1.32,30.7,1030.3,0.0,-999.0,0,0.5,0.096
2026-01-12 01:44:37.626200,1.32,30.7,1030.5,0.0,16.2,0,0.0,0.079
2026-01-12 01:44:39.570959,1.32,30.7,1030.3,0.0,-999.0,0,0.1,0.084
2026-01-12 01:44:41.600755,1.32,30.7,1030.3,0.0,16.0,0,0.2,0.087
2026-01-12 01:44:43.669446,1.32,30.7,1030.5,0.0,-999.0,0,0.1,0.085
2026-01-12 01:44:45.571096,1.32,30.7,1030.3,0.0,16.1,0,0.0,0.078
2026-01-12 01:44:47.577135,1.32,30.7,1030.4,0.0,16.1,0,0.3,0.089
2026-01-12 01:44:49.569924,1.32,30.7,1030.3,0.0,16.2,0,0.0,0.078
2026-01-12 01:44:51.693732,1.32,30.7,1030.4,0.0,16.1,0,0.0,0.074
2026-01-12 01:44:53.575195,1.32,30.7,1030.1,0.0,16.2,0,0.0,0.081
2026-01-12 01:44:55.605201,1.32,30.7,1030.5,0.0,16.2,0,0.0,0.081
2026-01-12 01:44:57.570753,1.32,30.7,1030.0,0.0,16.1,0,0.0,0.08
2026-01-12 01:44:59.574190,1.32,30.7,1030.5,0.0,-999.0,0,0.0,0.08
2026-01-12 01:45:01.681154,1.32,30.7,1030.3,0.0,16.2,0,0.1,0.083
2026-01-12 01:45:03.640439,1.32,30.7,1030.1,0.0,16.2,0,0.2,0.087
2026-01-12 01:45:05.698891,1.32,30.7,1030.4,0.0,16.2,0,0.2,0.085
2026-01-12 01:45:07.580444,1.32,30.7,1030.4,0.0,16.2,0,0.0,0.076
2026-01-12 01:45:09.564450,1.32,30.7,1030.7,0.0,16.0,0,0.1,0.085
2026-01-12 01:45:11.670379,1.32,30.7,1030.4,0.0,16.2,0,0.0,0.081
2026-01-12 01:45:13.573146,1.31,30.7,1030.1,0.0,16.2,0,0.0,0.078
2026-01-12 01:45:15.587183,1.31,30.7,1030.4,0.0,-999.0,0,0.0,0.08
2026-01-12 01:45:17.581808,1.31,30.7,1030.4,0.0,16.2,0,0.2,0.087
2026-01-12 01:45:19.699669,1.31,30.7,1030.7,0.0,16.1,0,0.1,0.085
2026-01-12 01:45:21.656442,1.31,30.7,1029.7,0.0,16.2,0,0.0,0.079
2026-01-12 01:45:23.575147,1.31,30.7,1030.4,0.0,-999.0,0,0.0,0.076
2026-01-12 01:45:25.670995,1.31,30.7,1030.7,0.0,16.2,0,0.2,0.086
2026-01-12 01:45:27.572165,1.31,30.7,1030.4,0.0,16.2,0,0.1,0.082
2026-01-12 01:45:29.686832,1.31,30.7,1030.4,0.0,-999.0,0,0.0,0.077
2026-01-12 01:45:31.576221,1.31,30.7,1030.4,0.0,16.2,0,0.0,0.081
2026-01-12 01:45:33.603935,1.31,30.8,1030.1,0.0,16.0,0,0.1,0.084
2026-01-12 01:45:35.658708,1.31,30.8,1030.1,0.0,16.2,0,0.1,0.084
2026-01-12 01:45:37.579382,1.31,30.8,1029.9,0.0,16.0,0,0.0,0.079
2026-01-12 01:45:39.684456,1.31,30.8,1030.4,0.0,16.1,0,0.3,0.089
2026-01-12 01:45:41.633569,1.31,30.8,1029.9,0.0,-999.0,0,0.2,0.087
2026-01-12 01:45:43.593797,1.31,30.8,1030.7,0.0,16.2,0,0.0,0.08
2026-01-12 01:45:45.725707,1.31,30.8,1030.1,0.0,16.2,0,0.0,0.073
2026-01-12 01:45:47.711517,1.31,30.8,1029.9,0.0,16.2,0,0.0,0.079
2026-01-12 01:45:49.672603,1.31,30.8,1030.7,0.0,16.1,0,0.0,0.077
2026-01-12 01:45:51.613738,1.31,30.8,1030.7,0.0,16.2,0,0.3,0.09
2026-01-12 01:45:53.675722,1.3,30.8,1030.7,0.0,16.2,0,0.0,0.071
2026-01-12 01:45:55.635151,1.3,30.8,1030.3,0.0,16.2,0,0.0,0.079
2026-01-12 01:45:57.591240,1.3,30.8,1030.3,0.0,16.1,0,0.2,0.088
2026-01-12 01:45:59.574550,1.3,30.8,1030.4,0.0,16.2,0,0.0,0.074
2026-01-12 01:46:01.575714,1.3,30.8,1030.4,0.0,16.1,0,0.0,0.081
2026-01-12 01:46:03.662766,1.3,30.8,1030.5,0.0,16.2,0,0.0,0.078
2026-01-12 01:46:05.624359,1.3,30.8,1030.7,0.0,16.2,0,0.1,0.085
2026-01-12 01:46:07.615572,1.3,30.8,1030.7,0.0,16.2,0,0.0,0.078
2026-01-12 01:46:09.655022,1.3,30.8,1030.3,0.0,16.2,0,0.0,0.08
2026-01-12 01:46:11.696938,1.3,30.8,1029.1,0.0,16.1,0,0.0,0.077
2026-01-12 01:46:13.574228,1.3,30.8,1030.4,0.0,16.2,0,0.1,0.083
2026-01-12 01:46:15.604117,1.3,30.8,1029.7,0.0,16.1,0,0.0,0.081
2026-01-12 01:46:17.575254,1.3,30.8,1030.4,0.0,16.2,0,0.2,0.086
2026-01-12 01:46:19.608678,1.3,30.8,1029.9,0.0,-999.0,0,0.0,0.073
2026-01-12 01:46:21.592575,1.3,30.8,1030.1,0.0,16.1,7,7.2,0.307
2026-01-12 01:46:23.646590,1.3,30.8,1030.7,0.0,16.0,28,29.0,0.992
2026-01-12 01:46:25.664021,1.3,30.8,1030.3,0.0,16.1,52,52.3,1.723
2026-01-12 01:46:27.659542,1.3,30.8,1030.3,0.0,16.2,56,56.1,1.843
2026-01-12 01:46:29.620276,1.3,30.9,1030.4,0.0,16.1,56,56.1,1.843
2026-01-12 01:46:31.666165,1.3,30.9,1030.1,0.0,16.1,55,56.4,1.852
2026-01-12 01:46:33.632301,1.3,30.9,1030.0,0.0,-999.0,56,56.1,1.841
2026-01-12 01:46:35.688969,1.3,30.9,1030.3,0.0,16.2,56,56.2,1.845
2026-01-12 01:46:37.573055,1.3,30.9,1029.6,0.0,-999.0,56,56.9,1.867
2026-01-12 01:46:39.563695,1.3,30.9,1030.5,0.0,-999.0,65,65.0,2.12
2026-01-12 01:46:41.664445,1.3,30.9,1029.9,0.0,16.2,89,89.4,2.887
2026-01-12 01:46:43.591215,1.3,30.9,1029.7,0.0,-999.0,100,100.0,3.267
2026-01-12 01:46:45.587477,1.29,30.9,1029.7,0.0,-999.0,100,100.0,3.281
2026-01-12 01:46:47.642172,1.29,30.9,1030.0,0.0,16.2,100,100.0,3.262
2026-01-12 01:46:49.698621,1.3,30.9,1028.7,0.0,16.2,100,100.0,3.262
2026-01-12 01:46:51.643404,1.29,30.9,1028.7,0.0,-999.0,100,100.0,3.271
2026-01-12 01:46:53.598722,1.29,30.9,1028.5,0.0,16.2,100,100.0,3.26
2026-01-12 01:46:55.659073,1.29,30.9,1028.9,0.0,16.2,100,100.0,3.267
2026-01-12 01:46:57.609778,1.29,30.9,1029.3,0.0,16.2,100,100.0,3.279
2026-01-12 01:46:59.583523,1.29,30.9,1028.1,0.0,-999.0,100,100.0,3.266
2026-01-12 01:47:01.616477,1.29,30.9,1029.6,0.0,16.2,74,73.9,2.401
2026-01-12 01:47:03.693911,1.29,31.0,1028.4,0.0,-999.0,52,51.5,1.697
2026-01-12 01:47:05.652702,1.29,30.9,1027.9,0.0,-999.0,38,38.8,1.298
2026-01-12 01:47:07.598391,1.29,30.9,1028.0,0.0,16.1,38,38.8,1.297
2026-01-12 01:47:09.667041,1.29,30.9,1028.5,0.0,-999.0,38,39.0,1.305
2026-01-12 01:47:11.732148,1.29,30.9,1028.8,0.0,-999.0,38,38.8,1.297
2026-01-12 01:47:13.584257,1.29,31.0,1028.8,0.0,-999.0,38,38.5,1.29
2026-01-12 01:47:15.587599,1.29,31.0,1027.9,0.0,16.1,16,16.3,0.593
2026-01-12 01:47:17.695673,1.29,30.9,1028.0,0.0,-999.0,0,0.0,0.069
2026-01-12 01:47:19.586277,1.29,31.0,1027.9,0.0,16.2,0,0.0,0.076
2026-01-12 01:47:21.713551,1.29,31.0,1027.9,0.0,16.2,0,0.0,0.073
2026-01-12 01:47:23.667742,1.29,31.0,1028.0,0.0,16.2,0,0.0,0.071
2026-01-12 01:47:25.624643,1.29,31.0,1027.9,0.0,16.2,0,0.2,0.085
2026-01-12 01:47:27.596693,1.29,31.0,1027.7,0.0,16.1,0,0.0,0.077
2026-01-12 01:47:29.585752,1.29,30.9,1027.7,0.0,16.0,0,0.0,0.075
2026-01-12 01:47:31.604656,1.29,31.0,1028.0,0.0,-999.0,0,0.0,0.076
2026-01-12 01:47:33.593442,1.29,31.0,1027.6,0.0,16.5,0,0.0,0.068
2026-01-12 01:47:35.676409,1.29,31.0,1027.7,0.0,-999.0,0,0.0,0.075
2026-01-12 01:47:37.578508,1.29,31.0,1027.7,0.0,16.2,0,0.0,0.075
2026-01-12 01:47:39.580702,1.29,31.0,1027.9,0.0,-999.0,0,0.0,0.069
2026-01-12 01:47:41.685609,1.29,31.0,1027.7,0.0,-999.0,0,0.0,0.074
2026-01-12 01:47:43.583183,1.29,31.0,1027.7,0.0,16.2,0,0.0,0.074
2026-01-12 01:47:45.697486,1.28,31.0,1027.7,0.0,-999.0,0,0.0,0.078
2026-01-12 01:47:47.589738,1.28,31.0,1027.7,0.0,16.2,0,0.0,0.073
2026-01-12 01:47:49.586754,1.28,31.0,1027.9,0.0,16.2,0,0.0,0.075
2026-01-12 01:47:51.590660,1.28,31.0,1027.9,0.0,16.2,0,0.0,0.072
2026-01-12 01:47:53.627271,1.28,31.0,1027.7,0.0,16.2,0,0.0,0.064
2026-01-12 01:47:55.586170,1.28,31.1,1027.9,0.0,16.2,0,0.0,0.067
2026-01-12 01:47:57.644931,1.28,31.0,1027.9,0.0,-999.0,0,0.0,0.075
2026-01-12 01:47:59.613539,1.28,31.1,1027.9,0.0,16.1,0,0.0,0.074
2026-01-12 01:48:01.651211,1.28,31.1,1027.9,0.0,16.1,0,0.0,0.075
2026-01-12 01:48:03.585383,1.28,31.1,1028.0,0.0,16.2,0,0.0,0.065
2026-01-12 01:48:05.681210,1.28,31.1,1027.7,0.0,-999.0,0,0.0,0.078
2026-01-12 01:48:07.588523,1.28,31.1,1027.9,0.0,16.2,0,0.0,0.07
2026-01-12 01:48:09.698616,1.28,31.1,1027.9,0.0,-999.0,0,0.0,0.074
2026-01-12 01:48:11.650294,1.28,31.1,1028.0,0.0,-999.0,0,0.0,0.074
2026-01-12 01:48:13.596720,1.28,31.1,1028.0,0.0,16.2,0,0.0,0.071
2026-01-12 01:48:15.599646,1.28,31.1,1027.9,0.0,-999.0,0,0.0,0.075
2026-01-12 01:48:17.718881,1.28,31.1,1028.0,0.0,16.2,0,0.0,0.073
2026-01-12 01:48:19.601410,1.28,31.1,1027.9,0.0,-999.0,0,0.0,0.069
2026-01-12 01:48:21.586165,1.28,31.1,1027.9,0.0,16.2,0,0.0,0.072
2026-01-12 01:48:23.599498,1.28,31.1,1027.9,0.0,16.2,0,0.0,0.071
2026-01-12 01:48:25.651928,1.28,31.1,1027.7,0.0,16.2,0,0.0,0.07
2026-01-12 01:48:27.609248,1.28,31.1,1027.9,0.0,16.2,0,0.0,0.074
2026-01-12 01:48:29.672208,1.27,31.1,1027.9,0.0,16.2,0,0.0,0.074
2026-01-12 01:48:31.627298,1.27,31.1,1027.7,0.0,16.2,0,0.0,0.069
2026-01-12 01:48:33.678501,1.27,31.1,1027.7,0.0,16.1,0,0.0,0.07
2026-01-12 01:48:35.579523,1.27,31.1,1027.9,0.0,16.1,0,0.0,0.073
2026-01-12 01:48:37.591738,1.27,31.1,1028.0,0.0,-999.0,0,0.0,0.078
2026-01-12 01:48:39.601052,1.27,31.1,1027.9,0.0,16.2,0,0.0,0.072
2026-01-12 01:48:41.719205,1.27,31.1,1027.6,0.0,-999.0,0,0.1,0.082
2026-01-12 01:48:43.592671,1.27,31.1,1027.9,0.0,16.2,0,0.0,0.067
2026-01-12 01:48:45.727896,1.27,31.1,1027.9,0.0,-999.0,0,0.0,0.069
2026-01-12 01:48:47.678065,1.27,31.2,1027.9,0.0,16.2,0,0.0,0.077
2026-01-12 01:48:49.638386,1.27,31.1,1027.7,0.0,-999.0,0,0.0,0.064
2026-01-12 01:48:51.709728,1.27,31.1,1028.0,0.0,-999.0,0,0.0,0.074
2026-01-12 01:48:53.661694,1.27,31.1,1027.7,0.0,-999.0,0,0.0,0.078
2026-01-12 01:48:55.714887,1.27,31.1,1027.9,0.0,-999.0,0,0.0,0.08
2026-01-12 01:48:57.672113,1.27,31.1,1027.6,0.0,16.4,0,0.0,0.073
2026-01-12 01:48:59.621486,1.27,31.2,1027.6,0.0,16.2,0,0.1,0.084
2026-01-12 01:49:01.598454,1.27,31.2,1027.7,0.0,16.2,0,0.1,0.083
2026-01-12 01:49:03.638521,1.27,31.2,1027.9,0.0,16.1,0,0.0,0.071
2026-01-12 01:49:05.695231,1.27,31.1,1027.7,0.0,16.3,0,0.0,0.077
2026-01-12 01:49:07.650168,1.27,31.1,1027.7,0.0,-999.0,0,0.0,0.072
2026-01-12 01:49:09.720963,1.27,31.2,1027.6,0.0,-999.0,0,0.0,0.075
2026-01-12 01:49:11.633284,1.27,31.2,1027.7,0.0,-999.0,0,0.0,0.073
2026-01-12 01:49:13.584649,1.27,31.2,1027.7,0.0,-999.0,0,0.0,0.069
2026-01-12 01:49:15.696746,1.27,31.2,1027.7,0.0,-999.0,0,0.0,0.078
2026-01-12 01:49:17.644831,1.26,31.2,1027.7,0.0,-999.0,0,0.0,0.07
2026-01-12 01:49:19.601838,1.26,31.2,1027.7,0.0,16.3,0,0.0,0.076
2026-01-12 01:49:21.657225,1.26,31.2,1027.6,0.0,-999.0,0,0.0,0.07
2026-01-12 01:49:23.724936,1.26,31.2,1027.7,0.0,16.2,0,0.0,0.078
2026-01-12 01:49:25.673146,1.26,31.2,1027.7,0.0,-999.0,0,0.0,0.073
2026-01-12 01:49:27.628885,1.26,31.2,1027.7,0.0,16.2,0,0.0,0.071
2026-01-12 01:49:29.688322,1.26,31.2,1027.9,0.0,16.2,0,0.0,0.077
2026-01-12 01:49:31.627386,1.26,31.2,1027.6,0.0,16.2,0,0.0,0.067
2026-01-12 01:49:33.629150,1.26,31.2,1027.7,0.0,16.2,0,0.0,0.074
2026-01-12 01:49:35.661508,1.26,31.2,1027.7,0.0,16.3,0,0.0,0.065
2026-01-12 01:49:37.590838,1.26,31.2,1027.9,0.0,16.1,0,0.0,0.079
2026-01-12 01:49:39.665834,1.26,31.2,1027.7,0.0,16.2,0,0.0,0.072
2026-01-12 01:49:41.633362,1.26,31.2,1027.7,0.0,16.4,0,0.0,0.068
2026-01-12 01:49:43.683933,1.26,31.2,1027.9,0.0,16.2,0,0.0,0.066
2026-01-12 01:49:45.590986,1.26,31.2,1027.7,0.0,16.2,0,0.0,0.074
2026-01-12 01:49:47.702660,1.26,31.2,1027.9,0.0,-999.0,0,0.0,0.065
2026-01-12 01:49:49.604123,1.26,31.2,1027.7,0.0,-999.0,0,0.0,0.08
2026-01-12 01:49:51.585124,1.26,31.2,1027.9,0.0,-999.0,0,0.0,0.076
2026-01-12 01:49:53.684405,1.26,31.2,1027.9,0.0,16.2,0,0.0,0.077
2026-01-12 01:49:55.627165,1.26,31.2,1027.7,0.0,-999.0,0,0.0,0.064
2026-01-12 01:49:57.695423,1.26,31.2,1027.7,0.0,16.2,0,0.0,0.075
2026-01-12 01:49:59.643701,1.26,31.2,1027.7,0.0,16.2,0,0.0,0.081
2026-01-12 01:50:01.709494,1.26,31.2,1027.7,0.0,16.2,0,0.0,0.076
2026-01-12 01:50:03.586703,1.25,31.2,1027.9,0.0,16.2,0,0.0,0.074
2026-01-12 01:50:05.577550,1.25,31.2,1027.9,0.0,16.2,0,0.0,0.071
2026-01-12 01:50:07.668093,1.25,31.2,1027.7,0.0,16.2,0,0.0,0.069
2026-01-12 01:50:09.585526,1.25,31.2,1027.9,0.0,16.2,0,0.0,0.071
2026-01-12 01:50:11.685995,1.25,31.2,1027.7,0.0,16.1,0,0.0,0.071
2026-01-12 01:50:13.672868,1.25,31.2,1027.7,0.0,-999.0,0,0.0,0.078
2026-01-12 01:50:15.613791,1.25,31.2,1027.7,0.0,16.3,0,0.0,0.073
2026-01-12 01:50:17.663789,1.25,31.2,1027.9,0.0,16.3,0,0.0,0.07
2026-01-12 01:50:19.745073,1.25,31.2,1027.7,0.0,16.3,0,0.0,0.052
2026-01-12 01:50:21.589646,1.25,31.2,1027.7,0.0,-999.0,0,0.0,0.077
2026-01-12 01:50:23.602823,1.25,31.2,1027.6,0.0,-999.0,0,0.0,0.07
2026-01-12 01:50:25.603894,1.25,31.2,1027.7,0.0,16.4,0,0.0,0.077
2026-01-12 01:50:27.638188,1.25,31.2,1027.6,0.0,-999.0,0,0.0,0.077
2026-01-12 01:50:29.581299,1.25,31.2,1027.7,0.0,16.2,0,0.0,0.071
2026-01-12 01:50:31.680002,1.25,31.2,1027.7,0.0,-999.0,0,0.0,0.071
2026-01-12 01:50:33.619353,1.25,31.2,1027.7,0.0,16.4,0,0.0,0.079
2026-01-12 01:50:35.683650,1.25,31.2,1027.7,0.0,-999.0,0,0.0,0.073
2026-01-12 01:50:37.581615,1.25,31.2,1027.9,0.0,16.2,0,0.0,0.07
2026-01-12 01:50:39.621134,1.25,31.2,1027.7,0.0,-999.0,0,0.0,0.073
2026-01-12 01:50:41.655708,1.25,31.2,1027.7,0.0,16.2,0,0.0,0.068
2026-01-12 01:50:43.582428,1.25,31.2,1027.7,0.0,-999.0,0,0.0,0.073
2026-01-12 01:50:45.667485,1.25,31.2,1027.7,0.0,16.2,0,0.0,0.069
2026-01-12 01:50:47.589794,1.24,31.2,1027.7,0.0,-999.0,0,0.0,0.074
2026-01-12 01:50:49.683864,1.24,31.2,1027.7,0.0,16.4,0,0.0,0.081
2026-01-12 01:50:51.589454,1.24,31.2,1027.7,0.0,16.1,0,0.0,0.081
2026-01-12 01:50:53.607088,1.24,31.2,1027.6,0.0,16.2,0,0.1,0.083
2026-01-12 01:50:55.663930,1.24,31.2,1027.9,0.0,-999.0,0,0.0,0.071
2026-01-12 01:50:57.737156,1.24,31.2,1027.6,0.0,16.2,0,0.0,0.081
2026-01-12 01:50:59.579831,1.24,31.2,1027.7,0.0,16.5,0,0.0,0.073
2026-01-12 01:51:01.638570,1.24,31.2,1027.6,0.0,16.4,0,0.0,0.079
2026-01-12 01:51:03.693083,1.24,31.2,1027.7,0.0,16.1,0,0.0,0.07
2026-01-12 01:51:05.589631,1.24,31.2,1027.7,0.0,16.3,0,0.0,0.078
2026-01-12 01:51:07.619352,1.24,31.2,1027.7,0.0,-999.0,0,0.0,0.078
2026-01-12 01:51:09.664641,1.24,31.2,1027.7,0.0,16.2,0,0.0,0.071
2026-01-12 01:51:11.728482,1.24,31.2,1027.7,0.0,-999.0,0,0.0,0.076
2026-01-12 01:51:13.598391,1.24,31.2,1027.7,0.0,16.2,0,0.0,0.073
2026-01-12 01:51:15.600293,1.24,31.2,1028.0,0.0,-999.0,0,0.0,0.067
2026-01-12 01:51:17.697870,1.24,31.2,1027.7,0.0,16.2,0,0.0,0.069
2026-01-12 01:51:19.653198,1.24,31.2,1027.7,0.0,-999.0,0,0.0,0.071
2026-01-12 01:51:21.721860,1.24,31.2,1027.7,0.0,16.2,0,0.0,0.074
2026-01-12 01:51:23.604970,1.24,31.2,1027.9,0.0,-999.0,0,0.0,0.077
2026-01-12 01:51:25.736141,1.24,31.2,1027.6,0.0,16.2,0,0.0,0.059
2026-01-12 01:51:27.688748,1.24,31.2,1027.6,0.0,-999.0,0,0.0,0.076
2026-01-12 01:51:29.581400,1.24,31.2,1027.5,0.0,-999.0,0,0.0,0.074
2026-01-12 01:51:31.708998,1.24,31.2,1028.0,0.0,-999.0,0,0.0,0.077
2026-01-12 01:51:33.587395,1.24,31.2,1027.9,0.0,16.2,0,0.0,0.073
2026-01-12 01:51:35.716793,1.23,31.2,1027.9,0.0,-999.0,0,0.0,0.068
2026-01-12 01:51:37.660076,1.23,31.2,1027.6,0.0,-999.0,0,0.0,0.074
2026-01-12 01:51:39.599262,1.23,31.2,1027.7,0.0,-999.0,0,0.0,0.073
2026-01-12 01:51:41.674524,1.23,31.2,1027.9,0.0,-999.0,0,0.0,0.073
2026-01-12 01:51:43.635859,1.23,31.2,1027.9,0.0,16.2,0,0.0,0.071
2026-01-12 01:51:45.693595,1.23,31.2,1027.9,0.0,-999.0,0,0.0,0.068
2026-01-12 01:51:47.593306,1.23,31.2,1027.9,0.0,-999.0,0,0.0,0.079
2026-01-12 01:51:49.658642,1.23,31.2,1027.7,0.0,-999.0,0,0.0,0.074
2026-01-12 01:51:51.666122,1.23,31.2,1027.9,0.0,16.2,0,0.0,0.069
2026-01-12 01:51:53.619983,1.23,31.2,1027.7,0.0,-999.0,0,0.0,0.076
2026-01-12 01:51:55.591472,1.23,31.2,1027.9,0.0,16.2,0,0.0,0.066
2026-01-12 01:51:57.643230,1.23,31.2,1027.6,0.0,16.2,0,0.0,0.048
2026-01-12 01:51:59.695924,1.23,31.2,1027.7,0.0,16.2,0,0.0,0.077
2026-01-12 01:52:01.592400,1.23,31.2,1027.7,0.0,16.2,0,0.0,0.072
2026-01-12 01:52:03.591958,1.23,31.2,1027.7,0.0,16.3,0,0.0,0.073
2026-01-12 01:52:05.666039,1.23,31.2,1027.7,0.0,-999.0,0,0.0,0.072
2026-01-12 01:52:07.620918,1.23,31.2,1027.9,0.0,16.2,0,0.3,0.089
2026-01-12 01:52:09.685938,1.23,31.2,1027.9,0.0,-999.0,0,0.0,0.068
2026-01-12 01:52:11.592217,1.23,31.2,1027.9,0.0,16.2,0,0.0,0.071
2026-01-12 01:52:13.613778,1.23,31.2,1027.7,0.0,-999.0,0,0.0,0.081
2026-01-12 01:52:15.655698,1.23,31.2,1027.7,0.0,16.3,0,0.3,0.089
2026-01-12 01:52:17.723031,1.23,31.2,1027.7,0.0,-999.0,0,0.0,0.069
2026-01-12 01:52:19.686134,1.22,31.2,1027.7,0.0,16.3,0,0.0,0.078
2026-01-12 01:52:21.595980,1.22,31.2,1027.7,0.0,-999.0,0,0.0,0.067
2026-01-12 01:52:23.681646,1.22,31.2,1027.7,0.0,16.2,0,0.0,0.073
2026-01-12 01:52:25.638582,1.22,31.2,1027.6,0.0,-999.0,0,0.0,0.076
2026-01-12 01:52:27.612105,1.22,31.2,1027.6,0.0,16.2,0,0.0,0.068
2026-01-12 01:52:29.663806,1.22,31.2,1027.7,0.0,-999.0,0,0.0,0.078
2026-01-12 01:52:31.718659,1.22,31.2,1027.7,0.0,16.2,0,0.0,0.068
2026-01-12 01:52:33.680972,1.22,31.2,1027.6,0.0,-999.0,0,0.0,0.077
2026-01-12 01:52:35.585756,1.22,31.2,1027.6,0.0,16.3,0,0.0,0.073
2026-01-12 01:52:37.606392,1.22,31.2,1027.7,0.0,16.3,0,0.0,0.07
2026-01-12 01:52:39.645408,1.22,31.2,1027.7,0.0,16.2,0,0.0,0.071
2026-01-12 01:52:41.709915,1.22,31.2,1027.6,0.0,-999.0,0,0.0,0.072
2026-01-12 01:52:43.672407,1.22,31.2,1027.7,0.0,16.3,0,0.0,0.071
2026-01-12 01:52:45.736302,1.22,31.2,1027.7,0.0,-999.0,0,0.0,0.067
2026-01-12 01:52:47.601972,1.22,31.2,1027.6,0.0,16.2,0,0.0,0.076
2026-01-12 01:52:49.636628,1.22,31.2,1027.6,0.0,-999.0,0,0.0,0.073
2026-01-12 01:52:51.697288,1.22,31.2,1027.7,0.0,16.2,0,0.0,0.072
2026-01-12 01:52:53.644580,1.22,31.2,1027.6,0.0,-999.0,0,0.0,0.068
2026-01-12 01:52:55.621527,1.22,31.2,1027.7,0.0,16.2,0,0.0,0.081
2026-01-12 01:52:57.649051,1.22,31.2,1027.7,0.0,-999.0,0,0.0,0.073
2026-01-12 01:52:59.592515,1.22,31.2,1027.7,0.0,16.3,0,0.0,0.071
2026-01-12 01:53:01.678666,1.22,31.2,1027.7,0.0,-999.0,0,0.0,0.078
2026-01-12 01:53:03.637556,1.22,31.2,1027.7,0.0,16.2,0,0.0,0.077
2026-01-12 01:53:05.690283,1.21,31.2,1027.6,0.0,-999.0,0,0.0,0.074
2026-01-12 01:53:07.599011,1.21,31.2,1027.7,0.0,16.3,0,0.0,0.073
2026-01-12 01:53:09.716936,1.21,31.2,1027.7,0.0,-999.0,0,0.0,0.073
2026-01-12 01:53:11.671049,1.21,31.2,1027.9,0.0,16.2,0,0.0,0.072
2026-01-12 01:53:13.602204,1.21,31.2,1027.7,0.0,-999.0,0,0.0,0.077
2026-01-12 01:53:15.677356,1.21,31.2,1027.7,0.0,16.3,0,0.0,0.078
2026-01-12 01:53:17.589678,1.21,31.2,1027.7,0.0,-999.0,0,0.0,0.077
2026-01-12 01:53:19.592247,1.21,31.2,1027.9,0.0,16.4,0,0.0,0.071
2026-01-12 01:53:21.647559,1.21,31.2,1027.9,0.0,16.2,0,0.0,0.077
2026-01-12 01:53:23.717011,1.21,31.2,1027.7,0.0,16.2,0,0.0,0.068
2026-01-12 01:53:25.655441,1.21,31.2,1027.9,0.0,-999.0,0,0.0,0.077
2026-01-12 01:53:27.725010,1.21,31.2,1027.7,0.0,16.2,0,0.0,0.081
2026-01-12 01:53:29.598799,1.21,31.2,1027.6,0.0,-999.0,0,0.0,0.073
2026-01-12 01:53:31.744458,1.21,31.2,1027.7,0.0,16.2,0,0.0,0.066
2026-01-12 01:53:33.618899,1.21,31.2,1027.6,0.0,16.2,0,0.0,0.076
2026-01-12 01:53:35.659890,1.21,31.2,1027.6,0.0,16.2,0,0.0,0.07
2026-01-12 01:53:37.626510,1.21,31.2,1027.7,0.0,-999.0,0,0.0,0.081
2026-01-12 01:53:39.603155,1.21,31.2,1027.6,0.0,16.2,0,0.0,0.074
2026-01-12 01:53:41.628529,1.21,31.2,1027.7,0.0,-999.0,0,0.0,0.073
2026-01-12 01:53:43.678896,1.21,31.2,1027.7,0.0,-999.0,0,0.0,0.066
2026-01-12 01:53:45.635133,1.21,31.2,1027.9,0.0,-999.0,0,0.0,0.075
2026-01-12 01:53:47.611806,1.21,31.2,1027.6,0.0,-999.0,0,0.0,0.074
2026-01-12 01:53:49.584776,1.21,31.2,1027.7,0.0,16.5,0,0.0,0.074
2026-01-12 01:53:51.715201,1.2,31.2,1027.7,0.0,-999.0,0,0.0,0.078
2026-01-12 01:53:53.601481,1.2,31.2,1027.7,0.0,16.5,0,0.0,0.073
2026-01-12 01:53:55.596125,1.2,31.2,1027.6,0.0,-999.0,0,0.0,0.072
2026-01-12 01:53:57.684298,1.2,31.2,1027.6,0.0,16.2,0,0.0,0.068
2026-01-12 01:53:59.596553,1.2,31.2,1027.6,0.0,-999.0,0,0.0,0.075
2026-01-12 01:54:01.706124,1.2,31.2,1027.9,0.0,16.3,0,0.0,0.064
2026-01-12 01:54:03.603072,1.2,31.2,1027.7,0.0,16.3,0,0.0,0.075
2026-01-12 01:54:05.624500,1.2,31.2,1027.7,0.0,16.3,0,0.0,0.077
2026-01-12 01:54:07.670940,1.2,31.2,1027.7,0.0,16.4,0,0.0,0.077
2026-01-12 01:54:09.630491,1.2,31.2,1027.9,0.0,16.2,0,0.0,0.075
2026-01-12 01:54:11.699665,1.2,31.2,1027.7,0.0,16.2,0,0.0,0.073
2026-01-12 01:54:13.600528,1.2,31.2,1027.7,0.0,-999.0,0,0.0,0.062
2026-01-12 01:54:15.705725,1.2,31.2,1027.7,0.0,16.4,0,0.0,0.075
2026-01-12 01:54:17.660858,1.2,31.2,1027.6,0.0,-999.0,0,0.0,0.075
2026-01-12 01:54:19.624928,1.2,31.2,1027.7,0.0,16.2,0,0.0,0.073
2026-01-12 01:54:21.594431,1.2,31.2,1027.9,0.0,-999.0,0,0.0,0.072
2026-01-12 01:54:23.629702,1.2,31.2,1027.7,0.0,-999.0,0,0.0,0.073
2026-01-12 01:54:25.692756,1.2,31.2,1027.7,0.0,16.4,0,0.0,0.068
2026-01-12 01:54:27.638096,1.2,31.2,1028.1,0.0,-999.0,0,0.0,0.069
2026-01-12 01:54:29.710711,1.2,31.2,1027.7,0.0,16.3,0,0.0,0.074
2026-01-12 01:54:31.595389,1.2,31.2,1027.9,0.0,16.4,0,0.0,0.071
2026-01-12 01:54:33.637829,1.2,31.2,1027.9,0.0,16.2,0,0.0,0.073
2026-01-12 01:54:35.688316,1.2,31.2,1027.9,0.0,-999.0,0,0.0,0.067
2026-01-12 01:54:37.601848,1.19,31.2,1027.9,0.0,-999.0,0,0.0,0.067
2026-01-12 01:54:39.603961,1.19,31.2,1028.3,0.0,16.2,0,0.0,0.073
2026-01-12 01:54:41.655733,1.19,31.2,1027.9,0.0,-999.0,0,0.0,0.076
2026-01-12 01:54:43.723679,1.19,31.2,1027.7,0.0,16.3,0,0.0,0.072
2026-01-12 01:54:45.678524,1.19,31.2,1028.0,0.0,-999.0,0,0.0,0.07
2026-01-12 01:54:47.616834,1.19,31.2,1028.0,0.0,16.3,0,0.0,0.076
2026-01-12 01:54:49.682742,1.19,31.2,1028.0,0.0,16.2,0,0.0,0.073
2026-01-12 01:54:51.650422,1.19,31.2,1027.6,0.0,16.3,0,0.0,0.076
2026-01-12 01:54:53.712256,1.19,31.2,1028.8,0.0,16.2,0,0.0,0.071
2026-01-12 01:54:55.758126,1.19,31.2,1027.7,0.0,-999.0,0,0.0,0.072
2026-01-12 01:54:57.710469,1.19,31.2,1028.8,0.0,16.2,0,0.0,0.073
2026-01-12 01:54:59.680733,1.19,31.2,1028.0,0.0,-999.0,0,0.0,0.077
2026-01-12 01:55:01.624106,1.19,31.2,1027.7,0.0,-999.0,0,0.0,0.073
2026-01-12 01:55:03.694065,1.19,31.2,1028.7,0.0,16.2,0,0.0,0.075
2026-01-12 01:55:05.650525,1.19,31.2,1028.1,0.0,-999.0,0,0.0,0.078
2026-01-12 01:55:07.701859,1.19,31.2,1027.9,0.0,16.4,0,0.0,0.073
2026-01-12 01:55:09.655404,1.19,31.2,1027.7,0.0,-999.0,0,0.0,0.066
2026-01-12 01:55:11.730643,1.19,31.2,1027.9,0.0,16.5,0,0.0,0.074
2026-01-12 01:55:13.602187,1.19,31.2,1028.1,0.0,16.2,0,0.0,0.076
2026-01-12 01:55:15.632612,1.19,31.2,1028.1,0.0,16.2,0,0.0,0.08
2026-01-12 01:55:17.604596,1.19,31.2,1028.0,0.0,16.4,0,0.0,0.069
2026-01-12 01:55:19.648014,1.18,31.2,1028.5,0.0,16.4,0,0.0,0.075
2026-01-12 01:55:21.607696,1.18,31.2,1029.2,0.0,-999.0,0,0.0,0.077
2026-01-12 01:55:23.658513,1.18,31.2,1028.9,0.0,16.2,0,0.0,0.073
2026-01-12 01:55:25.590028,1.18,31.2,1029.1,0.0,-999.0,0,0.0,0.078
2026-01-12 01:55:27.685492,1.18,31.2,1028.8,0.0,-999.0,0,0.0,0.063
2026-01-12 01:55:29.642388,1.18,31.2,1028.0,0.0,16.2,0,0.0,0.079
2026-01-12 01:55:31.598339,1.18,31.2,1027.9,0.0,-999.0,0,0.0,0.078
2026-01-12 01:55:33.650172,1.18,31.2,1028.4,0.0,16.3,0,0.0,0.077
2026-01-12 01:55:35.622101,1.18,31.2,1028.8,0.0,-999.0,0,0.0,0.077
2026-01-12 01:55:37.662305,1.18,31.2,1028.3,0.0,16.2,0,0.0,0.073
2026-01-12 01:55:39.731431,1.18,31.2,1028.4,0.0,-999.0,0,0.0,0.07
2026-01-12 01:55:41.687048,1.18,31.2,1028.3,0.0,16.3,0,0.0,0.071
2026-01-12 01:55:43.629288,1.18,31.2,1028.3,0.0,16.2,0,0.0,0.073
2026-01-12 01:55:45.675407,1.18,31.2,1029.1,0.0,16.3,0,0.0,0.077
2026-01-12 01:55:47.601547,1.18,31.2,1028.9,0.0,16.2,0,0.0,0.075
2026-01-12 01:55:49.720665,1.18,31.2,1028.1,0.0,16.3,0,0.0,0.073
2026-01-12 01:55:51.668503,1.18,31.2,1029.3,0.0,16.2,0,0.0,0.077
2026-01-12 01:55:53.730611,1.18,31.2,1029.1,0.0,-999.0,0,0.0,0.074
2026-01-12 01:55:55.684396,1.18,31.2,1029.1,0.0,16.2,0,0.0,0.073
2026-01-12 01:55:57.638279,1.18,31.2,1028.7,0.0,-999.0,0,0.0,0.073
2026-01-12 01:55:59.701141,1.18,31.2,1028.8,0.0,-999.0,0,0.0,0.077
2026-01-12 01:56:01.604551,1.18,31.2,1028.5,0.0,-999.0,0,0.0,0.072
2026-01-12 01:56:03.719790,1.18,31.2,1028.7,0.0,16.2,0,0.0,0.074
2026-01-12 01:56:05.591616,1.17,31.2,1028.8,0.0,-999.0,0,0.0,0.075
2026-01-12 01:56:07.597677,1.17,31.2,1028.9,0.0,-999.0,0,0.0,0.077
2026-01-12 01:56:09.685940,1.17,31.2,1028.7,0.0,16.5,0,0.0,0.073
2026-01-12 01:56:11.644055,1.17,31.2,1028.5,0.0,-999.0,0,0.0,0.069
2026-01-12 01:56:13.629048,1.17,31.2,1027.7,0.0,16.4,0,0.0,0.076
2026-01-12 01:56:15.667018,1.17,31.2,1028.1,0.0,16.3,0,0.0,0.074
2026-01-12 01:56:17.715704,1.17,31.2,1027.7,0.0,16.5,0,0.0,0.077
2026-01-12 01:56:19.677015,1.17,31.2,1028.1,0.0,16.4,0,0.0,0.075
2026-01-12 01:56:21.602074,1.17,31.2,1029.2,0.0,16.3,0,0.0,0.073
2026-01-12 01:56:23.689511,1.17,31.2,1029.6,0.0,-999.0,0,0.0,0.067
2026-01-12 01:56:25.639483,1.17,31.2,1028.7,0.0,16.3,0,0.2,0.088
2026-01-12 01:56:27.700396,1.17,31.2,1029.6,0.0,16.2,0,0.0,0.074
2026-01-12 01:56:29.595916,1.17,31.2,1029.5,0.0,16.4,0,0.0,0.073
2026-01-12 01:56:31.719112,1.17,31.2,1029.3,0.0,-999.0,0,0.0,0.073
2026-01-12 01:56:33.601330,1.17,31.2,1029.3,0.0,16.2,0,0.0,0.072
2026-01-12 01:56:35.610022,1.17,31.2,1028.9,0.0,-999.0,0,0.6,0.1
2026-01-12 01:56:37.613787,1.17,31.2,1029.6,0.0,16.3,0,0.0,0.072
2026-01-12 01:56:39.646857,1.17,31.2,1030.1,0.0,-999.0,0,0.0,0.068
2026-01-12 01:56:41.717696,1.17,31.2,1028.9,0.0,16.4,0,0.0,0.072
2026-01-12 01:56:43.666455,1.17,31.2,1029.1,0.0,-999.0,0,0.0,0.07
2026-01-12 01:56:45.621544,1.17,31.2,1028.9,0.0,16.2,0,0.0,0.075
2026-01-12 01:56:47.616533,1.17,31.2,1029.1,0.0,-999.0,0,0.0,0.076
2026-01-12 01:56:49.631332,1.16,31.2,1029.9,0.0,16.2,0,0.0,0.072
2026-01-12 01:56:51.705257,1.17,31.2,1028.8,0.0,-999.0,0,0.0,0.076
2026-01-12 01:56:53.632910,1.16,31.2,1029.3,0.0,16.4,0,0.0,0.073
2026-01-12 01:56:55.633816,1.16,31.2,1029.5,0.0,16.2,0,0.0,0.078
2026-01-12 01:56:57.672123,1.16,31.2,1029.3,0.0,16.5,0,0.0,0.075
2026-01-12 01:56:59.722811,1.16,31.2,1028.9,0.0,-999.0,0,0.0,0.075
2026-01-12 01:57:01.609219,1.16,31.2,1029.3,0.0,16.3,0,0.0,0.071
2026-01-12 01:57:03.730078,1.16,31.2,1029.3,0.0,-999.0,0,0.0,0.066
2026-01-12 01:57:05.700570,1.16,31.2,1029.2,0.0,16.4,0,0.0,0.074
2026-01-12 01:57:07.656810,1.16,31.2,1029.3,0.0,-999.0,0,0.0,0.072
2026-01-12 01:57:09.710461,1.16,31.2,1030.3,0.0,-999.0,0,0.0,0.072
2026-01-12 01:57:11.662568,1.16,31.2,1030.0,0.0,-999.0,0,0.0,0.071
2026-01-12 01:57:13.633843,1.16,31.2,1029.5,0.0,16.2,0,0.0,0.07
2026-01-12 01:57:15.607712,1.16,31.2,1029.7,0.0,-999.0,0,0.0,0.072
2026-01-12 01:57:17.753873,1.16,31.2,1030.0,0.0,-999.0,0,0.0,0.074
2026-01-12 01:57:19.697950,1.16,31.2,1029.9,0.0,16.4,0,0.0,0.076
2026-01-12 01:57:21.662215,1.16,31.2,1030.1,0.0,16.4,0,0.0,0.077
2026-01-12 01:57:23.720806,1.16,31.2,1030.3,0.0,16.3,0,0.0,0.07
2026-01-12 01:57:25.614847,1.16,31.2,1030.1,0.0,16.2,0,0.0,0.078
2026-01-12 01:57:27.612473,1.16,31.2,1029.7,0.0,-999.0,0,0.0,0.076
2026-01-12 01:57:29.607769,1.15,31.2,1030.3,0.0,-999.0,0,0.0,0.073
2026-01-12 01:57:31.609940,1.15,31.2,1030.3,0.0,-999.0,0,0.0,0.074
2026-01-12 01:57:33.710164,1.15,31.2,1029.7,0.0,16.2,0,0.0,0.075
2026-01-12 01:57:35.609236,1.15,31.2,1030.4,0.0,-999.0,0,0.0,0.073
2026-01-12 01:57:37.720957,1.15,31.2,1030.3,0.0,16.4,0,0.0,0.069
2026-01-12 01:57:39.669785,1.15,31.2,1030.3,0.0,-999.0,0,0.0,0.062
2026-01-12 01:57:41.735545,1.15,31.2,1030.1,0.0,16.2,0,0.0,0.067
2026-01-12 01:57:43.615523,1.15,31.2,1030.0,0.0,-999.0,0,0.0,0.08
2026-01-12 01:57:45.605477,1.15,31.2,1030.1,0.0,16.3,0,0.0,0.065
2026-01-12 01:57:47.620710,1.15,31.2,1029.9,0.0,-999.0,0,0.0,0.068
2026-01-12 01:57:49.653487,1.15,31.2,1030.3,0.0,16.3,0,0.0,0.075
2026-01-12 01:57:51.720370,1.15,31.2,1030.4,0.0,16.2,0,0.0,0.066
2026-01-12 01:57:53.652750,1.15,31.2,1030.1,0.0,16.3,0,0.0,0.068
2026-01-12 01:57:55.734806,1.15,31.2,1030.0,0.0,16.3,0,0.0,0.068
2026-01-12 01:57:57.701360,1.15,31.2,1030.3,0.0,16.3,0,0.0,0.073
2026-01-12 01:57:59.756089,1.15,31.2,1030.0,0.0,16.4,0,0.0,0.075
2026-01-12 01:58:01.705328,1.15,31.2,1030.4,0.0,-999.0,0,0.0,0.07
2026-01-12 01:58:03.659525,1.15,31.2,1030.3,0.0,16.2,0,0.0,0.072
2026-01-12 01:58:05.669991,1.15,31.2,1030.4,0.0,-999.0,0,0.0,0.079
2026-01-12 01:58:07.621516,1.15,31.2,1030.1,0.0,16.4,0,0.0,0.068
2026-01-12 01:58:09.692895,1.15,31.2,1029.9,0.0,-999.0,0,0.0,0.074
2026-01-12 01:58:11.614100,1.15,31.2,1030.1,0.0,16.3,0,0.0,0.073
2026-01-12 01:58:13.633037,1.15,31.2,1030.3,0.0,-999.0,0,0.0,0.069
2026-01-12 01:58:15.708230,1.15,31.2,1030.1,0.0,16.3,0,0.0,0.068
2026-01-12 01:58:17.666022,1.14,31.2,1030.4,0.0,16.2,0,0.0,0.073
2026-01-12 01:58:19.722842,1.14,31.2,1030.0,0.0,16.3,0,0.0,0.068
2026-01-12 01:58:21.606000,1.14,31.2,1029.6,0.0,16.2,0,0.0,0.069
2026-01-12 01:58:23.609011,1.14,31.2,1030.4,0.0,16.2,0,0.0,0.077
2026-01-12 01:58:25.619170,1.14,31.2,1030.1,0.0,16.4,0,0.1,0.084
2026-01-12 01:58:39.999910,1.14,31.2,1030.3,0.0,-999.0,0,0.0,0.077
2026-01-12 01:58:39.999910,1.14,31.2,1030.3,0.0,-999.0,0,0.0,0.08
2026-01-12 01:58:39.999910,1.14,31.2,1030.4,0.0,16.4,0,0.0,0.076
2026-01-12 01:58:41.613231,1.14,31.2,1030.4,0.0,-999.0,0,0.0,0.073
2026-01-12 01:58:43.615579,1.14,31.2,1030.4,0.0,16.4,0,0.5,0.097
2026-01-12 01:58:45.665839,1.14,31.2,1030.3,0.0,-999.0,0,0.0,0.072
2026-01-12 01:58:47.632816,1.14,31.2,1030.0,0.0,16.4,0,0.0,0.077
2026-01-12 01:58:49.642063,1.14,31.2,1030.1,0.0,16.4,0,0.0,0.068
2026-01-12 01:58:51.652938,1.14,31.2,1030.0,0.0,16.4,0,0.0,0.07
2026-01-12 01:58:53.625910,1.14,31.2,1030.0,0.0,16.3,0,0.0,0.074
2026-01-12 01:58:55.664517,1.14,31.2,1030.3,0.0,-999.0,0,0.0,0.08
2026-01-12 01:58:57.630632,1.14,31.2,1029.9,0.0,16.3,0,0.0,0.078
2026-01-12 01:58:59.646804,1.14,31.2,1029.9,0.0,-999.0,0,0.0,0.074
2026-01-12 01:59:01.641031,1.14,31.2,1030.0,0.0,16.2,0,0.0,0.077
2026-01-12 01:59:03.657886,1.14,31.2,1029.9,0.0,-999.0,0,0.0,0.071
2026-01-12 01:59:05.631484,1.14,31.2,1029.9,0.0,-999.0,0,0.0,0.077
2026-01-12 01:59:07.706369,1.14,31.2,1030.1,0.0,16.5,0,0.0,0.069
2026-01-12 01:59:09.611422,1.13,31.2,1030.0,0.0,-999.0,0,0.0,0.073
2026-01-12 01:59:11.720592,1.13,31.2,1030.0,0.0,16.4,0,0.0,0.075
2026-01-12 01:59:13.656614,1.13,31.2,1030.3,0.0,16.3,0,0.0,0.064
2026-01-12 01:59:15.743153,1.13,31.2,1030.0,0.0,16.4,0,0.1,0.083
2026-01-12 01:59:17.686400,1.13,31.2,1030.3,0.0,-999.0,0,0.0,0.07
2026-01-12 01:59:19.651259,1.13,31.2,1030.1,0.0,16.3,0,0.0,0.081
2026-01-12 01:59:21.706210,1.13,31.2,1029.6,0.0,-999.0,0,0.0,0.075
2026-01-12 01:59:23.614203,1.13,31.2,1030.1,0.0,-999.0,0,0.2,0.086
2026-01-12 01:59:25.617171,1.13,31.2,1030.0,0.0,-999.0,0,0.0,0.081
2026-01-12 01:59:27.612026,1.13,31.2,1030.0,0.0,16.4,0,0.0,0.073
2026-01-12 01:59:29.739100,1.13,31.2,1029.9,0.0,-999.0,0,0.0,0.081
2026-01-12 01:59:31.681052,1.13,31.2,1030.0,0.0,-999.0,0,0.0,0.078
2026-01-12 01:59:33.643632,1.13,31.2,1030.0,0.0,16.5,0,0.0,0.079
2026-01-12 01:59:35.706916,1.13,31.2,1029.9,0.0,-999.0,0,0.0,0.073
2026-01-12 01:59:37.619831,1.13,31.2,1030.0,0.0,16.4,0,0.0,0.066
2026-01-12 01:59:39.626303,1.13,31.2,1030.0,0.0,16.4,0,0.0,0.073
2026-01-12 01:59:41.610594,1.13,31.2,1030.1,0.0,16.3,0,0.0,0.073
2026-01-12 01:59:43.612982,1.13,31.2,1029.7,0.0,16.4,0,0.0,0.073
2026-01-12 01:59:45.616148,1.13,31.2,1030.3,0.0,16.2,0,0.0,0.077
2026-01-12 01:59:47.652855,1.13,31.2,1029.7,0.0,16.2,0,0.0,0.073
2026-01-12 01:59:49.724554,1.13,31.2,1029.9,0.0,16.4,0,0.0,0.068
2026-01-12 01:59:51.629880,1.13,31.2,1030.4,0.0,16.5,0,0.0,0.075
2026-01-12 01:59:53.623721,1.12,31.2,1030.3,0.0,-999.0,0,0.0,0.08
2026-01-12 01:59:55.691597,1.13,31.3,1029.9,0.0,16.3,0,0.0,0.068
2026-01-12 01:59:57.648107,1.13,31.2,1030.1,0.0,-999.0,0,0.0,0.066
2026-01-12 01:59:59.698824,1.13,31.3,1030.0,0.0,-999.0,0,0.0,0.072
2026-01-12 02:00:01.661251,1.12,31.3,1030.1,0.0,16.4,0,0.0,0.077
2026-01-12 02:00:03.635680,1.12,31.3,1030.4,0.0,-999.0,0,0.0,0.073
2026-01-12 02:00:05.668729,1.12,31.3,1029.6,0.0,16.5,0,0.0,0.074
2026-01-12 02:00:07.734777,1.12,31.3,1030.0,0.0,-999.0,0,0.0,0.073
2026-01-12 02:00:09.678864,1.12,31.3,1030.3,0.0,16.4,0,0.0,0.077
2026-01-12 02:00:11.615347,1.12,31.3,1030.4,0.0,16.5,0,0.0,0.071
2026-01-12 02:00:13.615373,1.12,31.3,1030.3,0.0,16.4,0,0.0,0.069
2026-01-12 02:00:15.618056,1.12,31.3,1030.1,0.0,-999.0,0,0.0,0.073
2026-01-12 02:00:17.715885,1.12,31.3,1030.0,0.0,16.5,0,0.0,0.07
2026-01-12 02:00:19.672375,1.12,31.3,1030.0,0.0,16.4,0,0.0,0.069
2026-01-12 02:00:21.840303,1.12,31.3,1030.0,0.0,16.4,0,0.1,0.082
2026-01-12 02:00:23.615540,1.12,31.3,1030.0,0.0,16.4,0,0.0,0.074
2026-01-12 02:00:25.748324,1.12,31.3,1029.9,0.0,16.3,0,0.0,0.08
2026-01-12 02:00:27.701400,1.12,31.3,1029.9,0.0,-999.0,0,0.0,0.073
2026-01-12 02:00:29.661524,1.12,31.3,1029.7,0.0,16.3,0,0.0,0.072
2026-01-12 02:00:31.672163,1.12,31.3,1029.9,0.0,-999.0,0,0.0,0.068
2026-01-12 02:00:33.610125,1.12,31.3,1029.9,0.0,16.4,0,0.0,0.075
2026-01-12 02:00:35.610718,1.12,31.3,1030.3,0.0,-999.0,0,0.0,0.074
2026-01-12 02:00:37.611417,1.12,31.3,1029.7,0.0,-999.0,0,0.0,0.075
2026-01-12 02:00:39.609993,1.12,31.3,1030.1,0.0,-999.0,0,0.0,0.078
2026-01-12 02:00:41.613570,1.12,31.3,1029.9,0.0,16.3,0,0.0,0.072
2026-01-12 02:00:43.687452,1.12,31.3,1029.6,0.0,-999.0,0,0.0,0.074
2026-01-12 02:00:45.679501,1.12,31.3,1029.9,0.0,16.4,0,0.0,0.073
2026-01-12 02:00:47.680761,1.11,31.3,1030.1,0.0,-999.0,0,0.0,0.073
2026-01-12 02:00:49.648010,1.11,31.3,1030.1,0.0,-999.0,0,0.0,0.072
2026-01-12 02:00:51.696430,1.11,31.3,1030.0,0.0,16.5,0,0.0,0.069
2026-01-12 02:00:53.657170,1.11,31.3,1030.3,0.0,-999.0,0,0.0,0.073
2026-01-12 02:00:55.726376,1.11,31.3,1029.9,0.0,16.2,0,0.0,0.076
2026-01-12 02:00:57.614039,1.11,31.3,1030.3,0.0,-999.0,0,0.0,0.077
2026-01-12 02:00:59.744759,1.11,31.4,1030.1,0.0,16.2,0,0.0,0.072
2026-01-12 02:01:01.687499,1.11,31.4,1030.3,0.0,16.4,0,0.0,0.065
2026-01-12 02:01:03.601503,1.11,31.4,1030.0,0.0,16.4,0,0.0,0.081
2026-01-12 02:01:05.703822,1.11,31.4,1030.1,0.0,-999.0,0,0.0,0.077
2026-01-12 02:01:07.669957,1.11,31.4,1029.9,0.0,16.4,0,0.0,0.073
2026-01-12 02:01:09.681935,1.11,31.4,1030.3,0.0,16.2,0,0.0,0.076
2026-01-12 02:01:11.671325,1.11,31.4,1030.4,0.0,16.2,0,0.0,0.071
2026-01-12 02:01:13.672563,1.11,31.3,1030.0,0.0,16.2,0,0.0,0.068
2026-01-12 02:01:15.614524,1.11,31.4,1030.3,0.0,16.3,0,0.0,0.069
2026-01-12 02:01:17.657336,1.11,31.4,1030.3,0.0,-999.0,0,0.0,0.064
2026-01-12 02:01:19.709751,1.11,31.4,1030.0,0.0,16.3,0,0.0,0.073
2026-01-12 02:01:21.612272,1.11,31.4,1030.3,0.0,-999.0,0,0.0,0.068
2026-01-12 02:01:23.741744,1.11,31.4,1030.3,0.0,-999.0,0,0.1,0.084
2026-01-12 02:01:25.678063,1.11,31.4,1030.3,0.0,-999.0,0,0.0,0.068
2026-01-12 02:01:27.747487,1.11,31.4,1030.1,0.0,16.5,0,0.0,0.074
2026-01-12 02:01:29.695920,1.11,31.4,1030.1,0.0,-999.0,0,0.0,0.081
2026-01-12 02:01:31.612347,1.11,31.4,1029.9,0.0,16.3,0,0.0,0.072
2026-01-12 02:01:33.605544,1.11,31.4,1029.9,0.0,-999.0,0,0.0,0.081
2026-01-12 02:01:35.674683,1.1,31.4,1030.4,0.0,16.4,0,0.2,0.085
2026-01-12 02:01:37.725479,1.1,31.4,1029.7,0.0,-999.0,0,0.0,0.073
2026-01-12 02:01:39.677788,1.1,31.5,1030.4,0.0,16.4,0,0.0,0.081
2026-01-12 02:01:41.634782,1.1,31.4,1030.1,0.0,-999.0,0,0.1,0.084
2026-01-12 02:01:43.605285,1.1,31.5,1030.4,0.0,16.4,0,0.0,0.075
2026-01-12 02:01:45.758442,1.1,31.5,1030.1,0.0,-999.0,0,0.0,0.078
2026-01-12 02:01:47.711405,1.1,31.4,1029.9,0.0,16.3,0,0.0,0.076
2026-01-12 02:01:49.616113,1.1,31.5,1030.1,0.0,-999.0,0,0.1,0.084
2026-01-12 02:01:51.608864,1.1,31.5,1030.0,0.0,16.4,0,0.0,0.074
2026-01-12 02:01:53.691535,1.1,31.5,1030.1,0.0,-999.0,0,0.0,0.077
2026-01-12 02:01:55.756717,1.1,31.5,1030.0,0.0,16.4,0,0.0,0.074
2026-01-12 02:01:57.694810,1.1,31.5,1030.1,0.0,16.3,0,0.0,0.059
2026-01-12 02:01:59.614126,1.1,31.5,1029.7,0.0,16.5,0,0.0,0.064
2026-01-12 02:02:01.612804,1.1,31.5,1030.0,0.0,16.4,0,0.0,0.069
2026-01-12 02:02:03.667266,1.1,31.5,1030.3,0.0,16.5,0,0.0,0.076
2026-01-12 02:02:05.713776,1.1,31.5,1030.3,0.0,16.4,0,0.0,0.073
2026-01-12 02:02:07.707171,1.1,31.5,1030.1,0.0,-999.0,0,0.2,0.085
2026-01-12 02:02:09.641688,1.1,31.5,1030.3,0.0,16.4,0,0.0,0.068
2026-01-12 02:02:11.716033,1.1,31.5,1029.9,0.0,-999.0,0,0.0,0.075
2026-01-12 02:02:13.657453,1.1,31.5,1029.9,0.0,16.4,0,0.0,0.068
2026-01-12 02:02:15.640094,1.1,31.5,1030.3,0.0,-999.0,0,0.0,0.073
2026-01-12 02:02:17.672962,1.1,31.5,1030.1,0.0,16.3,0,0.0,0.071
2026-01-12 02:02:19.722948,1.1,31.5,1030.0,0.0,-999.0,0,0.0,0.077
2026-01-12 02:02:21.690144,1.1,31.5,1029.9,0.0,-999.0,0,0.0,0.078
2026-01-12 02:02:23.721752,1.09,31.5,1030.1,0.0,-999.0,0,0.0,0.077
2026-01-12 02:02:25.713087,1.09,31.5,1029.9,0.0,16.3,0,0.0,0.073
2026-01-12 02:02:27.653982,1.09,31.5,1030.3,0.0,-999.0,0,0.0,0.076
2026-01-12 02:02:29.607032,1.09,31.5,1030.1,0.0,16.4,0,0.0,0.078
2026-01-12 02:02:31.651944,1.09,31.5,1030.4,0.0,16.5,0,0.0,0.073
2026-01-12 02:02:33.745934,1.09,31.5,1030.1,0.0,16.4,0,0.0,0.075
2026-01-12 02:02:35.614250,1.09,31.5,1030.1,0.0,-999.0,0,0.0,0.081
2026-01-12 02:02:37.655688,1.09,31.5,1030.0,0.0,16.5,0,0.0,0.076
2026-01-12 02:02:39.614466,1.09,31.5,1030.1,0.0,-999.0,0,0.0,0.073
2026-01-12 02:02:41.614884,1.09,31.5,1030.1,0.0,-999.0,0,0.0,0.077
2026-01-12 02:02:43.719763,1.09,31.6,1030.3,0.0,-999.0,0,0.0,0.075
2026-01-12 02:02:45.688279,1.09,31.6,1030.3,0.0,-999.0,0,0.0,0.074
2026-01-12 02:02:47.720999,1.09,31.6,1029.7,0.0,-999.0,0,0.0,0.071
2026-01-12 02:02:49.616840,1.09,31.6,1030.3,0.0,16.2,0,0.0,0.079
2026-01-12 02:02:51.651831,1.09,31.6,1030.3,0.0,-999.0,0,0.0,0.065
2026-01-12 02:02:53.700542,1.09,31.6,1030.1,0.0,16.3,0,0.0,0.073
2026-01-12 02:02:55.613324,1.09,31.6,1030.3,0.0,-999.0,0,0.0,0.073
2026-01-12 02:02:57.751126,1.09,31.6,1030.1,0.0,-999.0,0,0.0,0.068
2026-01-12 02:02:59.677697,1.09,31.6,1030.1,0.0,-999.0,0,0.0,0.075
2026-01-12 02:03:01.725766,1.09,31.6,1030.3,0.0,-999.0,0,0.0,0.069
2026-01-12 02:03:03.696979,1.09,31.6,1030.4,0.0,16.5,0,0.0,0.069
2026-01-12 02:03:05.664545,1.09,31.6,1030.1,0.0,16.6,0,0.0,0.078
2026-01-12 02:03:07.621201,1.09,31.6,1029.7,0.0,16.5,0,0.0,0.076
2026-01-12 02:03:09.666562,1.09,31.6,1030.3,0.0,16.5,0,0.0,0.073
2026-01-12 02:03:11.711844,1.09,31.6,1030.5,0.0,16.5,0,0.0,0.071
2026-01-12 02:03:13.608327,1.09,31.6,1030.1,0.0,16.5,0,0.0,0.073
2026-01-12 02:03:15.678606,1.08,31.6,1030.0,0.0,16.5,0,0.0,0.075
2026-01-12 02:03:17.704996,1.08,31.6,1030.5,0.0,16.6,0,0.0,0.073
2026-01-12 02:03:19.657950,1.08,31.6,1029.6,0.0,-999.0,0,0.0,0.076
2026-01-12 02:03:21.661476,1.08,31.6,1030.3,0.0,16.5,0,0.0,0.078
2026-01-12 02:03:23.670953,1.08,31.6,1030.1,0.0,-999.0,0,0.0,0.069
2026-01-12 02:03:25.632717,1.08,31.6,1030.0,0.0,16.7,0,0.0,0.068
2026-01-12 02:03:27.693783,1.08,31.6,1029.9,0.0,-999.0,0,0.0,0.081
2026-01-12 02:03:29.712661,1.08,31.6,1030.1,0.0,16.5,0,0.0,0.077
2026-01-12 02:03:31.606971,1.08,31.6,1030.1,0.0,-999.0,0,0.0,0.079
2026-01-12 02:03:33.613066,1.08,31.6,1030.3,0.0,16.5,0,0.0,0.073
2026-01-12 02:03:35.665056,1.08,31.6,1030.3,0.0,-999.0,0,0.0,0.078
2026-01-12 02:03:37.632913,1.08,31.6,1030.1,0.0,16.5,0,0.0,0.077
2026-01-12 02:03:39.687453,1.08,31.6,1030.0,0.0,-999.0,0,0.0,0.079
2026-01-12 02:03:41.647294,1.08,31.6,1030.1,0.0,16.8,0,0.0,0.075
2026-01-12 02:03:43.615490,1.08,31.6,1029.9,0.0,-999.0,0,0.0,0.068
2026-01-12 02:03:45.714375,1.08,31.6,1030.3,0.0,16.5,0,0.0,0.077
2026-01-12 02:03:47.673563,1.08,31.6,1030.3,0.0,-999.0,0,0.0,0.07
2026-01-12 02:03:49.711150,1.08,31.6,1030.4,0.0,16.6,0,0.0,0.067
2026-01-12 02:03:51.614253,1.08,31.6,1030.1,0.0,16.5,0,0.0,0.077
2026-01-12 02:03:53.624453,1.08,31.6,1030.5,0.0,16.5,0,0.0,0.073
2026-01-12 02:03:55.612831,1.08,31.6,1030.4,0.0,-999.0,0,0.0,0.072
2026-01-12 02:03:57.724846,1.08,31.6,1030.1,0.0,16.6,0,0.0,0.071
2026-01-12 02:03:59.719071,1.08,31.6,1030.3,0.0,16.5,0,0.0,0.076
2026-01-12 02:04:01.671197,1.07,31.6,1030.4,0.0,16.5,0,0.0,0.072
2026-01-12 02:04:03.713924,1.07,31.6,1030.3,0.0,-999.0,0,0.0,0.073
2026-01-12 02:04:05.678510,1.07,31.7,1030.3,0.0,16.5,0,0.0,0.078
2026-01-12 02:04:07.635903,1.07,31.7,1029.9,0.0,-999.0,0,0.0,0.073
2026-01-12 02:04:09.696346,1.07,31.7,1030.1,0.0,16.5,0,0.0,0.07
2026-01-12 02:04:11.643138,1.07,31.7,1030.3,0.0,16.5,0,0.0,0.076
2026-01-12 02:04:13.724318,1.07,31.7,1030.1,0.0,16.6,0,0.0,0.073
2026-01-12 02:04:15.769742,1.07,31.6,1030.0,0.0,16.5,0,0.0,0.074
2026-01-12 02:04:17.611371,1.07,31.6,1030.3,0.0,16.5,0,0.0,0.081
2026-01-12 02:04:19.618649,1.07,31.7,1030.3,0.0,-999.0,0,0.0,0.074
2026-01-12 02:04:21.630905,1.07,31.7,1030.0,0.0,16.5,0,0.0,0.078
2026-01-12 02:04:23.616554,1.07,31.7,1030.3,0.0,-999.0,0,0.0,0.081
2026-01-12 02:04:25.657709,1.07,31.7,1029.9,0.0,16.5,0,0.0,0.072
2026-01-12 02:04:27.698557,1.07,31.7,1030.3,0.0,-999.0,0,0.0,0.069
2026-01-12 02:04:29.614769,1.07,31.6,1030.0,0.0,16.6,0,0.0,0.068
2026-01-12 02:04:31.712515,1.07,31.7,1030.0,0.0,16.5,0,0.0,0.076
2026-01-12 02:04:33.616873,1.07,31.7,1029.9,0.0,16.6,0,0.0,0.075
2026-01-12 02:04:35.745581,1.07,31.7,1030.0,0.0,16.6,0,0.0,0.073
2026-01-12 02:04:37.718884,1.07,31.7,1030.1,0.0,16.5,0,0.0,0.074
2026-01-12 02:04:39.621786,1.07,31.7,1030.1,0.0,-999.0,0,0.0,0.076
2026-01-12 02:04:41.623935,1.07,31.7,1029.9,0.0,16.5,0,0.0,0.072
2026-01-12 02:04:43.616611,1.07,31.7,1029.6,0.0,-999.0,0,0.0,0.077
2026-01-12 02:04:45.616705,1.07,31.7,1029.6,0.0,16.6,0,0.1,0.084
2026-01-12 02:04:47.695077,1.07,31.7,1029.5,0.0,-999.0,0,0.0,0.075
2026-01-12 02:04:49.640295,1.07,31.7,1030.1,0.0,16.5,0,0.0,0.074
2026-01-12 02:04:51.707469,1.07,31.7,1029.9,0.0,-999.0,0,0.0,0.079
2026-01-12 02:04:53.661359,1.07,31.7,1029.1,0.0,16.5,0,0.0,0.065
2026-01-12 02:04:55.617245,1.06,31.7,1030.3,0.0,-999.0,0,0.0,0.072
2026-01-12 02:04:57.682226,1.06,31.7,1029.7,0.0,16.6,0,0.0,0.077
2026-01-12 02:04:59.741781,1.06,31.7,1030.1,0.0,-999.0,0,0.0,0.068
2026-01-12 02:05:01.696677,1.06,31.7,1030.0,0.0,16.5,0,0.0,0.068
2026-01-12 02:05:03.757209,1.06,31.7,1029.2,0.0,-999.0,0,0.0,0.073
2026-01-12 02:05:05.707059,1.06,31.7,1029.7,0.0,16.5,0,0.0,0.074
2026-01-12 02:05:07.614073,1.06,31.7,1029.3,0.0,-999.0,0,0.0,0.073
2026-01-12 02:05:09.613212,1.06,31.7,1029.9,0.0,16.6,0,0.0,0.07
2026-01-12 02:05:11.673332,1.06,31.7,1030.0,0.0,-999.0,0,0.0,0.075
2026-01-12 02:05:13.665536,1.06,31.7,1030.1,0.0,-999.0,0,0.0,0.074
2026-01-12 02:05:15.697606,1.06,31.7,1029.9,0.0,16.5,0,0.0,0.069
2026-01-12 02:05:17.644373,1.06,31.7,1030.0,0.0,16.5,0,0.0,0.074
2026-01-12 02:05:19.613139,1.06,31.7,1030.1,0.0,-999.0,0,0.0,0.07
2026-01-12 02:05:21.663254,1.06,31.7,1030.1,0.0,-999.0,0,0.0,0.063
2026-01-12 02:05:23.624911,1.06,31.7,1029.6,0.0,16.6,0,0.1,0.084
2026-01-12 02:05:25.615954,1.06,31.7,1029.9,0.0,16.6,0,0.0,0.077
2026-01-12 02:05:27.708515,1.06,31.7,1030.1,0.0,16.8,0,0.0,0.074
2026-01-12 02:05:29.618488,1.06,31.7,1030.0,0.0,16.5,0,0.0,0.072
2026-01-12 02:05:31.721210,1.06,31.7,1030.0,0.0,16.5,0,0.0,0.06
2026-01-12 02:05:33.719097,1.06,31.7,1029.9,0.0,16.5,0,0.0,0.074
2026-01-12 02:05:35.665333,1.06,31.7,1030.1,0.0,16.5,0,0.0,0.066
2026-01-12 02:05:37.625632,1.06,31.7,1029.9,0.0,16.5,0,0.0,0.075
2026-01-12 02:05:39.687953,1.06,31.7,1030.0,0.0,16.5,0,0.0,0.073
2026-01-12 02:05:41.640516,1.06,31.7,1030.0,0.0,-999.0,0,0.0,0.068
2026-01-12 02:05:43.699333,1.05,31.7,1030.0,0.0,16.6,0,0.0,0.076
2026-01-12 02:05:45.719258,1.05,31.7,1030.1,0.0,16.6,0,0.0,0.075
2026-01-12 02:05:47.725827,1.05,31.7,1030.0,0.0,16.5,0,0.0,0.073
2026-01-12 02:05:49.616490,1.05,31.7,1030.0,0.0,16.5,0,0.0,0.077
2026-01-12 02:05:51.721177,1.05,31.7,1029.9,0.0,16.5,0,0.0,0.073
2026-01-12 02:05:53.688755,1.05,31.7,1029.6,0.0,16.6,0,0.0,0.077
2026-01-12 02:05:55.713438,1.05,31.7,1029.6,0.0,16.5,0,0.0,0.064
2026-01-12 02:05:57.707187,1.05,31.7,1028.5,0.0,16.6,0,0.0,0.073
2026-01-12 02:05:59.728447,1.05,31.7,1030.0,0.0,16.5,0,0.0,0.077
2026-01-12 02:06:01.621931,1.05,31.7,1030.0,0.0,16.6,0,0.0,0.077
2026-01-12 02:06:03.634471,1.05,31.7,1029.3,0.0,16.8,0,0.0,0.073
2026-01-12 02:06:05.729221,1.05,31.7,1029.7,0.0,16.5,0,0.0,0.081
2026-01-12 02:06:07.687290,1.05,31.7,1029.7,0.0,-999.0,0,0.0,0.076
2026-01-12 02:06:09.725531,1.05,31.7,1029.7,0.0,16.6,0,0.0,0.074
2026-01-12 02:06:11.718172,1.05,31.7,1029.2,0.0,16.6,0,0.0,0.068
2026-01-12 02:06:13.653835,1.05,31.7,1029.2,0.0,16.5,0,0.0,0.076
2026-01-12 02:06:15.711307,1.05,31.7,1029.1,0.0,16.2,0,0.0,0.073
2026-01-12 02:06:17.663046,1.05,31.7,1029.2,0.0,16.5,0,0.0,0.075
2026-01-12 02:06:19.714241,1.05,31.7,1028.1,0.0,16.6,0,0.0,0.066
2026-01-12 02:06:21.630397,1.05,31.7,1028.7,0.0,16.6,0,0.0,0.068
2026-01-12 02:06:23.624774,1.05,31.7,1029.1,0.0,-999.0,0,0.0,0.073
2026-01-12 02:06:25.629924,1.05,31.7,1027.9,0.0,16.6,0,0.0,0.071
2026-01-12 02:06:27.617238,1.05,31.7,1028.5,0.0,-999.0,0,0.0,0.073
2026-01-12 02:06:29.713905,1.05,31.7,1028.5,0.0,16.6,0,0.0,0.073
2026-01-12 02:06:31.721321,1.05,31.7,1028.5,0.0,-999.0,0,0.0,0.077
2026-01-12 02:06:33.720772,1.05,31.7,1028.0,0.0,-999.0,0,0.0,0.074
2026-01-12 02:06:35.688310,1.05,31.7,1027.7,0.0,-999.0,0,0.0,0.08
2026-01-12 02:06:37.631502,1.05,31.7,1028.1,0.0,16.5,0,0.0,0.077
2026-01-12 02:06:39.629793,1.05,31.7,1027.7,0.0,-999.0,0,0.0,0.073
2026-01-12 02:06:41.625894,1.05,31.7,1027.9,0.0,16.6,0,0.0,0.079
2026-01-12 02:06:43.718568,1.05,31.7,1027.7,0.0,-999.0,0,0.0,0.073
2026-01-12 02:06:45.644198,1.04,31.7,1028.1,0.0,16.5,0,0.0,0.072
2026-01-12 02:06:47.725562,1.04,31.7,1027.7,0.0,-999.0,0,0.0,0.078
2026-01-12 02:06:49.633989,1.04,31.7,1027.9,0.0,-999.0,0,0.0,0.081
2026-01-12 02:06:51.724380,1.04,31.7,1027.7,0.0,-999.0,0,0.0,0.071
2026-01-12 02:06:53.634193,1.04,31.7,1027.6,0.0,-999.0,0,0.0,0.073
2026-01-12 02:06:55.631989,1.04,31.7,1028.3,0.0,-999.0,0,0.0,0.072
2026-01-12 02:06:57.713225,1.04,31.7,1027.7,0.0,-999.0,0,0.0,0.069
2026-01-12 02:06:59.620648,1.04,31.7,1027.6,0.0,-999.0,0,0.0,0.08
2026-01-12 02:07:01.750284,1.04,31.7,1027.6,0.0,16.6,0,0.0,0.073
2026-01-12 02:07:03.706340,1.04,31.7,1027.7,0.0,-999.0,0,0.0,0.072
2026-01-12 02:07:05.636895,1.04,31.7,1027.7,0.0,-999.0,0,0.0,0.073
2026-01-12 02:07:07.631772,1.04,31.7,1027.6,0.0,-999.0,0,0.0,0.069
2026-01-12 02:07:09.679753,1.04,31.7,1027.7,0.0,-999.0,0,0.0,0.073
2026-01-12 02:07:11.721439,1.04,31.7,1027.6,0.0,-999.0,0,0.0,0.07
2026-01-12 02:07:13.688097,1.04,31.7,1027.6,0.0,-999.0,0,0.0,0.074
2026-01-12 02:07:15.643813,1.04,31.7,1027.6,0.0,-999.0,0,0.0,0.072
2026-01-12 02:07:17.698236,1.04,31.7,1027.6,0.0,-999.0,0,0.0,0.074
2026-01-12 02:07:19.644775,1.04,31.7,1027.6,0.0,-999.0,0,0.0,0.076
2026-01-12 02:07:21.714044,1.04,31.7,1027.5,0.0,-999.0,0,0.0,0.069
2026-01-12 02:07:23.629729,1.04,31.7,1027.5,0.0,-999.0,0,0.0,0.065
2026-01-12 02:07:25.632421,1.04,31.7,1027.6,0.0,-999.0,0,0.0,0.076
2026-01-12 02:07:27.631057,1.04,31.7,1027.6,0.0,16.6,0,0.0,0.075
2026-01-12 02:07:29.629886,1.04,31.7,1027.7,0.0,-999.0,0,0.0,0.077
2026-01-12 02:07:31.624785,1.04,31.7,1027.6,0.0,16.6,0,0.0,0.073
2026-01-12 02:07:33.717790,1.04,31.7,1027.6,0.0,-999.0,0,0.0,0.077
2026-01-12 02:07:35.708736,1.04,31.7,1027.9,0.0,16.6,0,0.0,0.079
2026-01-12 02:07:37.671045,1.04,31.7,1027.6,0.0,-999.0,0,0.0,0.073
2026-01-12 02:07:39.722807,1.04,31.7,1027.7,0.0,16.6,0,0.0,0.068
2026-01-12 02:07:41.697825,1.03,31.7,1027.6,0.0,-999.0,0,0.0,0.077
2026-01-12 02:07:43.715203,1.03,31.7,1027.5,0.0,16.6,0,0.0,0.072
2026-01-12 02:07:45.651728,1.03,31.7,1027.6,0.0,-999.0,0,0.1,0.082
2026-01-12 02:07:47.661753,1.03,31.7,1027.6,0.0,-999.0,0,0.0,0.072
2026-01-12 02:07:49.632466,1.03,31.7,1027.5,0.0,-999.0,0,0.0,0.077
2026-01-12 02:07:51.632826,1.03,31.7,1027.7,0.0,16.5,0,0.0,0.07
2026-01-12 02:07:53.632659,1.03,31.7,1027.6,0.0,16.5,0,0.0,0.075
2026-01-12 02:07:55.691482,1.03,31.7,1027.7,0.0,16.6,0,0.0,0.077
2026-01-12 02:07:57.669809,1.03,31.7,1027.6,0.0,16.6,0,0.0,0.074
2026-01-12 02:07:59.717195,1.03,31.7,1027.7,0.0,16.6,0,0.0,0.064
2026-01-12 02:08:01.627255,1.03,31.7,1027.7,0.0,16.5,0,0.0,0.07
2026-01-12 02:08:03.711577,1.03,31.7,1027.6,0.0,-999.0,0,0.0,0.074
2026-01-12 02:08:05.683844,1.03,31.7,1027.6,0.0,16.6,0,0.0,0.075
2026-01-12 02:08:07.632575,1.03,31.7,1027.6,0.0,-999.0,0,0.0,0.071
2026-01-12 02:08:09.693828,1.03,31.7,1027.9,0.0,16.6,0,0.1,0.084
2026-01-12 02:08:11.713511,1.03,31.7,1027.7,0.0,-999.0,0,0.0,0.072
2026-01-12 02:08:13.701387,1.03,31.7,1027.9,0.0,16.6,0,0.0,0.071
2026-01-12 02:08:15.624267,1.03,31.7,1027.7,0.0,-999.0,0,0.0,0.073
2026-01-12 02:08:17.712820,1.03,31.7,1027.7,0.0,16.6,0,0.0,0.075
2026-01-12 02:08:19.686950,1.03,31.7,1027.6,0.0,-999.0,0,0.0,0.079
2026-01-12 02:08:21.720341,1.03,31.7,1027.9,0.0,16.5,0,0.0,0.071
2026-01-12 02:08:23.630388,1.03,31.7,1027.7,0.0,-999.0,0,0.0,0.075
2026-01-12 02:08:25.643990,1.03,31.7,1027.6,0.0,-999.0,0,0.0,0.073
2026-01-12 02:08:27.727436,1.03,31.7,1027.6,0.0,-999.0,0,0.0,0.066
2026-01-12 02:08:29.632880,1.03,31.7,1027.7,0.0,-999.0,0,0.0,0.078
2026-01-12 02:08:31.710063,1.03,31.7,1027.5,0.0,16.8,0,0.0,0.077
2026-01-12 02:08:33.702377,1.02,31.7,1027.7,0.0,-999.0,0,0.0,0.074
2026-01-12 02:08:35.702417,1.02,31.7,1027.6,0.0,16.6,0,0.0,0.073
2026-01-12 02:08:37.710403,1.02,31.7,1027.7,0.0,-999.0,0,0.0,0.064
2026-01-12 02:08:39.645679,1.02,31.7,1027.6,0.0,16.5,0,0.0,0.06
2026-01-12 02:08:41.625249,1.02,31.7,1027.6,0.0,16.6,0,0.0,0.072
2026-01-12 02:08:43.673190,1.02,31.7,1027.7,0.0,16.6,0,0.0,0.067
2026-01-12 02:08:45.634085,1.02,31.7,1027.6,0.0,16.6,0,0.0,0.077
2026-01-12 02:08:47.627164,1.02,31.7,1027.6,0.0,16.5,0,0.0,0.075
2026-01-12 02:08:49.636788,1.02,31.7,1027.7,0.0,16.5,0,0.0,0.077
2026-01-12 02:08:51.714666,1.02,31.7,1027.7,0.0,16.6,0,0.0,0.074
2026-01-12 02:08:53.697841,1.02,31.7,1027.6,0.0,-999.0,0,0.0,0.074
2026-01-12 02:08:55.735587,1.02,31.7,1027.7,0.0,-999.0,0,0.0,0.077
2026-01-12 02:08:57.681852,1.02,31.7,1027.6,0.0,16.5,0,0.0,0.079
2026-01-12 02:08:59.719198,1.02,31.7,1027.7,0.0,-999.0,0,0.0,0.074
2026-01-12 02:09:01.690376,1.02,31.7,1027.6,0.0,16.6,0,0.0,0.077
2026-01-12 02:09:03.708872,1.02,31.7,1027.6,0.0,16.6,0,0.0,0.075
2026-01-12 02:09:05.731703,1.02,31.7,1027.6,0.0,16.6,0,0.0,0.053
2026-01-12 02:09:07.713197,1.02,31.7,1027.6,0.0,-999.0,0,0.0,0.071
2026-01-12 02:09:09.627533,1.02,31.7,1027.7,0.0,16.5,0,0.1,0.083
2026-01-12 02:09:11.627130,1.02,31.7,1027.7,0.0,16.6,0,0.0,0.071
2026-01-12 02:09:13.636256,1.02,31.7,1027.6,0.0,16.5,0,0.0,0.066
2026-01-12 02:09:15.707351,1.02,31.7,1027.6,0.0,16.5,0,0.0,0.08
2026-01-12 02:09:17.636613,1.02,31.7,1027.6,0.0,-999.0,0,0.0,0.077
2026-01-12 02:09:19.697889,1.02,31.7,1027.7,0.0,16.7,0,0.0,0.07
2026-01-12 02:09:21.658262,1.02,31.7,1027.6,0.0,-999.0,0,0.0,0.079
2026-01-12 02:09:23.634710,1.01,31.7,1027.6,0.0,-999.0,0,0.0,0.075
2026-01-12 02:09:25.673620,1.01,31.7,1027.7,0.0,-999.0,0,0.0,0.079
2026-01-12 02:09:27.629958,1.01,31.7,1027.7,0.0,-999.0,0,0.0,0.068
2026-01-12 02:09:29.694051,1.01,31.7,1027.7,0.0,16.2,0,0.0,0.068
2026-01-12 02:09:31.717449,1.01,31.7,1027.6,0.0,-999.0,0,0.0,0.074
2026-01-12 02:09:33.696788,1.01,31.7,1027.6,0.0,16.4,0,0.0,0.065
2026-01-12 02:09:35.666428,1.01,31.7,1027.7,0.0,-999.0,0,0.0,0.068
2026-01-12 02:09:37.623626,1.01,31.7,1027.6,0.0,16.4,0,0.0,0.073
2026-01-12 02:09:39.680533,1.01,31.7,1027.6,0.0,16.4,0,0.0,0.056
2026-01-12 02:09:41.633298,1.01,31.7,1027.6,0.0,16.5,0,0.0,0.076
2026-01-12 02:09:43.708157,1.01,31.7,1027.6,0.0,16.5,0,0.0,0.079
2026-01-12 02:09:45.695651,1.01,31.7,1027.6,0.0,16.4,0,0.0,0.07
2026-01-12 02:09:47.705688,1.01,31.7,1027.9,0.0,16.4,0,0.0,0.071
2026-01-12 02:09:49.635605,1.01,31.7,1027.6,0.0,-999.0,0,0.0,0.075
2026-01-12 02:09:51.625467,1.01,31.7,1027.6,0.0,-999.0,0,0.3,0.091
2026-01-12 02:09:53.669672,1.01,31.7,1027.6,0.0,-999.0,0,0.0,0.075
2026-01-12 02:09:55.639172,1.01,31.7,1027.6,0.0,16.5,0,0.0,0.077
2026-01-12 02:09:57.702351,1.01,31.7,1027.6,0.0,-999.0,0,0.0,0.07
2026-01-12 02:09:59.716285,1.01,31.7,1027.7,0.0,-999.0,0,0.0,0.073
2026-01-12 02:10:01.712286,1.01,31.7,1027.6,0.0,-999.0,0,0.0,0.07
2026-01-12 02:10:03.716799,1.01,31.7,1027.6,0.0,16.5,0,0.0,0.064
2026-01-12 02:10:05.700271,1.01,31.7,1027.6,0.0,-999.0,0,0.0,0.073
2026-01-12 02:10:07.690631,1.01,31.7,1027.7,0.0,16.5,0,0.0,0.074
2026-01-12 02:10:09.641034,1.01,31.7,1027.6,0.0,-999.0,0,0.0,0.067
2026-01-12 02:10:11.689353,1.01,31.7,1027.6,0.0,16.5,0,0.2,0.086
2026-01-12 02:10:13.721970,1.01,31.7,1027.6,0.0,-999.0,0,0.0,0.08
2026-01-12 02:10:15.718151,1.0,31.7,1027.6,0.0,16.6,0,0.0,0.074
2026-01-12 02:10:17.678426,1.0,31.7,1027.7,0.0,-999.0,0,0.0,0.075
2026-01-12 02:10:19.636932,1.0,31.7,1027.6,0.0,16.5,0,0.0,0.077
2026-01-12 02:10:21.694916,1.0,31.7,1027.6,0.0,-999.0,0,0.0,0.077
2026-01-12 02:10:23.640415,1.0,31.7,1027.7,0.0,16.5,0,0.0,0.081
2026-01-12 02:10:25.638601,1.0,31.7,1027.6,0.0,-999.0,0,0.0,0.072
2026-01-12 02:10:27.718763,1.0,31.7,1027.6,0.0,16.5,0,0.0,0.074
2026-01-12 02:10:29.712445,1.0,31.7,1027.7,0.0,16.5,0,0.0,0.072
2026-01-12 02:10:31.679528,1.0,31.7,1027.7,0.0,16.5,0,0.3,0.089
2026-01-12 02:10:33.724521,1.0,31.7,1027.6,0.0,-999.0,0,0.0,0.069
2026-01-12 02:10:35.686991,1.0,31.7,1027.6,0.0,16.5,0,0.0,0.075
2026-01-12 02:10:37.641488,1.0,31.7,1027.7,0.0,-999.0,0,0.0,0.069
2026-01-12 02:10:39.641383,1.0,31.7,1027.6,0.0,16.5,0,0.0,0.072
2026-01-12 02:10:41.660847,1.0,31.7,1027.7,0.0,-999.0,0,0.0,0.075
2026-01-12 02:10:43.717522,1.0,31.7,1027.6,0.0,16.5,0,0.0,0.073
2026-01-12 02:10:45.681420,1.0,31.7,1027.6,0.0,16.5,0,0.0,0.073
2026-01-12 02:10:47.716359,1.0,31.7,1027.7,0.0,16.5,0,0.0,0.075
2026-01-12 02:10:49.681132,1.0,31.7,1027.6,0.0,-999.0,0,0.0,0.071
2026-01-12 02:10:51.717395,1.0,31.7,1027.7,0.0,16.5,0,0.0,0.068
2026-01-12 02:10:53.696133,1.0,31.7,1027.6,0.0,16.5,0,0.0,0.068
2026-01-12 02:10:55.664683,0.99,31.7,1027.6,0.0,16.4,0,0.0,0.076
2026-01-12 02:10:57.705334,0.99,31.7,1027.6,0.0,-999.0,0,0.1,0.085
2026-01-12 02:10:59.694732,0.99,31.7,1027.6,0.0,16.5,0,0.0,0.069
2026-01-12 02:11:01.641924,0.99,31.7,1027.6,0.0,-999.0,0,0.0,0.078
2026-01-12 02:11:03.702305,0.99,31.7,1027.5,0.0,-999.0,0,0.0,0.064
2026-01-12 02:11:05.713397,0.99,31.7,1027.7,0.0,-999.0,0,0.0,0.077
2026-01-12 02:11:07.705867,0.99,31.7,1027.6,0.0,-999.0,0,0.0,0.076
2026-01-12 02:11:09.675551,0.99,31.7,1027.5,0.0,16.5,0,0.0,0.073
2026-01-12 02:11:11.682301,0.99,31.7,1027.6,0.0,-999.0,0,0.0,0.081
2026-01-12 02:11:13.687746,0.99,31.7,1027.6,0.0,16.5,0,0.0,0.068
2026-01-12 02:11:15.714483,0.99,31.7,1027.5,0.0,-999.0,0,0.0,0.072
2026-01-12 02:11:17.637129,0.99,31.7,1027.6,0.0,16.5,0,0.0,0.076
2026-01-12 02:11:19.656340,0.99,31.7,1027.6,0.0,-999.0,0,0.0,0.074
2026-01-12 02:11:21.699410,0.99,31.7,1027.5,0.0,16.5,0,0.0,0.072
2026-01-12 02:11:23.673205,0.99,31.7,1027.5,0.0,-999.0,0,0.0,0.075
2026-01-12 02:11:25.711036,0.99,31.7,1027.5,0.0,16.5,0,0.0,0.073
2026-01-12 02:11:27.696074,0.99,31.7,1027.6,0.0,-999.0,0,0.0,0.072
2026-01-12 02:11:29.713312,0.99,31.7,1027.6,0.0,16.5,0,0.0,0.08
2026-01-12 02:11:31.701951,0.99,31.7,1027.7,0.0,16.5,0,0.0,0.073
2026-01-12 02:11:33.717286,0.99,31.7,1027.6,0.0,16.4,0,0.0,0.065
2026-01-12 02:11:35.730095,0.99,31.7,1027.7,0.0,16.4,0,0.0,0.068
2026-01-12 02:11:37.681812,0.99,31.7,1027.7,0.0,16.4,0,0.0,0.073
2026-01-12 02:11:39.714740,0.99,31.7,1027.5,0.0,16.2,0,0.0,0.075
2026-01-12 02:11:41.633377,0.98,31.7,1027.7,0.0,16.3,0,0.0,0.067
2026-01-12 02:11:43.644328,0.98,31.7,1027.9,0.0,16.4,0,0.2,0.086
2026-01-12 02:11:45.702079,0.98,31.7,1027.5,0.0,-999.0,0,0.0,0.068
2026-01-12 02:11:47.642959,0.98,31.7,1027.6,0.0,16.5,0,0.3,0.091
2026-01-12 02:11:49.661922,0.98,31.7,1027.9,0.0,-999.0,0,0.3,0.091
2026-01-12 02:11:51.682890,0.98,31.7,1027.6,0.0,16.2,0,0.0,0.075
2026-01-12 02:11:53.715853,0.98,31.7,1028.3,0.0,-999.0,0,0.0,0.056
2026-01-12 02:11:55.688790,0.98,31.7,1028.0,0.0,16.4,0,0.0,0.07
2026-01-12 02:11:57.725165,0.98,31.7,1027.5,0.0,-999.0,0,0.0,0.077
2026-01-12 02:11:59.714458,0.98,31.7,1027.5,0.0,16.5,0,0.0,0.071
2026-01-12 02:12:01.704459,0.98,31.7,1027.5,0.0,16.5,0,0.0,0.073
2026-01-12 02:12:03.715734,0.98,31.7,1028.0,0.0,16.5,0,0.0,0.074
2026-01-12 02:12:05.686432,0.98,31.7,1027.9,0.0,-999.0,0,0.0,0.066
2026-01-12 02:12:07.713159,0.98,31.7,1028.0,0.0,16.6,0,0.0,0.06
2026-01-12 02:12:09.713307,0.98,31.7,1028.4,0.0,-999.0,0,0.0,0.077
2026-01-12 02:12:11.717635,0.98,31.7,1028.3,0.0,16.5,0,0.0,0.076
2026-01-12 02:12:13.716141,0.98,31.7,1028.3,0.0,16.6,0,0.0,0.077
2026-01-12 02:12:15.709231,0.98,31.7,1028.1,0.0,16.4,0,0.0,0.071
2026-01-12 02:12:17.715530,0.98,31.7,1028.3,0.0,16.4,0,0.0,0.073
2026-01-12 02:12:19.680443,0.98,31.7,1028.3,0.0,16.5,0,0.0,0.067
2026-01-12 02:12:21.696760,0.98,31.7,1027.9,0.0,16.4,0,0.0,0.07
2026-01-12 02:12:23.708645,0.98,31.7,1027.9,0.0,16.5,0,0.0,0.073
2026-01-12 02:12:25.650020,0.97,31.7,1027.9,0.0,16.5,0,0.0,0.072
2026-01-12 02:12:27.719041,0.97,31.7,1028.8,0.0,16.5,0,0.0,0.08
2026-01-12 02:12:29.665823,0.97,31.7,1027.7,0.0,16.5,0,0.0,0.07
2026-01-12 02:12:31.696288,0.97,31.7,1028.3,0.0,16.4,0,0.0,0.077
2026-01-12 02:12:33.639448,0.97,31.7,1027.7,0.0,16.5,0,0.0,0.071
2026-01-12 02:12:35.633304,0.97,31.7,1028.1,0.0,16.4,0,0.0,0.077
2026-01-12 02:12:37.638099,0.97,31.7,1027.9,0.0,16.5,0,0.0,0.072
2026-01-12 02:12:39.651554,0.97,31.7,1028.1,0.0,16.5,0,0.0,0.073
2026-01-12 02:12:41.638738,0.97,31.7,1027.9,0.0,16.6,0,0.0,0.075
2026-01-12 02:13:53.462962,0.97,31.7,1028.0,0.0,16.6,0,0.0,0.071
2026-01-12 02:13:53.639557,0.97,31.7,1028.3,0.0,16.5,0,0.1,0.083
2026-01-12 02:13:53.639557,0.97,31.7,1028.8,0.0,16.8,0,0.0,0.076
2026-01-12 02:13:53.639557,0.97,31.7,1028.1,0.0,-999.0,0,0.0,0.077
2026-01-12 02:13:53.639557,0.97,31.7,1028.3,0.0,16.5,0,0.0,0.074
2026-01-12 02:13:53.639557,0.96,31.7,1028.1,0.0,16.4,0,0.0,0.081
2026-01-12 02:13:53.639557,0.96,31.7,1027.7,0.0,16.5,0,0.0,0.073
2026-01-12 02:13:53.639557,0.96,31.7,1027.9,0.0,-999.0,0,0.0,0.073
2026-01-12 02:13:53.639557,0.96,31.7,1027.9,0.0,16.4,0,0.0,0.069
2026-01-12 02:13:53.639557,0.96,31.7,1027.7,0.0,-999.0,0,0.0,0.075
2026-01-12 02:13:53.639557,0.96,31.7,1028.7,0.0,-999.0,0,0.0,0.07
2026-01-12 02:13:53.639557,0.96,31.7,1028.5,0.0,16.6,0,0.0,0.076
2026-01-12 02:13:53.639557,0.96,31.7,1028.7,0.0,-999.0,0,0.0,0.075
2026-01-12 02:13:53.639557,0.96,31.7,1028.5,0.0,16.7,0,0.0,0.071
2026-01-12 02:13:53.639557,0.96,31.7,1027.9,0.0,16.7,0,0.0,0.075
2026-01-12 02:13:53.639557,0.96,31.7,1028.7,0.0,16.8,0,0.0,0.073
2026-01-12 02:13:53.639557,0.96,31.7,1027.6,0.0,-999.0,0,0.0,0.074
2026-01-12 02:13:54.130032,0.96,31.7,1029.6,0.0,16.7,0,0.0,0.068
2026-01-12 02:13:54.130032,0.96,31.7,1029.3,0.0,16.8,0,0.0,0.071
2026-01-12 02:13:54.130032,0.96,31.7,1028.1,0.0,16.8,0,0.0,0.074
2026-01-12 02:13:54.130032,0.96,31.7,1028.4,0.0,16.8,0,0.0,0.075
2026-01-12 02:13:54.130032,0.96,31.7,1028.8,0.0,16.7,0,0.0,0.065
2026-01-12 02:13:54.130032,0.96,31.7,1028.8,0.0,16.6,0,0.0,0.068
2026-01-12 02:13:54.130032,0.96,31.7,1028.0,0.0,16.7,0,0.4,0.092
2026-01-12 02:13:54.130032,0.95,31.7,1029.3,0.0,16.8,0,0.0,0.077
2026-01-12 02:13:54.130032,0.95,31.7,1030.0,0.0,-999.0,0,0.0,0.072
2026-01-12 02:13:54.130032,0.95,31.7,1028.8,0.0,16.8,0,0.0,0.077
2026-01-12 02:13:54.130032,0.95,31.7,1029.6,0.0,-999.0,0,0.0,0.078
2026-01-12 02:13:54.130032,0.95,31.7,1029.3,0.0,16.6,0,0.0,0.069
2026-01-12 02:13:54.130032,0.95,31.7,1029.3,0.0,-999.0,0,0.0,0.077
2026-01-12 02:13:54.130032,0.95,31.7,1029.7,0.0,-999.0,0,0.0,0.073
2026-01-12 02:13:54.130032,0.95,31.7,1029.7,0.0,-999.0,0,0.0,0.076
2026-01-12 02:13:55.736191,0.95,31.7,1029.1,0.0,16.6,0,0.0,0.074
2026-01-12 02:13:57.703859,0.95,31.7,1029.2,0.0,-999.0,0,0.0,0.077
2026-01-12 02:13:59.772429,0.95,31.7,1029.3,0.0,16.5,0,0.0,0.065
2026-01-12 02:14:01.641782,0.95,31.7,1029.5,0.0,16.4,0,0.0,0.069
2026-01-12 02:14:03.633851,0.95,31.7,1029.1,0.0,16.4,0,0.0,0.075
2026-01-12 02:14:05.643200,0.95,31.7,1029.6,0.0,16.3,0,0.0,0.074
2026-01-12 02:14:07.683497,0.95,31.7,1029.5,0.0,16.6,0,0.0,0.074
2026-01-12 02:14:09.753346,0.95,31.7,1029.2,0.0,16.6,0,0.0,0.073
2026-01-12 02:14:11.640130,0.95,31.7,1030.0,0.0,16.5,0,0.0,0.069
2026-01-12 02:14:13.776008,0.95,31.7,1030.0,0.0,16.6,0,0.0,0.074
2026-01-12 02:14:15.667437,0.95,31.7,1029.9,0.0,16.6,0,0.0,0.073
2026-01-12 02:14:17.780153,0.95,31.7,1029.6,0.0,16.5,0,0.0,0.074
2026-01-12 02:14:19.631774,0.95,31.7,1029.9,0.0,16.6,0,0.0,0.073
2026-01-12 02:14:21.694650,0.95,31.7,1029.2,0.0,16.5,0,0.0,0.071
2026-01-12 02:14:23.668639,0.95,31.7,1029.3,0.0,16.6,0,0.0,0.067
2026-01-12 02:14:25.650988,0.95,31.7,1029.2,0.0,16.4,0,0.0,0.073
2026-01-12 02:14:27.646260,0.95,31.7,1029.2,0.0,16.5,0,0.0,0.07
2026-01-12 02:14:29.639188,0.94,31.7,1029.2,0.0,16.6,0,0.0,0.071
2026-01-12 02:14:31.642420,0.94,31.7,1028.9,0.0,16.6,0,0.0,0.069
2026-01-12 02:14:33.741510,0.94,31.7,1029.6,0.0,16.4,0,0.0,0.077
2026-01-12 02:14:35.651850,0.94,31.7,1029.9,0.0,16.3,0,0.3,0.089
2026-01-12 02:14:37.641163,0.94,31.7,1029.1,0.0,17.0,0,0.0,0.075
2026-01-12 02:14:39.707630,0.94,31.7,1029.5,0.0,16.3,0,0.0,0.077
2026-01-12 02:14:41.652253,0.94,31.7,1029.5,0.0,16.5,0,0.0,0.071
2026-01-12 02:14:43.642377,0.94,31.7,1029.2,0.0,16.6,0,0.0,0.07
2026-01-12 02:14:45.791958,0.94,31.7,1029.7,0.0,16.5,0,0.0,0.068
2026-01-12 02:14:47.752466,0.94,31.7,1029.6,0.0,16.6,0,0.0,0.073
2026-01-12 02:14:49.692962,0.94,31.7,1028.8,0.0,16.6,0,0.0,0.073
2026-01-12 02:14:51.655188,0.94,31.7,1029.3,0.0,16.6,0,0.0,0.068
2026-01-12 02:14:53.653097,0.94,31.7,1029.3,0.0,16.5,0,0.0,0.073
2026-01-12 02:14:55.782671,0.94,31.7,1029.6,0.0,16.8,0,0.0,0.071
2026-01-12 02:14:57.654111,0.94,31.7,1029.5,0.0,16.5,0,0.0,0.081
2026-01-12 02:14:59.665780,0.94,31.7,1029.7,0.0,16.8,0,0.0,0.068
2026-01-12 02:15:01.742468,0.94,31.7,1029.7,0.0,-999.0,0,0.0,0.072
2026-01-12 02:15:03.704673,0.94,31.7,1029.9,0.0,16.8,0,0.0,0.071
2026-01-12 02:15:05.766431,0.94,31.7,1029.6,0.0,16.5,0,0.0,0.072
2026-01-12 02:15:07.651503,0.94,31.7,1029.5,0.0,16.6,0,0.0,0.073
2026-01-12 02:15:09.783029,0.94,31.7,1029.2,0.0,16.6,0,0.0,0.073
2026-01-12 02:15:11.727395,0.93,31.7,1029.3,0.0,16.8,0,0.0,0.079
2026-01-12 02:15:13.795886,0.93,31.7,1029.2,0.0,16.6,0,0.0,0.067
2026-01-12 02:15:15.860001,0.93,31.7,1029.6,0.0,16.6,0,0.0,0.075
2026-01-12 02:15:17.697400,0.93,31.7,1029.6,0.0,16.6,0,0.0,0.073
2026-01-12 02:15:19.770843,0.93,31.7,1029.9,0.0,16.8,0,0.0,0.074
2026-01-12 02:15:21.690418,0.93,31.7,1029.9,0.0,16.6,0,0.0,0.071
2026-01-12 02:15:23.657389,0.93,31.7,1029.5,0.0,16.6,0,0.0,0.079
2026-01-12 02:15:25.730869,0.93,31.7,1029.7,0.0,16.5,0,0.0,0.075
2026-01-12 02:15:27.652814,0.93,31.7,1029.6,0.0,16.6,0,0.0,0.075
2026-01-12 02:15:29.758498,0.93,31.7,1029.7,0.0,16.8,0,0.0,0.073
2026-01-12 02:15:31.686964,0.93,31.7,1029.5,0.0,16.5,0,0.0,0.077
2026-01-12 02:15:33.656804,0.93,31.7,1029.5,0.0,16.7,0,0.0,0.078
2026-01-12 02:15:35.716934,0.93,31.7,1029.6,0.0,16.6,0,0.0,0.074
2026-01-12 02:15:37.789156,0.93,31.7,1029.5,0.0,16.6,0,0.0,0.073
2026-01-12 02:15:39.647786,0.93,31.7,1029.3,0.0,16.8,0,0.1,0.082
2026-01-12 02:15:41.693079,0.93,31.7,1029.3,0.0,16.6,0,0.0,0.069
2026-01-12 02:15:43.765431,0.93,31.7,1029.3,0.0,-999.0,0,0.0,0.077
2026-01-12 02:15:45.662924,0.93,31.7,1028.9,0.0,16.6,0,0.0,0.076
2026-01-12 02:15:47.777046,0.93,31.7,1028.8,0.0,-999.0,0,0.0,0.076
2026-01-12 02:15:49.728258,0.93,31.7,1028.9,0.0,16.6,0,0.0,0.072
2026-01-12 02:15:51.783016,0.93,31.7,1029.3,0.0,-999.0,0,0.0,0.067
2026-01-12 02:15:53.643473,0.93,31.7,1029.1,0.0,16.8,0,0.0,0.076
2026-01-12 02:15:55.660811,0.93,31.7,1028.8,0.0,16.6,0,0.0,0.077
2026-01-12 02:15:57.764800,0.93,31.7,1029.5,0.0,-999.0,0,0.0,0.073
2026-01-12 02:15:59.706941,0.93,31.7,1029.6,0.0,16.6,0,0.0,0.069
2026-01-12 02:16:01.646733,0.93,31.7,1028.8,0.0,-999.0,0,0.0,0.071
2026-01-12 02:16:03.721118,0.92,31.7,1029.2,0.0,16.6,0,0.0,0.073
2026-01-12 02:16:05.787018,0.92,31.7,1029.5,0.0,16.6,0,0.0,0.073
2026-01-12 02:16:07.742419,0.92,31.7,1029.2,0.0,16.6,0,0.0,0.067
2026-01-12 02:16:09.690307,0.92,31.7,1029.2,0.0,16.6,0,0.0,0.077
2026-01-12 02:16:11.659558,0.92,31.7,1029.3,0.0,16.6,0,0.1,0.083
2026-01-12 02:16:13.714837,0.92,31.7,1028.9,0.0,16.6,0,0.0,0.072
2026-01-12 02:16:15.661224,0.92,31.7,1029.5,0.0,16.7,0,0.0,0.071
2026-01-12 02:16:17.659835,0.92,31.7,1029.3,0.0,16.6,0,0.0,0.07
2026-01-12 02:16:19.791768,0.92,31.7,1029.3,0.0,16.6,0,0.0,0.078
2026-01-12 02:16:21.753123,0.92,31.7,1029.1,0.0,16.5,0,0.0,0.074
2026-01-12 02:16:23.699966,0.92,31.7,1029.3,0.0,16.8,0,0.0,0.077
2026-01-12 02:16:25.659280,0.92,31.7,1028.8,0.0,16.8,0,0.0,0.067
2026-01-12 02:16:27.709371,0.92,31.7,1029.1,0.0,-999.0,0,0.0,0.069
2026-01-12 02:16:29.663272,0.92,31.7,1029.1,0.0,16.6,0,0.0,0.071
2026-01-12 02:16:31.657938,0.92,31.7,1029.6,0.0,-999.0,0,0.0,0.075
2026-01-12 02:16:33.792015,0.92,31.7,1029.1,0.0,16.7,0,0.0,0.071
2026-01-12 02:16:35.744773,0.92,31.7,1029.2,0.0,-999.0,0,0.1,0.084
2026-01-12 02:16:37.709167,0.92,31.7,1029.1,0.0,-999.0,0,0.2,0.085
2026-01-12 02:16:39.659556,0.92,31.7,1029.1,0.0,-999.0,0,0.0,0.069
2026-01-12 02:16:41.645991,0.92,31.7,1029.3,0.0,16.6,0,0.0,0.072
2026-01-12 02:16:43.688187,0.92,31.7,1029.5,0.0,16.6,0,0.0,0.07
2026-01-12 02:16:45.755518,0.92,31.7,1029.2,0.0,-999.0,0,0.0,0.075
2026-01-12 02:16:47.790909,0.92,31.7,1028.7,0.0,16.6,0,0.0,0.075
2026-01-12 02:16:49.750220,0.92,31.7,1028.8,0.0,16.6,0,0.0,0.077
2026-01-12 02:16:51.661087,0.92,31.7,1028.8,0.0,16.8,0,0.2,0.085
2026-01-12 02:16:53.769114,0.92,31.7,1028.5,0.0,16.7,0,0.0,0.076
2026-01-12 02:16:55.728914,0.92,31.7,1028.5,0.0,16.6,0,0.0,0.074
2026-01-12 02:16:57.653562,0.91,31.7,1028.7,0.0,-999.0,0,0.1,0.082
2026-01-12 02:16:59.646532,0.91,31.7,1029.2,0.0,16.7,0,0.0,0.075
2026-01-12 02:17:01.657313,0.91,31.7,1029.5,0.0,-999.0,0,0.0,0.072
2026-01-12 02:17:03.758769,0.91,31.7,1028.8,0.0,16.8,0,0.0,0.078
2026-01-12 02:17:05.651588,0.91,31.7,1029.2,0.0,-999.0,0,0.0,0.07
2026-01-12 02:17:07.763497,0.91,31.7,1029.1,0.0,-999.0,0,0.0,0.07
2026-01-12 02:17:09.660362,0.91,31.7,1028.8,0.0,-999.0,0,0.0,0.072
2026-01-12 02:17:11.658169,0.91,31.7,1028.9,0.0,-999.0,0,0.0,0.077
2026-01-12 02:17:13.752619,0.91,31.7,1028.7,0.0,-999.0,0,0.0,0.077
2026-01-12 02:17:15.655534,0.91,31.7,1028.9,0.0,16.8,0,0.0,0.073
2026-01-12 02:17:17.760738,0.91,31.7,1028.9,0.0,16.5,0,0.0,0.066
2026-01-12 02:17:19.710215,0.91,31.7,1029.3,0.0,-999.0,0,0.0,0.077
2026-01-12 02:17:21.776850,0.91,31.7,1029.3,0.0,16.6,0,0.0,0.071
2026-01-12 02:17:23.730841,0.91,31.7,1029.1,0.0,16.6,0,0.0,0.074
2026-01-12 02:17:25.790871,0.91,31.7,1028.9,0.0,16.8,0,0.0,0.077
2026-01-12 02:17:27.660698,0.91,31.7,1029.5,0.0,16.6,0,0.0,0.074
2026-01-12 02:17:29.702563,0.91,31.7,1029.5,0.0,16.6,0,0.0,0.067
2026-01-12 02:17:31.659971,0.91,31.7,1029.1,0.0,-999.0,0,0.0,0.07
2026-01-12 02:17:33.714626,0.91,31.7,1029.3,0.0,16.8,0,0.0,0.072
2026-01-12 02:17:35.784213,0.91,31.7,1028.9,0.0,16.5,0,0.0,0.077
2026-01-12 02:17:37.661249,0.91,31.7,1029.2,0.0,-999.0,0,0.0,0.073
2026-01-12 02:17:39.786400,0.91,31.7,1029.1,0.0,16.6,0,0.0,0.073
2026-01-12 02:17:41.655049,0.91,31.7,1029.2,0.0,16.8,0,0.0,0.077
2026-01-12 02:17:43.700723,0.91,31.7,1029.2,0.0,16.5,0,0.0,0.077
2026-01-12 02:17:45.759254,0.91,31.7,1029.1,0.0,-999.0,0,0.0,0.075
2026-01-12 02:17:47.658202,0.9,31.7,1029.2,0.0,16.6,0,0.0,0.073
2026-01-12 02:17:49.774508,0.9,31.7,1028.8,0.0,-999.0,0,0.0,0.07
2026-01-12 02:17:51.668772,0.9,31.7,1028.9,0.0,16.7,0,0.0,0.072
2026-01-12 02:17:53.791830,0.9,31.7,1029.3,0.0,-999.0,0,0.0,0.073
2026-01-12 02:17:55.751651,0.9,31.7,1028.9,0.0,16.6,0,0.0,0.074
2026-01-12 02:17:57.656211,0.9,31.7,1029.5,0.0,16.6,0,0.0,0.078
2026-01-12 02:17:59.662919,0.9,31.7,1029.3,0.0,16.5,0,0.0,0.072
2026-01-12 02:18:01.711710,0.9,31.7,1029.1,0.0,-999.0,0,0.1,0.083
2026-01-12 02:18:03.663912,0.9,31.7,1029.1,0.0,16.5,0,0.0,0.073
2026-01-12 02:18:05.738089,0.9,31.7,1029.3,0.0,16.5,0,0.0,0.075
2026-01-12 02:18:07.828272,0.9,31.7,1029.2,0.0,16.4,0,0.0,0.075
2026-01-12 02:18:09.762294,0.9,31.7,1029.2,0.0,16.4,0,0.0,0.068
2026-01-12 02:18:11.702914,0.9,31.7,1029.6,0.0,16.6,0,0.0,0.074
2026-01-12 02:18:13.772626,0.9,31.7,1029.3,0.0,16.8,0,0.0,0.055
2026-01-12 02:18:15.716399,0.9,31.7,1029.5,0.0,16.5,0,0.0,0.078
2026-01-12 02:18:17.782450,0.9,31.7,1028.9,0.0,16.5,0,0.0,0.077
2026-01-12 02:18:19.659380,0.9,31.7,1029.1,0.0,16.4,0,0.0,0.074
2026-01-12 02:18:21.798849,0.9,31.7,1029.2,0.0,16.6,0,0.0,0.079
2026-01-12 02:18:23.647532,0.9,31.7,1029.3,0.0,16.5,0,0.0,0.076
2026-01-12 02:18:25.711349,0.9,31.7,1028.9,0.0,-999.0,0,0.0,0.068
2026-01-12 02:18:27.710025,0.9,31.7,1028.8,0.0,16.5,0,0.0,0.075
2026-01-12 02:18:29.676150,0.9,31.7,1028.8,0.0,-999.0,0,0.2,0.088
2026-01-12 02:18:31.687034,0.9,31.7,1029.2,0.0,16.6,0,0.0,0.073
2026-01-12 02:18:33.735244,0.9,31.7,1029.6,0.0,16.4,0,0.0,0.079
2026-01-12 02:18:35.690099,0.9,31.7,1029.2,0.0,16.5,0,0.0,0.077
2026-01-12 02:18:37.689439,0.9,31.7,1028.5,0.0,16.5,0,0.0,0.07
2026-01-12 02:18:39.645267,0.9,31.7,1028.7,0.0,16.5,0,0.0,0.071
2026-01-12 02:18:41.649564,0.89,31.7,1028.8,0.0,16.4,0,0.0,0.07
2026-01-12 02:18:43.723856,0.89,31.7,1028.9,0.0,16.5,0,0.3,0.089
2026-01-12 02:18:45.700821,0.89,31.7,1028.7,0.0,16.4,0,0.0,0.069
2026-01-12 02:18:47.750946,0.89,31.7,1028.9,0.0,16.5,0,0.0,0.073
2026-01-12 02:18:49.700990,0.89,31.7,1029.1,0.0,-999.0,0,0.0,0.073
2026-01-12 02:18:51.658016,0.89,31.7,1028.9,0.0,16.5,0,0.0,0.069
2026-01-12 02:18:53.652491,0.89,31.7,1028.9,0.0,16.5,0,0.0,0.073
2026-01-12 02:18:55.777586,0.89,31.7,1028.5,0.0,16.6,0,0.0,0.077
2026-01-12 02:18:57.664510,0.89,31.7,1029.1,0.0,-999.0,0,0.0,0.075
2026-01-12 02:18:59.792047,0.89,31.7,1028.5,0.0,16.6,0,0.0,0.07
2026-01-12 02:19:01.748138,0.89,31.7,1028.7,0.0,16.5,0,0.0,0.074
2026-01-12 02:19:03.701118,0.89,31.7,1029.2,0.0,16.4,0,0.0,0.075
2026-01-12 02:19:05.761791,0.89,31.8,1028.7,0.0,-999.0,0,0.0,0.074
2026-01-12 02:19:07.654955,0.89,31.8,1029.2,0.0,-999.0,0,0.0,0.081
2026-01-12 02:19:09.663399,0.89,31.8,1028.7,0.0,16.4,0,0.0,0.066
2026-01-12 02:19:11.736270,0.89,31.8,1028.8,0.0,-999.0,0,0.0,0.061
2026-01-12 02:19:13.789853,0.89,31.8,1029.2,0.0,16.2,0,0.3,0.089
2026-01-12 02:19:15.746828,0.89,31.7,1028.9,0.0,-999.0,0,0.0,0.081
2026-01-12 02:19:17.702033,0.89,31.8,1028.8,0.0,-999.0,0,0.0,0.065
2026-01-12 02:19:19.768008,0.89,31.8,1028.4,0.0,-999.0,0,0.0,0.075
2026-01-12 02:19:21.715332,0.89,31.8,1029.2,0.0,16.4,0,0.0,0.077
2026-01-12 02:19:23.665959,0.88,31.8,1029.3,0.0,-999.0,0,0.0,0.059
2026-01-12 02:19:25.741372,0.88,31.8,1029.1,0.0,16.5,0,0.0,0.072
2026-01-12 02:19:27.674304,0.88,31.8,1028.8,0.0,-999.0,0,0.0,0.073
2026-01-12 02:19:29.667550,0.88,31.7,1029.1,0.0,16.5,0,0.0,0.068
2026-01-12 02:19:31.721139,0.88,31.8,1029.5,0.0,-999.0,0,0.0,0.073
2026-01-12 02:19:33.773227,0.88,31.7,1028.9,0.0,16.5,0,0.3,0.091
2026-01-12 02:19:35.720532,0.88,31.8,1029.5,0.0,16.4,0,0.0,0.077
2026-01-12 02:19:37.782082,0.88,31.8,1029.1,0.0,16.4,0,0.0,0.073
2026-01-12 02:19:39.658537,0.88,31.8,1029.1,0.0,16.5,0,0.0,0.073
2026-01-12 02:19:41.811065,0.88,31.8,1029.3,0.0,16.5,0,0.0,0.077
2026-01-12 02:19:43.757015,0.88,31.8,1029.1,0.0,-999.0,0,0.0,0.076
2026-01-12 02:19:45.711218,0.88,31.8,1029.5,0.0,16.4,1,0.0,0.066
2026-01-12 02:19:47.778132,0.88,31.8,1029.1,0.0,-999.0,0,0.0,0.066
2026-01-12 02:19:49.729528,0.88,31.8,1029.5,0.0,16.4,0,0.0,0.072
2026-01-12 02:19:51.792794,0.88,31.8,1029.3,0.0,16.4,0,0.0,0.077
2026-01-12 02:19:53.661621,0.88,31.8,1029.3,0.0,16.5,0,0.0,0.073
2026-01-12 02:19:55.692404,0.88,31.8,1029.2,0.0,16.4,0,0.0,0.072
2026-01-12 02:19:57.660727,0.88,31.8,1029.2,0.0,16.5,0,0.0,0.077
2026-01-12 02:19:59.668376,0.88,31.8,1029.1,0.0,16.4,0,0.0,0.071
2026-01-12 02:20:01.665351,0.88,31.8,1029.2,0.0,16.2,0,0.0,0.073
2026-01-12 02:20:03.660658,0.88,31.8,1029.2,0.0,16.4,0,0.0,0.076
2026-01-12 02:20:05.663949,0.88,31.8,1028.9,0.0,16.3,0,0.0,0.079
2026-01-12 02:20:07.664149,0.88,31.8,1029.1,0.0,16.4,1,0.0,0.079
2026-01-12 02:20:09.658507,0.88,31.8,1028.7,0.0,-999.0,0,0.3,0.089
2026-01-12 02:20:11.655193,0.88,31.8,1028.8,0.0,16.4,0,0.1,0.085
2026-01-12 02:20:13.656524,0.87,31.8,1029.1,0.0,-999.0,0,0.0,0.061
2026-01-12 02:20:15.666957,0.87,31.8,1029.2,0.0,16.4,0,0.0,0.068
2026-01-12 02:20:17.662049,0.87,31.8,1029.5,0.0,16.4,0,0.0,0.075
2026-01-12 02:20:19.736617,0.87,31.8,1028.7,0.0,16.4,0,0.0,0.074
2026-01-12 02:20:21.659214,0.87,31.8,1028.8,0.0,-999.0,0,0.0,0.081
2026-01-12 02:20:23.662708,0.87,31.8,1028.8,0.0,16.5,0,0.0,0.072
2026-01-12 02:20:25.660086,0.87,31.8,1029.1,0.0,16.4,0,0.0,0.075
2026-01-12 02:20:27.665285,0.87,31.8,1028.7,0.0,16.4,0,0.0,0.073
2026-01-12 02:20:29.662926,0.87,31.8,1028.8,0.0,16.5,0,0.0,0.053
2026-01-12 02:20:31.661641,0.87,31.8,1029.6,0.0,16.5,0,0.0,0.073
2026-01-12 02:20:33.684864,0.87,31.8,1029.2,0.0,-999.0,0,0.0,0.073
2026-01-12 02:20:35.663087,0.87,31.8,1029.2,0.0,16.5,0,0.0,0.072
2026-01-12 02:20:37.661566,0.87,31.8,1029.1,0.0,16.4,0,0.0,0.07
2026-01-12 02:20:39.661281,0.87,31.8,1028.9,0.0,16.4,0,0.0,0.074
2026-01-12 02:20:41.657831,0.87,31.8,1029.2,0.0,16.5,0,0.0,0.077
2026-01-12 02:20:43.670700,0.87,31.8,1028.9,0.0,16.5,0,0.0,0.074
2026-01-12 02:20:45.682875,0.87,31.8,1028.9,0.0,-999.0,0,0.0,0.07
2026-01-12 02:20:47.802349,0.87,31.9,1029.2,0.0,16.4,0,0.0,0.07
2026-01-12 02:20:49.665431,0.87,31.9,1028.8,0.0,-999.0,0,0.0,0.074
2026-01-12 02:20:51.666748,0.87,31.9,1029.2,0.0,16.4,0,0.0,0.077
2026-01-12 02:20:53.760935,0.87,31.9,1028.8,0.0,-999.0,0,0.2,0.086
2026-01-12 02:20:55.660098,0.87,31.8,1028.8,0.0,-999.0,0,0.2,0.087
2026-01-12 02:20:57.675019,0.87,31.9,1028.8,0.0,-999.0,0,0.0,0.073
2026-01-12 02:20:59.660191,0.87,31.9,1028.8,0.0,-999.0,0,0.0,0.073
2026-01-12 02:21:01.793852,0.87,31.9,1028.7,0.0,16.5,0,0.0,0.078
2026-01-12 02:21:03.862331,0.86,31.9,1028.8,0.0,-999.0,0,0.0,0.074
2026-01-12 02:21:05.662560,0.86,31.9,1028.7,0.0,16.4,0,0.0,0.071
2026-01-12 02:21:07.769807,0.86,31.9,1028.9,0.0,-999.0,0,0.0,0.077
2026-01-12 02:21:09.723959,0.86,31.9,1028.4,0.0,16.4,0,0.0,0.073
2026-01-12 02:21:11.697938,0.86,31.9,1028.8,0.0,16.5,0,0.0,0.068
2026-01-12 02:21:13.751478,0.86,31.9,1029.1,0.0,16.4,0,0.1,0.082
2026-01-12 02:21:15.675091,0.86,31.9,1028.9,0.0,16.4,0,0.0,0.073
2026-01-12 02:21:17.708159,0.86,31.9,1028.9,0.0,16.4,0,0.3,0.089
2026-01-12 02:21:19.722968,0.86,31.9,1029.2,0.0,16.4,0,0.0,0.073
2026-01-12 02:21:21.781329,0.86,31.9,1028.9,0.0,-999.0,0,0.0,0.07
2026-01-12 02:21:23.721948,0.86,31.9,1028.9,0.0,16.4,0,0.0,0.073
2026-01-12 02:21:25.799305,0.86,31.9,1029.2,0.0,-999.0,2,0.0,0.076
2026-01-12 02:21:27.663227,0.86,31.9,1028.9,0.0,16.4,0,0.0,0.073
2026-01-12 02:21:29.697105,0.86,31.9,1028.9,0.0,-999.0,0,0.0,0.07
2026-01-12 02:21:31.762379,0.86,31.9,1029.2,0.0,-999.0,0,0.0,0.053
2026-01-12 02:21:33.658896,0.86,31.9,1029.1,0.0,16.5,0,0.0,0.073
2026-01-12 02:21:35.662828,0.86,31.9,1028.5,0.0,-999.0,0,0.0,0.075
2026-01-12 02:21:37.674847,0.86,31.9,1028.9,0.0,16.4,0,0.0,0.071
2026-01-12 02:21:39.766139,0.86,31.9,1028.8,0.0,16.5,0,0.0,0.068
2026-01-12 02:21:41.662971,0.86,31.9,1029.3,0.0,16.5,0,0.0,0.064
2026-01-12 02:21:43.657789,0.86,31.9,1028.7,0.0,16.4,0,0.0,0.072
2026-01-12 02:21:45.706031,0.86,31.9,1028.8,0.0,16.4,0,0.0,0.076
2026-01-12 02:21:47.655685,0.86,31.9,1029.2,0.0,-999.0,0,0.5,0.095
2026-01-12 02:21:49.674920,0.86,31.9,1028.9,0.0,16.5,0,0.0,0.073
2026-01-12 02:21:51.657616,0.86,31.9,1029.1,0.0,-999.0,0,0.0,0.077
2026-01-12 02:21:53.663514,0.86,31.9,1029.1,0.0,16.5,0,0.0,0.073
2026-01-12 02:21:55.662775,0.85,31.9,1029.3,0.0,-999.0,0,0.0,0.067
2026-01-12 02:21:57.663728,0.85,31.9,1029.5,0.0,-999.0,0,0.0,0.076
2026-01-12 02:21:59.663495,0.85,31.9,1029.1,0.0,16.5,0,0.1,0.083
2026-01-12 02:22:01.664169,0.85,31.9,1029.3,0.0,-999.0,0,0.0,0.076
2026-01-12 02:22:03.664465,0.85,31.9,1029.2,0.0,16.1,0,0.0,0.069
2026-01-12 02:22:05.734650,0.85,31.9,1029.1,0.0,-999.0,0,0.0,0.07
2026-01-12 02:22:07.685427,0.85,31.9,1029.2,0.0,16.5,0,0.0,0.076
2026-01-12 02:22:09.663762,0.85,31.9,1029.5,0.0,16.3,0,0.0,0.074
2026-01-12 02:22:11.668567,0.85,31.9,1029.1,0.0,16.5,0,0.0,0.068
2026-01-12 02:22:13.662254,0.85,31.9,1029.1,0.0,16.4,0,0.1,0.082
2026-01-12 02:22:15.658534,0.85,31.9,1029.7,0.0,16.4,0,0.0,0.068
2026-01-12 02:22:17.668031,0.85,31.9,1029.6,0.0,16.5,0,0.0,0.077
2026-01-12 02:22:19.661813,0.85,31.9,1029.1,0.0,-999.0,0,0.0,0.076
2026-01-12 02:22:21.708581,0.85,32.0,1029.2,0.0,16.4,0,0.0,0.073
2026-01-12 02:22:23.670525,0.85,32.0,1029.6,0.0,-999.0,0,0.0,0.077
2026-01-12 02:22:25.662523,0.85,32.0,1028.9,0.0,16.5,0,0.0,0.076
2026-01-12 02:22:27.665276,0.85,31.9,1029.5,0.0,16.8,0,0.0,0.066
2026-01-12 02:22:29.664701,0.85,32.0,1029.1,0.0,16.5,0,0.0,0.077
2026-01-12 02:22:31.674261,0.85,32.0,1028.9,0.0,16.8,0,0.0,0.076
2026-01-12 02:22:33.661333,0.85,32.0,1029.1,0.0,16.4,0,0.0,0.068
2026-01-12 02:22:35.675599,0.85,32.0,1028.9,0.0,16.5,0,0.0,0.077
2026-01-12 02:22:37.661460,0.85,32.0,1029.5,0.0,16.3,0,0.0,0.073
2026-01-12 02:22:39.664978,0.85,32.0,1029.3,0.0,-999.0,0,0.1,0.083
2026-01-12 02:22:41.673638,0.85,32.0,1029.1,0.0,16.4,0,0.0,0.073
2026-01-12 02:22:43.665564,0.85,32.0,1029.2,0.0,-999.0,0,0.0,0.073
2026-01-12 02:22:45.716892,0.85,32.0,1029.7,0.0,16.3,0,0.0,0.068
2026-01-12 02:22:47.663921,0.85,32.0,1029.1,0.0,-999.0,0,0.0,0.076
2026-01-12 02:22:49.659343,0.85,32.0,1029.2,0.0,16.3,0,0.0,0.081
2026-01-12 02:22:51.659550,0.84,32.0,1029.3,0.0,-999.0,0,0.0,0.076
2026-01-12 02:22:53.660527,0.84,32.0,1029.2,0.0,16.5,0,0.0,0.074
2026-01-12 02:22:55.661827,0.84,32.0,1028.9,0.0,-999.0,0,0.0,0.073
2026-01-12 02:22:57.662708,0.84,32.0,1029.5,0.0,16.5,0,0.0,0.066
2026-01-12 02:22:59.675818,0.84,32.0,1029.7,0.0,16.3,0,0.0,0.073
2026-01-12 02:23:01.662056,0.84,32.0,1029.1,0.0,16.4,0,0.0,0.073
2026-01-12 02:23:03.665771,0.84,32.0,1029.1,0.0,16.5,0,0.0,0.071
2026-01-12 02:23:05.676471,0.84,32.0,1028.8,0.0,16.5,0,0.0,0.07
2026-01-12 02:23:07.661109,0.84,32.0,1028.7,0.0,-999.0,0,0.0,0.081
2026-01-12 02:23:09.665144,0.84,32.0,1028.9,0.0,16.2,0,0.0,0.08
2026-01-12 02:23:11.665624,0.84,32.0,1029.2,0.0,-999.0,0,0.0,0.074
2026-01-12 02:23:13.665307,0.84,32.0,1029.3,0.0,18.0,0,0.0,0.068
2026-01-12 02:23:15.667868,0.84,32.0,1029.1,0.0,18.0,0,0.0,0.071
2026-01-12 02:23:17.698080,0.84,32.0,1029.3,0.0,17.9,0,0.0,0.078
2026-01-12 02:23:19.664941,0.84,32.0,1028.9,0.0,18.0,0,0.0,0.079
2026-01-12 02:23:21.660269,0.84,32.0,1029.1,0.0,18.1,0,0.0,0.075
2026-01-12 02:23:23.668026,0.84,32.0,1028.9,0.0,-999.0,0,0.0,0.071
2026-01-12 02:23:25.656428,0.84,32.0,1029.2,0.0,18.0,0,0.0,0.073
2026-01-12 02:23:27.667457,0.84,32.0,1028.8,0.0,-999.0,0,0.0,0.073
2026-01-12 02:23:29.664679,0.84,32.0,1028.9,0.0,18.0,0,0.0,0.071
2026-01-12 02:23:31.710608,0.84,32.0,1029.2,0.0,17.9,0,0.0,0.073
2026-01-12 02:23:33.671385,0.84,32.0,1029.1,0.0,18.1,0,0.0,0.079
2026-01-12 02:23:35.664137,0.84,32.0,1029.5,0.0,-999.0,0,0.0,0.069
2026-01-12 02:23:37.665923,0.84,32.0,1028.7,0.0,18.0,0,0.0,0.076
2026-01-12 02:23:39.667583,0.84,32.0,1028.9,0.0,-999.0,0,0.0,0.078
2026-01-12 02:23:41.691980,0.84,32.0,1028.8,0.0,18.1,0,0.0,0.073
2026-01-12 02:23:43.661055,0.84,32.0,1029.1,0.0,-999.0,0,0.0,0.077
2026-01-12 02:23:45.679313,0.84,32.0,1028.7,0.0,-999.0,0,0.0,0.073
2026-01-12 02:23:47.671770,0.84,32.0,1028.8,0.0,-999.0,0,0.0,0.066
2026-01-12 02:23:49.671564,0.84,32.0,1028.4,0.0,-999.0,0,0.0,0.073
2026-01-12 02:23:51.742543,0.84,32.0,1028.4,0.0,18.0,0,0.0,0.07
2026-01-12 02:23:53.661068,0.83,32.0,1028.8,0.0,-999.0,0,0.0,0.078
2026-01-12 02:23:55.672292,0.83,32.0,1028.7,0.0,-999.0,0,0.0,0.081
2026-01-12 02:23:57.672903,0.83,32.0,1028.5,0.0,-999.0,0,0.0,0.077
2026-01-12 02:23:59.680877,0.83,32.1,1028.7,0.0,18.0,0,0.0,0.078
2026-01-12 02:24:01.667051,0.83,32.0,1028.5,0.0,-999.0,0,0.0,0.074
2026-01-12 02:24:03.671760,0.83,32.0,1028.5,0.0,18.0,0,0.6,0.101
2026-01-12 02:24:05.679535,0.83,32.0,1028.5,0.0,18.0,0,0.0,0.072
2026-01-12 02:24:07.676541,0.83,32.1,1028.5,0.0,18.0,0,0.0,0.073
2026-01-12 02:24:09.671291,0.83,32.1,1028.7,0.0,18.1,0,0.0,0.076
2026-01-12 02:24:11.684169,0.83,32.0,1028.8,0.0,18.0,0,0.0,0.07
2026-01-12 02:24:13.677065,0.83,32.1,1028.7,0.0,-999.0,0,0.0,0.073
2026-01-12 02:24:15.680024,0.83,32.1,1028.5,0.0,17.9,0,0.0,0.077
2026-01-12 02:24:17.676885,0.83,32.0,1028.5,0.0,-999.0,0,0.0,0.073
2026-01-12 02:24:19.675673,0.83,32.1,1028.5,0.0,18.0,0,0.0,0.07
2026-01-12 02:24:21.670003,0.83,32.1,1028.4,0.0,-999.0,0,0.0,0.07
2026-01-12 02:24:23.703161,0.83,32.1,1028.5,0.0,18.0,0,0.0,0.072
2026-01-12 02:24:25.676164,0.83,32.1,1028.7,0.0,-999.0,0,0.0,0.077
2026-01-12 02:24:27.682429,0.83,32.1,1028.7,0.0,18.0,0,0.0,0.076
2026-01-12 02:24:29.678419,0.83,32.0,1028.5,0.0,-999.0,0,0.0,0.066
2026-01-12 02:24:31.680375,0.83,32.1,1028.4,0.0,-999.0,0,0.0,0.076
2026-01-12 02:24:33.674902,0.83,32.1,1028.4,0.0,-999.0,0,0.0,0.077
2026-01-12 02:24:35.671491,0.83,32.0,1028.7,0.0,17.9,0,0.0,0.073
2026-01-12 02:24:37.678970,0.83,32.1,1028.7,0.0,-999.0,0,0.0,0.074
2026-01-12 02:24:39.682749,0.83,32.1,1028.9,0.0,18.0,0,0.0,0.079
2026-01-12 02:24:41.679595,0.83,32.1,1028.5,0.0,18.0,0,0.0,0.074
2026-01-12 02:24:43.675155,0.83,32.1,1028.7,0.0,17.9,0,0.0,0.075
2026-01-12 02:24:45.712917,0.83,32.1,1028.7,0.0,17.8,0,0.0,0.073
2026-01-12 02:24:47.682798,0.83,32.1,1029.1,0.0,17.9,0,0.0,0.074
2026-01-12 02:24:49.671269,0.83,32.1,1028.4,0.0,-999.0,0,0.0,0.073
2026-01-12 02:24:51.813443,0.82,32.1,1028.8,0.0,17.9,0,0.0,0.075
2026-01-12 02:24:53.763520,0.82,32.1,1028.7,0.0,-999.0,0,0.0,0.077
2026-01-12 02:24:55.733060,0.82,32.1,1028.5,0.0,17.9,0,0.0,0.076
2026-01-12 02:24:57.683461,0.82,32.1,1028.5,0.0,-999.0,0,0.0,0.074
2026-01-12 02:24:59.684489,0.82,32.1,1028.7,0.0,17.9,0,0.0,0.075
2026-01-12 02:25:01.683648,0.82,32.1,1028.4,0.0,-999.0,0,0.0,0.078
2026-01-12 02:25:03.678473,0.82,32.1,1028.7,0.0,18.0,0,0.0,0.069
2026-01-12 02:25:05.704896,0.82,32.1,1029.1,0.0,18.1,0,0.0,0.074
2026-01-12 02:25:07.680942,0.82,32.1,1028.8,0.0,17.9,0,0.0,0.076
2026-01-12 02:25:09.728891,0.82,32.1,1028.5,0.0,18.1,0,0.0,0.07
2026-01-12 02:25:11.797863,0.82,32.1,1028.5,0.0,18.0,0,0.0,0.071
2026-01-12 02:25:13.737722,0.82,32.1,1028.4,0.0,-999.0,0,0.0,0.076
2026-01-12 02:25:15.801865,0.82,32.1,1028.7,0.0,18.0,0,0.0,0.073
2026-01-12 02:25:17.677645,0.82,32.1,1028.7,0.0,-999.0,0,0.0,0.076
2026-01-12 02:25:19.818433,0.82,32.1,1028.5,0.0,18.0,0,0.0,0.074
2026-01-12 02:25:21.771333,0.82,32.1,1028.4,0.0,-999.0,0,0.0,0.077
2026-01-12 02:25:23.731637,0.82,32.1,1028.4,0.0,18.0,0,0.0,0.077
2026-01-12 02:25:25.795863,0.82,32.1,1028.0,0.0,-999.0,0,0.0,0.067
2026-01-12 02:25:27.679019,0.82,32.1,1028.7,0.0,18.0,0,0.0,0.073
2026-01-12 02:25:29.804315,0.82,32.1,1028.9,0.0,-999.0,0,0.0,0.059
2026-01-12 02:25:31.684112,0.82,32.1,1028.8,0.0,18.0,0,0.0,0.076
2026-01-12 02:25:33.706472,0.82,32.1,1028.5,0.0,-999.0,0,0.0,0.073
2026-01-12 02:25:35.782313,0.82,32.1,1028.5,0.0,18.0,0,0.0,0.07
2026-01-12 02:25:37.678687,0.82,32.1,1028.3,0.0,-999.0,0,0.0,0.076
2026-01-12 02:25:39.802758,0.82,32.1,1028.5,0.0,18.1,0,0.0,0.068
2026-01-12 02:25:41.746923,0.82,32.1,1028.3,0.0,18.0,0,0.0,0.074
2026-01-12 02:25:43.674421,0.82,32.1,1028.7,0.0,18.0,0,0.0,0.077
2026-01-12 02:25:45.766458,0.81,32.1,1029.2,0.0,-999.0,0,0.0,0.075
2026-01-12 02:25:47.720362,0.81,32.1,1028.8,0.0,-999.0,0,0.0,0.074
2026-01-12 02:25:49.686301,0.81,32.1,1028.5,0.0,-999.0,0,0.0,0.074
2026-01-12 02:25:51.739559,0.81,32.1,1028.7,0.0,-999.0,0,0.0,0.072
2026-01-12 02:25:53.680109,0.81,32.1,1028.9,0.0,17.9,0,0.0,0.073
2026-01-12 02:25:55.681589,0.81,32.1,1028.9,0.0,-999.0,0,0.0,0.076
2026-01-12 02:25:57.675254,0.81,32.1,1029.1,0.0,18.0,0,0.0,0.074
2026-01-12 02:25:59.674288,0.81,32.1,1028.7,0.0,-999.0,0,0.0,0.075
2026-01-12 02:26:01.716397,0.81,32.1,1028.8,0.0,17.9,1,0.0,0.071
2026-01-12 02:26:03.677999,0.81,32.1,1028.9,0.0,-999.0,0,0.0,0.069
2026-01-12 02:26:05.670783,0.81,32.1,1028.9,0.0,17.9,0,0.0,0.077
2026-01-12 02:26:07.802861,0.81,32.1,1028.8,0.0,18.0,0,0.0,0.07
2026-01-12 02:26:09.679937,0.81,32.1,1028.8,0.0,17.9,0,0.0,0.072
2026-01-12 02:26:11.817683,0.81,32.1,1029.1,0.0,18.0,0,0.0,0.07
2026-01-12 02:26:13.680123,0.81,32.1,1028.9,0.0,17.9,0,0.0,0.072
2026-01-12 02:26:15.672869,0.81,32.1,1029.3,0.0,18.0,0,0.0,0.078
2026-01-12 02:26:17.709030,0.81,32.1,1029.2,0.0,-999.0,0,0.0,0.074
2026-01-12 02:26:19.713426,0.81,32.1,1028.8,0.0,17.9,0,0.0,0.075
2026-01-12 02:26:21.795513,0.81,32.1,1028.8,0.0,-999.0,0,0.0,0.076
2026-01-12 02:26:23.761552,0.81,32.1,1029.1,0.0,18.0,0,0.0,0.071
2026-01-12 02:26:25.686186,0.81,32.1,1029.3,0.0,-999.0,0,0.0,0.077
2026-01-12 02:26:27.778941,0.81,32.1,1028.9,0.0,-999.0,0,0.0,0.076
2026-01-12 02:26:29.682548,0.81,32.1,1029.2,0.0,-999.0,0,0.0,0.078
2026-01-12 02:26:31.788833,0.81,32.1,1028.9,0.0,-999.0,0,0.0,0.071
2026-01-12 02:26:33.738266,0.81,32.1,1028.9,0.0,-999.0,0,0.0,0.073
2026-01-12 02:26:35.795898,0.81,32.1,1029.2,0.0,-999.0,0,0.0,0.065
2026-01-12 02:26:37.685400,0.81,32.1,1029.1,0.0,18.1,0,0.0,0.069
2026-01-12 02:26:39.708839,0.81,32.1,1028.9,0.0,17.9,0,0.0,0.072
2026-01-12 02:26:41.681076,0.81,32.1,1029.1,0.0,18.0,0,0.0,0.07
2026-01-12 02:26:43.731016,0.81,32.1,1028.9,0.0,17.9,0,0.0,0.078
2026-01-12 02:26:45.797816,0.81,32.1,1028.5,0.0,18.0,0,0.0,0.081
2026-01-12 02:26:47.738587,0.8,32.1,1028.8,0.0,17.9,0,0.0,0.073
2026-01-12 02:26:49.796753,0.8,32.1,1028.4,0.0,17.9,0,0.0,0.078
2026-01-12 02:26:51.759375,0.8,32.1,1028.4,0.0,-999.0,0,0.0,0.067
2026-01-12 02:26:53.759588,0.8,32.1,1028.5,0.0,18.0,0,0.0,0.08
2026-01-12 02:26:55.771952,0.8,32.1,1029.1,0.0,17.9,0,0.0,0.072
2026-01-12 02:26:57.682275,0.8,32.1,1028.5,0.0,18.0,8,9.0,0.364
2026-01-12 02:26:59.792268,0.8,32.1,1028.5,0.0,17.9,34,30.6,1.041
2026-01-12 02:27:01.854953,0.8,32.1,1028.8,0.0,17.9,54,54.0,1.775
2026-01-12 02:27:03.813732,0.8,32.1,1029.5,0.0,17.9,75,76.1,2.471
2026-01-12 02:27:05.759069,0.8,32.1,1028.8,0.0,18.0,100,100.0,3.283
2026-01-12 02:27:07.822296,0.8,32.1,1029.3,0.0,-999.0,100,100.0,3.289
2026-01-12 02:27:09.778392,0.8,32.1,1028.8,0.0,17.9,100,100.0,3.286
2026-01-12 02:27:11.677857,0.8,32.1,1028.8,0.0,-999.0,100,100.0,3.281
2026-01-12 02:27:13.682530,0.8,32.1,1029.1,0.0,17.8,100,100.0,3.277
2026-01-12 02:27:15.742725,0.8,32.1,1029.2,0.0,-999.0,100,100.0,3.276
2026-01-12 02:27:17.819806,0.8,32.1,1029.5,0.0,17.9,100,100.0,3.281
2026-01-12 02:27:19.765474,0.8,32.1,1029.5,0.0,-999.0,100,100.0,3.29
2026-01-12 02:27:21.837034,0.8,32.1,1029.6,0.0,17.8,100,100.0,3.276
2026-01-12 02:27:23.697984,0.8,32.1,1029.1,0.0,-999.0,100,100.0,3.289
2026-01-12 02:27:25.683322,0.8,32.1,1029.3,0.0,17.9,100,100.0,3.273
2026-01-12 02:27:27.691472,0.8,32.1,1029.2,0.0,-999.0,100,100.0,3.269
2026-01-12 02:27:29.681589,0.8,32.1,1029.6,0.0,-999.0,100,100.0,3.272
2026-01-12 02:27:31.820906,0.8,32.1,1028.9,0.0,18.0,100,100.0,3.287
2026-01-12 02:27:33.781266,0.8,32.1,1029.2,0.0,-999.0,84,84.7,2.739
2026-01-12 02:27:35.676528,0.8,32.1,1028.9,0.0,17.9,61,61.8,2.02
2026-01-12 02:27:37.675352,0.79,32.1,1028.9,0.0,17.8,39,39.7,1.326
2026-01-12 02:27:39.731045,0.79,32.1,1028.9,0.0,17.9,38,38.8,1.297
2026-01-12 02:27:41.793942,0.79,32.1,1029.2,0.0,17.9,38,38.9,1.301
2026-01-12 02:27:43.754001,0.79,32.1,1028.7,0.0,17.9,38,39.0,1.305
2026-01-12 02:27:45.747627,0.79,32.1,1028.5,0.0,18.0,38,38.7,1.297
2026-01-12 02:27:47.772030,0.79,32.1,1028.5,0.0,18.0,22,22.7,0.793
2026-01-12 02:27:49.735124,0.79,32.1,1028.7,0.0,17.9,1,2.0,0.143
2026-01-12 02:27:51.788402,0.79,32.1,1029.2,0.0,17.9,0,0.0,0.077
2026-01-12 02:27:53.735983,0.79,32.1,1028.3,0.0,17.9,0,0.0,0.077
2026-01-12 02:27:55.791712,0.79,32.1,1028.7,0.0,17.9,0,0.0,0.075
2026-01-12 02:27:57.743326,0.79,32.1,1028.9,0.0,-999.0,0,0.0,0.073
2026-01-12 02:27:59.819446,0.79,32.1,1028.5,0.0,17.9,0,0.0,0.072
2026-01-12 02:28:01.675775,0.79,32.1,1028.5,0.0,-999.0,0,0.0,0.072
2026-01-12 02:28:03.728567,0.79,32.2,1028.8,0.0,17.9,0,0.0,0.073
2026-01-12 02:28:05.793947,0.79,32.1,1028.8,0.0,-999.0,0,0.0,0.075
2026-01-12 02:28:07.744139,0.79,32.1,1028.7,0.0,-999.0,0,0.0,0.078
2026-01-12 02:28:09.694430,0.79,32.1,1028.5,0.0,18.0,0,0.0,0.075
2026-01-12 02:28:11.670495,0.79,32.1,1028.9,0.0,17.8,0,0.0,0.075
2026-01-12 02:28:13.757171,0.79,32.1,1028.8,0.0,-999.0,0,0.0,0.068
2026-01-12 02:28:15.682956,0.79,32.1,1028.7,0.0,-999.0,0,0.0,0.074
2026-01-12 02:28:17.683033,0.79,32.1,1028.5,0.0,-999.0,0,0.0,0.074
2026-01-12 02:28:19.785849,0.79,32.1,1028.7,0.0,-999.0,0,0.0,0.068
2026-01-12 02:28:21.748974,0.79,32.1,1028.1,0.0,18.0,0,0.0,0.072
2026-01-12 02:28:23.812739,0.79,32.1,1028.1,0.0,17.9,0,0.0,0.079
2026-01-12 02:28:25.769806,0.79,32.1,1028.3,0.0,17.9,0,0.0,0.074
2026-01-12 02:28:27.716380,0.79,32.2,1028.5,0.0,18.0,0,0.0,0.072
2026-01-12 02:28:29.783979,0.79,32.1,1028.9,0.0,18.0,0,0.0,0.068
2026-01-12 02:28:31.728529,0.78,32.2,1028.9,0.0,17.8,0,0.0,0.074
2026-01-12 02:28:33.682394,0.78,32.2,1028.7,110.077,17.9,0,0.0,0.077
2026-01-12 02:28:35.758299,0.78,32.1,1028.7,0.0,-999.0,0,2.0,0.142
2026-01-12 02:28:37.811751,0.78,32.1,1028.9,0.0,17.8,0,0.0,0.068
2026-01-12 02:28:39.674681,0.78,32.2,1028.8,0.0,-999.0,0,0.0,0.068
2026-01-12 02:28:41.683285,0.78,32.2,1028.9,0.0,17.9,0,0.0,0.069
2026-01-12 02:28:43.782796,0.78,32.1,1028.7,0.0,-999.0,0,0.0,0.073
2026-01-12 02:28:45.736791,0.78,32.1,1028.8,0.0,17.9,0,0.0,0.071
2026-01-12 02:28:47.797962,0.78,32.1,1028.5,0.0,-999.0,0,0.0,0.068
2026-01-12 02:28:49.678355,0.78,32.2,1028.7,0.0,17.8,0,0.0,0.073
2026-01-12 02:28:51.812496,0.78,32.2,1028.7,0.0,-999.0,0,0.0,0.072
2026-01-12 02:28:53.676218,0.78,32.2,1028.9,0.0,17.9,0,0.0,0.074
2026-01-12 02:28:55.728230,0.78,32.1,1028.8,0.0,-999.0,0,0.0,0.077
2026-01-12 02:28:57.780279,0.78,32.1,1028.8,0.0,17.9,0,0.0,0.079
2026-01-12 02:28:59.734917,0.78,32.2,1028.8,0.0,-999.0,0,0.0,0.08
2026-01-12 02:29:01.794207,0.78,32.2,1028.8,0.0,17.9,0,0.0,0.07
2026-01-12 02:29:03.761004,0.78,32.2,1028.8,0.0,-999.0,0,0.0,0.072
2026-01-12 02:29:05.698609,0.78,32.2,1029.1,0.0,17.9,0,0.0,0.074
2026-01-12 02:29:07.767110,0.78,32.2,1029.2,0.0,17.9,0,0.0,0.075
2026-01-12 02:29:09.830312,0.78,32.2,1028.8,0.0,17.9,0,0.0,0.074
2026-01-12 02:29:11.791895,0.78,32.2,1029.2,0.0,17.9,0,0.0,0.073
2026-01-12 02:29:13.749303,0.78,32.2,1028.8,0.0,17.9,0,0.0,0.073
2026-01-12 02:29:15.804513,0.78,32.2,1029.1,0.0,17.8,0,0.0,0.076
2026-01-12 02:29:17.752044,0.78,32.1,1028.8,0.0,-999.0,0,0.0,0.068
2026-01-12 02:29:19.708346,0.78,32.2,1028.7,0.0,17.9,0,0.0,0.075
2026-01-12 02:29:21.682733,0.78,32.2,1028.7,0.0,-999.0,0,0.0,0.072
2026-01-12 02:29:23.730485,0.78,32.1,1028.7,0.0,17.9,0,0.0,0.068
2026-01-12 02:29:25.788241,0.78,32.2,1028.9,0.0,-999.0,0,0.0,0.072
2026-01-12 02:29:27.745368,0.78,32.2,1028.9,0.0,17.9,0,0.0,0.072
2026-01-12 02:29:29.809999,0.77,32.2,1028.8,0.0,-999.0,0,0.0,0.072
2026-01-12 02:29:31.757632,0.78,32.2,1028.0,0.0,-999.0,0,0.0,0.072
2026-01-12 02:29:33.767438,0.77,32.2,1028.5,0.0,17.9,0,0.0,0.072
2026-01-12 02:29:35.776746,0.77,32.2,1028.4,0.0,-999.0,0,0.0,0.068
2026-01-12 02:29:37.680248,0.77,32.2,1028.5,0.0,17.9,0,0.0,0.077
2026-01-12 02:29:39.678000,0.77,32.2,1028.7,0.0,17.8,0,0.0,0.071
2026-01-12 02:29:41.744767,0.77,32.2,1028.4,0.0,17.8,0,0.0,0.075
2026-01-12 02:29:43.697813,0.77,32.2,1028.3,0.0,17.8,0,0.0,0.071
2026-01-12 02:29:45.757293,0.77,32.2,1028.4,0.0,17.9,0,0.0,0.071
2026-01-12 02:29:47.712047,0.77,32.2,1028.5,0.0,18.0,0,0.0,0.075
2026-01-12 02:29:49.783377,0.77,32.2,1028.4,0.0,17.8,0,0.0,0.077
2026-01-12 02:29:51.732301,0.77,32.2,1028.8,0.0,17.8,0,0.0,0.076
2026-01-12 02:29:53.684898,0.77,32.2,1028.5,0.0,-999.0,0,0.0,0.07
2026-01-12 02:29:55.747324,0.77,32.2,1028.7,0.0,17.9,0,0.0,0.078
2026-01-12 02:29:57.702380,0.77,32.2,1028.9,0.0,-999.0,0,0.0,0.076
2026-01-12 02:29:59.749175,0.77,32.2,1028.7,0.0,17.9,0,0.0,0.072
2026-01-12 02:30:01.836440,0.77,32.2,1028.7,0.0,-999.0,0,0.0,0.077
2026-01-12 02:30:03.780459,0.77,32.2,1028.8,0.0,17.8,0,0.0,0.081
2026-01-12 02:30:05.693833,0.77,32.2,1028.7,0.0,-999.0,0,0.0,0.081
2026-01-12 02:30:07.801038,0.77,32.2,1028.5,0.0,17.8,0,0.0,0.07
2026-01-12 02:30:09.692264,0.77,32.2,1028.7,0.0,17.9,0,0.0,0.077
2026-01-12 02:30:11.815540,0.77,32.2,1028.9,0.0,17.9,0,0.0,0.071
2026-01-12 02:30:13.676454,0.77,32.2,1028.9,0.0,18.0,0,0.0,0.081
2026-01-12 02:30:15.724458,0.77,32.2,1029.5,0.0,17.8,0,0.0,0.07
2026-01-12 02:30:17.792660,0.77,32.2,1028.3,0.0,-999.0,0,0.0,0.071
2026-01-12 02:30:19.738029,0.77,32.2,1028.5,0.0,17.8,0,0.0,0.072
2026-01-12 02:30:21.693488,0.76,32.2,1028.9,0.0,17.8,0,0.0,0.074
2026-01-12 02:30:23.763054,0.76,32.2,1028.9,0.0,17.8,0,0.0,0.071
2026-01-12 02:30:25.684194,0.76,32.2,1028.9,0.0,17.9,0,0.0,0.077
2026-01-12 02:30:27.764354,0.76,32.2,1029.1,0.0,17.8,0,0.0,0.068
2026-01-12 02:30:29.678279,0.76,32.2,1028.5,0.0,18.0,0,0.0,0.073
2026-01-12 02:30:31.794707,0.76,32.2,1029.2,0.0,17.9,0,0.0,0.072
2026-01-12 02:30:33.747056,0.76,32.2,1028.9,0.0,18.0,0,0.0,0.073
2026-01-12 02:30:35.806098,0.76,32.2,1029.2,0.0,-999.0,0,0.0,0.065
2026-01-12 02:30:37.686672,0.76,32.2,1028.9,0.0,-999.0,0,0.0,0.073
2026-01-12 02:30:39.706258,0.76,32.2,1028.9,655.35,-999.0,0,0.0,0.076
2026-01-12 02:30:41.686375,0.76,32.2,1028.5,655.35,17.9,0,0.0,0.077
2026-01-12 02:30:43.735281,0.76,32.2,1028.4,655.35,17.8,0,0.0,0.07
2026-01-12 02:30:45.791120,0.76,32.2,1028.5,655.35,17.8,0,0.0,0.073
2026-01-12 02:30:47.747356,0.76,32.2,1028.4,655.35,17.9,0,0.0,0.069
2026-01-12 02:30:49.818102,0.76,32.2,1028.8,655.35,-999.0,0,0.0,0.072
2026-01-12 02:30:51.765900,0.76,32.2,1028.4,655.35,17.8,0,0.0,0.075
2026-01-12 02:30:53.722998,0.76,32.2,1028.8,655.35,-999.0,0,0.0,0.072
2026-01-12 02:30:55.881820,0.76,32.2,1029.1,655.35,17.8,0,0.0,0.069
2026-01-12 02:30:57.686208,0.76,32.2,1028.9,655.35,17.8,0,0.0,0.074
2026-01-12 02:30:59.786830,0.76,32.2,1028.8,655.35,17.8,0,0.0,0.074
2026-01-12 02:31:01.747243,0.76,32.2,1028.7,655.35,17.9,0,0.0,0.077
2026-01-12 02:31:03.688963,0.76,32.2,1028.8,655.35,17.8,0,0.0,0.07
2026-01-12 02:31:05.755946,0.76,32.2,1028.9,655.35,17.9,0,0.0,0.069
2026-01-12 02:31:07.714511,0.76,32.2,1028.9,655.35,17.8,0,0.0,0.073
2026-01-12 02:31:09.684730,0.76,32.2,1029.1,655.35,18.0,0,0.0,0.076
2026-01-12 02:31:11.732281,0.76,32.2,1029.3,655.35,-999.0,0,0.0,0.072
2026-01-12 02:31:13.689881,0.76,32.2,1029.1,655.35,17.9,0,0.0,0.075
2026-01-12 02:31:15.745150,0.76,32.2,1029.2,655.35,-999.0,0,0.0,0.072
2026-01-12 02:31:17.744728,0.76,32.2,1029.2,655.35,17.8,0,0.0,0.072
2026-01-12 02:31:19.687815,0.76,32.2,1029.3,655.35,-999.0,0,0.0,0.077
2026-01-12 02:31:21.721258,0.76,32.2,1028.8,655.35,17.8,0,0.0,0.075
2026-01-12 02:31:23.686021,0.76,32.2,1029.1,655.35,-999.0,0,0.0,0.073
2026-01-12 02:31:25.731040,0.76,32.2,1028.8,655.35,17.9,0,0.0,0.073
2026-01-12 02:31:27.683262,0.76,32.2,1029.2,655.35,-999.0,0,0.0,0.073
2026-01-12 02:31:29.686687,0.76,32.2,1028.5,655.35,17.9,0,0.0,0.077
2026-01-12 02:31:31.688989,0.75,32.2,1028.5,655.35,-999.0,0,0.0,0.08
2026-01-12 02:31:33.754718,0.75,32.2,1028.9,655.35,18.0,0,0.0,0.073
2026-01-12 02:31:35.824903,0.75,32.2,1029.5,655.35,-999.0,0,0.0,0.073
2026-01-12 02:31:37.781414,0.75,32.2,1029.2,655.35,17.9,0,0.0,0.068
2026-01-12 02:31:39.674253,0.75,32.2,1028.9,655.35,-999.0,0,0.0,0.074
2026-01-12 02:31:41.689549,0.75,32.2,1028.7,655.35,17.8,0,0.0,0.066
2026-01-12 02:31:43.754438,0.75,32.2,1029.2,655.35,-999.0,0,0.0,0.076
2026-01-12 02:31:45.761461,0.75,32.2,1028.7,655.35,-999.0,0,0.0,0.073
2026-01-12 02:31:47.675290,0.75,32.2,1029.2,655.35,-999.0,0,0.0,0.073
2026-01-12 02:31:49.687966,0.75,32.2,1029.1,655.35,17.8,0,0.0,0.068
2026-01-12 02:31:51.786356,0.75,32.2,1028.8,655.35,-999.0,0,0.0,0.073
2026-01-12 02:31:53.739122,0.75,32.2,1029.2,655.35,17.8,0,0.0,0.073
2026-01-12 02:31:55.808533,0.75,32.2,1028.9,655.35,-999.0,0,0.0,0.076
2026-01-12 02:31:57.750666,0.75,32.2,1028.4,655.35,17.8,0,0.0,0.069
2026-01-12 02:31:59.818574,0.75,32.2,1028.4,655.35,-999.0,0,0.0,0.071
2026-01-12 02:32:01.688932,0.75,32.2,1028.7,655.35,17.8,0,0.0,0.073
2026-01-12 02:32:03.690485,0.75,32.2,1029.1,655.35,-999.0,0,0.0,0.077
2026-01-12 02:32:05.790563,0.75,32.2,1029.2,655.35,17.8,0,0.0,0.076
2026-01-12 02:32:07.688238,0.75,32.2,1028.8,655.35,-999.0,0,0.0,0.07
2026-01-12 02:32:09.803016,0.75,32.2,1028.9,655.35,17.8,0,0.0,0.073
2026-01-12 02:32:11.689093,0.75,32.2,1029.2,655.35,-999.0,0,0.0,0.077
2026-01-12 02:32:13.761138,0.75,32.2,1029.1,655.35,17.9,0,0.0,0.073
2026-01-12 02:32:15.783505,0.75,32.2,1028.9,655.35,-999.0,0,0.0,0.067
2026-01-12 02:32:17.692804,0.75,32.2,1028.5,655.35,17.9,0,0.0,0.077
2026-01-12 02:32:19.785743,0.75,32.2,1028.3,655.35,-999.0,0,0.0,0.073
2026-01-12 02:32:21.745276,0.75,32.2,1028.7,655.35,-999.0,0,0.0,0.071
2026-01-12 02:32:23.804311,0.75,32.2,1028.7,655.35,-999.0,0,0.0,0.074
2026-01-12 02:32:25.765859,0.75,32.2,1028.5,655.35,18.0,0,0.0,0.069
2026-01-12 02:32:27.832596,0.75,32.2,1028.8,655.35,-999.0,0,0.0,0.074
2026-01-12 02:32:29.678119,0.75,32.2,1028.5,655.35,17.9,0,0.0,0.077
2026-01-12 02:32:31.694031,0.75,32.2,1028.1,655.35,17.8,0,0.0,0.077
2026-01-12 02:32:33.682876,0.75,32.2,1028.4,655.35,17.8,0,0.0,0.074
2026-01-12 02:32:35.862671,0.75,32.2,1028.9,655.35,17.9,0,0.0,0.076
2026-01-12 02:32:37.808488,0.75,32.2,1028.8,655.35,17.8,0,0.0,0.077
2026-01-12 02:32:39.678750,0.75,32.2,1028.3,655.35,17.9,0,0.0,0.077
2026-01-12 02:32:41.696914,0.74,32.2,1029.2,655.35,18.0,0,0.0,0.074
2026-01-12 02:32:43.786649,0.74,32.2,1028.9,655.35,18.0,0,0.0,0.077
2026-01-12 02:32:45.730115,0.74,32.2,1029.1,655.35,18.0,0,0.0,0.081
2026-01-12 02:32:47.792271,0.74,32.2,1028.5,655.35,17.9,0,0.0,0.07
2026-01-12 02:32:49.704936,0.74,32.2,1028.9,655.35,17.8,0,0.0,0.06
2026-01-12 02:32:51.697313,0.74,32.2,1028.5,655.35,17.9,0,0.0,0.078
2026-01-12 02:32:53.694862,0.74,32.2,1028.9,655.35,18.0,0,0.0,0.073
2026-01-12 02:32:55.837873,0.74,32.2,1028.9,655.35,-999.0,0,0.0,0.076
2026-01-12 02:32:57.690695,0.74,32.2,1028.5,655.35,17.9,0,0.0,0.073
2026-01-12 02:32:59.744200,0.74,32.2,1028.4,655.35,-999.0,0,0.0,0.076
2026-01-12 02:33:01.800723,0.74,32.2,1028.3,655.35,17.9,0,0.0,0.068
2026-01-12 02:33:03.748980,0.74,32.2,1028.7,655.35,-999.0,0,0.0,0.071
2026-01-12 02:33:05.690429,0.74,32.2,1028.9,655.35,17.9,0,0.0,0.076
2026-01-12 02:33:07.685663,0.74,32.2,1028.3,655.35,-999.0,0,0.0,0.075
2026-01-12 02:33:09.721946,0.74,32.2,1028.3,655.35,17.8,0,0.0,0.077
2026-01-12 02:33:11.691137,0.74,32.2,1028.7,655.35,-999.0,0,0.0,0.081
2026-01-12 02:33:13.842587,0.74,32.2,1028.1,655.35,18.0,0,0.0,0.07
2026-01-12 02:33:15.810533,0.74,32.2,1028.5,655.35,-999.0,0,0.0,0.064
2026-01-12 02:33:17.703118,0.74,32.2,1028.5,655.35,17.9,0,0.0,0.077
2026-01-12 02:33:19.816321,0.74,32.2,1028.5,655.35,-999.0,0,0.0,0.072
2026-01-12 02:33:21.698037,0.74,32.2,1028.3,655.35,17.9,0,0.0,0.069
2026-01-12 02:33:23.833861,0.74,32.2,1027.6,655.35,-999.0,0,0.0,0.073
2026-01-12 02:33:25.787062,0.74,32.2,1028.0,655.35,17.9,0,0.0,0.068
2026-01-12 02:33:27.692772,0.74,32.2,1027.7,655.35,-999.0,0,0.0,0.075
2026-01-12 02:33:29.801401,0.74,32.2,1028.4,655.35,17.9,0,0.0,0.073
2026-01-12 02:33:31.752768,0.74,32.2,1028.0,655.35,-999.0,0,0.0,0.071
2026-01-12 02:33:33.756634,0.74,32.2,1027.7,655.35,17.9,0,0.0,0.071
2026-01-12 02:33:35.771134,0.74,32.2,1028.1,655.35,17.9,0,0.0,0.073
2026-01-12 02:33:37.725639,0.74,32.2,1028.5,655.35,17.9,0,0.0,0.077
2026-01-12 02:33:39.785546,0.74,32.2,1028.1,655.35,17.9,0,0.0,0.073
2026-01-12 02:33:41.693992,0.74,32.2,1028.3,655.35,17.8,0,0.0,0.072
2026-01-12 02:33:43.704493,0.74,32.2,1028.1,655.35,17.9,0,0.0,0.05
2026-01-12 02:33:45.736589,0.74,32.2,1028.1,655.35,17.8,0,0.0,0.078
2026-01-12 02:33:47.710789,0.74,32.2,1028.1,655.35,18.0,0,0.0,0.069
2026-01-12 02:33:49.696004,0.74,32.2,1028.1,655.35,17.8,0,0.0,0.075
2026-01-12 02:33:51.729296,0.74,32.2,1028.0,655.35,17.8,0,0.0,0.074
2026-01-12 02:33:53.698176,0.74,32.2,1027.9,655.35,-999.0,0,0.0,0.074
2026-01-12 02:33:55.755424,0.74,32.2,1028.1,655.35,17.9,0,0.0,0.077
2026-01-12 02:33:57.820891,0.74,32.2,1028.1,655.35,-999.0,0,0.0,0.069
2026-01-12 02:33:59.708620,0.74,32.2,1027.9,655.35,17.8,0,0.0,0.074
2026-01-12 02:34:01.820634,0.73,32.2,1028.0,655.35,17.8,0,0.0,0.074
2026-01-12 02:34:03.790564,0.73,32.2,1027.7,655.35,18.0,0,0.0,0.069
2026-01-12 02:34:05.732817,0.73,32.2,1027.7,655.35,17.8,0,0.0,0.073
2026-01-12 02:34:07.790718,0.73,32.2,1028.3,655.35,17.9,0,0.0,0.074
2026-01-12 02:34:09.697527,0.73,32.2,1027.9,655.35,-999.0,0,0.0,0.081
2026-01-12 02:34:11.920378,0.73,32.2,1028.4,655.35,17.8,0,0.0,0.078
2026-01-12 02:34:13.700714,0.73,32.2,1028.0,655.35,-999.0,0,0.0,0.072
2026-01-12 02:34:15.699896,0.73,32.2,1027.9,655.35,17.8,0,0.0,0.073
2026-01-12 02:34:17.780181,0.73,32.2,1027.7,655.35,-999.0,0,0.0,0.077
2026-01-12 02:34:19.735569,0.73,32.2,1028.1,655.35,17.9,0,0.0,0.075
2026-01-12 02:34:21.696015,0.73,32.2,1028.0,655.35,-999.0,0,0.0,0.077
2026-01-12 02:34:23.701828,0.73,32.2,1028.1,655.35,17.8,0,0.0,0.07
2026-01-12 02:34:25.712071,0.73,32.2,1028.4,655.35,-999.0,0,0.0,0.07
2026-01-12 02:34:27.703487,0.73,32.2,1028.4,655.35,18.0,0,0.0,0.073
2026-01-12 02:34:29.799648,0.73,32.2,1028.3,655.35,17.8,0,0.0,0.073
2026-01-12 02:34:31.696642,0.73,32.2,1028.3,655.35,17.9,0,0.0,0.073
2026-01-12 02:34:33.748761,0.73,32.2,1028.3,655.35,-999.0,0,0.0,0.073
2026-01-12 02:34:35.810848,0.73,32.2,1028.0,655.35,17.8,0,0.0,0.075
2026-01-12 02:34:37.701127,0.73,32.2,1027.9,655.35,-999.0,0,0.0,0.068
2026-01-12 02:34:39.698121,0.73,32.2,1028.3,655.35,17.8,0,0.0,0.075
2026-01-12 02:34:41.696218,0.73,32.2,1028.1,655.35,-999.0,0,0.0,0.074
2026-01-12 02:34:43.692801,0.73,32.2,1028.1,655.35,-999.0,0,0.0,0.075
2026-01-12 02:34:45.716488,0.73,32.2,1028.4,655.35,-999.0,0,0.0,0.077
2026-01-12 02:34:47.724081,0.73,32.2,1028.3,655.35,17.8,0,0.0,0.073
2026-01-12 02:34:49.811650,0.73,32.2,1028.4,655.35,-999.0,0,0.0,0.076
2026-01-12 02:34:51.763480,0.73,32.2,1028.1,655.35,-999.0,0,0.0,0.077
2026-01-12 02:34:53.764319,0.73,32.2,1028.1,655.35,-999.0,0,0.0,0.076
2026-01-12 02:34:55.692791,0.73,32.2,1028.3,655.35,17.9,0,0.0,0.076
2026-01-12 02:34:57.704283,0.73,32.2,1028.7,655.35,-999.0,0,0.0,0.076
2026-01-12 02:34:59.791714,0.73,32.2,1028.3,655.35,17.9,0,0.0,0.048
2026-01-12 02:35:01.748564,0.72,32.2,1028.8,655.35,-999.0,0,0.0,0.071
2026-01-12 02:35:03.810635,0.72,32.2,1028.7,655.35,17.9,0,0.0,0.072
2026-01-12 02:35:05.693324,0.72,32.2,1028.5,655.35,-999.0,0,0.0,0.072
2026-01-12 02:35:07.836863,0.72,32.2,1028.4,655.35,17.9,0,0.0,0.071
2026-01-12 02:35:09.744694,0.72,32.2,1028.1,655.35,17.8,0,0.0,0.068
2026-01-12 02:35:11.725336,0.72,32.2,1028.3,655.35,17.8,0,0.0,0.075
2026-01-12 02:35:13.738748,0.72,32.2,1028.1,655.35,17.9,0,0.0,0.073
2026-01-12 02:35:15.756679,0.72,32.2,1028.1,655.35,17.8,0,0.0,0.073
2026-01-12 17:19:46.802712,-0.01,17.8,1026.4,2.56,14.4,0,0.0,0.074
2026-01-12 17:19:48.907271,-0.01,17.6,1026.1,2.56,-999.0,0,0.0,0.076
2026-01-12 17:19:50.775245,-0.01,17.6,1026.0,2.56,-999.0,0,0.0,0.068
2026-01-12 17:19:52.774785,-0.01,17.6,1026.0,2.56,14.0,0,0.0,0.076
2026-01-12 17:19:54.890764,0.0,17.6,1025.9,2.56,-999.0,0,0.0,0.077
2026-01-12 17:19:56.768991,0.0,17.6,1026.0,2.56,14.1,0,0.0,0.07
2026-01-12 17:19:58.817303,0.0,17.6,1025.9,2.56,-999.0,0,0.1,0.083
2026-01-12 17:20:00.823934,0.0,17.6,1025.9,2.56,14.0,0,0.0,0.072
2026-01-12 17:20:02.780129,0.0,17.6,1025.7,2.56,-999.0,0,0.0,0.074
2026-01-12 17:20:04.961473,0.0,17.6,1025.9,2.56,-999.0,0,0.0,0.069
2026-01-12 17:20:06.771294,0.0,17.6,1025.7,2.56,14.2,0,0.0,0.077
2026-01-12 17:20:08.765820,0.0,17.7,1025.7,2.56,14.0,0,0.0,0.074
2026-01-12 17:20:10.761088,0.0,17.7,1025.7,2.56,14.1,0,0.0,0.07
2026-01-12 17:20:12.762458,0.0,17.7,1025.6,2.56,-999.0,0,0.0,0.071
2026-01-12 17:20:14.821849,0.0,17.8,1025.6,2.56,14.1,0,0.0,0.077
2026-01-12 17:20:16.767649,0.0,17.8,1025.7,2.56,-999.0,0,0.0,0.077
2026-01-12 17:20:18.841561,0.0,17.8,1025.7,2.56,14.1,0,0.0,0.068
2026-01-12 17:20:20.767936,0.0,17.9,1025.5,2.56,14.0,0,0.0,0.075
2026-01-12 17:20:22.780810,0.0,17.9,1025.7,2.56,13.9,0,0.0,0.072
