timestamp,esp_ts_ms,vessel_o3_pct,cell_temp_c,pressure_mbar,room_o3_ppm,vessel_temp_c,power_target,power_actual,wiper_v
1969-12-31 19:00:10.948000,10948,0.01,19.2,1026.4,0.0,-999.0,0,0.0,0.066
1969-12-31 19:00:12.948000,12948,0.01,19.2,1026.4,0.0,14.2,0,0.0,0.071
1969-12-31 19:00:14.948000,14948,0.01,19.3,1026.4,0.0,-999.0,0,0.0,0.074
1969-12-31 19:00:16.948000,16948,0.01,19.3,1026.4,0.0,14.2,0,0.0,0.08
1969-12-31 19:00:18.948000,18948,0.01,19.4,1026.4,0.0,-999.0,0,0.0,0.076
1969-12-31 19:00:20.948000,20948,0.01,19.4,1026.4,0.0,14.1,0,0.0,0.065
1969-12-31 19:00:22.948000,22948,0.01,19.4,1026.4,0.0,-999.0,0,0.0,0.07
1969-12-31 19:00:24.948000,24948,0.01,19.4,1026.4,0.0,14.1,0,0.0,0.078
1969-12-31 19:00:26.948000,26948,0.01,19.4,1026.4,0.0,-999.0,0,0.0,0.073
1969-12-31 19:00:28.948000,28948,0.01,19.4,1026.4,0.0,14.2,0,0.0,0.068
1969-12-31 19:00:30.948000,30948,0.01,19.5,1026.4,0.0,-999.0,0,0.0,0.077
1969-12-31 19:00:32.948000,32948,0.01,19.5,1026.4,0.0,14.2,0,0.0,0.07
1969-12-31 19:00:34.948000,34948,0.01,19.5,1026.4,0.0,-999.0,0,0.1,0.083
1969-12-31 19:00:36.948000,36948,0.01,19.5,1026.4,0.0,14.2,0,0.0,0.07
1969-12-31 19:00:38.948000,38948,0.01,19.5,1026.4,0.0,-999.0,0,0.0,0.067
1969-12-31 19:00:40.948000,40948,0.01,19.5,1026.4,0.0,-999.0,0,0.0,0.073
1969-12-31 19:00:42.948000,42948,0.01,19.5,1026.4,0.0,-999.0,0,0.0,0.068
1969-12-31 19:00:44.948000,44948,0.01,19.5,1026.4,0.0,-999.0,0,0.0,0.073
1969-12-31 19:00:46.948000,46948,0.01,19.5,1026.4,0.0,-999.0,0,0.0,0.074
1969-12-31 19:00:48.948000,48948,0.01,19.5,1026.4,0.0,-999.0,0,0.0,0.074
1969-12-31 19:00:50.948000,50948,0.01,19.5,1026.3,0.0,-999.0,0,0.0,0.071
1969-12-31 19:00:52.948000,52948,0.01,19.5,1026.4,0.0,-999.0,0,0.0,0.073
1969-12-31 19:00:54.948000,54948,0.01,19.5,1026.4,0.0,-999.0,0,0.0,0.081
1969-12-31 19:00:56.948000,56948,0.01,19.5,1026.4,0.0,14.0,0,0.0,0.076
1969-12-31 19:00:58.948000,58948,0.01,19.5,1026.3,0.0,-999.0,0,0.0,0.072
1969-12-31 19:01:00.948000,60948,0.01,19.5,1026.4,0.0,14.2,0,0.0,0.077
1969-12-31 19:01:02.948000,62948,0.01,19.5,1026.3,0.0,-999.0,0,0.0,0.076
1969-12-31 19:01:04.948000,64948,0.01,19.5,1026.4,0.0,14.0,0,0.0,0.078
1969-12-31 19:01:06.948000,66948,0.01,19.5,1026.4,0.0,-999.0,0,0.0,0.074
1969-12-31 19:01:08.948000,68948,0.01,19.5,1026.4,0.0,-999.0,0,0.0,0.073
1969-12-31 19:01:10.948000,70948,0.01,19.5,1026.3,0.0,-999.0,0,0.0,0.067
1969-12-31 19:01:12.948000,72948,0.01,19.5,1026.4,0.0,14.1,0,0.0,0.073
1969-12-31 19:01:14.948000,74948,0.01,19.5,1026.4,0.0,14.1,0,0.0,0.072
1969-12-31 19:01:16.948000,76948,0.01,19.5,1026.4,0.0,14.2,0,0.0,0.052
1969-12-31 19:01:18.948000,78948,0.01,19.5,1026.3,0.0,14.2,0,0.0,0.077
1969-12-31 19:01:20.948000,80948,0.01,19.5,1026.4,0.0,14.0,0,0.0,0.073
1969-12-31 19:01:22.948000,82948,0.01,19.5,1026.3,0.0,14.1,0,0.0,0.07
1969-12-31 19:01:24.948000,84948,0.01,19.5,1026.4,0.0,14.1,0,0.0,0.068
1969-12-31 19:01:26.948000,86948,0.01,19.5,1026.4,0.0,14.2,0,0.2,0.085
1969-12-31 19:01:28.948000,88948,0.01,19.5,1026.4,0.0,14.1,0,0.0,0.081
1969-12-31 19:01:30.948000,90948,0.01,19.5,1026.4,0.0,14.2,0,0.0,0.074
1969-12-31 19:01:32.948000,92948,0.01,19.5,1026.4,0.0,14.2,0,0.0,0.081
1969-12-31 19:01:34.948000,94948,0.01,19.5,1026.4,0.0,14.2,0,0.0,0.081
1969-12-31 19:01:36.948000,96948,0.01,19.5,1026.4,0.0,14.1,0,0.0,0.064
1969-12-31 19:01:38.948000,98948,0.01,19.5,1026.4,0.0,14.1,0,0.0,0.077
1969-12-31 19:01:40.948000,100948,0.01,19.5,1026.4,0.0,13.9,0,0.0,0.076
1969-12-31 19:01:42.948000,102948,0.01,19.5,1026.4,0.0,14.0,0,0.0,0.066
1969-12-31 19:01:44.948000,104948,0.01,19.5,1026.4,0.0,13.8,0,0.0,0.07
1969-12-31 19:01:46.948000,106948,0.01,19.5,1026.4,0.0,14.1,0,0.0,0.069
1969-12-31 19:01:48.948000,108948,0.01,19.5,1026.3,0.0,14.0,0,0.0,0.066
1969-12-31 19:01:50.949000,110949,0.01,19.5,1026.3,0.0,14.1,0,0.0,0.061
1969-12-31 19:01:52.948000,112948,0.01,19.5,1026.4,0.0,14.0,0,0.0,0.063
1969-12-31 19:01:54.948000,114948,0.01,19.5,1026.4,0.0,14.1,0,0.0,0.064
1969-12-31 19:01:56.948000,116948,0.01,19.5,1026.3,0.0,-999.0,0,0.0,0.073
1969-12-31 19:01:58.948000,118948,0.01,19.5,1026.3,0.0,14.2,0,0.0,0.069
1969-12-31 19:02:00.948000,120948,0.01,19.5,1026.1,0.0,-999.0,0,0.0,0.074
1969-12-31 19:02:02.948000,122948,0.01,19.5,1026.3,0.0,14.0,0,0.0,0.066
1969-12-31 19:02:04.948000,124948,0.01,19.6,1026.4,0.0,-999.0,0,0.0,0.07
1969-12-31 19:02:06.948000,126948,0.01,19.6,1026.3,0.0,14.0,0,0.0,0.075
1969-12-31 19:02:08.948000,128948,0.01,19.6,1026.4,0.0,-999.0,0,0.0,0.077
1969-12-31 19:02:10.948000,130948,0.01,19.6,1026.3,0.0,13.8,0,0.8,0.107
1969-12-31 19:02:12.948000,132948,0.01,19.7,1026.4,0.0,14.0,0,0.5,0.096
1969-12-31 19:02:14.948000,134948,0.01,19.7,1026.4,0.0,14.2,0,0.7,0.104
1969-12-31 19:02:16.948000,136948,0.01,19.7,1026.4,0.0,14.0,0,0.9,0.11
1969-12-31 19:02:18.948000,138948,0.01,19.8,1026.3,0.0,14.2,0,0.4,0.094
1969-12-31 19:02:20.948000,140948,0.01,19.8,1026.4,0.0,14.0,0,0.8,0.105
1969-12-31 19:02:22.948000,142948,0.01,19.8,1026.4,0.0,14.2,0,0.4,0.094
1969-12-31 19:02:24.948000,144948,0.01,19.9,1026.4,0.0,14.1,10,10.0,0.393
1969-12-31 19:02:26.948000,146948,0.01,19.9,1026.4,0.0,-999.0,5,4.7,0.23
1969-12-31 19:02:28.948000,148948,0.01,19.9,1026.4,0.0,13.9,0,0.0,0.079
1969-12-31 19:02:30.948000,150948,0.01,19.9,1026.4,0.0,-999.0,0,0.0,0.073
1969-12-31 19:02:32.948000,152948,0.01,19.9,1026.4,0.0,14.0,0,0.0,0.078
1969-12-31 19:02:34.948000,154948,0.01,19.9,1026.3,0.0,-999.0,0,0.0,0.077
1969-12-31 19:02:36.948000,156948,0.01,19.9,1026.3,0.0,14.2,0,0.1,0.085
1969-12-31 19:02:38.948000,158948,0.01,19.9,1026.4,0.0,-999.0,0,0.3,0.091
1969-12-31 19:02:40.948000,160948,0.01,20.0,1026.4,0.0,14.1,0,0.1,0.084
1969-12-31 19:02:42.948000,162948,0.01,20.0,1026.4,0.0,-999.0,0,0.1,0.083
1969-12-31 19:02:44.948000,164948,0.01,20.0,1026.4,0.0,14.0,0,0.2,0.087
1969-12-31 19:02:46.949000,166949,0.02,20.0,1026.5,0.0,-999.0,0,0.0,0.08
1969-12-31 19:02:48.948000,168948,0.01,20.0,1030.1,0.0,-999.0,0,0.2,0.085
1969-12-31 19:02:50.948000,170948,0.01,20.0,1030.7,0.0,-999.0,0,0.0,0.08
1969-12-31 19:02:52.948000,172948,0.01,20.0,1030.7,0.0,-999.0,0,0.1,0.085
1969-12-31 19:02:54.948000,174948,0.01,20.0,1030.7,0.0,-999.0,0,0.2,0.088
1969-12-31 19:02:56.948000,176948,0.01,20.0,1030.7,0.0,-999.0,0,0.3,0.089
1969-12-31 19:02:58.948000,178948,0.01,20.0,1030.7,0.0,-999.0,0,0.1,0.085
1969-12-31 19:03:00.948000,180948,0.01,20.0,1030.7,0.0,-999.0,0,0.0,0.081
1969-12-31 19:03:02.948000,182948,0.01,20.0,1030.8,0.0,-999.0,0,0.4,0.094
1969-12-31 19:03:04.948000,184948,0.01,20.0,1030.7,0.0,-999.0,0,0.0,0.081
1969-12-31 19:03:06.948000,186948,0.01,20.0,1030.7,0.0,-999.0,0,0.0,0.073
1969-12-31 19:03:08.948000,188948,0.01,20.0,1030.5,0.0,-999.0,0,0.0,0.081
1969-12-31 19:03:10.948000,190948,0.01,20.0,1030.8,0.0,14.0,0,0.1,0.083
1969-12-31 19:03:12.948000,192948,0.01,20.0,1030.7,0.0,-999.0,0,0.1,0.082
1969-12-31 19:03:14.948000,194948,0.01,20.0,1030.7,0.0,14.0,0,0.0,0.077
1969-12-31 19:03:16.948000,196948,0.01,20.0,1030.7,0.0,-999.0,0,0.0,0.068
1969-12-31 19:03:18.948000,198948,0.01,20.0,1030.7,0.0,14.0,0,0.2,0.085
1969-12-31 19:03:20.948000,200948,0.01,20.0,1030.7,0.0,-999.0,0,0.3,0.089
1969-12-31 19:03:22.948000,202948,0.01,20.0,1030.7,0.0,-999.0,0,0.0,0.081
1969-12-31 19:03:24.948000,204948,0.01,20.0,1030.7,0.0,-999.0,0,0.1,0.083
1969-12-31 19:03:26.948000,206948,0.01,20.0,1030.7,0.0,14.2,0,0.0,0.081
1969-12-31 19:03:28.948000,208948,0.01,20.0,1030.7,0.0,-999.0,0,0.0,0.08
1969-12-31 19:03:30.948000,210948,0.01,20.0,1030.7,0.0,14.1,0,0.0,0.081
1969-12-31 19:03:32.948000,212948,0.01,20.0,1030.7,0.0,-999.0,0,0.5,0.095
1969-12-31 19:03:34.948000,214948,0.01,20.0,1030.7,0.0,14.0,0,0.2,0.085
1969-12-31 19:03:36.948000,216948,0.01,20.0,1030.9,0.0,-999.0,0,0.0,0.078
1969-12-31 19:03:38.948000,218948,0.01,20.0,1030.7,0.0,-999.0,0,0.0,0.081
1969-12-31 19:03:40.948000,220948,0.01,20.0,1030.7,0.0,-999.0,0,0.2,0.087
1969-12-31 19:03:42.948000,222948,0.01,20.0,1030.8,0.0,-999.0,0,0.1,0.082
1969-12-31 19:03:44.948000,224948,0.01,20.0,1030.7,0.0,-999.0,0,0.0,0.081
1969-12-31 19:03:46.948000,226948,0.01,20.0,1030.7,0.0,-999.0,0,0.4,0.093
1969-12-31 19:03:48.948000,228948,0.01,20.0,1030.7,0.0,-999.0,0,0.1,0.082
1969-12-31 19:03:50.948000,230948,0.01,20.0,1030.8,0.0,-999.0,0,0.0,0.077
1969-12-31 19:03:52.948000,232948,0.01,20.0,1030.7,0.0,14.1,0,0.2,0.085
1969-12-31 19:03:54.948000,234948,0.01,20.0,1030.8,0.0,-999.0,0,0.2,0.087
1969-12-31 19:03:56.948000,236948,0.01,20.0,1030.7,0.0,14.1,0,0.3,0.09
1969-12-31 19:03:58.948000,238948,0.01,20.0,1030.8,0.0,-999.0,0,0.0,0.081
1969-12-31 19:04:00.948000,240948,0.01,20.0,1030.7,0.0,14.2,0,0.1,0.083
1969-12-31 19:04:02.948000,242948,0.01,20.0,1030.8,0.0,-999.0,0,0.5,0.096
1969-12-31 19:04:04.948000,244948,0.01,20.0,1030.8,0.0,14.2,0,0.2,0.087
1969-12-31 19:04:06.948000,246948,0.01,20.0,1030.9,0.0,14.2,0,0.3,0.089
1969-12-31 19:04:08.948000,248948,0.01,20.0,1030.8,0.0,14.2,0,0.0,0.077
1969-12-31 19:04:10.948000,250948,0.0,20.0,1030.9,0.0,14.1,0,0.2,0.086
1969-12-31 19:04:12.948000,252948,0.0,20.0,1030.8,0.0,14.2,0,0.2,0.085
1969-12-31 19:04:14.948000,254948,0.0,20.0,1030.8,0.0,14.1,0,0.0,0.077
1969-12-31 19:04:16.948000,256948,0.01,20.0,1030.8,0.0,-999.0,0,0.3,0.089
1969-12-31 19:04:18.948000,258948,0.01,20.0,1030.8,0.0,14.2,0,0.2,0.085
1969-12-31 19:04:20.948000,260948,0.0,20.0,1030.7,0.0,-999.0,0,0.1,0.085
1969-12-31 19:04:22.948000,262948,0.0,20.0,1030.8,0.0,14.3,0,0.3,0.09
1969-12-31 19:04:24.948000,264948,0.0,20.0,1030.7,0.0,-999.0,0,0.0,0.079
1969-12-31 19:04:26.948000,266948,0.0,20.1,1030.7,0.0,-999.0,0,0.3,0.089
1969-12-31 19:04:28.948000,268948,0.0,20.1,1030.7,0.0,-999.0,0,0.3,0.089
1969-12-31 19:04:30.948000,270948,0.0,20.1,1030.7,0.0,14.1,0,0.0,0.081
1969-12-31 19:04:32.948000,272948,0.0,20.1,1030.7,0.0,-999.0,0,0.0,0.08
1969-12-31 19:04:34.948000,274948,0.0,20.1,1030.7,0.0,14.1,0,0.2,0.085
1969-12-31 19:04:36.948000,276948,0.0,20.1,1030.5,0.0,-999.0,0,0.1,0.083
1969-12-31 19:04:38.948000,278948,0.0,20.2,1030.7,0.0,14.2,0,0.0,0.079
1969-12-31 19:04:40.948000,280948,0.0,20.2,1030.7,0.0,-999.0,0,0.0,0.079
1969-12-31 19:04:42.948000,282948,0.0,20.2,1030.7,0.0,14.2,0,0.3,0.089
1969-12-31 19:04:44.948000,284948,0.0,20.3,1030.7,0.0,-999.0,0,0.2,0.085
1969-12-31 19:04:46.948000,286948,0.0,20.3,1030.7,0.0,14.2,0,0.3,0.089
1969-12-31 19:04:48.948000,288948,0.0,20.3,1030.7,0.0,-999.0,0,0.0,0.081
1969-12-31 19:04:50.948000,290948,0.0,20.3,1030.7,0.0,-999.0,0,0.4,0.092
1969-12-31 19:04:52.948000,292948,0.0,20.4,1030.5,0.0,-999.0,0,0.2,0.087
1969-12-31 19:04:54.948000,294948,0.0,20.4,1030.7,0.0,14.2,0,0.4,0.093
1969-12-31 19:04:56.948000,296948,0.0,20.4,1030.7,0.0,-999.0,0,0.7,0.103
1969-12-31 19:04:58.949000,298949,0.0,20.4,1030.7,0.0,-999.0,0,0.4,0.092
1969-12-31 19:05:00.948000,300948,0.0,20.4,1030.7,0.0,-999.0,0,0.2,0.085
1969-12-31 19:05:02.948000,302948,0.0,20.4,1030.7,0.0,14.2,0,0.2,0.088
1969-12-31 19:05:04.948000,304948,0.0,20.4,1030.7,0.0,-999.0,0,0.3,0.09
1969-12-31 19:05:06.948000,306948,0.0,20.4,1030.7,0.0,14.2,0,0.2,0.087
1969-12-31 19:05:08.948000,308948,0.0,20.4,1030.7,0.0,14.4,0,0.0,0.079
1969-12-31 19:05:10.948000,310948,0.0,20.4,1030.7,0.0,14.1,0,0.1,0.085
1969-12-31 19:05:12.948000,312948,0.0,20.5,1030.7,0.0,14.2,0,0.1,0.084
1969-12-31 19:05:14.948000,314948,0.0,20.5,1030.7,0.0,-999.0,0,0.4,0.094
1969-12-31 19:05:16.948000,316948,0.0,20.5,1030.7,0.0,14.2,0,0.7,0.102
1969-12-31 19:05:18.948000,318948,0.0,20.5,1030.7,0.0,14.1,0,0.2,0.087
1969-12-31 19:05:20.948000,320948,0.0,20.5,1030.7,0.0,14.2,0,0.2,0.087
1969-12-31 19:05:22.948000,322948,0.0,20.5,1030.7,0.0,14.2,0,0.2,0.088
1969-12-31 19:05:24.948000,324948,0.0,20.5,1030.7,0.0,14.2,0,0.0,0.079
1969-12-31 19:05:26.948000,326948,0.0,20.5,1030.7,0.0,14.0,0,0.2,0.088
1969-12-31 19:05:28.948000,328948,0.0,20.5,1030.7,0.0,14.1,0,0.3,0.09
1969-12-31 19:05:30.948000,330948,0.0,20.5,1030.7,0.0,-999.0,0,0.2,0.086
1969-12-31 19:05:32.948000,332948,0.0,20.5,1030.7,0.0,14.1,0,0.4,0.094
1969-12-31 19:05:34.948000,334948,0.0,20.5,1030.8,0.0,-999.0,0,0.2,0.086
1969-12-31 19:05:36.948000,336948,0.0,20.5,1030.7,0.0,14.2,0,0.0,0.081
1969-12-31 19:05:38.948000,338948,0.0,20.5,1030.8,0.0,-999.0,0,0.1,0.082
1969-12-31 19:05:40.948000,340948,0.0,20.5,1030.7,0.0,14.0,0,0.1,0.085
1969-12-31 19:05:42.948000,342948,0.0,20.5,1030.7,0.0,-999.0,0,0.0,0.081
1969-12-31 19:05:44.948000,344948,0.0,20.5,1030.7,0.0,14.1,0,0.1,0.085
1969-12-31 19:05:46.948000,346948,0.0,20.5,1030.7,0.0,-999.0,0,0.1,0.083
1969-12-31 19:05:48.948000,348948,0.0,20.5,1030.8,0.0,14.1,0,0.0,0.081
1969-12-31 19:05:50.948000,350948,0.0,20.5,1030.7,0.0,-999.0,0,0.1,0.084
1969-12-31 19:05:52.948000,352948,0.0,20.5,1030.7,0.0,14.1,0,0.4,0.094
1969-12-31 19:05:54.949000,354949,0.0,20.5,1030.7,0.0,-999.0,0,0.0,0.081
1969-12-31 19:05:56.948000,356948,0.0,20.5,1030.7,0.0,14.2,0,0.2,0.087
1969-12-31 19:05:58.948000,358948,0.0,20.5,1030.7,0.0,-999.0,0,0.4,0.092
1969-12-31 19:06:00.948000,360948,0.0,20.5,1030.7,0.0,-999.0,0,0.1,0.084
1969-12-31 19:06:02.948000,362948,0.0,20.5,1030.7,0.0,-999.0,0,0.4,0.092
1969-12-31 19:06:04.948000,364948,0.0,20.5,1030.7,0.0,-999.0,0,0.2,0.088
1969-12-31 19:06:06.948000,366948,0.0,20.5,1030.7,0.0,-999.0,0,0.2,0.085
1969-12-31 19:06:08.948000,368948,0.0,20.5,1030.7,0.0,-999.0,0,0.0,0.08
1969-12-31 19:06:10.948000,370948,0.0,20.5,1030.7,0.0,14.2,0,0.2,0.085
1969-12-31 19:06:12.948000,372948,0.0,20.5,1030.7,0.0,-999.0,0,0.3,0.089
1969-12-31 19:06:14.948000,374948,0.0,20.5,1030.7,0.0,14.2,0,0.1,0.085
1969-12-31 19:06:16.948000,376948,0.0,20.5,1030.7,0.0,-999.0,0,0.5,0.097
1969-12-31 19:06:18.948000,378948,0.0,20.5,1030.8,0.0,-999.0,19,20.3,0.716
1969-12-31 19:06:20.948000,380948,0.0,20.5,1030.7,0.0,-999.0,31,31.9,1.082
1969-12-31 19:06:22.948000,382948,0.0,20.5,1030.7,0.0,-999.0,12,12.8,0.483
1969-12-31 19:06:24.948000,384948,0.0,20.5,1030.7,0.0,14.4,0,0.4,0.094
1969-12-31 19:06:26.948000,386948,0.0,20.5,1030.7,0.0,-999.0,0,0.3,0.089
1969-12-31 19:06:28.948000,388948,0.0,20.5,1030.7,0.0,14.2,0,0.2,0.086
1969-12-31 19:06:30.948000,390948,0.0,20.5,1030.5,0.0,14.2,0,0.3,0.091
1969-12-31 19:06:32.948000,392948,0.0,20.5,1030.8,0.0,14.3,0,0.4,0.092
1969-12-31 19:06:34.948000,394948,0.0,20.5,1030.7,0.0,-999.0,0,0.1,0.082
1969-12-31 19:06:36.948000,396948,0.0,20.5,1030.7,0.0,14.2,14,14.8,0.546
1969-12-31 19:06:38.948000,398948,0.0,20.5,1030.7,0.0,14.1,23,23.3,0.812
1969-12-31 19:06:40.948000,400948,0.0,20.5,1030.7,0.0,14.1,19,19.3,0.686
1969-12-31 19:06:42.948000,402948,0.0,20.5,1030.7,0.0,14.2,0,0.0,0.079
1969-12-31 19:06:44.948000,404948,0.0,20.5,1030.7,0.0,14.4,0,0.6,0.099
1969-12-31 19:06:46.948000,406948,0.0,20.5,1030.7,0.0,14.4,0,0.3,0.091
1969-12-31 19:06:48.948000,408948,0.0,20.5,1030.7,0.0,14.2,0,0.3,0.091
1969-12-31 19:06:50.948000,410948,0.0,20.5,1030.7,0.0,14.1,0,0.4,0.092
1969-12-31 19:06:52.948000,412948,0.0,20.5,1030.7,0.0,14.2,0,0.5,0.096
1969-12-31 19:06:54.948000,414948,0.0,20.5,1030.7,0.0,14.2,0,0.3,0.09
1969-12-31 19:06:56.948000,416948,0.0,20.5,1030.7,0.0,14.1,0,0.0,0.081
1969-12-31 19:06:58.948000,418948,0.0,20.5,1030.7,0.0,-999.0,0,0.5,0.095
1969-12-31 19:07:00.948000,420948,0.0,20.5,1030.7,0.0,14.2,0,0.6,0.098
1969-12-31 19:07:02.948000,422948,0.0,20.5,1030.7,0.0,14.2,0,0.3,0.09
1969-12-31 19:07:04.948000,424948,0.0,20.5,1030.8,0.0,14.2,0,0.6,0.099
1969-12-31 19:07:06.948000,426948,0.0,20.5,1030.9,0.0,-999.0,0,0.3,0.09
1969-12-31 19:07:08.948000,428948,0.0,20.6,1030.7,0.0,-999.0,0,0.3,0.091
1969-12-31 19:07:10.948000,430948,0.0,20.6,1030.7,0.0,-999.0,0,0.4,0.093
1969-12-31 19:07:12.948000,432948,0.0,20.6,1030.7,0.0,14.2,0,0.3,0.091
1969-12-31 19:07:14.948000,434948,0.0,20.6,1030.7,0.0,-999.0,0,0.4,0.093
1969-12-31 19:07:16.948000,436948,0.0,20.7,1030.7,0.0,14.2,0,0.4,0.092
1969-12-31 19:07:18.948000,438948,0.0,20.7,1030.7,0.0,-999.0,0,0.0,0.08
1969-12-31 19:07:20.948000,440948,0.0,20.7,1030.7,0.0,14.2,0,0.4,0.093
1969-12-31 19:07:22.948000,442948,0.0,20.8,1030.7,0.0,-999.0,0,0.3,0.091
1969-12-31 19:07:24.948000,444948,0.0,20.8,1030.7,0.0,14.2,0,0.3,0.09
1969-12-31 19:07:26.948000,446948,0.0,20.8,1030.7,0.0,-999.0,0,0.8,0.107
1969-12-31 19:07:28.958000,448958,0.0,20.8,1030.7,0.0,14.2,0,0.8,0.106
1969-12-31 19:07:30.948000,450948,0.0,20.8,1030.7,0.0,-999.0,0,0.6,0.099
1969-12-31 19:07:32.958000,452958,0.0,20.9,1030.8,0.0,14.2,0,0.2,0.088
1969-12-31 19:07:34.948000,454948,0.0,20.9,1030.7,0.0,-999.0,12,12.4,0.469
1969-12-31 19:07:36.958000,456958,0.0,20.9,1030.7,0.0,14.1,33,34.1,1.152
1969-12-31 19:07:38.958000,458958,0.0,20.9,1030.7,0.0,-999.0,50,50.5,1.667
1969-12-31 19:07:40.958000,460958,0.0,20.9,1030.7,0.0,14.2,50,50.2,1.657
1969-12-31 19:07:42.958000,462958,0.0,20.9,1030.7,0.0,-999.0,50,49.9,1.648
1969-12-31 19:07:44.958000,464958,0.0,20.9,1030.7,0.0,-999.0,50,50.1,1.652
1969-12-31 19:07:46.958000,466958,0.0,20.9,1030.7,0.0,-999.0,50,50.4,1.663
1969-12-31 19:07:48.958000,468958,0.0,20.9,1030.7,0.0,14.2,50,50.2,1.655
1969-12-31 19:07:50.958000,470958,0.0,20.9,1030.7,0.0,14.1,50,50.3,1.658
1969-12-31 19:07:52.958000,472958,0.0,20.9,1030.7,0.0,-999.0,50,50.6,1.669
1969-12-31 19:07:54.958000,474958,0.0,20.9,1030.7,0.0,-999.0,50,50.3,1.658
1969-12-31 19:07:56.958000,476958,0.0,20.9,1030.7,0.0,14.2,50,50.3,1.66
1969-12-31 19:07:58.958000,478958,0.0,20.9,1030.7,0.0,14.2,50,50.1,1.653
1969-12-31 19:08:00.958000,480958,0.0,20.9,1030.7,0.0,14.2,50,49.6,1.638
1969-12-31 19:08:02.958000,482958,0.0,20.9,1030.7,0.0,14.1,50,50.1,1.654
1969-12-31 19:08:04.958000,484958,0.0,20.9,1030.7,0.0,14.2,50,51.1,1.683
1969-12-31 19:08:06.958000,486958,0.0,20.9,1030.7,0.0,14.2,50,49.9,1.648
1969-12-31 19:08:08.958000,488958,0.0,20.9,1030.7,0.0,14.2,49,50.5,1.665
1969-12-31 19:08:10.958000,490958,0.0,20.9,1030.7,0.0,14.2,50,50.6,1.669
1969-12-31 19:08:12.958000,492958,0.0,20.9,1030.7,0.0,-999.0,50,50.2,1.657
1969-12-31 19:08:14.958000,494958,0.0,20.9,1030.7,0.0,14.2,50,50.4,1.664
1969-12-31 19:08:16.958000,496958,0.0,20.9,1030.7,0.0,14.2,50,50.1,1.654
1969-12-31 19:08:18.958000,498958,0.0,20.9,1030.7,0.0,14.2,50,49.8,1.643
1969-12-31 19:08:20.958000,500958,0.0,20.9,1030.7,0.0,-999.0,50,49.8,1.644
1969-12-31 19:08:22.958000,502958,0.0,20.9,1030.7,0.0,14.2,50,50.5,1.666
1969-12-31 19:08:24.958000,504958,0.0,20.9,1030.7,0.0,-999.0,50,49.9,1.648
1969-12-31 19:08:26.958000,506958,0.0,20.9,1030.7,0.0,14.2,50,50.1,1.654
1969-12-31 19:08:28.958000,508958,0.0,20.9,1030.7,0.0,-999.0,50,50.6,1.671
1969-12-31 19:08:30.958000,510958,0.0,20.9,1030.8,0.0,14.2,50,49.7,1.642
1969-12-31 19:08:32.958000,512958,0.0,20.9,1030.8,0.0,-999.0,50,50.4,1.664
1969-12-31 19:08:34.958000,514958,0.0,20.9,1030.7,0.0,14.2,49,49.8,1.645
1969-12-31 19:08:36.958000,516958,0.0,20.9,1030.7,0.0,-999.0,50,50.1,1.654
1969-12-31 19:08:38.958000,518958,0.0,20.9,1030.9,0.0,14.2,50,50.4,1.664
1969-12-31 19:08:40.958000,520958,0.0,20.9,1030.8,0.0,-999.0,50,50.3,1.658
1969-12-31 19:08:42.958000,522958,0.0,20.9,1030.8,0.0,14.1,49,49.6,1.638
1969-12-31 19:08:44.958000,524958,0.0,20.9,1031.5,0.0,14.1,50,50.1,1.654
1969-12-31 19:08:46.958000,526958,0.0,20.9,1031.2,0.0,14.2,50,50.7,1.671
1969-12-31 19:08:48.958000,528958,0.0,20.9,1031.1,0.0,14.2,50,50.5,1.666
1969-12-31 19:08:50.958000,530958,0.0,20.9,1031.1,0.0,14.4,50,50.5,1.666
1969-12-31 19:08:52.958000,532958,0.0,20.9,1031.1,0.0,14.2,50,50.1,1.654
1969-12-31 19:08:54.958000,534958,0.0,20.9,1031.6,0.0,-999.0,49,50.8,1.675
1969-12-31 19:08:56.958000,536958,0.0,20.9,1031.1,0.0,14.2,50,50.3,1.659
1969-12-31 19:08:58.958000,538958,0.0,20.9,1031.5,0.0,-999.0,50,50.2,1.655
1969-12-31 19:09:00.958000,540958,0.0,20.9,1032.1,0.0,14.0,50,50.5,1.665
1969-12-31 19:09:02.959000,542959,0.0,20.9,1031.1,0.0,-999.0,49,50.1,1.653
1969-12-31 19:09:04.958000,544958,0.0,20.9,1031.2,0.0,14.1,50,49.8,1.646
1969-12-31 19:09:06.958000,546958,0.0,20.9,1031.6,0.0,14.2,50,50.1,1.654
1969-12-31 19:09:08.958000,548958,0.0,20.9,1032.3,0.0,-999.0,50,50.1,1.654
1969-12-31 19:09:10.958000,550958,0.0,20.9,1032.4,0.0,14.2,50,50.1,1.654
1969-12-31 19:09:12.958000,552958,0.0,20.9,1032.9,0.0,-999.0,50,50.5,1.665
1969-12-31 19:09:14.958000,554958,0.04,20.9,1031.7,0.0,14.0,50,50.0,1.651
1969-12-31 19:09:16.958000,556958,0.4,20.9,1032.1,0.0,-999.0,49,50.1,1.654
1969-12-31 19:09:18.958000,558958,0.59,20.9,1032.5,0.0,14.0,50,48.9,1.617
1969-12-31 19:09:20.958000,560958,0.66,20.9,1032.4,0.0,-999.0,49,50.1,1.653
1969-12-31 19:09:22.958000,562958,0.7,20.9,1032.5,0.0,-999.0,49,50.0,1.65
1969-12-31 19:09:24.958000,564958,0.72,20.9,1032.7,0.0,-999.0,50,50.3,1.659
1969-12-31 19:09:26.958000,566958,0.73,20.9,1032.7,0.0,-999.0,50,50.5,1.667
1969-12-31 19:09:28.958000,568958,0.74,21.0,1032.9,0.0,-999.0,50,50.1,1.654
1969-12-31 19:09:30.958000,570958,0.75,21.0,1032.8,0.0,-999.0,49,49.6,1.639
1969-12-31 19:09:32.958000,572958,0.74,21.0,1032.8,0.0,13.8,50,50.1,1.653
1969-12-31 19:09:34.958000,574958,0.73,21.0,1032.7,0.0,-999.0,50,50.5,1.667
1969-12-31 19:09:36.958000,576958,0.74,21.0,1032.8,0.0,13.9,50,50.3,1.658
1969-12-31 19:09:38.958000,578958,0.74,21.0,1032.7,0.0,-999.0,50,50.6,1.67
1969-12-31 19:09:40.958000,580958,0.75,21.0,1032.4,0.0,13.8,50,50.1,1.654
1969-12-31 19:09:42.958000,582958,0.76,21.0,1032.9,0.0,13.8,50,50.2,1.655
1969-12-31 19:09:44.958000,584958,0.76,21.0,1032.8,0.0,13.9,50,50.4,1.662
1969-12-31 19:09:46.958000,586958,0.75,21.0,1032.8,0.0,13.8,50,50.1,1.653
1969-12-31 19:09:48.958000,588958,0.74,21.1,1032.8,0.0,-999.0,50,50.2,1.655
1969-12-31 19:09:50.958000,590958,0.75,21.1,1032.5,0.0,13.9,50,50.4,1.664
1969-12-31 19:09:52.958000,592958,0.75,21.1,1032.4,0.0,-999.0,50,50.3,1.659
1969-12-31 19:09:54.958000,594958,0.76,21.1,1032.7,0.0,13.9,49,50.0,1.65
1969-12-31 19:09:56.958000,596958,0.76,21.1,1032.7,0.0,-999.0,50,49.9,1.648
1969-12-31 19:09:58.958000,598958,0.75,21.1,1030.5,0.0,13.8,50,49.7,1.642
1969-12-31 19:10:00.958000,600958,1.43,21.1,1030.7,0.0,13.8,50,49.8,1.646
1969-12-31 19:10:02.958000,602958,0.9,21.2,1030.7,0.0,13.9,50,50.4,1.662
1969-12-31 19:10:04.958000,604958,0.87,21.2,1030.8,0.0,13.8,50,50.3,1.661
1969-12-31 19:10:06.958000,606958,0.89,21.2,1030.7,0.0,14.0,49,49.9,1.649
1969-12-31 19:10:08.958000,608958,0.9,21.3,1030.7,0.0,13.8,50,50.3,1.661
1969-12-31 19:10:10.958000,610958,0.9,21.3,1030.7,0.0,13.8,50,50.6,1.668
1969-12-31 19:10:12.958000,612958,0.9,21.3,1030.7,0.0,13.8,50,49.9,1.646
1969-12-31 19:10:14.958000,614958,0.89,21.3,1030.7,0.0,-999.0,50,50.3,1.658
1969-12-31 19:10:16.958000,616958,0.9,21.3,1030.7,0.0,13.9,50,50.4,1.662
1969-12-31 19:10:18.958000,618958,0.89,21.4,1030.7,0.0,-999.0,49,50.5,1.665
1969-12-31 19:10:20.958000,620958,0.9,21.4,1030.7,0.0,13.8,50,50.0,1.65
1969-12-31 19:10:22.958000,622958,0.91,21.4,1030.8,0.0,-999.0,50,50.7,1.672
1969-12-31 19:10:24.958000,624958,0.9,21.4,1030.7,0.0,-999.0,50,50.4,1.663
1969-12-31 19:10:26.958000,626958,0.9,21.4,1030.7,0.0,-999.0,50,50.5,1.666
1969-12-31 19:10:28.958000,628958,0.9,21.4,1030.7,0.0,-999.0,29,29.4,1.005
1969-12-31 19:10:30.958000,630958,0.8,21.4,1030.7,0.0,-999.0,8,9.1,0.367
1969-12-31 19:10:32.958000,632958,0.44,21.4,1030.7,2.56,14.0,0,0.2,0.085
1969-12-31 19:10:34.958000,634958,0.15,21.4,1030.7,2.56,14.0,0,0.4,0.093
1969-12-31 19:10:36.958000,636958,0.01,21.4,1030.7,2.56,14.0,0,0.0,0.07
1969-12-31 19:10:38.958000,638958,0.0,21.4,1030.7,2.56,-999.0,0,0.0,0.073
1969-12-31 19:10:40.958000,640958,0.0,21.4,1030.8,2.56,14.0,0,0.4,0.093
1969-12-31 19:10:42.958000,642958,0.0,21.4,1030.7,2.56,-999.0,0,0.1,0.084
1969-12-31 19:10:44.958000,644958,0.0,21.4,1030.7,2.56,14.0,0,0.2,0.086
1969-12-31 19:10:46.958000,646958,0.0,21.4,1030.5,2.56,-999.0,0,0.7,0.102
1969-12-31 19:10:48.958000,648958,0.0,21.4,1030.7,2.56,14.1,0,0.0,0.081
1969-12-31 19:10:50.958000,650958,0.0,21.4,1030.7,2.56,14.1,0,1.5,0.127
1969-12-31 19:10:52.958000,652958,0.0,21.4,1030.5,2.56,14.1,0,0.1,0.085
1969-12-31 19:10:54.958000,654958,0.0,21.4,1030.7,2.56,14.0,0,0.4,0.094
1969-12-31 19:10:56.958000,656958,0.0,21.4,1030.5,2.56,14.0,0,0.0,0.081
1969-12-31 19:10:58.958000,658958,0.0,21.4,1030.5,2.56,14.1,0,0.4,0.093
1969-12-31 19:11:00.958000,660958,0.0,21.4,1030.5,2.56,14.0,0,0.1,0.084
1969-12-31 19:11:02.958000,662958,0.0,21.4,1030.5,2.56,14.1,0,0.0,0.081
1969-12-31 19:11:04.958000,664958,0.0,21.4,1030.5,2.56,-999.0,0,0.4,0.092
1969-12-31 19:11:06.958000,666958,0.0,21.4,1030.7,2.56,14.1,0,0.1,0.084
1969-12-31 19:11:08.958000,668958,0.0,21.4,1030.5,2.56,-999.0,0,0.3,0.091
1969-12-31 19:11:10.958000,670958,0.0,21.4,1030.7,2.56,14.0,0,0.2,0.088
1969-12-31 19:11:12.958000,672958,0.0,21.4,1030.7,2.56,14.1,0,0.2,0.088
1969-12-31 19:11:14.958000,674958,0.0,21.4,1030.7,2.56,14.1,0,0.3,0.089
1969-12-31 19:11:16.958000,676958,0.0,21.4,1030.7,2.56,14.1,0,0.1,0.085
1969-12-31 19:11:18.958000,678958,0.0,21.4,1030.7,2.56,14.2,0,0.3,0.091
1969-12-31 19:11:20.958000,680958,0.0,21.4,1030.7,2.56,14.2,0,0.0,0.068
1969-12-31 19:11:22.958000,682958,0.0,21.4,1030.5,2.56,14.2,0,0.6,0.098
1969-12-31 19:11:24.958000,684958,0.0,21.4,1030.7,2.56,14.0,0,0.4,0.094
1969-12-31 19:11:26.958000,686958,0.0,21.4,1030.5,2.56,14.1,0,0.4,0.094
1969-12-31 19:11:28.958000,688958,0.0,21.4,1030.5,2.56,14.0,0,0.8,0.106
1969-12-31 19:11:30.958000,690958,0.0,21.4,1030.7,2.56,14.1,0,0.1,0.083
1969-12-31 19:11:32.958000,692958,0.0,21.4,1030.7,2.56,14.2,0,0.4,0.093
1969-12-31 19:11:34.958000,694958,0.0,21.4,1030.5,2.56,14.1,0,0.4,0.092
1969-12-31 19:11:36.958000,696958,0.0,21.4,1030.7,2.56,14.1,0,0.3,0.089
1969-12-31 19:11:38.958000,698958,0.0,21.4,1030.5,2.56,14.1,0,0.3,0.09
1969-12-31 19:11:40.958000,700958,0.0,21.4,1030.7,2.56,14.1,0,0.3,0.09
1969-12-31 19:11:42.958000,702958,0.0,21.4,1030.7,2.56,-999.0,0,0.3,0.09
1969-12-31 19:11:44.958000,704958,0.0,21.4,1030.7,2.56,14.0,0,0.1,0.084
1969-12-31 19:11:46.958000,706958,0.0,21.4,1030.7,2.56,-999.0,0,0.0,0.078
1969-12-31 19:11:48.958000,708958,0.0,21.4,1030.7,2.56,-999.0,0,0.4,0.094
1969-12-31 19:11:50.958000,710958,0.0,21.4,1030.7,2.56,-999.0,0,0.2,0.087
1969-12-31 19:11:52.958000,712958,0.0,21.4,1030.7,2.56,14.0,0,0.2,0.086
1969-12-31 19:11:54.958000,714958,0.0,21.4,1030.7,2.56,14.0,8,11.9,0.455
1969-12-31 19:11:56.958000,716958,0.0,21.4,1030.7,2.56,-999.0,30,30.0,1.023
1969-12-31 19:11:58.958000,718958,0.02,21.4,1030.7,2.56,-999.0,50,50.7,1.671
1969-12-31 19:12:00.958000,720958,0.28,21.4,1030.7,2.56,-999.0,50,50.5,1.665
1969-12-31 19:12:02.958000,722958,0.66,21.4,1030.7,2.56,-999.0,50,50.1,1.653
1969-12-31 19:12:04.958000,724958,0.82,21.4,1030.7,2.56,-999.0,50,50.3,1.659
1969-12-31 19:12:06.958000,726958,0.89,21.4,1030.7,2.56,-999.0,50,50.4,1.664
1969-12-31 19:12:08.958000,728958,0.93,21.4,1030.7,2.56,-999.0,50,50.8,1.677
1969-12-31 19:12:10.958000,730958,0.93,21.4,1030.7,2.56,-999.0,50,50.4,1.662
1969-12-31 19:12:12.958000,732958,0.93,21.4,1030.7,2.56,-999.0,50,50.4,1.662
1969-12-31 19:12:14.958000,734958,0.94,21.4,1030.5,2.56,-999.0,50,50.7,1.672
1969-12-31 19:12:16.958000,736958,0.94,21.4,1030.7,2.56,-999.0,50,50.4,1.663
1969-12-31 19:12:18.958000,738958,0.94,21.4,1030.7,2.56,-999.0,50,50.4,1.663
1969-12-31 19:12:20.958000,740958,0.94,21.4,1030.7,2.56,-999.0,50,50.6,1.669
1969-12-31 19:12:22.958000,742958,0.94,21.4,1030.7,2.56,13.9,50,50.2,1.657
1969-12-31 19:12:24.958000,744958,0.94,21.4,1030.5,2.56,-999.0,50,50.2,1.657
1969-12-31 19:12:26.958000,746958,0.94,21.4,1030.5,2.56,13.9,50,50.4,1.662
1969-12-31 19:12:28.958000,748958,0.94,21.4,1030.7,2.56,-999.0,50,50.7,1.672
1969-12-31 19:12:30.958000,750958,0.94,21.4,1030.7,2.56,13.9,50,50.6,1.668
1969-12-31 19:12:32.958000,752958,0.94,21.4,1030.7,2.56,-999.0,50,50.6,1.67
1969-12-31 19:12:34.958000,754958,0.95,21.5,1030.7,2.56,13.8,50,50.1,1.654
1969-12-31 19:12:36.958000,756958,0.94,21.5,1030.7,2.56,-999.0,50,50.8,1.675
1969-12-31 19:12:38.958000,758958,0.94,21.5,1030.5,2.56,13.8,50,51.1,1.686
1969-12-31 19:12:40.958000,760958,0.95,21.5,1030.7,2.56,-999.0,50,49.9,1.647
1969-12-31 19:12:42.958000,762958,0.95,21.5,1030.7,2.56,13.8,50,50.0,1.651
1969-12-31 19:12:44.958000,764958,0.94,21.5,1030.5,2.56,-999.0,50,50.4,1.662
1969-12-31 19:12:46.958000,766958,0.95,21.5,1030.7,2.56,13.7,50,50.6,1.67
1969-12-31 19:12:48.958000,768958,0.95,21.5,1030.7,2.56,-999.0,50,50.8,1.675
1969-12-31 19:12:50.958000,770958,0.94,21.6,1030.7,2.56,13.8,50,49.5,1.635
1969-12-31 19:12:52.958000,772958,0.94,21.6,1030.7,2.56,-999.0,50,50.3,1.658
1969-12-31 19:12:54.958000,774958,0.95,21.6,1030.7,2.56,-999.0,50,50.1,1.654
1969-12-31 19:12:56.958000,776958,0.95,21.6,1030.7,2.56,-999.0,50,50.4,1.664
1969-12-31 19:12:58.958000,778958,0.94,21.6,1030.7,2.56,13.8,50,50.5,1.665
1969-12-31 19:13:00.958000,780958,0.95,21.6,1030.7,2.56,-999.0,50,50.6,1.669
1969-12-31 19:13:02.958000,782958,0.95,21.7,1030.5,2.56,13.8,50,50.6,1.67
1969-12-31 19:13:04.958000,784958,0.95,21.7,1030.7,2.56,-999.0,50,50.7,1.674
1969-12-31 19:13:06.958000,786958,0.95,21.7,1030.7,2.56,13.9,29,29.3,0.999
1969-12-31 19:13:08.958000,788958,0.83,21.8,1030.7,2.56,-999.0,8,8.4,0.346
1969-12-31 19:13:10.958000,790958,0.46,21.8,1030.5,2.56,-999.0,0,0.1,0.083
1969-12-31 19:13:12.958000,792958,0.16,21.8,1030.7,2.56,-999.0,0,0.0,0.07
1969-12-31 19:13:14.958000,794958,0.01,21.8,1030.7,2.56,-999.0,0,0.0,0.077
1969-12-31 19:13:16.958000,796958,0.01,21.8,1030.7,2.56,-999.0,0,0.0,0.076
1969-12-31 19:13:18.958000,798958,0.0,21.8,1030.7,2.56,-999.0,0,0.0,0.077
1969-12-31 19:13:20.958000,800958,0.0,21.8,1030.7,2.56,-999.0,0,0.0,0.072
1969-12-31 19:13:22.958000,802958,0.0,21.9,1030.7,2.56,-999.0,0,0.0,0.068
1969-12-31 19:13:24.958000,804958,0.0,21.9,1030.7,2.56,-999.0,0,0.4,0.092
1969-12-31 19:13:26.958000,806958,0.0,21.9,1030.7,2.56,14.2,0,0.0,0.076
1969-12-31 19:13:28.958000,808958,0.0,21.9,1030.7,2.56,-999.0,0,0.0,0.073
1969-12-31 19:13:30.958000,810958,0.0,21.9,1030.5,2.56,14.1,0,0.0,0.079
1969-12-31 19:13:32.958000,812958,0.0,21.9,1030.5,2.56,-999.0,0,0.0,0.081
1969-12-31 19:13:34.958000,814958,0.0,21.9,1030.7,2.56,14.2,0,0.0,0.077
1969-12-31 19:13:36.958000,816958,0.0,21.9,1030.7,111.783,-999.0,0,0.0,0.076
1969-12-31 19:13:38.958000,818958,0.0,21.9,1030.5,2.56,14.0,0,0.1,0.083
1969-12-31 19:13:40.958000,820958,0.0,21.9,1030.7,2.56,-999.0,0,0.5,0.097
1969-12-31 19:13:42.958000,822958,0.0,21.9,1030.8,2.56,14.0,1,1.2,0.117
1969-12-31 19:13:44.958000,824958,0.0,21.9,1030.5,2.56,14.2,1,1.5,0.127
1969-12-31 19:13:46.958000,826958,0.0,21.9,1030.5,2.56,14.0,2,2.6,0.164
1969-12-31 19:13:48.958000,828958,0.0,21.9,1030.7,2.56,14.1,3,3.0,0.175
1969-12-31 19:13:50.958000,830958,0.0,21.9,1030.7,2.56,14.2,3,3.9,0.201
1969-12-31 19:13:52.958000,832958,0.0,21.9,1030.7,2.56,-999.0,4,4.5,0.223
1969-12-31 19:13:54.958000,834958,0.0,21.9,1030.7,2.56,14.1,5,5.0,0.238
1969-12-31 19:13:56.958000,836958,0.0,21.9,1030.7,2.56,-999.0,5,5.6,0.257
1969-12-31 19:13:58.958000,838958,0.0,21.9,1030.8,2.56,14.2,5,5.8,0.262
1969-12-31 19:14:00.958000,840958,0.0,21.9,1030.7,2.56,14.2,6,6.4,0.28
1969-12-31 19:14:02.958000,842958,0.0,21.9,1030.8,2.56,14.1,7,7.8,0.324
1969-12-31 19:14:04.958000,844958,0.0,21.9,1030.7,2.56,14.0,8,7.7,0.322
1969-12-31 19:14:06.958000,846958,0.0,21.9,1030.7,2.56,14.2,9,8.6,0.35
1969-12-31 19:14:08.958000,848958,0.0,21.9,1030.7,2.56,-999.0,8,8.2,0.338
1969-12-31 19:14:10.958000,850958,0.01,21.9,1030.7,2.56,14.2,9,9.5,0.38
1969-12-31 19:14:12.958000,852958,0.03,21.9,1030.7,2.56,-999.0,10,10.5,0.411
1969-12-31 19:14:14.958000,854958,0.04,21.9,1030.7,2.56,14.0,10,10.8,0.42
1969-12-31 19:14:16.958000,856958,0.05,21.9,1030.8,2.56,-999.0,11,11.3,0.434
1969-12-31 19:14:18.958000,858958,0.06,21.9,1030.7,2.56,14.1,11,11.3,0.437
1969-12-31 19:14:20.958000,860958,0.06,21.9,1030.7,2.56,-999.0,12,12.9,0.485
1969-12-31 19:14:22.958000,862958,0.08,21.9,1030.8,2.56,14.1,12,12.7,0.479
1969-12-31 19:14:24.958000,864958,0.09,21.9,1030.8,2.56,-999.0,12,12.8,0.481
1969-12-31 19:14:26.958000,866958,0.09,21.9,1030.8,2.56,14.1,15,15.0,0.553
1969-12-31 19:14:28.958000,868958,0.1,21.9,1030.8,2.56,-999.0,14,15.1,0.556
1969-12-31 19:14:30.958000,870958,0.11,21.9,1030.8,2.56,14.1,17,15.9,0.58
1969-12-31 19:14:32.958000,872958,0.13,21.9,1030.8,2.56,-999.0,16,17.5,0.631
1969-12-31 19:14:34.958000,874958,0.13,21.9,1030.8,2.56,14.2,16,16.6,0.601
1969-12-31 19:14:36.958000,876958,0.14,21.9,1030.8,2.56,-999.0,16,16.7,0.606
1969-12-31 19:14:38.958000,878958,0.15,21.9,1030.8,2.56,14.1,17,17.3,0.624
1969-12-31 19:14:40.958000,880958,0.15,21.9,1031.1,2.56,-999.0,18,18.6,0.664
1969-12-31 19:14:42.958000,882958,0.16,21.9,1030.8,2.56,14.2,20,19.6,0.695
1969-12-31 19:14:44.958000,884958,0.17,21.9,1030.8,2.56,-999.0,18,19.4,0.691
1969-12-31 19:14:46.958000,886958,0.19,21.9,1030.8,2.56,14.2,20,21.2,0.747
1969-12-31 19:14:48.958000,888958,0.19,21.9,1030.8,2.56,-999.0,20,20.4,0.72
1969-12-31 19:14:50.958000,890958,0.2,21.9,1030.8,2.56,14.1,21,21.4,0.752
1969-12-31 19:14:52.958000,892958,0.21,21.9,1030.8,2.56,14.1,23,22.6,0.789
1969-12-31 19:14:54.958000,894958,0.21,21.9,1030.7,2.56,14.1,22,23.7,0.824
1969-12-31 19:14:56.958000,896958,0.23,21.9,1030.7,2.56,14.2,23,23.4,0.816
1969-12-31 19:14:58.958000,898958,0.24,21.9,1030.8,2.56,14.1,23,24.2,0.84
1969-12-31 19:15:00.958000,900958,0.25,21.9,1030.8,2.56,14.1,24,24.7,0.857
1969-12-31 19:15:02.958000,902958,0.26,21.9,1030.7,2.56,14.1,25,25.1,0.87
1969-12-31 19:15:04.958000,904958,0.27,21.9,1030.7,2.56,14.0,24,24.5,0.85
1969-12-31 19:15:06.958000,906958,0.28,21.9,1030.8,2.56,-999.0,26,26.8,0.923
1969-12-31 19:15:08.958000,908958,0.29,21.9,1030.8,2.56,-999.0,27,26.9,0.924
1969-12-31 19:15:10.958000,910958,0.3,21.9,1030.7,2.56,-999.0,27,26.9,0.925
1969-12-31 19:15:12.958000,912958,0.32,21.9,1030.8,2.56,-999.0,28,28.3,0.97
1969-12-31 19:15:14.958000,914958,0.33,21.9,1030.7,2.56,-999.0,28,28.4,0.972
1969-12-31 19:15:16.958000,916958,0.34,21.9,1030.8,2.56,14.0,30,29.9,1.019
1969-12-31 19:15:18.958000,918958,0.36,21.9,1030.7,2.56,-999.0,30,30.5,1.039
1969-12-31 19:15:20.958000,920958,0.38,21.9,1030.7,2.56,13.9,30,30.7,1.046
1969-12-31 19:15:22.967000,922967,0.39,21.9,1030.8,2.56,-999.0,31,32.0,1.086
1969-12-31 19:15:24.958000,924958,0.4,21.9,1030.8,2.56,14.0,31,31.7,1.077
1969-12-31 19:15:26.958000,926958,0.42,21.9,1030.8,2.56,-999.0,31,31.3,1.065
1969-12-31 19:15:28.958000,928958,0.42,21.9,1030.7,2.56,13.9,33,31.6,1.073
1969-12-31 19:15:30.967000,930967,0.43,21.9,1030.8,2.56,-999.0,33,34.2,1.153
1969-12-31 19:15:32.967000,932967,0.46,21.9,1030.7,2.56,13.9,34,34.7,1.168
1969-12-31 19:15:34.967000,934967,0.47,21.9,1030.8,2.56,13.9,34,34.4,1.16
1969-12-31 19:15:36.967000,936967,0.49,21.9,1030.8,2.56,-999.0,34,36.3,1.219
1969-12-31 19:15:38.967000,938967,0.51,21.9,1030.7,2.56,-999.0,36,37.0,1.241
1969-12-31 19:15:40.967000,940967,0.52,21.9,1030.8,2.56,13.9,37,37.5,1.258
1969-12-31 19:15:42.967000,942967,0.54,21.9,1030.9,2.56,-999.0,37,36.9,1.24
1969-12-31 19:15:44.967000,944967,0.55,21.9,1030.8,2.56,13.8,37,35.3,1.188
1969-12-31 19:15:46.967000,946967,0.56,21.9,1030.8,2.56,-999.0,38,38.2,1.281
1969-12-31 19:15:48.967000,948967,0.57,22.0,1030.8,2.56,14.0,39,40.3,1.347
1969-12-31 19:15:50.967000,950967,0.58,22.0,1030.8,2.56,-999.0,39,40.7,1.357
1969-12-31 19:15:52.967000,952967,0.62,22.0,1030.8,2.56,14.0,40,40.8,1.36
1969-12-31 19:15:54.967000,954967,0.63,22.0,1030.8,2.56,-999.0,40,40.9,1.365
1969-12-31 19:15:56.968000,956968,0.64,22.0,1030.7,2.56,13.9,40,40.8,1.363
1969-12-31 19:15:58.967000,958967,0.65,22.0,1030.8,2.56,-999.0,42,43.2,1.436
1969-12-31 19:16:00.967000,960967,0.66,22.0,1030.8,2.56,13.9,43,42.9,1.426
1969-12-31 19:16:02.967000,962967,0.69,22.0,1030.8,2.56,-999.0,43,43.9,1.458
1969-12-31 19:16:04.967000,964967,0.72,22.1,1030.8,2.56,13.8,46,44.5,1.477
1969-12-31 19:16:06.967000,966967,0.75,22.1,1030.8,2.56,-999.0,44,44.4,1.476
1969-12-31 19:16:08.967000,968967,0.75,22.1,1030.8,2.56,14.0,46,45.9,1.521
1969-12-31 19:16:10.967000,970967,0.76,22.1,1030.8,2.56,13.9,45,45.7,1.517
1969-12-31 19:16:12.967000,972967,0.79,22.2,1030.8,2.56,-999.0,46,46.4,1.537
1969-12-31 19:16:14.967000,974967,0.81,22.2,1030.8,2.56,-999.0,47,47.4,1.569
1969-12-31 19:16:16.967000,976967,0.82,22.2,1030.7,2.56,-999.0,47,48.6,1.607
1969-12-31 19:16:18.967000,978967,0.85,22.2,1030.8,2.56,13.8,48,47.9,1.585
1969-12-31 19:16:20.967000,980967,0.86,22.2,1030.8,0.0,-999.0,48,47.8,1.582
1969-12-31 19:16:22.967000,982967,0.87,22.2,1030.7,2.56,-999.0,49,48.8,1.613
1969-12-31 19:16:24.967000,984967,0.9,22.3,1030.7,2.56,-999.0,51,51.6,1.7
1969-12-31 19:16:26.967000,986967,0.91,22.3,1030.8,2.56,13.8,51,51.2,1.687
1969-12-31 19:16:28.967000,988967,0.95,22.3,1030.8,2.56,-999.0,51,51.0,1.683
1969-12-31 19:16:30.967000,990967,0.98,22.3,1030.8,2.56,-999.0,51,51.5,1.696
1969-12-31 19:16:32.967000,992967,1.0,22.3,1030.8,2.56,13.9,53,53.3,1.754
1969-12-31 19:16:34.967000,994967,1.02,22.3,1030.8,2.56,13.8,53,53.4,1.756
1969-12-31 19:16:36.967000,996967,1.05,22.4,1030.8,2.56,13.9,52,53.8,1.77
1969-12-31 19:16:38.968000,998968,1.08,22.4,1030.8,2.56,-999.0,54,55.0,1.806
1969-12-31 19:16:40.967000,1000967,1.09,22.4,1030.8,2.56,13.8,54,54.3,1.787
1969-12-31 19:16:42.967000,1002967,1.11,22.4,1030.7,2.56,-999.0,55,55.6,1.828
1969-12-31 19:16:44.967000,1004967,1.14,22.4,1030.8,2.56,13.8,57,57.1,1.874
1969-12-31 19:16:46.967000,1006967,1.15,22.4,1030.7,2.56,-999.0,57,57.1,1.872
1969-12-31 19:16:48.967000,1008967,1.19,22.4,1030.7,2.56,13.8,57,57.7,1.891
1969-12-31 19:16:50.967000,1010967,1.22,22.4,1030.7,2.56,-999.0,58,57.6,1.888
1969-12-31 19:16:52.967000,1012967,1.24,22.4,1030.7,2.56,13.6,58,59.1,1.936
1969-12-31 19:16:54.967000,1014967,1.27,22.4,1030.8,2.56,-999.0,59,59.1,1.937
1969-12-31 19:16:56.968000,1016968,1.29,22.4,1030.8,2.56,13.6,58,59.3,1.943
1969-12-31 19:16:58.968000,1018968,1.32,22.4,1030.8,2.56,13.6,56,60.8,1.989
1969-12-31 19:17:00.967000,1020967,1.34,22.4,1030.8,2.56,13.6,60,60.5,1.981
1969-12-31 19:17:02.967000,1022967,1.36,22.4,1030.7,2.56,13.6,61,62.0,2.028
1969-12-31 19:17:04.967000,1024967,1.41,22.4,1030.8,2.56,13.5,63,63.1,2.061
1969-12-31 19:17:06.967000,1026967,1.43,22.4,1030.7,2.56,-999.0,62,62.6,2.046
1969-12-31 19:17:08.967000,1028967,1.46,22.4,1030.8,2.56,13.5,63,64.2,2.096
1969-12-31 19:17:10.967000,1030967,1.49,22.4,1030.7,2.56,-999.0,63,64.1,2.094
1969-12-31 19:17:12.968000,1032968,1.51,22.4,1030.7,2.56,13.5,64,65.2,2.128
1969-12-31 19:17:14.967000,1034967,1.54,22.4,1030.7,2.56,-999.0,65,65.7,2.144
1969-12-31 19:17:16.967000,1036967,1.56,22.4,1030.7,2.56,-999.0,66,66.0,2.152
1969-12-31 19:17:18.967000,1038967,1.6,22.4,1030.8,2.56,13.5,66,68.3,2.226
1969-12-31 19:17:20.967000,1040967,1.62,22.4,1030.7,2.56,-999.0,66,66.7,2.176
1969-12-31 19:17:22.967000,1042967,1.63,22.4,1030.7,2.56,13.4,68,68.4,2.228
1969-12-31 19:17:24.967000,1044967,1.68,22.4,1030.7,2.56,-999.0,68,68.6,2.235
1969-12-31 19:17:26.968000,1046968,1.68,22.4,1030.8,2.56,13.5,68,68.4,2.227
1969-12-31 19:17:28.967000,1048967,1.69,22.4,1030.7,2.56,-999.0,69,69.5,2.262
1969-12-31 19:17:30.967000,1050967,1.71,22.4,1030.7,2.56,13.2,70,71.1,2.313
1969-12-31 19:17:32.967000,1052967,1.71,22.4,1030.7,2.56,-999.0,70,71.0,2.31
1969-12-31 19:17:34.967000,1054967,1.73,22.4,1030.7,2.56,13.4,71,71.9,2.338
1969-12-31 19:17:36.967000,1056967,1.75,22.4,1030.7,2.56,-999.0,71,72.2,2.347
1969-12-31 19:17:38.967000,1058967,1.77,22.4,1030.7,2.56,13.1,72,72.3,2.351
1969-12-31 19:17:40.967000,1060967,1.76,22.4,1030.7,2.56,-999.0,73,74.0,2.404
1969-12-31 19:17:42.967000,1062967,1.76,22.4,1030.7,2.56,13.2,73,61.3,2.004
1969-12-31 19:17:44.967000,1064967,1.79,22.4,1030.7,2.56,-999.0,73,74.0,2.405
1969-12-31 19:17:46.967000,1066967,1.78,22.4,1030.7,2.56,13.4,73,74.0,2.404
1969-12-31 19:17:48.967000,1068967,1.78,22.4,1030.7,2.56,-999.0,75,75.9,2.465
1969-12-31 19:17:50.967000,1070967,1.82,22.4,1030.7,2.56,13.1,76,76.0,2.466
1969-12-31 19:17:52.967000,1072967,1.81,22.4,1030.7,2.56,13.1,75,75.7,2.459
1969-12-31 19:17:54.968000,1074968,1.8,22.4,1030.7,2.56,13.2,77,77.1,2.501
1969-12-31 19:17:56.967000,1076967,1.81,22.4,1030.7,2.56,13.1,75,76.4,2.48
1969-12-31 19:17:58.967000,1078967,1.81,22.4,1030.7,2.56,13.0,78,78.6,2.548
1969-12-31 19:18:00.967000,1080967,1.82,22.4,1030.7,2.56,-999.0,79,78.6,2.547
1969-12-31 19:18:02.967000,1082967,1.83,22.4,1030.7,2.56,13.0,78,79.6,2.579
1969-12-31 19:18:04.967000,1084967,1.84,22.4,1030.7,2.56,-999.0,80,80.2,2.598
1969-12-31 19:18:06.967000,1086967,1.84,22.4,1030.8,2.56,13.1,80,80.0,2.591
1969-12-31 19:18:08.967000,1088967,1.83,22.4,1030.7,2.56,-999.0,81,82.2,2.66
1969-12-31 19:18:10.967000,1090967,1.85,22.4,1030.7,2.56,13.1,82,81.0,2.622
1969-12-31 19:18:12.967000,1092967,1.84,22.4,1030.7,2.56,-999.0,81,81.5,2.641
1969-12-31 19:18:14.967000,1094967,1.84,22.4,1030.7,2.56,13.1,86,84.8,2.744
1969-12-31 19:18:16.967000,1096967,1.87,22.4,1030.7,2.56,13.1,83,84.2,2.723
1969-12-31 19:18:18.967000,1098967,1.86,22.4,1030.8,2.56,13.2,83,83.8,2.713
1969-12-31 19:18:20.967000,1100967,1.85,22.4,1030.8,2.56,-999.0,84,84.7,2.738
1969-12-31 19:18:22.968000,1102968,1.85,22.4,1030.7,2.56,13.1,84,84.9,2.746
1969-12-31 19:18:24.967000,1104967,1.85,22.4,1030.8,2.56,-999.0,86,86.7,2.803
1969-12-31 19:18:26.967000,1106967,1.87,22.4,1030.9,2.56,13.0,87,87.6,2.83
1969-12-31 19:18:28.967000,1108967,1.87,22.4,1030.8,2.56,-999.0,86,86.8,2.805
1969-12-31 19:18:30.967000,1110967,1.88,22.4,1031.5,2.56,13.1,88,87.8,2.838
1969-12-31 19:18:32.967000,1112967,1.87,22.4,1030.9,2.56,-999.0,88,88.1,2.845
1969-12-31 19:18:34.967000,1114967,1.86,22.4,1030.9,2.56,13.1,89,89.3,2.884
1969-12-31 19:18:36.967000,1116967,1.88,22.4,1031.1,2.56,-999.0,91,90.5,2.922
1969-12-31 19:18:38.967000,1118967,1.86,22.4,1031.7,2.56,13.1,91,91.1,2.942
1969-12-31 19:18:40.967000,1120967,1.87,22.4,1031.6,2.56,-999.0,91,92.3,2.979
1969-12-31 19:18:42.967000,1122967,1.89,22.4,1031.7,2.56,13.1,92,91.7,2.961
1969-12-31 19:18:44.967000,1124967,1.88,22.4,1031.6,2.56,-999.0,91,91.5,2.952
1969-12-31 19:18:46.967000,1126967,1.88,22.4,1031.5,2.56,-999.0,92,92.7,2.991
1969-12-31 19:18:48.967000,1128967,1.87,22.4,1031.3,2.56,-999.0,92,92.9,2.997
1969-12-31 19:18:50.967000,1130967,1.87,22.4,1031.1,2.56,-999.0,95,96.2,3.101
1969-12-31 19:18:52.967000,1132967,1.89,22.4,1031.5,2.56,13.2,96,95.3,3.071
1969-12-31 19:18:54.967000,1134967,1.89,22.4,1031.5,2.56,13.2,95,95.7,3.086
1969-12-31 19:18:56.967000,1136967,1.9,22.4,1031.7,2.56,13.2,96,96.6,3.115
1969-12-31 19:18:58.967000,1138967,1.89,22.4,1032.4,2.56,13.1,96,97.2,3.132
1969-12-31 19:19:00.967000,1140967,1.88,22.4,1032.1,2.56,13.1,97,98.4,3.17
1969-12-31 19:19:02.967000,1142967,1.89,22.4,1031.9,2.56,13.0,97,97.4,3.139
1969-12-31 19:19:04.968000,1144968,1.88,22.4,1032.4,2.56,13.2,98,97.4,3.139
1969-12-31 19:19:06.967000,1146967,1.88,22.4,1031.7,2.56,-999.0,100,98.4,3.17
1969-12-31 19:19:08.967000,1148967,1.91,22.4,1031.9,2.56,13.5,98,98.6,3.178
1969-12-31 19:19:10.967000,1150967,1.9,22.4,1032.4,2.56,13.1,99,98.7,3.18
1969-12-31 19:19:12.967000,1152967,1.89,22.4,1032.3,2.56,13.2,98,98.5,3.173
1969-12-31 19:19:14.967000,1154967,1.88,22.4,1032.1,2.56,13.1,98,98.1,3.16
1969-12-31 19:19:16.967000,1156967,1.88,22.4,1031.2,2.56,13.1,97,98.2,3.164
1969-12-31 19:19:18.967000,1158967,1.87,22.4,1031.9,2.56,13.0,96,95.4,3.074
1969-12-31 19:19:20.967000,1160967,1.87,22.5,1031.9,2.56,13.0,95,98.2,3.164
1969-12-31 19:19:22.967000,1162967,1.88,22.5,1032.5,2.56,13.0,94,94.9,3.06
1969-12-31 19:19:24.967000,1164967,1.86,22.5,1032.3,2.56,13.1,95,95.0,3.063
1969-12-31 19:19:26.967000,1166967,1.85,22.5,1031.6,2.56,13.1,94,94.2,3.039
1969-12-31 19:19:28.967000,1168967,1.85,22.5,1031.5,2.56,13.1,93,93.1,3.003
1969-12-31 19:19:30.967000,1170967,1.84,22.6,1031.3,2.56,13.0,94,93.7,3.024
1969-12-31 19:19:32.968000,1172968,1.84,22.5,1031.5,2.56,13.0,92,92.2,2.977
1969-12-31 19:19:34.967000,1174967,1.84,22.6,1031.2,2.56,13.2,90,91.4,2.949
1969-12-31 19:19:36.967000,1176967,1.85,22.6,1031.1,2.56,13.0,91,91.7,2.96
1969-12-31 19:19:38.967000,1178967,1.83,22.6,1030.8,2.56,13.1,91,90.6,2.925
1969-12-31 19:19:40.967000,1180967,1.82,22.6,1030.8,2.56,13.0,90,90.6,2.924
1969-12-31 19:19:42.967000,1182967,1.83,22.7,1030.7,2.56,13.0,89,88.7,2.866
1969-12-31 19:19:44.967000,1184967,1.81,22.7,1030.8,2.56,13.1,88,89.2,2.883
1969-12-31 19:19:46.968000,1186968,1.81,22.7,1030.7,2.56,13.1,88,88.0,2.845
1969-12-31 19:19:48.968000,1188968,1.82,22.7,1030.7,2.56,13.1,87,87.2,2.82
1969-12-31 19:19:50.967000,1190967,1.81,22.7,1030.7,2.56,12.9,86,86.1,2.783
1969-12-31 19:19:52.967000,1192967,1.8,22.7,1030.7,2.56,13.2,86,85.8,2.775
1969-12-31 19:19:54.968000,1194968,1.78,22.7,1030.7,2.56,13.0,85,85.0,2.749
1969-12-31 19:19:56.967000,1196967,1.78,22.8,1030.7,2.56,-999.0,84,84.8,2.743
1969-12-31 19:19:58.967000,1198967,1.78,22.8,1030.7,2.56,13.1,84,85.1,2.751
1969-12-31 19:20:00.968000,1200968,1.78,22.8,1030.7,2.56,-999.0,84,84.8,2.742
1969-12-31 19:20:02.967000,1202967,1.79,22.8,1030.7,2.56,13.2,84,84.1,2.721
1969-12-31 19:20:04.967000,1204967,1.78,22.8,1030.7,2.56,-999.0,82,81.9,2.652
1969-12-31 19:20:06.968000,1206968,1.76,22.8,1030.7,2.56,13.1,81,82.0,2.656
1969-12-31 19:20:08.967000,1208967,1.76,22.9,1030.7,165.757,-999.0,81,81.0,2.622
1969-12-31 19:20:10.967000,1210967,1.74,22.9,1030.7,2.56,12.9,81,81.4,2.635
1969-12-31 19:20:12.967000,1212967,1.75,22.8,1030.7,2.56,-999.0,77,81.6,2.642
1969-12-31 19:20:14.968000,1214968,1.76,22.9,1030.8,2.56,13.1,80,79.8,2.585
1969-12-31 19:20:16.967000,1216967,1.75,22.9,1030.7,2.56,12.9,79,80.4,2.605
1969-12-31 19:20:18.967000,1218967,1.74,22.9,1030.7,2.56,13.2,78,78.2,2.536
1969-12-31 19:20:20.967000,1220967,1.71,22.9,1030.7,2.56,-999.0,76,77.8,2.525
1969-12-31 19:20:22.967000,1222967,1.72,22.9,1030.7,2.56,13.0,77,78.0,2.528
1969-12-31 19:20:24.967000,1224967,1.71,22.9,1030.7,2.56,13.1,76,77.2,2.505
1969-12-31 19:20:26.967000,1226967,1.71,22.9,1030.7,2.56,13.0,78,77.8,2.522
1969-12-31 19:20:28.968000,1228968,1.72,22.9,1030.8,2.56,13.0,75,75.3,2.446
1969-12-31 19:20:30.967000,1230967,1.69,22.9,1030.7,2.56,13.0,75,75.8,2.462
1969-12-31 19:20:32.968000,1232968,1.69,22.9,1030.7,2.56,13.1,74,75.3,2.445
1969-12-31 19:20:34.968000,1234968,1.69,22.9,1030.7,2.56,13.0,73,73.0,2.372
1969-12-31 19:20:36.967000,1236967,1.66,22.9,1030.7,2.56,13.0,73,73.5,2.389
1969-12-31 19:20:38.967000,1238967,1.66,22.9,1030.7,2.56,13.1,73,73.0,2.372
1969-12-31 19:20:40.967000,1240967,1.67,22.9,1030.7,2.56,12.9,70,71.0,2.309
1969-12-31 19:20:42.968000,1242968,1.67,22.9,1030.7,2.56,13.1,71,71.2,2.316
1969-12-31 19:20:44.967000,1244967,1.64,22.9,1030.7,2.56,13.0,69,70.9,2.308
1969-12-31 19:20:46.967000,1246967,1.63,22.9,1030.7,2.56,13.0,70,70.1,2.282
1969-12-31 19:20:48.967000,1248967,1.63,22.9,1030.7,2.56,13.0,69,68.6,2.233
1969-12-31 19:20:50.967000,1250967,1.61,22.9,1030.7,2.56,13.2,68,64.8,2.114
1969-12-31 19:20:52.967000,1252967,1.61,22.9,1030.7,2.56,12.9,69,68.6,2.235
1969-12-31 19:20:54.968000,1254968,1.61,22.9,1030.7,2.56,13.2,67,67.4,2.197
1969-12-31 19:20:56.967000,1256967,1.59,22.9,1030.7,2.56,-999.0,66,66.8,2.177
1969-12-31 19:20:58.967000,1258967,1.57,22.9,1030.7,2.56,13.1,67,66.4,2.165
1969-12-31 19:21:00.967000,1260967,1.56,22.9,1030.7,2.56,-999.0,66,66.3,2.161
1969-12-31 19:21:02.968000,1262968,1.56,22.9,1030.7,2.56,13.0,66,66.7,2.175
1969-12-31 19:21:04.967000,1264967,1.56,22.9,1030.8,2.56,-999.0,65,65.6,2.139
1969-12-31 19:21:06.968000,1266968,1.54,22.9,1030.7,2.56,13.1,63,63.3,2.069
1969-12-31 19:21:08.967000,1268967,1.54,22.9,1030.7,2.56,-999.0,62,63.3,2.068
1969-12-31 19:21:10.968000,1270968,1.49,22.9,1030.7,2.56,13.1,62,61.9,2.024
1969-12-31 19:21:12.967000,1272967,1.46,22.9,1030.7,2.56,-999.0,62,62.2,2.034
1969-12-31 19:21:14.967000,1274967,1.45,22.9,1030.7,2.56,-999.0,61,61.1,1.998
1969-12-31 19:21:16.967000,1276967,1.42,22.9,1030.7,2.56,-999.0,60,60.8,1.989
1969-12-31 19:21:18.967000,1278967,1.4,22.9,1030.7,2.56,-999.0,60,61.1,1.999
1969-12-31 19:21:20.968000,1280968,1.38,22.9,1030.7,2.56,13.2,59,59.4,1.946
1969-12-31 19:21:22.968000,1282968,1.36,22.9,1030.7,2.56,13.3,60,60.3,1.973
1969-12-31 19:21:24.967000,1284967,1.33,22.9,1030.8,2.56,13.1,59,59.8,1.957
1969-12-31 19:21:26.968000,1286968,1.32,22.9,1030.7,2.56,13.2,56,57.4,1.883
1969-12-31 19:21:28.967000,1288967,1.32,22.9,1030.7,2.56,13.2,57,57.3,1.878
1969-12-31 19:21:30.967000,1290967,1.26,22.9,1030.7,2.56,13.2,57,56.8,1.865
1969-12-31 19:21:32.967000,1292967,1.23,22.9,1030.7,2.56,13.4,57,56.2,1.845
1969-12-31 19:21:34.968000,1294968,1.23,22.9,1030.7,2.56,-999.0,54,55.7,1.828
1969-12-31 19:21:36.968000,1296968,1.19,22.9,1030.7,2.56,13.4,55,54.4,1.788
1969-12-31 19:21:38.968000,1298968,1.16,22.9,1030.7,2.56,13.2,54,53.7,1.766
1969-12-31 19:21:40.967000,1300967,1.14,22.9,1030.7,2.56,13.2,53,52.9,1.742
1969-12-31 19:21:42.967000,1302967,1.11,22.9,1030.8,2.56,-999.0,53,53.2,1.751
1969-12-31 19:21:44.967000,1304967,1.09,22.9,1030.7,84.477,13.2,52,52.7,1.734
1969-12-31 19:21:46.967000,1306967,1.06,22.9,1030.7,2.56,-999.0,51,51.7,1.704
1969-12-31 19:21:48.968000,1308968,1.04,22.9,1030.7,2.56,13.4,51,51.1,1.685
1969-12-31 19:21:50.967000,1310967,1.01,22.9,1030.7,2.56,-999.0,50,50.0,1.651
1969-12-31 19:21:52.967000,1312967,0.99,22.9,1030.7,2.56,13.5,50,50.2,1.657
1969-12-31 19:21:54.967000,1314967,0.98,22.9,1030.7,2.56,-999.0,49,49.9,1.648
1969-12-31 19:21:56.967000,1316967,0.97,22.9,1030.7,2.56,13.5,48,48.9,1.617
1969-12-31 19:21:58.967000,1318967,0.96,22.9,1030.7,2.56,-999.0,48,48.9,1.617
1969-12-31 19:22:00.967000,1320967,0.94,22.9,1030.7,2.56,-999.0,46,48.0,1.588
1969-12-31 19:22:02.968000,1322968,0.9,22.9,1030.7,2.56,-999.0,46,46.9,1.554
1969-12-31 19:22:04.968000,1324968,0.87,22.9,1030.7,2.56,13.7,46,46.5,1.541
1969-12-31 19:22:06.967000,1326967,0.86,22.9,1030.7,2.56,-999.0,44,45.0,1.495
1969-12-31 19:22:08.967000,1328967,0.85,22.9,1030.7,2.56,13.7,45,45.3,1.501
1969-12-31 19:22:10.967000,1330967,0.81,22.9,1030.7,2.56,-999.0,44,44.3,1.471
1969-12-31 19:22:12.968000,1332968,0.8,22.9,1030.7,2.56,13.8,42,43.3,1.439
1969-12-31 19:22:14.967000,1334967,0.78,22.9,1030.7,2.56,-999.0,42,42.8,1.426
1969-12-31 19:22:16.967000,1336967,0.76,22.9,1030.7,2.56,13.7,43,42.7,1.422
1969-12-31 19:22:18.968000,1338968,0.74,22.9,1030.7,2.56,-999.0,42,42.8,1.425
1969-12-31 19:22:20.967000,1340967,0.74,22.9,1030.7,2.56,13.7,41,41.9,1.397
1969-12-31 19:22:22.967000,1342967,0.72,22.9,1030.7,2.56,-999.0,39,40.2,1.342
1969-12-31 19:22:24.967000,1344967,0.71,22.9,1030.7,2.56,13.8,39,39.6,1.325
1969-12-31 19:22:26.967000,1346967,0.68,22.9,1030.8,2.56,-999.0,39,39.7,1.326
1969-12-31 19:22:28.967000,1348967,0.66,22.9,1030.7,2.56,-999.0,39,39.3,1.316
1969-12-31 19:22:30.967000,1350967,0.65,22.9,1030.7,2.56,-999.0,38,38.9,1.301
1969-12-31 19:22:32.968000,1352968,0.64,22.9,1030.7,2.56,13.7,36,36.6,1.228
1969-12-31 19:22:34.967000,1354967,0.63,22.9,1030.7,84.477,-999.0,36,37.0,1.242
1969-12-31 19:22:36.968000,1356968,0.6,22.9,1030.8,2.56,13.8,36,36.9,1.239
1969-12-31 19:22:38.968000,1358968,0.59,22.9,1030.7,2.56,-999.0,36,35.2,1.185
1969-12-31 19:22:40.967000,1360967,0.58,22.9,1030.7,2.56,13.9,35,36.6,1.23
1969-12-31 19:22:42.967000,1362967,0.56,22.9,1030.7,2.56,-999.0,34,35.1,1.183
1969-12-31 19:22:44.968000,1364968,0.55,22.9,1030.7,2.56,13.8,34,34.4,1.162
1969-12-31 19:22:46.967000,1366967,0.54,22.9,1030.7,2.56,-999.0,33,33.4,1.128
1969-12-31 19:22:48.967000,1368967,0.52,22.9,1030.7,2.56,-999.0,32,32.5,1.101
1969-12-31 19:22:50.967000,1370967,0.5,22.9,1030.7,2.56,-999.0,32,32.7,1.106
1969-12-31 19:22:52.967000,1372967,0.49,22.9,1030.8,2.56,-999.0,30,30.8,1.048
1969-12-31 19:22:54.967000,1374967,0.48,23.0,1030.7,2.56,13.8,31,30.9,1.051
1969-12-31 19:22:56.967000,1376967,0.46,23.0,1030.7,2.56,-999.0,30,30.5,1.038
1969-12-31 19:22:58.967000,1378967,0.45,23.0,1030.7,2.56,-999.0,29,29.7,1.014
1969-12-31 19:23:00.967000,1380967,0.44,23.0,1030.7,2.56,-999.0,29,30.5,1.04
1969-12-31 19:23:02.967000,1382967,0.43,23.0,1030.7,2.56,-999.0,27,27.9,0.957
1969-12-31 19:23:04.967000,1384967,0.42,23.0,1030.7,2.56,-999.0,27,28.2,0.967
1969-12-31 19:23:06.967000,1386967,0.4,23.0,1030.7,2.56,-999.0,30,27.6,0.946
1969-12-31 19:23:08.967000,1388967,0.38,23.1,1030.7,2.88,-999.0,25,25.9,0.895
1969-12-31 19:23:10.967000,1390967,0.37,23.1,1030.7,2.56,13.9,26,26.4,0.91
1969-12-31 19:23:12.967000,1392967,0.36,23.1,1030.7,2.56,-999.0,25,25.2,0.873
1969-12-31 19:23:14.968000,1394968,0.35,23.1,1030.7,2.56,13.9,25,25.3,0.874
1969-12-31 19:23:16.967000,1396967,0.33,23.1,1030.7,2.56,-999.0,24,24.6,0.854
1969-12-31 19:23:18.968000,1398968,0.32,23.1,1030.7,2.56,-999.0,22,24.0,0.833
1969-12-31 19:23:21.057000,1401057,0.32,23.2,1030.8,2.56,-999.0,23,24.2,0.84
1969-12-31 19:23:22.967000,1402967,0.3,23.2,1030.7,2.56,-999.0,22,22.9,0.799
1969-12-31 19:23:24.967000,1404967,0.29,23.2,1030.7,2.56,-999.0,22,22.9,0.8
1969-12-31 19:23:26.967000,1406967,0.28,23.2,1030.8,2.56,-999.0,18,21.6,0.758
1969-12-31 19:23:28.967000,1408967,0.27,23.2,1030.7,2.56,-999.0,20,19.9,0.706
1969-12-31 19:23:30.967000,1410967,0.26,23.2,1030.7,2.56,-999.0,19,19.9,0.707
1969-12-31 19:23:32.967000,1412967,0.24,23.3,1030.8,2.56,-999.0,20,19.8,0.703
1969-12-31 19:23:34.967000,1414967,0.24,23.3,1030.9,2.56,-999.0,20,20.8,0.733
1969-12-31 19:23:36.967000,1416967,0.23,23.3,1030.7,2.56,13.9,18,17.8,0.638
1969-12-31 19:23:38.967000,1418967,0.22,23.3,1031.1,2.56,-999.0,13,13.7,0.511
1969-12-31 19:23:40.967000,1420967,0.21,23.3,1030.9,2.56,13.9,0,0.0,0.075
1969-12-31 19:23:42.977000,1422977,0.13,23.3,1031.3,2.56,-999.0,0,0.0,0.081
1969-12-31 19:23:44.978000,1424978,0.02,23.3,1031.9,2.56,13.9,0,0.0,0.075
1969-12-31 19:23:46.978000,1426978,0.01,23.3,1031.6,2.56,-999.0,0,0.0,0.074
1969-12-31 19:23:48.968000,1428968,0.01,23.4,1032.1,2.56,14.0,0,0.0,0.081
1969-12-31 19:23:50.968000,1430968,0.01,23.4,1031.6,2.56,13.9,0,0.0,0.076
1969-12-31 19:23:52.978000,1432978,0.01,23.4,1032.0,2.56,13.9,0,0.0,0.077
1969-12-31 19:23:54.978000,1434978,0.01,23.4,1032.0,2.56,13.9,0,0.0,0.073
1969-12-31 19:23:56.978000,1436978,0.01,23.4,1031.7,2.56,14.0,0,0.0,0.071
1969-12-31 19:23:58.978000,1438978,0.01,23.4,1032.3,2.56,14.0,0,0.0,0.08
1969-12-31 19:24:00.978000,1440978,0.01,23.4,1032.5,2.56,-999.0,0,0.0,0.067
1969-12-31 19:24:02.978000,1442978,0.01,23.4,1032.4,2.56,13.9,0,0.1,0.082
1969-12-31 19:24:04.978000,1444978,0.01,23.4,1032.0,2.56,-999.0,0,0.0,0.08
1969-12-31 19:24:06.978000,1446978,0.01,23.4,1032.5,2.56,14.0,0,0.0,0.079
1969-12-31 19:24:08.979000,1448979,0.01,23.4,1032.4,2.56,-999.0,0,0.1,0.084
1969-12-31 19:24:10.978000,1450978,0.01,23.4,1032.3,2.56,13.9,0,0.1,0.083
1969-12-31 19:24:12.978000,1452978,0.01,23.4,1032.3,2.56,14.0,0,0.0,0.077
1969-12-31 19:24:14.978000,1454978,0.01,23.4,1032.7,2.56,13.9,0,0.0,0.075
1969-12-31 19:24:16.978000,1456978,0.01,23.4,1032.4,2.56,-999.0,0,0.1,0.083
1969-12-31 19:24:18.978000,1458978,0.01,23.4,1032.4,2.56,-999.0,0,0.0,0.069
1969-12-31 19:24:20.978000,1460978,0.01,23.4,1032.5,2.56,-999.0,0,0.0,0.073
1969-12-31 19:24:22.978000,1462978,0.01,23.4,1032.4,2.56,-999.0,0,0.0,0.074
1969-12-31 19:24:24.978000,1464978,0.01,23.4,1032.3,2.56,13.9,0,0.0,0.077
1969-12-31 19:24:26.978000,1466978,0.01,23.4,1032.5,2.56,-999.0,0,0.0,0.068
1969-12-31 19:24:28.978000,1468978,0.01,23.4,1032.5,2.56,13.9,0,0.0,0.073
1969-12-31 19:24:30.978000,1470978,0.01,23.4,1032.3,2.56,13.9,0,0.1,0.082
1969-12-31 19:24:32.978000,1472978,0.01,23.4,1032.1,2.56,14.0,0,0.0,0.079
1969-12-31 19:24:34.978000,1474978,0.01,23.4,1032.1,2.56,-999.0,0,0.0,0.077
1969-12-31 19:24:36.978000,1476978,0.01,23.4,1032.4,2.56,13.9,0,0.0,0.073
1969-12-31 19:24:38.978000,1478978,0.01,23.4,1032.1,2.56,13.9,0,0.1,0.083
1969-12-31 19:24:40.978000,1480978,0.01,23.4,1032.3,2.56,13.9,0,0.0,0.077
1969-12-31 19:24:42.978000,1482978,0.01,23.4,1032.5,2.56,13.8,0,0.0,0.073
1969-12-31 19:24:44.978000,1484978,0.01,23.4,1032.7,2.56,14.0,0,0.0,0.081
1969-12-31 19:24:46.978000,1486978,0.01,23.4,1032.4,2.56,13.9,0,0.0,0.073
1969-12-31 19:24:48.978000,1488978,0.01,23.4,1032.4,2.56,-999.0,0,0.1,0.082
1969-12-31 19:24:50.978000,1490978,0.01,23.4,1032.3,2.56,14.0,0,0.0,0.064
1969-12-31 19:24:52.978000,1492978,0.01,23.4,1032.5,2.56,-999.0,0,0.0,0.077
1969-12-31 19:24:54.978000,1494978,0.01,23.4,1032.4,2.56,13.8,0,0.0,0.066
1969-12-31 19:24:56.978000,1496978,0.01,23.4,1032.3,2.56,-999.0,0,0.0,0.077
1969-12-31 19:24:58.978000,1498978,0.0,23.4,1032.5,2.56,13.9,0,0.0,0.072
1969-12-31 19:25:00.978000,1500978,0.01,23.4,1032.5,2.56,-999.0,0,0.0,0.071
1969-12-31 19:25:02.978000,1502978,0.01,23.4,1032.4,2.56,-999.0,0,0.0,0.056
1969-12-31 19:25:04.978000,1504978,0.01,23.4,1032.7,2.56,14.1,0,0.0,0.068
1969-12-31 19:25:06.978000,1506978,0.01,23.4,1032.1,2.56,13.9,0,0.2,0.085
1969-12-31 19:25:08.978000,1508978,0.0,23.4,1032.3,2.56,13.9,0,0.0,0.071
1969-12-31 19:25:10.978000,1510978,0.0,23.4,1032.5,2.56,13.9,0,0.0,0.08
1969-12-31 19:25:12.978000,1512978,0.0,23.4,1032.4,2.56,13.8,0,0.0,0.073
1969-12-31 19:25:14.978000,1514978,0.0,23.4,1032.3,2.56,13.9,0,0.0,0.078
1969-12-31 19:25:16.978000,1516978,0.0,23.4,1032.3,2.56,13.8,0,0.0,0.077
1969-12-31 19:25:18.978000,1518978,0.0,23.4,1032.5,2.56,-999.0,0,0.0,0.078
1969-12-31 19:25:20.978000,1520978,0.01,23.4,1032.4,2.56,13.8,0,0.0,0.081
1969-12-31 19:25:22.978000,1522978,0.0,23.4,1032.4,2.56,-999.0,0,0.0,0.077
1969-12-31 19:25:24.978000,1524978,0.01,23.4,1032.4,2.56,13.9,0,0.0,0.079
1969-12-31 19:25:26.978000,1526978,0.01,23.4,1032.4,2.56,-999.0,0,0.0,0.066
1969-12-31 19:25:28.978000,1528978,0.0,23.4,1032.3,2.56,14.0,0,0.0,0.079
1969-12-31 19:25:30.978000,1530978,0.0,23.4,1032.1,2.56,-999.0,0,0.0,0.073
1969-12-31 19:25:32.978000,1532978,0.0,23.4,1032.3,2.56,13.9,0,0.0,0.073
1969-12-31 19:25:34.978000,1534978,0.0,23.4,1032.5,2.56,-999.0,0,0.0,0.079
1969-12-31 19:25:36.978000,1536978,0.0,23.4,1032.4,2.56,13.9,0,0.0,0.064
1969-12-31 19:25:38.978000,1538978,0.0,23.4,1032.3,2.56,-999.0,0,0.0,0.08
1969-12-31 19:25:40.978000,1540978,0.0,23.4,1032.7,2.56,-999.0,0,0.0,0.068
1969-12-31 19:25:42.978000,1542978,0.0,23.4,1032.5,2.56,-999.0,0,0.0,0.08
1969-12-31 19:25:44.978000,1544978,0.0,23.4,1032.9,2.56,-999.0,0,0.0,0.081
1969-12-31 19:25:46.978000,1546978,0.0,23.4,1031.3,2.56,-999.0,0,0.0,0.073
1969-12-31 19:25:48.978000,1548978,0.01,23.4,1031.2,2.56,-999.0,0,0.0,0.071
1969-12-31 19:25:50.978000,1550978,0.01,23.4,1030.9,2.56,-999.0,0,0.0,0.075
1969-12-31 19:25:52.978000,1552978,0.01,23.4,1030.8,2.56,14.0,0,0.0,0.073
1969-12-31 19:25:54.978000,1554978,0.0,23.4,1030.8,2.56,-999.0,0,0.0,0.076
1969-12-31 19:25:56.978000,1556978,0.0,23.4,1030.8,2.56,14.1,0,0.0,0.074
1969-12-31 19:25:58.978000,1558978,0.0,23.4,1030.7,2.56,-999.0,0,0.0,0.068
1969-12-31 19:26:00.978000,1560978,0.0,23.4,1030.5,2.56,14.1,0,0.0,0.074
1969-12-31 19:26:02.978000,1562978,0.01,23.4,1030.7,2.56,-999.0,0,0.0,0.073
1969-12-31 19:26:04.978000,1564978,0.01,23.4,1030.5,2.56,14.1,0,0.0,0.069
1969-12-31 19:25:44.228000,1544228,0.02,26.0,1030.4,0.0,-999.0,0,0.0,0.073
1969-12-31 19:25:46.228000,1546228,0.02,26.0,1030.1,0.0,-999.0,0,0.0,0.073
1969-12-31 19:25:48.228000,1548228,0.02,26.0,1030.0,0.0,-999.0,0,0.1,0.082
1969-12-31 19:25:50.228000,1550228,0.02,26.0,1030.0,0.0,-999.0,0,0.0,0.077
1969-12-31 19:25:52.228000,1552228,0.02,26.0,1030.1,0.0,-999.0,0,0.0,0.071
1969-12-31 19:25:54.228000,1554228,0.02,26.0,1030.1,0.0,-999.0,0,0.1,0.083
1969-12-31 19:25:56.228000,1556228,0.02,26.0,1030.1,0.0,-999.0,0,0.0,0.073
1969-12-31 19:25:58.228000,1558228,0.02,26.1,1030.3,0.0,-999.0,0,0.1,0.084
1969-12-31 19:26:00.228000,1560228,0.02,26.1,1030.4,0.0,-999.0,0,0.0,0.074
1969-12-31 19:26:02.228000,1562228,0.02,26.1,1030.5,0.0,-999.0,0,0.0,0.081
1969-12-31 19:26:04.228000,1564228,0.02,26.1,1030.4,0.0,-999.0,0,0.0,0.076
1969-12-31 19:26:06.228000,1566228,0.02,26.1,1030.4,0.0,-999.0,0,0.0,0.074
1969-12-31 19:26:08.228000,1568228,0.02,26.1,1030.3,0.0,-999.0,0,0.0,0.076
1969-12-31 19:26:10.228000,1570228,0.02,26.1,1030.3,0.0,-999.0,0,0.0,0.07
1969-12-31 19:26:12.228000,1572228,0.02,26.1,1030.0,0.0,-999.0,0,0.0,0.079
1969-12-31 19:26:14.228000,1574228,0.02,26.1,1030.1,0.0,-999.0,0,0.0,0.075
1969-12-31 19:26:16.228000,1576228,0.02,26.1,1030.3,0.0,-999.0,0,0.0,0.081
1969-12-31 19:26:18.228000,1578228,0.02,26.1,1030.1,0.0,-999.0,0,0.0,0.077
1969-12-31 19:26:20.228000,1580228,0.02,26.2,1030.1,0.0,-999.0,0,0.0,0.069
1969-12-31 19:26:22.228000,1582228,0.02,26.2,1030.3,0.0,-999.0,0,0.0,0.072
1969-12-31 19:26:24.228000,1584228,0.02,26.2,1030.1,0.0,-999.0,0,0.0,0.075
1969-12-31 19:26:26.228000,1586228,0.02,26.2,1030.0,0.0,-999.0,0,0.0,0.073
1969-12-31 19:26:28.228000,1588228,0.02,26.2,1030.3,0.0,-999.0,0,0.0,0.081
1969-12-31 19:26:30.228000,1590228,0.02,26.2,1030.3,0.0,-999.0,0,0.0,0.078
1969-12-31 19:26:32.228000,1592228,0.02,26.2,1030.4,0.0,-999.0,0,0.0,0.075
1969-12-31 19:26:34.228000,1594228,0.02,26.2,1030.3,0.0,-999.0,0,0.0,0.078
1969-12-31 19:26:36.228000,1596228,0.02,26.2,1030.4,0.0,-999.0,0,0.0,0.076
1969-12-31 19:26:38.228000,1598228,0.02,26.2,1030.0,0.0,-999.0,0,0.0,0.078
1969-12-31 19:26:40.228000,1600228,0.02,26.2,1030.4,0.0,-999.0,0,0.0,0.075
1969-12-31 19:26:42.228000,1602228,0.02,26.2,1030.5,0.0,-999.0,0,0.0,0.075
1969-12-31 19:26:44.228000,1604228,0.02,26.2,1030.4,0.0,-999.0,0,0.0,0.076
1969-12-31 19:26:46.228000,1606228,0.02,26.2,1029.9,0.0,-999.0,0,0.0,0.081
1969-12-31 19:26:48.228000,1608228,0.02,26.2,1030.3,0.0,-999.0,0,0.1,0.082
1969-12-31 19:26:50.228000,1610228,0.02,26.2,1030.0,0.0,-999.0,0,0.0,0.081
1969-12-31 19:26:52.228000,1612228,0.02,26.2,1030.3,0.0,-999.0,0,0.0,0.074
1969-12-31 19:26:54.228000,1614228,0.02,26.2,1030.1,0.0,-999.0,0,0.0,0.077
1969-12-31 19:26:56.228000,1616228,0.02,26.3,1030.0,0.0,-999.0,0,0.0,0.076
1969-12-31 19:26:58.228000,1618228,0.02,26.3,1030.3,0.0,-999.0,0,0.0,0.079
1969-12-31 19:27:00.318000,1620318,0.02,26.3,1030.3,0.0,-999.0,0,0.0,0.077
1969-12-31 19:27:02.228000,1622228,0.02,26.3,1030.1,0.0,-999.0,0,0.0,0.077
1969-12-31 19:27:04.228000,1624228,0.02,26.3,1030.1,0.0,-999.0,0,0.0,0.072
1969-12-31 19:27:06.228000,1626228,0.02,26.3,1030.4,0.0,-999.0,0,0.0,0.079
1969-12-31 19:27:08.228000,1628228,0.02,26.3,1030.0,0.0,-999.0,0,0.0,0.077
1969-12-31 19:27:10.228000,1630228,0.02,26.3,1030.1,0.0,-999.0,0,0.0,0.078
1969-12-31 19:27:12.228000,1632228,0.02,26.3,1030.4,0.0,-999.0,0,0.0,0.071
1969-12-31 19:27:14.228000,1634228,0.02,26.3,1030.4,0.0,-999.0,0,0.0,0.079
1969-12-31 19:27:16.228000,1636228,0.02,26.3,1030.1,0.0,-999.0,0,0.0,0.075
1969-12-31 19:27:18.228000,1638228,0.02,26.3,1030.3,0.0,-999.0,0,0.0,0.072
1969-12-31 19:27:20.228000,1640228,0.02,26.3,1030.4,0.0,-999.0,0,0.0,0.081
1969-12-31 19:27:22.228000,1642228,0.02,26.3,1030.5,0.0,-999.0,0,0.0,0.08
1969-12-31 19:27:24.228000,1644228,0.02,26.3,1030.3,0.0,-999.0,0,0.0,0.075
1969-12-31 19:27:26.228000,1646228,0.02,26.3,1030.4,0.0,-999.0,0,0.0,0.073
1969-12-31 19:27:28.228000,1648228,0.02,26.3,1029.5,0.0,-999.0,0,0.0,0.074
1969-12-31 19:27:30.228000,1650228,0.02,26.3,1030.3,0.0,-999.0,0,0.0,0.074
1969-12-31 19:27:32.228000,1652228,0.02,26.3,1030.3,0.0,-999.0,0,0.0,0.077
1969-12-31 19:27:34.228000,1654228,0.02,26.3,1030.4,0.0,-999.0,0,0.0,0.074
1969-12-31 19:27:36.228000,1656228,0.02,26.3,1030.1,0.0,-999.0,0,0.0,0.078
1969-12-31 19:27:38.228000,1658228,0.02,26.3,1030.3,0.0,-999.0,0,0.0,0.078
1969-12-31 19:27:40.228000,1660228,0.02,26.3,1030.1,0.0,-999.0,0,0.0,0.081
1969-12-31 19:27:42.228000,1662228,0.02,26.3,1030.0,0.0,-999.0,0,0.0,0.075
1969-12-31 19:27:44.228000,1664228,0.02,26.3,1030.0,0.0,-999.0,0,0.0,0.077
1969-12-31 19:27:46.228000,1666228,0.02,26.3,1030.1,0.0,-999.0,0,0.0,0.074
1969-12-31 19:27:48.228000,1668228,0.02,26.3,1029.9,0.0,-999.0,0,0.0,0.073
1969-12-31 19:27:50.228000,1670228,0.02,26.3,1030.4,0.0,-999.0,0,0.0,0.078
1969-12-31 19:27:52.228000,1672228,0.02,26.3,1030.3,0.0,-999.0,0,0.0,0.077
1969-12-31 19:27:54.228000,1674228,0.02,26.3,1030.4,0.0,-999.0,0,0.0,0.08
1969-12-31 19:27:56.228000,1676228,0.02,26.3,1030.3,0.0,-999.0,0,0.0,0.079
1969-12-31 19:27:58.228000,1678228,0.02,26.3,1030.0,0.0,-999.0,0,0.0,0.076
1969-12-31 19:28:00.228000,1680228,0.02,26.3,1030.4,0.0,-999.0,0,0.0,0.079
1969-12-31 19:28:02.228000,1682228,0.02,26.3,1030.3,0.0,-999.0,0,0.1,0.082
1969-12-31 19:28:04.228000,1684228,0.02,26.3,1030.0,0.0,-999.0,0,0.0,0.076
1969-12-31 19:28:06.228000,1686228,0.02,26.3,1029.9,0.0,-999.0,0,0.0,0.077
1969-12-31 19:28:08.228000,1688228,0.02,26.3,1030.1,0.0,-999.0,0,0.0,0.075
1969-12-31 19:28:10.238000,1690238,0.02,26.3,1030.4,0.0,-999.0,0,0.0,0.074
1969-12-31 19:28:12.238000,1692238,0.02,26.3,1030.3,0.0,-999.0,0,0.0,0.078
1969-12-31 19:28:14.238000,1694238,0.02,26.3,1030.3,0.0,-999.0,0,0.0,0.074
1969-12-31 19:28:16.228000,1696228,0.02,26.3,1030.3,0.0,-999.0,0,0.0,0.078
1969-12-31 19:28:18.238000,1698238,0.02,26.3,1030.5,0.0,-999.0,0,0.0,0.077
1969-12-31 19:28:20.238000,1700238,0.02,26.3,1029.6,0.0,-999.0,0,0.0,0.077
1969-12-31 19:28:22.238000,1702238,0.02,26.3,1030.3,0.0,-999.0,0,0.0,0.078
1969-12-31 19:28:24.238000,1704238,0.02,26.3,1029.7,0.0,-999.0,0,0.0,0.073
1969-12-31 19:28:26.238000,1706238,0.02,26.3,1030.3,0.0,-999.0,0,0.1,0.084
1969-12-31 19:28:28.238000,1708238,0.02,26.3,1030.1,0.0,-999.0,0,0.0,0.072
1969-12-31 19:28:30.238000,1710238,0.02,26.3,1030.3,0.0,-999.0,0,0.0,0.077
1969-12-31 19:28:32.238000,1712238,0.02,26.3,1030.4,0.0,-999.0,0,0.0,0.073
1969-12-31 19:28:34.238000,1714238,0.02,26.3,1030.1,0.0,-999.0,0,0.0,0.074
1969-12-31 19:28:36.238000,1716238,0.02,26.3,1030.0,0.0,-999.0,0,0.0,0.077
1969-12-31 19:28:38.238000,1718238,0.02,26.3,1030.1,0.0,-999.0,0,0.0,0.075
1969-12-31 19:28:40.238000,1720238,0.02,26.3,1030.4,0.0,-999.0,0,0.0,0.077
1969-12-31 19:28:42.238000,1722238,0.02,26.3,1030.3,0.0,-999.0,0,0.1,0.084
1969-12-31 19:28:44.238000,1724238,0.02,26.3,1030.1,0.0,-999.0,0,0.0,0.077
1969-12-31 19:28:46.238000,1726238,0.02,26.3,1030.3,0.0,-999.0,0,0.0,0.078
1969-12-31 19:28:48.238000,1728238,0.02,26.3,1030.0,0.0,-999.0,0,0.0,0.077
1969-12-31 19:28:50.238000,1730238,0.02,26.3,1030.0,0.0,-999.0,0,0.0,0.075
1969-12-31 19:28:52.238000,1732238,0.02,26.3,1030.4,0.0,-999.0,0,0.0,0.08
1969-12-31 19:28:54.238000,1734238,0.02,26.3,1030.5,0.0,-999.0,0,0.0,0.076
1969-12-31 19:28:56.238000,1736238,0.02,26.3,1030.0,0.0,-999.0,0,0.0,0.081
1969-12-31 19:28:58.238000,1738238,0.02,26.3,1030.3,0.0,-999.0,0,0.0,0.08
1969-12-31 19:29:00.238000,1740238,0.02,26.3,1030.0,0.0,-999.0,0,0.0,0.079
1969-12-31 19:29:02.238000,1742238,0.02,26.3,1030.1,0.0,-999.0,0,0.0,0.076
1969-12-31 19:29:04.238000,1744238,0.02,26.3,1030.1,0.0,-999.0,0,0.0,0.077
1969-12-31 19:29:06.238000,1746238,0.02,26.3,1030.5,0.0,-999.0,0,0.0,0.075
1969-12-31 19:29:08.238000,1748238,0.02,26.3,1030.3,0.0,-999.0,0,0.0,0.078
1969-12-31 19:29:10.238000,1750238,0.02,26.3,1030.0,0.0,-999.0,0,0.0,0.077
1969-12-31 19:29:12.238000,1752238,0.02,26.3,1030.4,0.0,-999.0,0,0.0,0.073
1969-12-31 19:29:14.238000,1754238,0.02,26.3,1030.3,0.0,-999.0,0,0.0,0.073
1969-12-31 19:29:16.238000,1756238,0.02,26.3,1030.0,0.0,-999.0,0,0.0,0.076
1969-12-31 19:29:18.238000,1758238,0.02,26.3,1030.1,0.0,-999.0,0,0.0,0.075
1969-12-31 19:29:20.238000,1760238,0.02,26.3,1030.0,0.0,-999.0,0,0.0,0.076
1969-12-31 19:29:22.238000,1762238,0.02,26.3,1030.0,0.0,-999.0,0,0.0,0.077
1969-12-31 19:29:24.238000,1764238,0.02,26.3,1030.3,0.0,-999.0,0,0.0,0.078
1969-12-31 19:29:26.238000,1766238,0.02,26.3,1030.1,0.0,-999.0,0,0.0,0.079
1969-12-31 19:29:28.239000,1768239,0.02,26.3,1030.1,0.0,-999.0,0,0.0,0.074
1969-12-31 19:29:30.238000,1770238,0.02,26.3,1030.1,0.0,-999.0,0,0.1,0.082
1969-12-31 19:29:32.238000,1772238,0.02,26.3,1030.4,0.0,-999.0,0,0.1,0.084
1969-12-31 19:29:34.238000,1774238,0.02,26.3,1030.1,0.0,-999.0,0,0.0,0.08
1969-12-31 19:29:36.238000,1776238,0.02,26.3,1030.3,0.0,-999.0,0,0.0,0.079
1969-12-31 19:29:38.238000,1778238,0.02,26.3,1030.3,0.0,-999.0,0,0.0,0.081
1969-12-31 19:29:40.238000,1780238,0.02,26.3,1030.1,0.0,-999.0,0,0.0,0.077
1969-12-31 19:29:42.238000,1782238,0.02,26.3,1030.1,0.0,-999.0,0,0.0,0.079
1969-12-31 19:29:44.238000,1784238,0.02,26.3,1030.3,0.0,-999.0,0,0.0,0.08
1969-12-31 19:29:46.238000,1786238,0.02,26.3,1030.1,0.0,-999.0,0,0.0,0.077
1969-12-31 19:29:48.238000,1788238,0.02,26.3,1030.4,0.0,-999.0,0,0.0,0.072
1969-12-31 19:29:50.238000,1790238,0.02,26.3,1030.0,0.0,-999.0,0,0.0,0.078
1969-12-31 19:29:52.238000,1792238,0.02,26.3,1030.3,0.0,-999.0,0,0.0,0.073
1969-12-31 19:29:54.238000,1794238,0.02,26.3,1030.4,0.0,-999.0,0,0.0,0.071
1969-12-31 19:29:56.238000,1796238,0.02,26.3,1030.3,0.0,-999.0,0,0.0,0.077
1969-12-31 19:29:58.238000,1798238,0.02,26.3,1030.4,0.0,-999.0,0,0.0,0.076
1969-12-31 19:30:00.238000,1800238,0.02,26.3,1030.1,0.0,-999.0,0,0.0,0.073
1969-12-31 19:30:02.238000,1802238,0.02,26.3,1030.4,0.0,-999.0,0,0.0,0.073
1969-12-31 19:30:04.238000,1804238,0.02,26.3,1030.5,0.0,-999.0,0,0.0,0.076
1969-12-31 19:30:06.238000,1806238,0.02,26.3,1030.4,0.0,-999.0,0,0.0,0.075
1969-12-31 19:30:08.238000,1808238,0.02,26.3,1030.0,0.0,-999.0,0,0.0,0.073
1969-12-31 19:30:10.238000,1810238,0.02,26.3,1030.3,0.0,-999.0,0,0.0,0.07
1969-12-31 19:30:12.238000,1812238,0.02,26.3,1030.4,0.0,-999.0,0,0.0,0.079
1969-12-31 19:30:14.238000,1814238,0.02,26.3,1030.0,0.0,-999.0,0,0.0,0.077
1969-12-31 19:30:16.238000,1816238,0.02,26.3,1030.3,0.0,-999.0,0,0.0,0.078
1969-12-31 19:30:18.238000,1818238,0.02,26.3,1030.1,0.0,-999.0,0,0.0,0.077
1969-12-31 19:30:20.238000,1820238,0.02,26.3,1030.1,0.0,-999.0,0,0.0,0.073
1969-12-31 19:30:22.238000,1822238,0.02,26.3,1030.1,0.0,-999.0,0,0.0,0.068
1969-12-31 19:30:24.239000,1824239,0.02,26.3,1030.3,0.0,-999.0,0,0.0,0.076
1969-12-31 19:30:26.238000,1826238,0.02,26.3,1030.1,0.0,-999.0,0,0.0,0.072
1969-12-31 19:30:28.238000,1828238,0.02,26.3,1030.5,0.0,-999.0,0,0.0,0.077
1969-12-31 19:30:30.238000,1830238,0.02,26.3,1030.3,0.0,-999.0,0,0.0,0.074
1969-12-31 19:30:32.238000,1832238,0.02,26.3,1030.3,0.0,-999.0,0,0.0,0.074
1969-12-31 19:30:34.238000,1834238,0.02,26.3,1030.1,0.0,-999.0,0,0.0,0.077
1969-12-31 19:30:36.238000,1836238,0.02,26.3,1030.4,0.0,-999.0,0,0.0,0.072
1969-12-31 19:30:38.238000,1838238,0.02,26.3,1030.3,0.0,-999.0,0,0.0,0.077
1969-12-31 19:30:40.238000,1840238,0.02,26.3,1030.1,0.0,-999.0,0,0.0,0.08
1969-12-31 19:30:42.238000,1842238,0.02,26.3,1030.4,0.0,-999.0,0,0.0,0.073
1969-12-31 19:30:44.238000,1844238,0.02,26.3,1030.1,0.0,-999.0,0,0.0,0.078
1969-12-31 19:30:46.238000,1846238,0.02,26.3,1030.1,0.0,-999.0,0,0.0,0.079
1969-12-31 19:30:48.238000,1848238,0.02,26.3,1030.0,0.0,-999.0,0,0.0,0.075
1969-12-31 19:30:50.238000,1850238,0.02,26.3,1030.0,0.0,-999.0,0,0.0,0.077
1969-12-31 19:30:52.238000,1852238,0.02,26.3,1029.9,0.0,-999.0,0,0.0,0.079
1969-12-31 19:30:54.238000,1854238,0.02,26.3,1030.1,0.0,-999.0,0,0.0,0.077
1969-12-31 19:30:56.238000,1856238,0.02,26.3,1030.3,0.0,-999.0,0,0.0,0.075
1969-12-31 19:30:58.238000,1858238,0.02,26.3,1030.1,0.0,-999.0,0,0.0,0.078
1969-12-31 19:31:00.238000,1860238,0.02,26.3,1030.3,0.0,-999.0,0,0.0,0.077
1969-12-31 19:31:02.238000,1862238,0.02,26.3,1030.1,0.0,-999.0,0,0.0,0.077
1969-12-31 19:31:04.238000,1864238,0.02,26.3,1030.0,0.0,-999.0,0,0.0,0.076
1969-12-31 19:31:06.238000,1866238,0.02,26.3,1030.1,0.0,-999.0,0,0.0,0.078
1969-12-31 19:31:08.238000,1868238,0.02,26.3,1030.4,0.0,-999.0,0,0.0,0.079
1969-12-31 19:31:10.238000,1870238,0.02,26.3,1030.3,0.0,-999.0,0,0.0,0.081
1969-12-31 19:31:12.238000,1872238,0.02,26.3,1030.1,0.0,-999.0,0,0.0,0.078
1969-12-31 19:31:14.238000,1874238,0.02,26.3,1030.3,0.0,-999.0,0,0.0,0.08
1969-12-31 19:31:16.238000,1876238,0.02,26.3,1030.3,0.0,-999.0,0,0.0,0.077
1969-12-31 19:31:18.238000,1878238,0.02,26.3,1030.1,0.0,-999.0,0,0.0,0.076
1969-12-31 19:31:20.238000,1880238,0.02,26.3,1030.5,0.0,-999.0,0,0.0,0.079
1969-12-31 19:31:22.238000,1882238,0.02,26.3,1030.3,0.0,-999.0,0,0.0,0.078
1969-12-31 19:31:24.238000,1884238,0.02,26.3,1029.9,0.0,-999.0,0,0.0,0.076
1969-12-31 19:31:26.238000,1886238,0.02,26.3,1030.0,0.0,-999.0,0,0.0,0.079
1969-12-31 19:31:28.238000,1888238,0.02,26.3,1030.3,0.0,-999.0,0,0.0,0.073
1969-12-31 19:31:30.238000,1890238,0.02,26.3,1030.3,0.0,-999.0,0,0.0,0.077
1969-12-31 19:31:32.238000,1892238,0.02,26.3,1030.3,0.0,-999.0,0,0.0,0.073
1969-12-31 19:31:34.238000,1894238,0.02,26.3,1030.3,0.0,-999.0,0,0.0,0.08
1969-12-31 19:31:36.238000,1896238,0.02,26.3,1030.4,0.0,-999.0,0,0.0,0.077
1969-12-31 19:31:38.238000,1898238,0.02,26.3,1030.4,0.0,-999.0,0,0.0,0.078
1969-12-31 19:31:40.238000,1900238,0.02,26.3,1030.5,0.0,-999.0,0,0.0,0.074
1969-12-31 19:31:42.238000,1902238,0.02,26.3,1030.4,0.0,-999.0,0,0.0,0.08
1969-12-31 19:31:44.238000,1904238,0.02,26.3,1030.4,0.0,-999.0,0,0.0,0.078
1969-12-31 19:31:46.238000,1906238,0.02,26.3,1030.3,0.0,-999.0,0,0.0,0.076
1969-12-31 19:31:48.238000,1908238,0.02,26.3,1030.4,0.0,-999.0,0,0.0,0.075
1969-12-31 19:31:50.238000,1910238,0.02,26.3,1030.0,0.0,-999.0,0,0.0,0.079
1969-12-31 19:31:52.238000,1912238,0.02,26.3,1030.0,0.0,-999.0,0,0.0,0.077
1969-12-31 19:31:54.238000,1914238,0.02,26.3,1030.0,0.0,-999.0,0,0.0,0.08
1969-12-31 19:31:56.238000,1916238,0.02,26.3,1030.3,0.0,-999.0,0,0.0,0.073
1969-12-31 19:31:58.238000,1918238,0.02,26.3,1030.1,0.0,-999.0,0,0.0,0.076
1969-12-31 19:32:00.238000,1920238,0.02,26.3,1030.5,0.0,-999.0,0,0.0,0.077
1969-12-31 19:32:02.238000,1922238,0.02,26.3,1030.3,0.0,-999.0,0,0.0,0.073
1969-12-31 19:32:04.238000,1924238,0.02,26.3,1030.1,0.0,-999.0,0,0.0,0.075
1969-12-31 19:32:06.238000,1926238,0.02,26.3,1030.1,0.0,-999.0,0,0.0,0.076
1969-12-31 19:32:08.238000,1928238,0.02,26.3,1030.3,0.0,-999.0,0,0.0,0.074
1969-12-31 19:32:10.238000,1930238,0.02,26.3,1030.3,0.0,-999.0,0,0.0,0.077
1969-12-31 19:32:12.238000,1932238,0.02,26.3,1030.0,0.0,-999.0,0,0.0,0.08
1969-12-31 19:32:14.238000,1934238,0.02,26.3,1030.3,0.0,-999.0,0,0.0,0.074
1969-12-31 19:32:16.238000,1936238,0.02,26.3,1030.3,0.0,-999.0,0,0.0,0.074
1969-12-31 19:32:18.238000,1938238,0.02,26.3,1030.0,0.0,-999.0,0,0.0,0.075
1969-12-31 19:32:20.238000,1940238,0.02,26.3,1030.4,0.0,-999.0,0,0.0,0.076
1969-12-31 19:32:22.238000,1942238,0.02,26.3,1030.0,0.0,-999.0,0,0.0,0.079
1969-12-31 19:32:24.238000,1944238,0.02,26.3,1030.0,0.0,-999.0,0,0.0,0.076
1969-12-31 19:32:26.238000,1946238,0.02,26.3,1030.4,0.0,-999.0,0,0.0,0.079
1969-12-31 19:32:28.238000,1948238,0.02,26.3,1030.3,0.0,-999.0,0,0.0,0.08
1969-12-31 19:32:30.238000,1950238,0.02,26.3,1030.3,0.0,-999.0,0,0.0,0.074
1969-12-31 19:32:32.238000,1952238,0.02,26.3,1030.4,0.0,-999.0,0,0.0,0.073
1969-12-31 19:32:34.238000,1954238,0.02,26.3,1030.3,0.0,-999.0,0,0.0,0.075
1969-12-31 19:32:36.238000,1956238,0.02,26.3,1030.4,0.0,-999.0,0,0.0,0.079
1969-12-31 19:32:38.238000,1958238,0.02,26.3,1030.3,0.0,-999.0,0,0.0,0.076
1969-12-31 19:32:40.238000,1960238,0.02,26.3,1030.3,0.0,-999.0,0,0.0,0.074
1969-12-31 19:32:42.238000,1962238,0.02,26.3,1030.3,0.0,-999.0,0,0.0,0.077
1969-12-31 19:32:44.238000,1964238,0.02,26.3,1030.1,0.0,-999.0,0,0.0,0.077
1969-12-31 19:32:46.238000,1966238,0.02,26.3,1030.3,0.0,-999.0,0,0.0,0.074
1969-12-31 19:32:48.238000,1968238,0.02,26.3,1030.3,0.0,-999.0,0,0.0,0.077
1969-12-31 19:32:50.238000,1970238,0.02,26.3,1030.1,0.0,-999.0,0,0.0,0.077
1969-12-31 19:32:52.238000,1972238,0.02,26.3,1030.4,0.0,-999.0,0,0.0,0.08
1969-12-31 19:32:54.238000,1974238,0.02,26.3,1030.1,0.0,-999.0,0,0.0,0.072
1969-12-31 19:32:56.238000,1976238,0.02,26.3,1030.3,0.0,-999.0,0,0.0,0.077
1969-12-31 19:32:58.238000,1978238,0.02,26.3,1030.1,0.0,-999.0,0,0.0,0.073
1969-12-31 19:33:00.238000,1980238,0.02,26.3,1030.4,0.0,-999.0,0,0.0,0.074
1969-12-31 19:33:02.238000,1982238,0.02,26.3,1030.4,0.0,-999.0,0,0.0,0.075
1969-12-31 19:33:04.238000,1984238,0.02,26.3,1030.3,0.0,-999.0,0,0.0,0.077
1969-12-31 19:33:06.238000,1986238,0.02,26.3,1030.3,0.0,-999.0,0,0.0,0.075
1969-12-31 19:33:08.238000,1988238,0.02,26.3,1030.4,0.0,-999.0,0,0.0,0.076
1969-12-31 19:33:10.238000,1990238,0.02,26.3,1030.1,0.0,-999.0,0,0.0,0.079
1969-12-31 19:33:12.238000,1992238,0.02,26.3,1030.3,0.0,-999.0,0,0.0,0.072
1969-12-31 19:33:14.238000,1994238,0.02,26.3,1030.0,0.0,-999.0,0,0.0,0.077
1969-12-31 19:33:16.238000,1996238,0.02,26.3,1030.3,0.0,-999.0,0,0.0,0.075
1969-12-31 19:33:18.238000,1998238,0.02,26.3,1030.3,0.0,-999.0,0,0.0,0.073
1969-12-31 19:33:20.238000,2000238,0.02,26.3,1030.4,0.0,-999.0,0,0.0,0.076
1969-12-31 19:33:22.238000,2002238,0.02,26.3,1030.4,0.0,-999.0,0,0.0,0.076
1969-12-31 19:33:24.238000,2004238,0.02,26.3,1030.3,0.0,-999.0,0,0.0,0.077
1969-12-31 19:33:26.238000,2006238,0.02,26.3,1030.1,0.0,-999.0,0,0.0,0.078
1969-12-31 19:33:28.238000,2008238,0.02,26.3,1030.1,0.0,-999.0,0,0.0,0.077
1969-12-31 19:33:30.238000,2010238,0.02,26.3,1030.3,0.0,-999.0,0,0.0,0.077
1969-12-31 19:33:32.239000,2012239,0.02,26.3,1030.0,0.0,-999.0,0,0.0,0.077
1969-12-31 19:33:34.238000,2014238,0.02,26.3,1030.4,0.0,-999.0,0,0.0,0.071
1969-12-31 19:33:36.238000,2016238,0.02,26.3,1030.4,0.0,-999.0,0,0.0,0.077
1969-12-31 19:33:38.238000,2018238,0.02,26.4,1030.4,0.0,-999.0,0,0.0,0.077
1969-12-31 19:33:40.238000,2020238,0.02,26.4,1030.3,0.0,-999.0,0,0.0,0.08
1969-12-31 19:33:42.238000,2022238,0.02,26.4,1030.3,0.0,-999.0,0,0.0,0.078
1969-12-31 19:33:44.238000,2024238,0.02,26.4,1030.3,0.0,-999.0,0,0.0,0.077
1969-12-31 19:33:46.238000,2026238,0.02,26.4,1030.0,0.0,-999.0,0,0.0,0.073
1969-12-31 19:33:48.238000,2028238,0.02,26.4,1030.3,0.0,-999.0,0,0.0,0.078
1969-12-31 19:33:50.238000,2030238,0.02,26.4,1030.4,0.0,-999.0,0,0.1,0.082
1969-12-31 19:33:52.238000,2032238,0.02,26.4,1030.0,0.0,-999.0,0,0.0,0.079
1969-12-31 19:33:54.238000,2034238,0.02,26.4,1030.3,0.0,-999.0,0,0.0,0.081
1969-12-31 19:33:56.238000,2036238,0.02,26.4,1030.0,0.0,-999.0,0,0.0,0.074
1969-12-31 19:33:58.238000,2038238,0.02,26.4,1030.4,0.0,-999.0,0,0.0,0.076
1969-12-31 19:34:00.238000,2040238,0.02,26.4,1030.1,0.0,-999.0,0,0.0,0.074
1969-12-31 19:34:02.238000,2042238,0.02,26.4,1030.3,0.0,-999.0,0,0.0,0.08
1969-12-31 19:34:04.238000,2044238,0.02,26.4,1030.1,0.0,-999.0,0,0.0,0.079
1969-12-31 19:34:06.238000,2046238,0.02,26.4,1029.9,0.0,-999.0,0,0.0,0.077
1969-12-31 19:34:08.238000,2048238,0.02,26.4,1030.0,0.0,-999.0,0,0.0,0.077
1969-12-31 19:34:10.238000,2050238,0.02,26.4,1030.3,0.0,-999.0,0,0.0,0.075
1969-12-31 19:34:12.238000,2052238,0.02,26.4,1030.1,0.0,-999.0,0,0.0,0.077
1969-12-31 19:34:14.238000,2054238,0.02,26.4,1030.3,0.0,-999.0,0,0.0,0.077
1969-12-31 19:34:16.238000,2056238,0.02,26.4,1030.0,0.0,-999.0,0,0.0,0.081
1969-12-31 19:34:18.238000,2058238,0.02,26.4,1030.0,0.0,-999.0,0,0.0,0.073
1969-12-31 19:34:20.238000,2060238,0.02,26.4,1030.1,0.0,-999.0,0,0.0,0.074
1969-12-31 19:34:22.238000,2062238,0.02,26.4,1030.3,0.0,-999.0,0,0.0,0.077
1969-12-31 19:34:24.238000,2064238,0.02,26.4,1030.3,0.0,-999.0,0,0.0,0.075
1969-12-31 19:34:26.238000,2066238,0.02,26.4,1030.3,0.0,-999.0,0,0.0,0.077
1969-12-31 19:34:28.238000,2068238,0.02,26.5,1029.9,0.0,-999.0,0,0.0,0.077
1969-12-31 19:34:30.238000,2070238,0.02,26.5,1030.1,0.0,-999.0,0,0.0,0.078
1969-12-31 19:34:32.238000,2072238,0.02,26.5,1029.5,0.0,-999.0,0,0.0,0.078
1969-12-31 19:34:34.238000,2074238,0.02,26.5,1029.9,0.0,-999.0,0,0.0,0.077
1969-12-31 19:34:36.238000,2076238,0.02,26.5,1030.5,0.0,-999.0,0,0.0,0.08
1969-12-31 19:34:38.238000,2078238,0.02,26.5,1030.0,0.0,-999.0,0,0.0,0.08
1969-12-31 19:34:40.238000,2080238,0.02,26.5,1030.0,0.0,-999.0,0,0.1,0.082
1969-12-31 19:34:42.238000,2082238,0.02,26.5,1030.5,0.0,-999.0,0,0.0,0.074
1969-12-31 19:34:44.238000,2084238,0.02,26.5,1029.9,0.0,-999.0,0,0.0,0.077
1969-12-31 19:34:46.238000,2086238,0.02,26.5,1030.1,0.0,-999.0,0,0.0,0.077
1969-12-31 19:34:48.238000,2088238,0.02,26.5,1030.4,0.0,-999.0,0,0.0,0.072
1969-12-31 19:34:50.238000,2090238,0.02,26.5,1030.4,0.0,-999.0,0,0.0,0.078
1969-12-31 19:34:52.238000,2092238,0.02,26.5,1030.3,0.0,-999.0,0,0.0,0.077
1969-12-31 19:34:54.238000,2094238,0.02,26.5,1030.0,0.0,-999.0,0,0.0,0.075
1969-12-31 19:34:56.238000,2096238,0.02,26.5,1029.9,0.0,-999.0,0,0.0,0.08
1969-12-31 19:34:58.238000,2098238,0.02,26.6,1030.3,0.0,-999.0,0,0.0,0.078
1969-12-31 19:35:00.238000,2100238,0.02,26.5,1030.5,0.0,-999.0,0,0.0,0.081
1969-12-31 19:35:02.238000,2102238,0.02,26.5,1030.3,0.0,-999.0,0,0.0,0.076
1969-12-31 19:35:04.238000,2104238,0.02,26.6,1030.3,0.0,-999.0,0,0.0,0.078
1969-12-31 19:35:06.238000,2106238,0.02,26.6,1030.4,0.0,-999.0,0,0.0,0.075
1969-12-31 19:35:08.238000,2108238,0.02,26.6,1030.1,0.0,-999.0,0,0.0,0.077
1969-12-31 19:35:10.238000,2110238,0.02,26.6,1030.0,0.0,-999.0,0,0.0,0.08
1969-12-31 19:35:12.238000,2112238,0.02,26.6,1030.0,0.0,-999.0,0,0.0,0.078
1969-12-31 19:35:14.238000,2114238,0.02,26.6,1030.4,0.0,-999.0,0,0.0,0.074
1969-12-31 19:35:16.238000,2116238,0.02,26.6,1030.3,0.0,-999.0,0,0.0,0.077
1969-12-31 19:35:18.238000,2118238,0.02,26.6,1030.4,0.0,-999.0,0,0.0,0.073
1969-12-31 19:35:20.238000,2120238,0.02,26.6,1030.3,0.0,-999.0,0,0.0,0.073
1969-12-31 19:35:22.238000,2122238,0.02,26.6,1029.9,0.0,-999.0,0,0.1,0.082
1969-12-31 19:35:24.238000,2124238,0.02,26.6,1030.4,0.0,-999.0,0,0.0,0.076
1969-12-31 19:35:26.238000,2126238,0.02,26.6,1030.3,0.0,-999.0,0,0.0,0.073
1969-12-31 19:35:28.238000,2128238,0.02,26.6,1030.4,0.0,-999.0,0,0.0,0.074
1969-12-31 19:35:30.238000,2130238,0.02,26.7,1030.3,0.0,-999.0,0,0.0,0.076
1969-12-31 19:35:32.238000,2132238,0.02,26.7,1030.3,0.0,-999.0,0,0.0,0.073
1969-12-31 19:35:34.238000,2134238,0.02,26.6,1030.1,0.0,-999.0,0,0.0,0.076
1969-12-31 19:35:36.238000,2136238,0.02,26.6,1030.1,0.0,-999.0,0,0.0,0.077
1969-12-31 19:35:38.238000,2138238,0.02,26.7,1030.1,0.0,-999.0,0,0.0,0.076
1969-12-31 19:35:40.238000,2140238,0.02,26.7,1030.4,0.0,-999.0,0,0.0,0.076
1969-12-31 19:35:42.238000,2142238,0.02,26.7,1030.5,0.0,-999.0,0,0.0,0.077
1969-12-31 19:35:44.238000,2144238,0.02,26.7,1030.1,0.0,-999.0,0,0.0,0.076
1969-12-31 19:35:46.238000,2146238,0.02,26.7,1030.3,0.0,-999.0,0,0.0,0.076
1969-12-31 19:35:48.238000,2148238,0.02,26.7,1030.1,0.0,-999.0,0,0.0,0.075
1969-12-31 19:35:50.238000,2150238,0.02,26.7,1030.4,0.0,-999.0,0,0.0,0.075
1969-12-31 19:35:52.238000,2152238,0.02,26.7,1030.1,0.0,-999.0,0,0.0,0.08
1969-12-31 19:35:54.238000,2154238,0.02,26.7,1030.0,0.0,-999.0,0,0.0,0.078
1969-12-31 19:35:56.238000,2156238,0.02,26.7,1030.5,0.0,-999.0,0,0.0,0.078
1969-12-31 19:35:58.238000,2158238,0.02,26.7,1030.1,0.0,-999.0,0,0.0,0.077
1969-12-31 19:36:00.238000,2160238,0.02,26.7,1030.3,0.0,-999.0,0,0.0,0.073
1969-12-31 19:36:02.238000,2162238,0.02,26.7,1030.1,0.0,-999.0,0,0.0,0.079
1969-12-31 19:36:04.238000,2164238,0.02,26.7,1030.4,0.0,-999.0,0,0.0,0.077
1969-12-31 19:36:06.238000,2166238,0.02,26.7,1030.1,0.0,-999.0,0,0.0,0.076
1969-12-31 19:36:08.238000,2168238,0.02,26.7,1030.3,0.0,-999.0,0,0.0,0.076
1969-12-31 19:36:10.238000,2170238,0.02,26.7,1030.1,0.0,-999.0,0,0.0,0.075
1969-12-31 19:36:12.238000,2172238,0.02,26.7,1030.5,0.0,-999.0,0,0.0,0.073
1969-12-31 19:36:14.238000,2174238,0.02,26.7,1030.0,0.0,-999.0,0,0.0,0.075
1969-12-31 19:36:16.238000,2176238,0.02,26.7,1030.4,0.0,-999.0,0,0.0,0.076
1969-12-31 19:36:18.238000,2178238,0.02,26.8,1030.1,0.0,-999.0,0,0.0,0.074
1969-12-31 19:36:20.238000,2180238,0.02,26.8,1030.1,0.0,-999.0,0,0.0,0.078
1969-12-31 19:36:22.238000,2182238,0.02,26.7,1030.1,0.0,-999.0,0,0.0,0.08
1969-12-31 19:36:24.238000,2184238,0.02,26.8,1030.4,0.0,-999.0,0,0.0,0.073
1969-12-31 19:36:26.238000,2186238,0.02,26.7,1030.3,0.0,-999.0,0,0.0,0.075
1969-12-31 19:36:28.238000,2188238,0.02,26.8,1030.1,0.0,-999.0,0,0.0,0.075
1969-12-31 19:36:30.238000,2190238,0.02,26.8,1030.4,0.0,-999.0,0,0.0,0.081
1969-12-31 19:36:32.238000,2192238,0.02,26.8,1030.1,0.0,-999.0,0,0.0,0.076
1969-12-31 19:36:34.238000,2194238,0.02,26.8,1030.5,0.0,-999.0,0,0.0,0.077
1969-12-31 19:36:36.238000,2196238,0.02,26.8,1030.4,0.0,-999.0,0,0.0,0.078
1969-12-31 19:36:38.238000,2198238,0.02,26.8,1030.3,0.0,-999.0,0,0.0,0.077
1969-12-31 19:36:40.249000,2200249,0.02,26.8,1029.7,0.0,-999.0,0,0.0,0.073
1969-12-31 19:36:42.248000,2202248,0.02,26.8,1030.1,0.0,-999.0,0,0.0,0.075
1969-12-31 19:36:44.248000,2204248,0.02,26.8,1030.3,0.0,-999.0,0,0.0,0.079
1969-12-31 19:36:46.238000,2206238,0.02,26.8,1030.5,0.0,-999.0,0,0.0,0.077
1969-12-31 19:36:48.248000,2208248,0.02,26.8,1029.9,0.0,-999.0,0,0.0,0.076
1969-12-31 19:36:50.248000,2210248,0.02,26.8,1030.5,0.0,-999.0,0,0.0,0.077
1969-12-31 19:36:52.248000,2212248,0.02,26.8,1030.0,0.0,-999.0,0,0.0,0.08
1969-12-31 19:36:54.248000,2214248,0.02,26.8,1030.0,0.0,-999.0,0,0.0,0.071
1969-12-31 19:36:56.248000,2216248,0.02,26.8,1030.0,0.0,-999.0,0,0.0,0.07
1969-12-31 19:36:58.248000,2218248,0.02,26.8,1030.1,0.0,-999.0,0,0.0,0.073
1969-12-31 19:37:00.248000,2220248,0.02,26.8,1030.3,0.0,-999.0,0,0.0,0.075
1969-12-31 19:37:02.248000,2222248,0.02,26.8,1030.3,0.0,-999.0,0,0.0,0.079
1969-12-31 19:37:04.248000,2224248,0.02,26.8,1029.9,0.0,-999.0,0,0.0,0.078
1969-12-31 19:37:06.248000,2226248,0.02,26.8,1030.0,0.0,-999.0,0,0.0,0.076
1969-12-31 19:37:08.248000,2228248,0.02,26.8,1030.3,0.0,-999.0,0,0.0,0.071
1969-12-31 19:37:10.248000,2230248,0.02,26.8,1030.4,0.0,-999.0,0,0.0,0.074
1969-12-31 19:37:12.248000,2232248,0.02,26.8,1030.1,0.0,-999.0,0,0.0,0.077
1969-12-31 19:37:14.248000,2234248,0.02,26.8,1030.5,0.0,-999.0,0,0.0,0.077
1969-12-31 19:37:16.248000,2236248,0.02,26.8,1030.4,0.0,-999.0,0,0.0,0.078
1969-12-31 19:37:18.248000,2238248,0.02,26.8,1030.4,0.0,-999.0,0,0.0,0.077
1969-12-31 19:37:20.248000,2240248,0.02,26.8,1030.4,0.0,-999.0,0,0.0,0.08
1969-12-31 19:37:22.248000,2242248,0.02,26.8,1030.7,0.0,-999.0,0,0.0,0.067
1969-12-31 19:37:24.248000,2244248,0.02,26.8,1030.1,0.0,-999.0,0,0.0,0.075
1969-12-31 19:37:26.248000,2246248,0.02,26.8,1030.4,0.0,-999.0,0,0.0,0.08
1969-12-31 19:37:28.248000,2248248,0.02,26.8,1030.3,0.0,-999.0,0,0.0,0.076
1969-12-31 19:37:30.248000,2250248,0.02,26.8,1030.0,0.0,-999.0,0,0.0,0.076
1969-12-31 19:37:32.248000,2252248,0.02,26.8,1030.3,0.0,-999.0,0,0.0,0.081
1969-12-31 19:37:34.248000,2254248,0.02,26.8,1029.9,0.0,-999.0,0,0.0,0.073
1969-12-31 19:37:36.248000,2256248,0.02,26.8,1030.0,0.0,-999.0,0,0.0,0.073
1969-12-31 19:37:38.248000,2258248,0.02,26.8,1030.0,0.0,-999.0,0,0.0,0.073
1969-12-31 19:37:40.248000,2260248,0.02,26.8,1030.0,0.0,-999.0,0,0.1,0.082
1969-12-31 19:37:42.248000,2262248,0.02,26.8,1030.3,0.0,-999.0,0,0.0,0.078
1969-12-31 19:37:44.248000,2264248,0.02,26.8,1030.4,0.0,-999.0,0,0.0,0.076
1969-12-31 19:37:46.248000,2266248,0.02,26.8,1030.4,0.0,-999.0,0,0.0,0.077
1969-12-31 19:37:48.248000,2268248,0.02,26.8,1030.4,0.0,-999.0,0,0.0,0.074
1969-12-31 19:37:50.248000,2270248,0.02,26.8,1030.5,0.0,-999.0,0,0.0,0.078
1969-12-31 19:37:52.248000,2272248,0.02,26.8,1030.4,0.0,-999.0,0,0.0,0.078
1969-12-31 19:37:54.248000,2274248,0.02,26.8,1030.3,0.0,-999.0,0,0.0,0.076
1969-12-31 19:37:56.248000,2276248,0.02,26.8,1030.1,0.0,-999.0,0,0.0,0.078
1969-12-31 19:37:58.248000,2278248,0.02,26.8,1030.5,0.0,-999.0,0,0.0,0.078
1969-12-31 19:38:00.248000,2280248,0.02,26.8,1030.4,0.0,-999.0,0,0.0,0.078
1969-12-31 19:38:02.248000,2282248,0.02,26.8,1030.5,0.0,-999.0,0,0.0,0.076
1969-12-31 19:38:04.248000,2284248,0.02,26.8,1030.3,0.0,-999.0,0,0.0,0.077
1969-12-31 19:38:06.248000,2286248,0.02,26.8,1030.3,0.0,-999.0,0,0.0,0.074
1969-12-31 19:38:08.248000,2288248,0.02,26.8,1030.3,0.0,-999.0,0,0.0,0.076
1969-12-31 19:38:10.248000,2290248,0.02,26.8,1030.5,0.0,-999.0,0,0.0,0.073
1969-12-31 19:38:12.248000,2292248,0.02,26.8,1030.4,0.0,-999.0,0,0.0,0.075
1969-12-31 19:38:14.248000,2294248,0.02,26.8,1030.5,0.0,-999.0,0,0.0,0.073
1969-12-31 19:38:16.248000,2296248,0.02,26.8,1030.3,0.0,-999.0,0,0.0,0.077
1969-12-31 19:38:18.248000,2298248,0.02,26.8,1030.3,0.0,-999.0,0,0.0,0.077
1969-12-31 19:38:20.248000,2300248,0.02,26.8,1030.5,0.0,-999.0,0,0.0,0.076
1969-12-31 19:38:22.248000,2302248,0.02,26.8,1030.1,0.0,-999.0,0,0.0,0.076
1969-12-31 19:38:24.248000,2304248,0.02,26.8,1030.4,0.0,-999.0,0,0.0,0.078
1969-12-31 19:38:26.248000,2306248,0.02,26.8,1030.1,0.0,-999.0,0,0.0,0.075
1969-12-31 19:38:28.248000,2308248,0.02,26.8,1030.4,0.0,-999.0,0,0.0,0.073
1969-12-31 19:38:30.248000,2310248,0.02,26.8,1029.9,0.0,-999.0,0,0.0,0.075
1969-12-31 19:38:32.248000,2312248,0.02,26.8,1030.4,0.0,-999.0,0,0.0,0.081
1969-12-31 19:38:34.248000,2314248,0.02,26.8,1030.3,0.0,-999.0,0,0.0,0.075
1969-12-31 19:38:36.248000,2316248,0.02,26.8,1030.4,0.0,-999.0,0,0.0,0.076
1969-12-31 19:38:38.248000,2318248,0.02,26.8,1030.7,0.0,-999.0,0,0.0,0.074
1969-12-31 19:38:40.248000,2320248,0.02,26.8,1030.4,0.0,-999.0,0,0.0,0.078
1969-12-31 19:38:42.248000,2322248,0.02,26.8,1030.3,0.0,-999.0,0,0.0,0.071
1969-12-31 19:38:44.248000,2324248,0.02,26.8,1030.4,0.0,-999.0,0,0.0,0.076
1969-12-31 19:38:46.248000,2326248,0.02,26.8,1030.3,0.0,-999.0,0,0.0,0.077
1969-12-31 19:38:48.248000,2328248,0.02,26.8,1030.1,0.0,-999.0,0,0.0,0.077
1969-12-31 19:38:50.248000,2330248,0.02,26.8,1030.3,0.0,-999.0,0,0.0,0.078
1969-12-31 19:38:52.248000,2332248,0.02,26.8,1030.4,0.0,-999.0,0,0.0,0.077
1969-12-31 19:38:54.248000,2334248,0.02,26.8,1030.4,0.0,-999.0,0,0.0,0.076
1969-12-31 19:38:56.248000,2336248,0.02,26.8,1030.1,0.0,-999.0,0,0.0,0.073
1969-12-31 19:38:58.248000,2338248,0.02,26.8,1030.4,0.0,-999.0,0,0.0,0.075
1969-12-31 19:39:00.248000,2340248,0.02,26.8,1030.1,0.0,-999.0,0,0.0,0.075
1969-12-31 19:39:02.248000,2342248,0.02,26.8,1030.5,0.0,-999.0,0,0.0,0.077
1969-12-31 19:39:04.248000,2344248,0.02,26.8,1030.3,0.0,-999.0,0,0.0,0.081
1969-12-31 19:39:06.248000,2346248,0.02,26.8,1030.3,0.0,-999.0,0,0.0,0.073
1969-12-31 19:39:08.248000,2348248,0.02,26.8,1030.4,0.0,-999.0,0,0.0,0.074
1969-12-31 19:39:10.248000,2350248,0.02,26.8,1030.4,0.0,-999.0,0,0.0,0.071
1969-12-31 19:39:12.248000,2352248,0.02,26.8,1030.4,0.0,-999.0,0,0.0,0.07
1969-12-31 19:39:14.248000,2354248,0.02,26.8,1030.3,0.0,-999.0,0,0.0,0.073
1969-12-31 19:39:16.248000,2356248,0.02,26.8,1030.3,0.0,-999.0,0,0.0,0.077
1969-12-31 19:39:18.248000,2358248,0.02,26.8,1030.3,0.0,-999.0,0,0.0,0.08
1969-12-31 19:39:20.248000,2360248,0.02,26.8,1030.5,0.0,-999.0,0,0.0,0.074
1969-12-31 19:39:22.248000,2362248,0.02,26.8,1030.1,0.0,-999.0,0,0.0,0.073
1969-12-31 19:39:24.248000,2364248,0.02,26.8,1030.5,0.0,-999.0,0,0.0,0.078
1969-12-31 19:39:26.248000,2366248,0.02,26.8,1030.3,0.0,-999.0,0,0.0,0.074
1969-12-31 19:39:28.248000,2368248,0.02,26.8,1030.5,0.0,-999.0,0,0.0,0.075
1969-12-31 19:39:30.248000,2370248,0.02,26.8,1030.0,0.0,-999.0,0,0.0,0.076
1969-12-31 19:39:32.248000,2372248,0.02,26.8,1030.4,0.0,-999.0,0,0.0,0.077
1969-12-31 19:39:34.248000,2374248,0.02,26.8,1030.1,0.0,-999.0,0,0.0,0.073
1969-12-31 19:39:36.248000,2376248,0.02,26.8,1030.0,0.0,-999.0,0,0.0,0.074
1969-12-31 19:39:38.248000,2378248,0.02,26.8,1030.4,0.0,-999.0,0,0.0,0.074
1969-12-31 19:39:40.248000,2380248,0.02,26.8,1030.4,0.0,-999.0,0,0.0,0.078
1969-12-31 19:39:42.248000,2382248,0.02,26.8,1030.0,0.0,-999.0,0,0.0,0.077
1969-12-31 19:39:44.248000,2384248,0.02,26.8,1030.3,0.0,-999.0,0,0.0,0.073
1969-12-31 19:39:46.248000,2386248,0.02,26.8,1030.0,0.0,-999.0,0,0.0,0.075
1969-12-31 19:39:48.248000,2388248,0.02,26.8,1030.0,0.0,-999.0,0,0.0,0.075
1969-12-31 19:39:50.248000,2390248,0.02,26.8,1030.3,0.0,-999.0,0,0.0,0.078
1969-12-31 19:39:52.248000,2392248,0.02,26.8,1030.3,0.0,-999.0,0,0.0,0.073
1969-12-31 19:39:54.248000,2394248,0.02,26.8,1030.4,0.0,-999.0,0,0.0,0.076
1969-12-31 19:39:56.248000,2396248,0.02,26.8,1030.5,0.0,-999.0,0,0.0,0.076
1969-12-31 19:39:58.248000,2398248,0.02,26.8,1030.4,0.0,-999.0,0,0.0,0.076
1969-12-31 19:40:00.248000,2400248,0.02,26.8,1030.0,0.0,-999.0,0,0.0,0.077
1969-12-31 19:40:02.248000,2402248,0.02,26.8,1030.3,0.0,-999.0,0,0.0,0.072
1969-12-31 19:40:04.248000,2404248,0.02,26.8,1030.4,0.0,-999.0,0,0.0,0.075
1969-12-31 19:40:06.248000,2406248,0.02,26.8,1029.9,0.0,-999.0,0,0.0,0.078
1969-12-31 19:40:08.248000,2408248,0.02,26.8,1029.7,0.0,-999.0,0,0.0,0.073
1969-12-31 19:40:10.248000,2410248,0.02,26.8,1030.7,0.0,-999.0,0,0.0,0.081
1969-12-31 19:40:12.248000,2412248,0.02,26.8,1030.0,0.0,-999.0,0,0.0,0.078
1969-12-31 19:40:14.248000,2414248,0.02,26.8,1030.5,0.0,-999.0,0,0.0,0.079
1969-12-31 19:40:16.248000,2416248,0.02,26.8,1030.1,0.0,-999.0,0,0.0,0.081
1969-12-31 19:40:18.248000,2418248,0.02,26.8,1030.5,0.0,-999.0,0,0.0,0.073
1969-12-31 19:40:20.248000,2420248,0.02,26.8,1030.4,0.0,-999.0,0,0.0,0.072
1969-12-31 19:40:22.248000,2422248,0.02,26.8,1030.3,0.0,-999.0,0,0.0,0.076
1969-12-31 19:40:24.248000,2424248,0.02,26.8,1030.4,0.0,-999.0,0,0.0,0.079
1969-12-31 19:40:26.248000,2426248,0.02,26.8,1030.4,0.0,-999.0,0,0.0,0.075
1969-12-31 19:40:28.248000,2428248,0.02,26.8,1030.5,0.0,-999.0,0,0.0,0.081
1969-12-31 19:40:30.248000,2430248,0.02,26.8,1030.5,0.0,-999.0,0,0.0,0.072
1969-12-31 19:40:32.248000,2432248,0.02,26.8,1030.5,0.0,-999.0,0,0.0,0.073
1969-12-31 19:40:34.248000,2434248,0.02,26.8,1030.3,0.0,-999.0,0,0.0,0.075
1969-12-31 19:40:36.248000,2436248,0.02,26.8,1030.3,0.0,-999.0,0,0.0,0.076
1969-12-31 19:40:38.248000,2438248,0.02,26.8,1030.3,0.0,-999.0,0,0.0,0.08
1969-12-31 19:40:40.248000,2440248,0.02,26.8,1030.4,0.0,-999.0,0,0.0,0.078
1969-12-31 19:40:42.248000,2442248,0.02,26.8,1030.1,0.0,-999.0,0,0.0,0.079
1969-12-31 19:40:44.248000,2444248,0.02,26.8,1029.7,0.0,-999.0,0,0.0,0.08
1969-12-31 19:40:46.248000,2446248,0.02,26.8,1030.0,0.0,-999.0,0,0.0,0.078
1969-12-31 19:40:48.248000,2448248,0.02,26.8,1030.1,0.0,-999.0,0,0.0,0.08
1969-12-31 19:40:50.248000,2450248,0.02,26.8,1030.7,0.0,-999.0,0,0.0,0.074
1969-12-31 19:40:52.248000,2452248,0.02,26.8,1030.1,0.0,-999.0,0,0.0,0.075
1969-12-31 19:40:54.248000,2454248,0.02,26.8,1030.0,0.0,-999.0,0,0.0,0.078
1969-12-31 19:40:56.248000,2456248,0.02,26.8,1030.4,0.0,-999.0,0,0.0,0.077
1969-12-31 19:40:58.248000,2458248,0.02,26.8,1030.4,0.0,-999.0,0,0.0,0.073
1969-12-31 19:41:00.248000,2460248,0.02,26.8,1030.1,0.0,-999.0,0,0.0,0.077
1969-12-31 19:41:02.248000,2462248,0.02,26.8,1030.3,0.0,-999.0,0,0.0,0.076
1969-12-31 19:41:04.248000,2464248,0.02,26.8,1030.5,0.0,-999.0,0,0.0,0.075
1969-12-31 19:41:06.248000,2466248,0.02,26.8,1030.0,0.0,-999.0,0,0.0,0.08
1969-12-31 19:41:08.249000,2468249,0.02,26.8,1030.0,0.0,-999.0,0,0.0,0.081
1969-12-31 19:41:10.248000,2470248,0.02,26.8,1030.4,0.0,-999.0,0,0.0,0.077
1969-12-31 19:41:12.248000,2472248,0.02,26.8,1030.1,0.0,-999.0,0,0.0,0.073
1969-12-31 19:41:14.248000,2474248,0.02,26.8,1030.1,0.0,-999.0,0,0.0,0.076
1969-12-31 19:41:16.248000,2476248,0.02,26.8,1030.0,0.0,-999.0,0,0.0,0.074
1969-12-31 19:41:18.248000,2478248,0.02,26.8,1030.1,0.0,-999.0,0,0.0,0.076
1969-12-31 19:41:20.248000,2480248,0.02,26.8,1030.4,0.0,-999.0,0,0.0,0.078
1969-12-31 19:41:22.248000,2482248,0.02,26.8,1030.1,0.0,-999.0,0,0.0,0.076
1969-12-31 19:41:24.248000,2484248,0.02,26.8,1030.4,0.0,-999.0,0,0.0,0.078
1969-12-31 19:41:26.248000,2486248,0.02,26.8,1030.4,0.0,-999.0,0,0.0,0.076
1969-12-31 19:41:28.248000,2488248,0.02,26.8,1030.3,0.0,-999.0,0,0.0,0.074
1969-12-31 19:41:30.248000,2490248,0.02,26.8,1030.4,0.0,-999.0,0,0.0,0.068
1969-12-31 19:41:32.248000,2492248,0.02,26.8,1030.1,0.0,-999.0,0,0.0,0.081
1969-12-31 19:41:34.248000,2494248,0.02,26.8,1029.7,0.0,-999.0,0,0.0,0.073
1969-12-31 19:41:36.248000,2496248,0.02,26.8,1030.3,0.0,-999.0,0,0.0,0.075
1969-12-31 19:41:38.248000,2498248,0.02,26.8,1029.9,0.0,-999.0,0,0.0,0.075
1969-12-31 19:41:40.248000,2500248,0.02,26.8,1030.3,0.0,-999.0,0,0.0,0.077
1969-12-31 19:41:42.248000,2502248,0.02,26.8,1030.3,0.0,-999.0,0,0.0,0.072
1969-12-31 19:41:44.248000,2504248,0.02,26.8,1030.4,0.0,-999.0,0,0.0,0.081
1969-12-31 19:41:46.248000,2506248,0.02,26.8,1030.4,0.0,-999.0,0,0.0,0.071
1969-12-31 19:41:48.248000,2508248,0.02,26.8,1030.4,0.0,-999.0,0,0.0,0.079
1969-12-31 19:41:50.248000,2510248,0.02,26.8,1029.7,0.0,-999.0,0,0.0,0.075
1969-12-31 19:41:52.248000,2512248,0.02,26.8,1030.4,0.0,-999.0,0,0.0,0.075
1969-12-31 19:41:54.248000,2514248,0.02,26.8,1030.1,0.0,-999.0,0,0.0,0.071
1969-12-31 19:41:56.248000,2516248,0.02,26.8,1029.9,0.0,-999.0,0,0.0,0.079
1969-12-31 19:41:58.248000,2518248,0.02,26.8,1030.1,0.0,-999.0,0,0.0,0.075
1969-12-31 19:42:00.248000,2520248,0.02,26.8,1030.1,0.0,-999.0,0,0.0,0.075
1969-12-31 19:42:02.248000,2522248,0.02,26.8,1029.7,0.0,-999.0,0,0.0,0.076
1969-12-31 19:42:04.248000,2524248,0.02,26.8,1030.3,0.0,-999.0,0,0.0,0.073
1969-12-31 19:42:06.248000,2526248,0.02,26.8,1030.1,0.0,-999.0,0,0.1,0.085
1969-12-31 19:42:08.248000,2528248,0.02,26.8,1030.5,0.0,-999.0,0,0.0,0.078
1969-12-31 19:42:10.248000,2530248,0.02,26.8,1030.3,0.0,-999.0,0,0.1,0.084
1969-12-31 19:42:12.248000,2532248,0.02,26.8,1030.0,0.0,-999.0,0,0.0,0.072
1969-12-31 19:42:14.248000,2534248,0.02,26.8,1030.3,0.0,-999.0,0,0.0,0.076
1969-12-31 19:42:16.248000,2536248,0.02,26.8,1030.0,0.0,-999.0,0,0.0,0.073
1969-12-31 19:42:18.248000,2538248,0.02,26.8,1030.5,0.0,-999.0,0,0.0,0.071
1969-12-31 19:42:20.248000,2540248,0.02,26.8,1030.0,0.0,-999.0,0,0.0,0.079
1969-12-31 19:42:22.248000,2542248,0.02,26.8,1030.4,0.0,-999.0,0,0.0,0.077
1969-12-31 19:42:24.248000,2544248,0.02,26.8,1030.3,0.0,-999.0,0,0.0,0.069
1969-12-31 19:42:26.248000,2546248,0.02,26.8,1030.1,0.0,-999.0,0,0.0,0.076
1969-12-31 19:42:28.248000,2548248,0.02,26.8,1030.3,0.0,-999.0,0,0.0,0.076
1969-12-31 19:42:30.248000,2550248,0.02,26.8,1030.5,0.0,-999.0,0,0.0,0.077
1969-12-31 19:42:32.248000,2552248,0.02,26.8,1030.4,0.0,-999.0,0,0.0,0.076
1969-12-31 19:42:34.248000,2554248,0.02,26.8,1030.4,0.0,-999.0,0,0.0,0.079
1969-12-31 19:42:36.248000,2556248,0.02,26.8,1030.0,0.0,-999.0,0,0.0,0.077
1969-12-31 19:42:38.248000,2558248,0.02,26.8,1030.1,0.0,-999.0,0,0.0,0.081
1969-12-31 19:42:40.248000,2560248,0.02,26.8,1030.3,0.0,-999.0,0,0.0,0.079
1969-12-31 19:42:42.248000,2562248,0.02,26.8,1030.1,0.0,-999.0,0,0.0,0.081
1969-12-31 19:42:44.248000,2564248,0.02,26.8,1030.5,0.0,-999.0,0,0.0,0.076
1969-12-31 19:42:46.248000,2566248,0.02,26.8,1030.4,0.0,-999.0,0,0.0,0.08
1969-12-31 19:42:48.248000,2568248,0.02,26.8,1030.1,0.0,-999.0,0,0.0,0.077
1969-12-31 19:42:50.248000,2570248,0.02,26.8,1030.4,0.0,-999.0,0,0.0,0.074
1969-12-31 19:42:52.248000,2572248,0.02,26.8,1030.4,0.0,-999.0,0,0.0,0.076
1969-12-31 19:42:54.248000,2574248,0.02,26.8,1030.4,0.0,-999.0,0,0.0,0.081
1969-12-31 19:42:56.248000,2576248,0.02,26.8,1030.3,0.0,-999.0,0,0.1,0.082
1969-12-31 19:42:58.248000,2578248,0.02,26.8,1030.0,0.0,-999.0,0,0.0,0.078
1969-12-31 19:43:00.248000,2580248,0.02,26.8,1030.0,0.0,-999.0,0,0.0,0.076
1969-12-31 19:43:02.248000,2582248,0.02,26.8,1030.1,0.0,-999.0,0,0.0,0.076
1969-12-31 19:43:04.248000,2584248,0.02,26.8,1030.1,0.0,-999.0,0,0.0,0.072
1969-12-31 19:43:06.248000,2586248,0.02,26.8,1030.1,0.0,-999.0,0,0.0,0.077
1969-12-31 19:43:08.248000,2588248,0.02,26.8,1030.1,0.0,-999.0,0,0.0,0.074
1969-12-31 19:43:10.248000,2590248,0.02,26.8,1030.1,0.0,-999.0,0,0.0,0.077
1969-12-31 19:43:12.248000,2592248,0.02,26.8,1030.0,0.0,-999.0,0,0.0,0.078
1969-12-31 19:43:14.248000,2594248,0.02,26.8,1030.0,0.0,-999.0,0,0.0,0.075
1969-12-31 19:43:16.248000,2596248,0.02,26.8,1030.0,0.0,-999.0,0,0.0,0.077
1969-12-31 19:43:18.248000,2598248,0.02,26.8,1030.3,0.0,-999.0,0,0.0,0.074
1969-12-31 19:43:20.248000,2600248,0.02,26.8,1030.3,0.0,-999.0,0,0.0,0.077
1969-12-31 19:43:22.248000,2602248,0.02,26.8,1030.4,0.0,-999.0,0,0.0,0.077
1969-12-31 19:43:24.248000,2604248,0.02,26.8,1030.3,0.0,-999.0,0,0.0,0.074
1969-12-31 19:43:26.248000,2606248,0.02,26.8,1030.3,0.0,-999.0,0,0.0,0.072
1969-12-31 19:43:28.248000,2608248,0.02,26.8,1030.4,0.0,-999.0,0,0.0,0.079
1969-12-31 19:43:30.248000,2610248,0.02,26.8,1030.4,0.0,-999.0,0,0.0,0.08
1969-12-31 19:43:32.248000,2612248,0.02,26.8,1030.4,0.0,-999.0,0,0.0,0.078
1969-12-31 19:43:34.248000,2614248,0.02,26.8,1030.1,0.0,-999.0,0,0.0,0.077
1969-12-31 19:43:36.248000,2616248,0.02,26.8,1030.3,0.0,-999.0,0,0.0,0.081
1969-12-31 19:43:38.248000,2618248,0.02,26.8,1030.5,0.0,-999.0,0,0.0,0.078
1969-12-31 19:43:40.248000,2620248,0.02,26.8,1030.4,0.0,-999.0,0,0.0,0.077
1969-12-31 19:43:42.248000,2622248,0.02,26.8,1029.9,0.0,-999.0,0,0.0,0.077
1969-12-31 19:43:44.248000,2624248,0.02,26.8,1030.3,0.0,-999.0,0,0.0,0.077
1969-12-31 19:43:46.248000,2626248,0.02,26.8,1030.1,0.0,-999.0,0,0.0,0.078
1969-12-31 19:43:48.248000,2628248,0.02,26.8,1030.3,0.0,-999.0,0,0.0,0.081
1969-12-31 19:43:50.248000,2630248,0.02,26.8,1030.3,0.0,-999.0,0,0.0,0.081
1969-12-31 19:43:52.248000,2632248,0.02,26.8,1030.1,0.0,-999.0,0,0.0,0.078
1969-12-31 19:43:54.248000,2634248,0.02,26.8,1030.4,0.0,-999.0,0,0.0,0.08
1969-12-31 19:43:56.248000,2636248,0.02,26.8,1030.3,0.0,-999.0,0,0.0,0.076
1969-12-31 19:43:58.248000,2638248,0.02,26.8,1030.0,0.0,-999.0,0,0.0,0.073
1969-12-31 19:44:00.248000,2640248,0.02,26.8,1030.4,0.0,-999.0,0,0.0,0.077
1969-12-31 19:44:02.248000,2642248,0.02,26.8,1030.1,0.0,-999.0,0,0.0,0.072
1969-12-31 19:44:04.248000,2644248,0.02,26.8,1030.1,0.0,-999.0,0,0.0,0.081
1969-12-31 19:44:06.248000,2646248,0.02,26.8,1030.1,0.0,-999.0,0,0.0,0.077
1969-12-31 19:44:08.248000,2648248,0.02,26.8,1030.1,0.0,-999.0,0,0.0,0.077
1969-12-31 19:44:10.248000,2650248,0.02,26.8,1030.1,0.0,-999.0,0,0.0,0.081
1969-12-31 19:44:12.248000,2652248,0.02,26.8,1030.0,0.0,-999.0,0,0.0,0.079
1969-12-31 19:44:14.248000,2654248,0.02,26.8,1030.3,0.0,-999.0,0,0.0,0.077
1969-12-31 19:44:16.249000,2656249,0.02,26.8,1030.3,0.0,-999.0,0,0.0,0.073
1969-12-31 19:44:18.248000,2658248,0.02,26.8,1030.3,0.0,-999.0,0,0.0,0.077
1969-12-31 19:44:20.248000,2660248,0.02,26.8,1030.0,0.0,-999.0,0,0.0,0.073
1969-12-31 19:44:22.248000,2662248,0.02,26.8,1030.0,0.0,-999.0,0,0.0,0.073
1969-12-31 19:44:24.248000,2664248,0.02,26.8,1030.3,0.0,-999.0,0,0.0,0.078
1969-12-31 19:44:26.248000,2666248,0.02,26.8,1030.5,0.0,-999.0,0,0.0,0.08
1969-12-31 19:44:28.248000,2668248,0.02,26.8,1030.4,0.0,-999.0,0,0.0,0.072
1969-12-31 19:44:30.248000,2670248,0.02,26.8,1030.0,0.0,-999.0,0,0.0,0.078
1969-12-31 19:44:32.248000,2672248,0.02,26.8,1030.3,0.0,-999.0,0,0.0,0.075
1969-12-31 19:44:34.248000,2674248,0.02,26.8,1030.5,0.0,-999.0,0,0.0,0.079
1969-12-31 19:44:36.248000,2676248,0.02,26.8,1030.1,0.0,-999.0,0,0.0,0.076
1969-12-31 19:44:38.248000,2678248,0.02,26.8,1030.3,0.0,-999.0,0,0.0,0.077
1969-12-31 19:44:40.248000,2680248,0.02,26.8,1029.7,0.0,-999.0,0,0.1,0.082
1969-12-31 19:44:42.248000,2682248,0.02,26.8,1030.4,0.0,-999.0,0,0.0,0.077
1969-12-31 19:44:44.248000,2684248,0.02,26.8,1030.1,0.0,-999.0,0,0.0,0.076
1969-12-31 19:44:46.258000,2686258,0.02,26.8,1030.1,0.0,-999.0,0,0.0,0.077
1969-12-31 19:44:48.248000,2688248,0.02,26.8,1030.3,0.0,-999.0,0,0.0,0.078
1969-12-31 19:44:50.248000,2690248,0.02,26.8,1029.9,0.0,-999.0,0,0.0,0.077
1969-12-31 19:44:52.248000,2692248,0.02,26.8,1029.9,0.0,-999.0,0,0.0,0.076
1969-12-31 19:44:54.248000,2694248,0.02,26.8,1030.3,0.0,-999.0,0,0.0,0.075
1969-12-31 19:44:56.248000,2696248,0.02,26.8,1030.7,0.0,-999.0,0,0.0,0.076
1969-12-31 19:44:58.248000,2698248,0.02,26.8,1030.3,0.0,-999.0,0,0.0,0.073
1969-12-31 19:45:00.248000,2700248,0.02,26.8,1030.5,0.0,-999.0,0,0.0,0.076
1969-12-31 19:45:02.248000,2702248,0.02,26.8,1030.4,0.0,-999.0,0,0.0,0.078
1969-12-31 19:45:04.248000,2704248,0.02,26.8,1029.9,0.0,-999.0,0,0.0,0.079
1969-12-31 19:45:06.258000,2706258,0.02,26.8,1030.4,0.0,-999.0,0,0.0,0.071
1969-12-31 19:45:08.258000,2708258,0.02,26.8,1030.4,0.0,-999.0,0,0.0,0.075
1969-12-31 19:45:10.248000,2710248,0.02,26.8,1030.1,0.0,-999.0,0,0.0,0.08
1969-12-31 19:45:12.248000,2712248,0.02,26.8,1030.3,0.0,-999.0,0,0.0,0.079
1969-12-31 19:45:14.248000,2714248,0.02,26.8,1030.1,0.0,-999.0,0,0.0,0.077
1969-12-31 19:45:16.258000,2716258,0.02,26.8,1030.0,0.0,-999.0,0,0.1,0.082
1969-12-31 19:45:18.258000,2718258,0.02,26.8,1030.4,0.0,-999.0,0,0.0,0.078
1969-12-31 19:45:20.258000,2720258,0.02,26.8,1030.3,0.0,-999.0,0,0.0,0.08
1969-12-31 19:45:22.258000,2722258,0.02,26.8,1030.1,0.0,-999.0,0,0.0,0.077
1969-12-31 19:45:24.258000,2724258,0.02,26.8,1030.3,0.0,-999.0,0,0.0,0.077
1969-12-31 19:45:26.258000,2726258,0.02,26.8,1030.5,0.0,-999.0,0,0.0,0.081
1969-12-31 19:45:28.258000,2728258,0.02,26.8,1030.3,0.0,-999.0,0,0.0,0.079
1969-12-31 19:45:30.258000,2730258,0.02,26.8,1030.3,0.0,-999.0,0,0.0,0.078
1969-12-31 19:45:32.258000,2732258,0.01,26.8,1030.4,0.0,-999.0,0,0.0,0.073
1969-12-31 19:45:34.258000,2734258,0.02,26.8,1030.5,0.0,-999.0,0,0.0,0.069
1969-12-31 19:45:36.258000,2736258,0.01,26.8,1030.5,0.0,-999.0,0,0.0,0.073
1969-12-31 19:45:38.258000,2738258,0.01,26.8,1030.1,0.0,-999.0,0,0.0,0.077
1969-12-31 19:45:40.258000,2740258,0.01,26.8,1030.4,0.0,-999.0,0,0.0,0.071
1969-12-31 19:45:42.258000,2742258,0.02,26.8,1030.3,0.0,-999.0,0,0.0,0.072
1969-12-31 19:45:44.258000,2744258,0.01,26.8,1030.3,0.0,-999.0,0,0.0,0.077
1969-12-31 19:45:46.258000,2746258,0.01,26.8,1030.3,0.0,-999.0,0,0.0,0.079
1969-12-31 19:45:48.258000,2748258,0.01,26.8,1030.1,0.0,-999.0,0,0.0,0.079
1969-12-31 19:45:50.258000,2750258,0.01,26.9,1030.3,0.0,-999.0,0,0.0,0.073
1969-12-31 19:45:52.258000,2752258,0.01,26.9,1030.3,0.0,-999.0,0,0.0,0.076
1969-12-31 19:45:54.258000,2754258,0.01,26.9,1030.4,0.0,-999.0,0,0.0,0.076
1969-12-31 19:45:56.258000,2756258,0.01,26.8,1030.1,0.0,-999.0,0,0.0,0.074
1969-12-31 19:45:58.258000,2758258,0.01,26.9,1030.0,0.0,-999.0,0,0.0,0.073
1969-12-31 19:46:00.258000,2760258,0.01,26.9,1030.0,0.0,-999.0,0,0.0,0.077
1969-12-31 19:46:02.258000,2762258,0.01,26.9,1030.4,0.0,-999.0,0,0.0,0.075
1969-12-31 19:46:04.258000,2764258,0.01,26.9,1030.4,0.0,-999.0,0,0.0,0.077
1969-12-31 19:46:06.258000,2766258,0.01,26.9,1030.5,0.0,-999.0,0,0.0,0.075
1969-12-31 19:46:08.258000,2768258,0.01,26.9,1030.3,0.0,-999.0,0,0.0,0.08
1969-12-31 19:46:10.258000,2770258,0.01,26.9,1030.4,0.0,-999.0,0,0.0,0.077
1969-12-31 19:46:12.258000,2772258,0.01,26.9,1030.1,0.0,-999.0,0,0.0,0.078
1969-12-31 19:46:14.258000,2774258,0.01,26.9,1030.3,0.0,-999.0,0,0.0,0.076
1969-12-31 19:46:16.258000,2776258,0.01,26.9,1030.4,0.0,-999.0,0,0.0,0.077
1969-12-31 19:46:18.258000,2778258,0.01,26.9,1030.0,0.0,-999.0,0,0.0,0.077
1969-12-31 19:46:20.258000,2780258,0.01,26.9,1029.7,0.0,-999.0,0,0.0,0.073
1969-12-31 19:46:22.258000,2782258,0.01,26.9,1030.3,0.0,-999.0,0,0.0,0.07
1969-12-31 19:46:24.258000,2784258,0.01,26.9,1030.1,0.0,-999.0,0,0.0,0.08
1969-12-31 19:46:26.258000,2786258,0.01,26.9,1030.3,0.0,-999.0,0,0.0,0.076
1969-12-31 19:46:28.258000,2788258,0.01,26.9,1030.1,0.0,-999.0,0,0.0,0.074
1969-12-31 19:46:30.258000,2790258,0.01,26.9,1030.4,0.0,-999.0,0,0.0,0.077
1969-12-31 19:46:32.258000,2792258,0.01,26.9,1030.5,0.0,-999.0,0,0.0,0.077
1969-12-31 19:46:34.258000,2794258,0.01,26.9,1030.1,0.0,-999.0,0,0.0,0.077
1969-12-31 19:46:36.258000,2796258,0.01,26.9,1030.4,0.0,-999.0,0,0.0,0.073
1969-12-31 19:46:38.258000,2798258,0.01,26.9,1030.3,0.0,-999.0,0,0.0,0.078
1969-12-31 19:46:40.258000,2800258,0.01,26.9,1030.5,0.0,-999.0,0,0.0,0.081
1969-12-31 19:46:42.258000,2802258,0.01,26.9,1030.3,0.0,-999.0,0,0.0,0.077
1969-12-31 19:46:44.258000,2804258,0.01,26.9,1030.3,0.0,-999.0,0,0.0,0.077
1969-12-31 19:46:46.258000,2806258,0.01,26.9,1030.1,0.0,-999.0,0,0.0,0.077
1969-12-31 19:46:48.258000,2808258,0.01,26.9,1030.1,0.0,-999.0,0,0.0,0.073
1969-12-31 19:46:50.258000,2810258,0.01,26.9,1030.3,0.0,-999.0,0,0.0,0.08
1969-12-31 19:46:52.258000,2812258,0.01,26.9,1030.4,0.0,-999.0,0,0.0,0.079
1969-12-31 19:46:54.258000,2814258,0.01,26.9,1030.3,0.0,-999.0,0,0.1,0.083
1969-12-31 19:46:56.258000,2816258,0.01,27.0,1030.3,0.0,-999.0,0,0.0,0.079
1969-12-31 19:46:58.258000,2818258,0.01,27.0,1030.3,0.0,-999.0,0,0.0,0.076
1969-12-31 19:47:00.258000,2820258,0.01,26.9,1030.0,0.0,-999.0,0,0.0,0.078
1969-12-31 19:47:02.258000,2822258,0.01,26.9,1030.4,0.0,-999.0,0,0.0,0.08
1969-12-31 19:47:04.258000,2824258,0.01,27.0,1030.4,0.0,-999.0,0,0.0,0.077
1969-12-31 19:47:06.258000,2826258,0.01,27.0,1030.0,0.0,-999.0,0,0.0,0.072
1969-12-31 19:47:08.258000,2828258,0.01,27.0,1030.1,0.0,-999.0,0,0.0,0.078
1969-12-31 19:47:10.258000,2830258,0.01,27.0,1030.5,0.0,-999.0,0,0.0,0.075
1969-12-31 19:47:12.258000,2832258,0.01,27.0,1030.1,0.0,-999.0,0,0.0,0.077
1969-12-31 19:47:14.258000,2834258,0.01,27.0,1030.3,0.0,-999.0,0,0.0,0.077
1969-12-31 19:47:16.258000,2836258,0.01,27.0,1030.3,0.0,-999.0,0,0.0,0.075
1969-12-31 19:47:18.258000,2838258,0.01,27.0,1030.4,0.0,-999.0,0,0.0,0.08
1969-12-31 19:47:20.258000,2840258,0.01,27.0,1030.3,0.0,-999.0,0,0.0,0.074
1969-12-31 19:47:22.258000,2842258,0.01,27.0,1030.4,0.0,-999.0,0,0.0,0.076
1969-12-31 19:47:24.258000,2844258,0.01,27.0,1030.3,0.0,-999.0,0,0.0,0.074
1969-12-31 19:47:26.258000,2846258,0.01,27.0,1030.3,0.0,-999.0,0,0.0,0.077
1969-12-31 19:47:28.258000,2848258,0.01,27.0,1030.3,0.0,-999.0,0,0.1,0.083
1969-12-31 19:47:30.258000,2850258,0.01,27.0,1030.5,0.0,-999.0,0,0.0,0.075
1969-12-31 19:47:32.258000,2852258,0.01,27.0,1030.5,0.0,-999.0,0,0.0,0.08
1969-12-31 19:47:34.258000,2854258,0.01,27.0,1030.1,0.0,-999.0,0,0.0,0.068
1969-12-31 19:47:36.258000,2856258,0.01,27.0,1030.1,0.0,-999.0,0,0.0,0.076
1969-12-31 19:47:38.258000,2858258,0.01,27.0,1030.4,0.0,-999.0,0,0.0,0.071
1969-12-31 19:47:40.258000,2860258,0.01,27.0,1030.1,0.0,-999.0,0,0.0,0.078
1969-12-31 19:47:42.258000,2862258,0.01,27.0,1030.3,0.0,-999.0,0,0.0,0.077
1969-12-31 19:47:44.258000,2864258,0.01,27.1,1030.1,0.0,-999.0,0,0.0,0.078
1969-12-31 19:47:46.258000,2866258,0.01,27.1,1030.4,0.0,-999.0,0,0.0,0.077
1969-12-31 19:47:48.258000,2868258,0.01,27.1,1030.3,0.0,-999.0,0,0.0,0.078
1969-12-31 19:47:50.258000,2870258,0.01,27.1,1030.1,0.0,-999.0,0,0.0,0.074
1969-12-31 19:47:52.258000,2872258,0.01,27.1,1030.3,0.0,-999.0,0,0.0,0.078
1969-12-31 19:47:54.258000,2874258,0.01,27.1,1030.0,0.0,-999.0,0,0.0,0.077
1969-12-31 19:47:56.258000,2876258,0.01,27.1,1030.3,0.0,-999.0,0,0.0,0.074
1969-12-31 19:47:58.258000,2878258,0.01,27.1,1030.3,0.0,-999.0,0,0.0,0.073
1969-12-31 19:48:00.258000,2880258,0.01,27.1,1030.3,0.0,-999.0,0,0.0,0.075
1969-12-31 19:48:02.258000,2882258,0.01,27.1,1030.3,0.0,-999.0,0,0.0,0.073
1969-12-31 19:48:04.258000,2884258,0.01,27.1,1030.4,0.0,-999.0,0,0.0,0.076
1969-12-31 19:48:06.258000,2886258,0.01,27.1,1030.1,0.0,-999.0,0,0.0,0.073
1969-12-31 19:48:08.258000,2888258,0.01,27.1,1030.3,0.0,-999.0,0,0.0,0.072
1969-12-31 19:48:10.258000,2890258,0.01,27.1,1030.3,0.0,-999.0,0,0.1,0.082
1969-12-31 19:48:12.258000,2892258,0.01,27.1,1030.3,0.0,-999.0,0,0.0,0.08
1969-12-31 19:48:14.258000,2894258,0.01,27.1,1030.4,0.0,-999.0,0,0.0,0.076
1969-12-31 19:48:16.258000,2896258,0.01,27.1,1030.3,0.0,-999.0,0,0.0,0.073
1969-12-31 19:48:18.258000,2898258,0.01,27.1,1030.1,0.0,-999.0,0,0.0,0.077
1969-12-31 19:48:20.259000,2900259,0.01,27.1,1030.5,0.0,-999.0,0,0.0,0.078
1969-12-31 19:48:22.258000,2902258,0.01,27.2,1030.3,0.0,-999.0,0,0.0,0.077
1969-12-31 19:48:24.258000,2904258,0.01,27.1,1030.3,0.0,-999.0,0,0.0,0.076
1969-12-31 19:48:26.258000,2906258,0.01,27.2,1030.4,0.0,-999.0,0,0.0,0.076
1969-12-31 19:48:28.258000,2908258,0.01,27.2,1030.3,0.0,-999.0,0,0.0,0.08
1969-12-31 19:48:30.258000,2910258,0.01,27.2,1030.3,0.0,-999.0,0,0.0,0.079
1969-12-31 19:48:32.258000,2912258,0.01,27.2,1030.5,0.0,-999.0,0,0.0,0.074
1969-12-31 19:48:34.258000,2914258,0.01,27.2,1030.4,0.0,-999.0,0,0.0,0.073
1969-12-31 19:48:36.258000,2916258,0.01,27.2,1030.4,0.0,-999.0,0,0.0,0.078
1969-12-31 19:48:38.258000,2918258,0.01,27.2,1030.4,0.0,-999.0,0,0.0,0.079
1969-12-31 19:48:40.258000,2920258,0.01,27.2,1030.3,0.0,-999.0,0,0.0,0.076
1969-12-31 19:48:42.258000,2922258,0.01,27.2,1030.3,0.0,-999.0,0,0.0,0.078
1969-12-31 19:48:44.258000,2924258,0.01,27.2,1030.3,0.0,-999.0,0,0.0,0.077
1969-12-31 19:48:46.258000,2926258,0.01,27.2,1030.7,0.0,-999.0,0,0.0,0.077
1969-12-31 19:48:48.258000,2928258,0.01,27.2,1030.4,0.0,-999.0,0,0.0,0.078
1969-12-31 19:48:50.258000,2930258,0.01,27.2,1030.3,0.0,-999.0,0,0.0,0.077
1969-12-31 19:48:52.258000,2932258,0.01,27.2,1029.9,0.0,-999.0,0,0.0,0.078
1969-12-31 19:48:54.258000,2934258,0.01,27.2,1030.3,0.0,-999.0,0,0.0,0.074
1969-12-31 19:48:56.258000,2936258,0.01,27.2,1030.0,0.0,-999.0,0,0.0,0.078
1969-12-31 19:48:58.258000,2938258,0.01,27.2,1030.1,0.0,-999.0,0,0.0,0.078
1969-12-31 19:49:00.258000,2940258,0.01,27.2,1029.9,0.0,-999.0,0,0.0,0.077
1969-12-31 19:49:02.258000,2942258,0.01,27.2,1030.1,0.0,-999.0,0,0.0,0.077
1969-12-31 19:49:04.258000,2944258,0.01,27.2,1030.4,0.0,-999.0,0,0.0,0.08
1969-12-31 19:49:06.258000,2946258,0.01,27.2,1030.3,0.0,-999.0,0,0.0,0.08
1969-12-31 19:49:08.258000,2948258,0.01,27.2,1030.1,0.0,-999.0,0,0.0,0.074
1969-12-31 19:49:10.258000,2950258,0.01,27.2,1029.7,0.0,-999.0,0,0.0,0.077
1969-12-31 19:49:12.258000,2952258,0.01,27.2,1030.4,0.0,-999.0,0,0.0,0.076
1969-12-31 19:49:14.258000,2954258,0.01,27.2,1030.3,0.0,-999.0,0,0.0,0.079
1969-12-31 19:49:16.258000,2956258,0.01,27.2,1030.4,0.0,-999.0,0,0.0,0.077
1969-12-31 19:49:18.258000,2958258,0.01,27.2,1030.3,0.0,-999.0,0,0.0,0.078
1969-12-31 19:49:20.258000,2960258,0.01,27.2,1030.0,0.0,-999.0,0,0.0,0.07
1969-12-31 19:49:22.258000,2962258,0.01,27.2,1030.4,0.0,-999.0,0,0.0,0.077
1969-12-31 19:49:24.258000,2964258,0.01,27.2,1030.1,0.0,-999.0,0,0.0,0.077
1969-12-31 19:49:26.258000,2966258,0.01,27.2,1030.3,0.0,-999.0,0,0.0,0.073
1969-12-31 19:49:28.258000,2968258,0.01,27.2,1030.1,0.0,-999.0,0,0.0,0.079
1969-12-31 19:49:30.258000,2970258,0.01,27.2,1030.3,0.0,-999.0,0,0.0,0.074
1969-12-31 19:49:32.258000,2972258,0.01,27.2,1030.4,0.0,-999.0,0,0.0,0.077
1969-12-31 19:49:34.258000,2974258,0.01,27.2,1030.0,0.0,-999.0,0,0.0,0.077
1969-12-31 19:49:36.258000,2976258,0.01,27.3,1030.1,0.0,-999.0,0,0.0,0.076
1969-12-31 19:49:38.258000,2978258,0.01,27.2,1030.1,0.0,-999.0,0,0.0,0.077
1969-12-31 19:49:40.258000,2980258,0.01,27.2,1030.5,0.0,-999.0,0,0.0,0.074
1969-12-31 19:49:42.258000,2982258,0.01,27.3,1030.3,0.0,-999.0,0,0.0,0.081
1969-12-31 19:49:44.258000,2984258,0.01,27.2,1030.1,0.0,-999.0,0,0.0,0.08
1969-12-31 19:49:46.258000,2986258,0.01,27.2,1030.3,0.0,-999.0,0,0.0,0.077
1969-12-31 19:49:48.258000,2988258,0.01,27.3,1030.3,0.0,-999.0,0,0.0,0.078
1969-12-31 19:49:50.258000,2990258,0.01,27.3,1030.4,0.0,-999.0,0,0.0,0.075
1969-12-31 19:49:52.258000,2992258,0.01,27.3,1029.9,0.0,-999.0,0,0.0,0.074
1969-12-31 19:49:54.258000,2994258,0.01,27.3,1030.3,0.0,-999.0,0,0.0,0.08
1969-12-31 19:49:56.258000,2996258,0.01,27.2,1030.1,0.0,-999.0,0,0.0,0.077
1969-12-31 19:49:58.258000,2998258,0.01,27.3,1030.4,0.0,-999.0,0,0.0,0.076
1969-12-31 19:50:00.258000,3000258,0.01,27.3,1030.0,0.0,-999.0,0,0.0,0.076
1969-12-31 19:50:02.258000,3002258,0.01,27.3,1030.3,0.0,-999.0,0,0.0,0.08
1969-12-31 19:50:04.258000,3004258,0.01,27.3,1030.4,0.0,-999.0,0,0.0,0.077
1969-12-31 19:50:06.258000,3006258,0.01,27.3,1030.5,0.0,-999.0,0,0.0,0.081
1969-12-31 19:50:08.258000,3008258,0.01,27.3,1030.4,0.0,-999.0,0,0.0,0.069
1969-12-31 19:50:10.258000,3010258,0.01,27.3,1030.5,0.0,-999.0,0,0.0,0.078
1969-12-31 19:50:12.258000,3012258,0.01,27.3,1029.7,0.0,-999.0,0,0.0,0.077
1969-12-31 19:50:14.258000,3014258,0.01,27.3,1030.1,0.0,-999.0,0,0.0,0.08
1969-12-31 19:50:16.258000,3016258,0.01,27.3,1030.1,0.0,-999.0,0,0.0,0.074
1969-12-31 19:50:18.258000,3018258,0.01,27.3,1030.5,0.0,-999.0,0,0.0,0.075
1969-12-31 19:50:20.258000,3020258,0.01,27.3,1030.5,0.0,-999.0,0,0.0,0.073
1969-12-31 19:50:22.258000,3022258,0.01,27.3,1030.1,0.0,-999.0,0,0.0,0.071
1969-12-31 19:50:24.258000,3024258,0.01,27.3,1030.4,0.0,-999.0,0,0.0,0.077
1969-12-31 19:50:26.258000,3026258,0.01,27.3,1030.1,0.0,-999.0,0,0.1,0.084
1969-12-31 19:50:28.258000,3028258,0.01,27.3,1030.4,0.0,-999.0,0,0.0,0.078
1969-12-31 19:50:30.258000,3030258,0.01,27.3,1030.4,0.0,-999.0,0,0.0,0.077
1969-12-31 19:50:32.258000,3032258,0.01,27.3,1030.5,0.0,-999.0,0,0.0,0.081
1969-12-31 19:50:34.258000,3034258,0.01,27.3,1030.4,0.0,-999.0,0,0.0,0.08
1969-12-31 19:50:36.258000,3036258,0.01,27.3,1029.6,0.0,-999.0,0,0.0,0.079
1969-12-31 19:50:38.258000,3038258,0.01,27.3,1030.4,0.0,-999.0,0,0.0,0.08
1969-12-31 19:50:40.258000,3040258,0.01,27.3,1030.4,0.0,-999.0,0,0.0,0.078
1969-12-31 19:50:42.258000,3042258,0.01,27.3,1030.4,0.0,-999.0,0,0.0,0.077
1969-12-31 19:50:44.258000,3044258,0.01,27.3,1030.1,0.0,-999.0,0,0.0,0.076
1969-12-31 19:50:46.258000,3046258,0.01,27.3,1030.3,0.0,-999.0,0,0.0,0.08
1969-12-31 19:50:48.258000,3048258,0.01,27.3,1030.3,0.0,-999.0,0,0.0,0.076
1969-12-31 19:50:50.258000,3050258,0.01,27.3,1030.3,0.0,-999.0,0,0.0,0.077
1969-12-31 19:50:52.258000,3052258,0.01,27.3,1030.3,0.0,-999.0,0,0.0,0.074
1969-12-31 19:50:54.258000,3054258,0.01,27.3,1030.4,0.0,-999.0,0,0.0,0.081
1969-12-31 19:50:56.258000,3056258,0.01,27.3,1030.1,0.0,-999.0,0,0.0,0.074
1969-12-31 19:50:58.258000,3058258,0.01,27.3,1030.3,0.0,-999.0,0,0.0,0.077
1969-12-31 19:51:00.258000,3060258,0.01,27.3,1030.1,0.0,-999.0,0,0.0,0.069
1969-12-31 19:51:02.258000,3062258,0.01,27.3,1030.0,0.0,-999.0,0,0.0,0.079
1969-12-31 19:51:04.258000,3064258,0.01,27.3,1030.4,0.0,-999.0,0,0.0,0.075
1969-12-31 19:51:06.258000,3066258,0.01,27.3,1030.4,0.0,-999.0,0,0.0,0.078
1969-12-31 19:51:08.258000,3068258,0.01,27.3,1030.3,0.0,-999.0,0,0.0,0.076
1969-12-31 19:51:10.258000,3070258,0.01,27.3,1030.7,0.0,-999.0,0,0.0,0.079
1969-12-31 19:51:12.258000,3072258,0.01,27.3,1030.3,0.0,-999.0,0,0.0,0.081
1969-12-31 19:51:14.258000,3074258,0.01,27.3,1030.5,0.0,-999.0,0,0.0,0.077
1969-12-31 19:51:16.258000,3076258,0.01,27.3,1030.5,0.0,-999.0,0,0.0,0.073
1969-12-31 19:51:18.258000,3078258,0.01,27.3,1030.3,0.0,-999.0,0,0.0,0.076
1969-12-31 19:51:20.258000,3080258,0.01,27.3,1030.1,0.0,-999.0,0,0.0,0.081
1969-12-31 19:51:22.258000,3082258,0.01,27.3,1030.4,0.0,-999.0,0,0.0,0.079
1969-12-31 19:51:24.258000,3084258,0.01,27.3,1030.5,0.0,-999.0,0,0.0,0.075
1969-12-31 19:51:26.258000,3086258,0.01,27.3,1030.5,0.0,-999.0,0,0.0,0.081
1969-12-31 19:51:28.258000,3088258,0.01,27.3,1030.4,0.0,-999.0,0,0.0,0.074
1969-12-31 19:51:30.258000,3090258,0.01,27.3,1030.3,0.0,-999.0,0,0.0,0.072
1969-12-31 19:51:32.258000,3092258,0.01,27.3,1030.4,0.0,-999.0,0,0.0,0.081
1969-12-31 19:51:34.258000,3094258,0.01,27.3,1030.4,0.0,-999.0,0,0.0,0.08
1969-12-31 19:51:36.258000,3096258,0.01,27.3,1030.4,0.0,-999.0,0,0.0,0.073
1969-12-31 19:51:38.258000,3098258,0.01,27.3,1030.4,0.0,-999.0,0,0.0,0.079
1969-12-31 19:51:40.258000,3100258,0.01,27.3,1030.3,0.0,-999.0,0,0.0,0.077
1969-12-31 19:51:42.258000,3102258,0.01,27.3,1030.1,0.0,-999.0,0,0.0,0.077
1969-12-31 19:51:44.258000,3104258,0.01,27.3,1030.0,0.0,-999.0,0,0.0,0.08
1969-12-31 19:51:46.258000,3106258,0.01,27.3,1030.1,0.0,-999.0,0,0.0,0.081
1969-12-31 19:51:48.258000,3108258,0.01,27.3,1030.3,0.0,-999.0,0,0.0,0.075
1969-12-31 19:51:50.258000,3110258,0.01,27.3,1030.4,0.0,-999.0,0,0.0,0.077
1969-12-31 19:51:52.258000,3112258,0.01,27.3,1030.4,0.0,-999.0,0,0.0,0.079
1969-12-31 19:51:54.258000,3114258,0.01,27.3,1030.3,0.0,-999.0,0,0.0,0.076
1969-12-31 19:51:56.258000,3116258,0.01,27.3,1030.5,0.0,-999.0,0,0.0,0.072
1969-12-31 19:51:58.258000,3118258,0.01,27.3,1030.4,0.0,-999.0,0,0.0,0.081
1969-12-31 19:52:00.258000,3120258,0.01,27.3,1030.5,0.0,-999.0,0,0.0,0.073
1969-12-31 19:52:02.258000,3122258,0.01,27.3,1030.1,0.0,-999.0,0,0.1,0.085
1969-12-31 19:52:04.258000,3124258,0.01,27.3,1030.1,0.0,-999.0,0,0.0,0.073
1969-12-31 19:52:06.258000,3126258,0.01,27.3,1030.1,0.0,-999.0,0,0.1,0.082
1969-12-31 19:52:08.258000,3128258,0.01,27.3,1030.1,0.0,-999.0,0,0.0,0.081
1969-12-31 19:52:10.258000,3130258,0.01,27.3,1030.3,0.0,-999.0,0,0.0,0.077
1969-12-31 19:52:12.258000,3132258,0.01,27.3,1030.3,0.0,-999.0,0,0.0,0.074
1969-12-31 19:52:14.258000,3134258,0.01,27.3,1030.3,0.0,-999.0,0,0.0,0.076
1969-12-31 19:52:16.258000,3136258,0.01,27.3,1030.4,0.0,-999.0,0,0.0,0.075
1969-12-31 19:52:18.258000,3138258,0.01,27.3,1030.4,0.0,-999.0,0,0.0,0.077
1969-12-31 19:52:20.258000,3140258,0.01,27.3,1030.3,0.0,-999.0,0,0.0,0.079
1969-12-31 19:52:22.258000,3142258,0.01,27.3,1030.5,0.0,-999.0,0,0.0,0.075
1969-12-31 19:52:24.258000,3144258,0.01,27.3,1030.4,0.0,-999.0,0,0.0,0.073
1969-12-31 19:52:26.258000,3146258,0.01,27.3,1030.4,0.0,-999.0,0,0.0,0.076
1969-12-31 19:52:28.258000,3148258,0.01,27.3,1030.5,0.0,-999.0,0,0.0,0.077
1969-12-31 19:52:30.258000,3150258,0.01,27.3,1030.3,0.0,-999.0,0,0.0,0.077
1969-12-31 19:52:32.258000,3152258,0.01,27.3,1030.4,0.0,-999.0,0,0.0,0.079
1969-12-31 19:52:34.258000,3154258,0.01,27.3,1030.3,0.0,-999.0,0,0.0,0.077
1969-12-31 19:52:36.258000,3156258,0.01,27.3,1030.3,0.0,-999.0,0,0.0,0.073
1969-12-31 19:52:38.258000,3158258,0.01,27.3,1030.5,0.0,-999.0,0,0.0,0.077
1969-12-31 19:52:40.258000,3160258,0.01,27.3,1030.5,0.0,-999.0,0,0.0,0.075
1969-12-31 19:52:42.258000,3162258,0.01,27.3,1030.4,0.0,-999.0,0,0.0,0.077
1969-12-31 19:52:44.258000,3164258,0.01,27.3,1030.4,0.0,-999.0,0,0.0,0.073
1969-12-31 19:52:46.258000,3166258,0.01,27.3,1030.1,0.0,-999.0,0,0.0,0.078
1969-12-31 19:52:48.258000,3168258,0.01,27.3,1030.0,0.0,-999.0,0,0.0,0.078
1969-12-31 19:52:50.258000,3170258,0.01,27.3,1030.4,0.0,-999.0,0,0.0,0.076
1969-12-31 19:52:52.258000,3172258,0.01,27.3,1029.9,0.0,-999.0,0,0.0,0.073
1969-12-31 19:52:54.258000,3174258,0.01,27.3,1030.1,0.0,-999.0,0,0.0,0.074
1969-12-31 19:52:56.258000,3176258,0.01,27.3,1030.5,0.0,-999.0,0,0.0,0.075
1969-12-31 19:52:58.258000,3178258,0.01,27.3,1029.9,0.0,-999.0,0,0.0,0.077
1969-12-31 19:53:00.258000,3180258,0.01,27.3,1030.3,0.0,-999.0,0,0.0,0.077
1969-12-31 19:53:02.258000,3182258,0.01,27.3,1029.9,0.0,-999.0,0,0.0,0.074
1969-12-31 19:53:04.258000,3184258,0.01,27.3,1029.9,0.0,-999.0,0,0.0,0.077
1969-12-31 19:53:06.258000,3186258,0.01,27.3,1029.7,0.0,-999.0,0,0.0,0.075
1969-12-31 19:53:08.258000,3188258,0.01,27.3,1030.3,0.0,-999.0,0,0.0,0.073
1969-12-31 19:53:10.258000,3190258,0.01,27.3,1030.4,0.0,-999.0,0,0.0,0.077
1969-12-31 19:53:12.258000,3192258,0.01,27.3,1030.3,0.0,-999.0,0,0.0,0.076
1969-12-31 19:53:14.258000,3194258,0.01,27.3,1030.3,0.0,-999.0,0,0.0,0.075
1969-12-31 19:53:16.258000,3196258,0.01,27.3,1030.3,0.0,-999.0,0,0.0,0.073
1969-12-31 19:53:18.258000,3198258,0.01,27.3,1030.0,0.0,-999.0,0,0.0,0.077
1969-12-31 19:53:20.258000,3200258,0.01,27.3,1030.4,0.0,-999.0,0,0.0,0.077
1969-12-31 19:53:22.258000,3202258,0.01,27.3,1030.1,0.0,-999.0,0,0.0,0.079
1969-12-31 19:53:24.258000,3204258,0.01,27.3,1030.3,0.0,-999.0,0,0.0,0.072
1969-12-31 19:53:26.258000,3206258,0.01,27.3,1030.3,0.0,-999.0,0,0.0,0.077
1969-12-31 19:53:28.258000,3208258,0.01,27.3,1030.3,0.0,-999.0,0,0.0,0.074
1969-12-31 19:53:30.258000,3210258,0.01,27.3,1030.3,0.0,-999.0,0,0.0,0.075
1969-12-31 19:53:32.258000,3212258,0.01,27.3,1030.1,0.0,-999.0,0,0.0,0.077
1969-12-31 19:53:34.258000,3214258,0.01,27.3,1030.5,0.0,-999.0,0,0.0,0.076
1969-12-31 19:53:36.258000,3216258,0.01,27.3,1030.1,0.0,-999.0,0,0.0,0.08
1969-12-31 19:53:38.268000,3218268,0.01,27.3,1030.3,0.0,-999.0,0,0.0,0.076
1969-12-31 19:53:40.258000,3220258,0.01,27.3,1030.3,0.0,-999.0,0,0.0,0.077
1969-12-31 19:53:42.258000,3222258,0.01,27.3,1030.4,0.0,-999.0,0,0.0,0.075
1969-12-31 19:53:44.258000,3224258,0.01,27.3,1030.5,0.0,-999.0,0,0.0,0.074
1969-12-31 19:53:46.268000,3226268,0.01,27.3,1030.4,0.0,-999.0,0,0.0,0.078
1969-12-31 19:53:48.268000,3228268,0.01,27.3,1030.3,0.0,-999.0,0,0.0,0.074
1969-12-31 19:53:50.268000,3230268,0.01,27.3,1030.4,0.0,-999.0,0,0.0,0.075
1969-12-31 19:53:52.268000,3232268,0.01,27.3,1030.3,0.0,-999.0,0,0.0,0.077
1969-12-31 19:53:54.268000,3234268,0.01,27.3,1030.3,0.0,-999.0,0,0.0,0.081
1969-12-31 19:53:56.268000,3236268,0.01,27.3,1030.4,0.0,-999.0,0,0.0,0.078
1969-12-31 19:53:58.268000,3238268,0.01,27.3,1030.3,0.0,-999.0,0,0.0,0.077
1969-12-31 19:54:00.268000,3240268,0.01,27.3,1030.3,0.0,-999.0,0,0.0,0.077
1969-12-31 19:54:02.268000,3242268,0.01,27.3,1030.3,0.0,-999.0,0,0.0,0.073
1969-12-31 19:54:04.268000,3244268,0.01,27.3,1030.1,0.0,-999.0,0,0.0,0.08
1969-12-31 19:54:06.268000,3246268,0.01,27.3,1030.3,0.0,-999.0,0,0.0,0.078
1969-12-31 19:54:08.268000,3248268,0.01,27.3,1029.9,0.0,-999.0,0,0.0,0.08
1969-12-31 19:54:10.268000,3250268,0.01,27.3,1030.1,0.0,-999.0,0,0.0,0.077
1969-12-31 19:54:12.268000,3252268,0.01,27.3,1029.7,0.0,-999.0,0,0.0,0.077
1969-12-31 19:54:14.268000,3254268,0.01,27.3,1030.0,0.0,-999.0,0,0.0,0.075
1969-12-31 19:54:16.268000,3256268,0.01,27.3,1030.4,0.0,-999.0,0,0.0,0.079
1969-12-31 19:54:18.268000,3258268,0.01,27.3,1030.0,0.0,-999.0,0,0.0,0.076
1969-12-31 19:54:20.268000,3260268,0.01,27.3,1030.4,0.0,-999.0,0,0.0,0.077
1969-12-31 19:54:22.268000,3262268,0.01,27.3,1029.7,0.0,-999.0,0,0.0,0.076
1969-12-31 19:54:24.268000,3264268,0.01,27.3,1030.1,0.0,-999.0,0,0.0,0.077
1969-12-31 19:54:26.268000,3266268,0.01,27.3,1030.3,0.0,-999.0,0,0.0,0.08
1969-12-31 19:54:28.268000,3268268,0.01,27.3,1030.3,0.0,-999.0,0,0.0,0.076
1969-12-31 19:54:30.268000,3270268,0.01,27.3,1030.1,0.0,-999.0,0,0.0,0.073
1969-12-31 19:54:32.268000,3272268,0.01,27.3,1029.7,0.0,-999.0,0,0.0,0.073
1969-12-31 19:54:34.268000,3274268,0.01,27.3,1030.1,0.0,-999.0,0,0.0,0.073
1969-12-31 19:54:36.268000,3276268,0.01,27.3,1030.3,0.0,-999.0,0,0.0,0.079
1969-12-31 19:54:38.268000,3278268,0.01,27.3,1030.3,0.0,-999.0,0,0.0,0.076
1969-12-31 19:54:40.268000,3280268,0.01,27.3,1030.1,0.0,-999.0,0,0.0,0.073
1969-12-31 19:54:42.268000,3282268,0.01,27.3,1030.1,0.0,-999.0,0,0.0,0.075
1969-12-31 19:54:44.268000,3284268,0.01,27.3,1030.1,0.0,-999.0,0,0.0,0.078
1969-12-31 19:54:46.268000,3286268,0.01,27.3,1030.3,0.0,-999.0,0,0.0,0.077
1969-12-31 19:54:48.268000,3288268,0.01,27.3,1030.4,0.0,-999.0,0,0.0,0.077
1969-12-31 19:54:50.268000,3290268,0.01,27.3,1030.4,0.0,-999.0,0,0.0,0.077
1969-12-31 19:54:52.268000,3292268,0.01,27.3,1030.5,0.0,-999.0,0,0.0,0.077
1969-12-31 19:54:54.268000,3294268,0.01,27.3,1030.5,0.0,-999.0,0,0.0,0.081
1969-12-31 19:54:56.268000,3296268,0.01,27.3,1030.1,0.0,-999.0,0,0.0,0.079
1969-12-31 19:54:58.268000,3298268,0.01,27.3,1030.1,0.0,-999.0,0,0.0,0.077
1969-12-31 19:55:00.268000,3300268,0.01,27.3,1030.1,0.0,-999.0,0,0.0,0.076
1969-12-31 19:55:02.268000,3302268,0.01,27.3,1030.1,0.0,-999.0,0,0.0,0.074
1969-12-31 19:55:04.268000,3304268,0.01,27.3,1030.1,0.0,-999.0,0,0.0,0.081
1969-12-31 19:55:06.268000,3306268,0.01,27.3,1030.0,0.0,-999.0,0,0.0,0.076
1969-12-31 19:55:08.268000,3308268,0.01,27.3,1030.0,0.0,-999.0,0,0.0,0.074
1969-12-31 19:55:10.268000,3310268,0.01,27.3,1030.1,0.0,-999.0,0,0.0,0.074
1969-12-31 19:55:12.268000,3312268,0.01,27.3,1029.7,0.0,-999.0,0,0.0,0.075
1969-12-31 19:55:14.268000,3314268,0.01,27.3,1030.0,0.0,-999.0,0,0.0,0.074
1969-12-31 19:55:16.268000,3316268,0.01,27.3,1030.4,0.0,-999.0,0,0.0,0.075
1969-12-31 19:55:18.268000,3318268,0.01,27.3,1030.3,0.0,-999.0,0,0.0,0.077
1969-12-31 19:55:20.268000,3320268,0.01,27.3,1030.1,0.0,-999.0,0,0.1,0.083
1969-12-31 19:55:22.268000,3322268,0.01,27.3,1030.0,0.0,-999.0,0,0.0,0.081
1969-12-31 19:55:24.268000,3324268,0.01,27.3,1030.0,0.0,-999.0,0,0.0,0.076
1969-12-31 19:55:26.268000,3326268,0.01,27.3,1030.1,0.0,-999.0,0,0.0,0.072
1969-12-31 19:55:28.268000,3328268,0.01,27.3,1030.1,0.0,-999.0,0,0.0,0.076
1969-12-31 19:55:30.268000,3330268,0.01,27.3,1030.1,0.0,-999.0,0,0.0,0.077
1969-12-31 19:55:32.268000,3332268,0.01,27.3,1030.1,0.0,-999.0,0,0.0,0.076
1969-12-31 19:55:34.268000,3334268,0.01,27.3,1030.1,0.0,-999.0,0,0.0,0.077
1969-12-31 19:55:36.268000,3336268,0.01,27.3,1030.1,0.0,-999.0,0,0.0,0.075
1969-12-31 19:55:38.268000,3338268,0.01,27.3,1030.3,0.0,-999.0,0,0.0,0.072
1969-12-31 19:55:40.268000,3340268,0.01,27.3,1030.3,0.0,-999.0,0,0.0,0.074
1969-12-31 19:55:42.268000,3342268,0.01,27.3,1030.3,0.0,-999.0,0,0.0,0.074
1969-12-31 19:55:44.268000,3344268,0.01,27.3,1030.3,0.0,-999.0,0,0.0,0.077
1969-12-31 19:55:46.268000,3346268,0.01,27.3,1030.0,0.0,-999.0,0,0.0,0.075
1969-12-31 19:55:48.268000,3348268,0.01,27.3,1030.0,0.0,-999.0,0,0.0,0.078
1969-12-31 19:55:50.268000,3350268,0.01,27.3,1030.0,0.0,-999.0,0,0.0,0.075
1969-12-31 19:55:52.268000,3352268,0.01,27.3,1030.0,0.0,-999.0,0,0.0,0.073
1969-12-31 19:55:54.268000,3354268,0.01,27.3,1030.0,0.0,-999.0,0,0.0,0.073
1969-12-31 19:55:56.268000,3356268,0.01,27.3,1030.4,0.0,-999.0,0,0.0,0.077
1969-12-31 19:55:58.268000,3358268,0.01,27.3,1030.3,0.0,-999.0,0,0.0,0.077
1969-12-31 19:56:00.268000,3360268,0.01,27.3,1030.0,0.0,-999.0,0,0.0,0.074
1969-12-31 19:56:02.268000,3362268,0.01,27.3,1030.1,0.0,-999.0,0,0.0,0.073
1969-12-31 19:56:04.268000,3364268,0.01,27.3,1030.0,0.0,-999.0,0,0.0,0.077
1969-12-31 19:56:06.268000,3366268,0.01,27.3,1030.3,0.0,-999.0,0,0.0,0.076
1969-12-31 19:56:08.268000,3368268,0.01,27.3,1030.4,0.0,-999.0,0,0.0,0.075
1969-12-31 19:56:10.268000,3370268,0.01,27.3,1030.3,0.0,-999.0,0,0.0,0.078
1969-12-31 19:56:12.268000,3372268,0.01,27.3,1029.9,0.0,-999.0,0,0.0,0.074
1969-12-31 19:56:14.268000,3374268,0.01,27.3,1030.4,0.0,-999.0,0,0.0,0.079
1969-12-31 19:56:16.268000,3376268,0.01,27.3,1030.3,0.0,-999.0,0,0.0,0.075
1969-12-31 19:56:18.268000,3378268,0.01,27.3,1030.1,0.0,-999.0,0,0.0,0.075
1969-12-31 19:56:20.268000,3380268,0.01,27.3,1030.3,0.0,-999.0,0,0.0,0.079
1969-12-31 19:56:22.268000,3382268,0.01,27.3,1030.3,0.0,-999.0,0,0.0,0.076
1969-12-31 19:56:24.268000,3384268,0.01,27.3,1029.9,0.0,-999.0,0,0.0,0.07
1969-12-31 19:56:26.268000,3386268,0.01,27.3,1030.4,0.0,-999.0,0,0.0,0.077
1969-12-31 19:56:28.268000,3388268,0.01,27.3,1030.0,0.0,-999.0,0,0.0,0.079
1969-12-31 19:56:30.268000,3390268,0.01,27.3,1030.0,0.0,-999.0,0,0.0,0.079
1969-12-31 19:56:32.268000,3392268,0.01,27.3,1030.4,0.0,-999.0,0,0.0,0.073
1969-12-31 19:56:34.268000,3394268,0.01,27.3,1030.4,0.0,-999.0,0,0.0,0.077
1969-12-31 19:56:36.268000,3396268,0.01,27.3,1030.4,0.0,-999.0,0,0.0,0.075
1969-12-31 19:56:38.268000,3398268,0.01,27.3,1030.3,0.0,-999.0,0,0.0,0.075
1969-12-31 19:56:40.268000,3400268,0.01,27.3,1030.3,0.0,-999.0,0,0.0,0.074
1969-12-31 19:56:42.268000,3402268,0.01,27.3,1029.9,0.0,-999.0,0,0.0,0.079
1969-12-31 19:56:44.268000,3404268,0.01,27.3,1030.4,0.0,-999.0,0,0.0,0.078
1969-12-31 19:56:46.268000,3406268,0.01,27.3,1030.5,0.0,-999.0,0,0.0,0.08
1969-12-31 19:56:48.268000,3408268,0.01,27.3,1030.1,0.0,-999.0,0,0.0,0.074
1969-12-31 19:56:50.268000,3410268,0.01,27.3,1030.5,0.0,-999.0,0,0.0,0.074
1969-12-31 19:56:52.269000,3412269,0.01,27.3,1030.1,0.0,-999.0,0,0.0,0.076
1969-12-31 19:56:54.268000,3414268,0.01,27.3,1030.0,0.0,-999.0,0,0.0,0.079
1969-12-31 19:56:56.268000,3416268,0.01,27.3,1030.3,0.0,-999.0,0,0.0,0.077
1969-12-31 19:56:58.348000,3418348,0.01,27.3,1030.3,0.0,-999.0,0,0.0,0.075
1969-12-31 19:57:00.268000,3420268,0.01,27.3,1030.3,0.0,-999.0,0,0.0,0.078
1969-12-31 19:57:02.268000,3422268,0.01,27.3,1030.3,0.0,-999.0,0,0.0,0.081
1969-12-31 19:57:04.268000,3424268,0.01,27.3,1030.0,0.0,-999.0,0,0.0,0.077
1969-12-31 19:57:06.268000,3426268,0.01,27.3,1030.3,0.0,-999.0,0,0.0,0.077
1969-12-31 19:57:08.268000,3428268,0.01,27.3,1029.9,0.0,-999.0,0,0.0,0.076
1969-12-31 19:57:10.268000,3430268,0.01,27.3,1030.1,0.0,-999.0,0,0.0,0.076
1969-12-31 19:57:12.268000,3432268,0.01,27.3,1030.4,0.0,-999.0,0,0.0,0.077
1969-12-31 19:57:14.268000,3434268,0.01,27.3,1030.1,0.0,-999.0,0,0.0,0.073
1969-12-31 19:57:16.268000,3436268,0.01,27.3,1030.0,0.0,-999.0,0,0.0,0.08
1969-12-31 19:57:18.268000,3438268,0.01,27.3,1030.3,0.0,-999.0,0,0.0,0.077
1969-12-31 19:57:20.268000,3440268,0.01,27.3,1030.3,0.0,-999.0,0,0.0,0.072
1969-12-31 19:57:22.268000,3442268,0.01,27.3,1029.7,0.0,-999.0,0,0.0,0.077
1969-12-31 19:57:24.268000,3444268,0.01,27.3,1030.4,0.0,-999.0,0,0.0,0.075
1969-12-31 19:57:26.268000,3446268,0.01,27.3,1030.1,0.0,-999.0,0,0.0,0.074
1969-12-31 19:57:28.268000,3448268,0.01,27.3,1030.1,0.0,-999.0,0,0.0,0.072
1969-12-31 19:57:30.268000,3450268,0.01,27.3,1030.4,0.0,-999.0,0,0.0,0.078
1969-12-31 19:57:32.268000,3452268,0.01,27.3,1030.0,0.0,-999.0,0,0.0,0.078
1969-12-31 19:57:34.268000,3454268,0.01,27.3,1030.0,0.0,-999.0,0,0.0,0.073
1969-12-31 19:57:36.268000,3456268,0.01,27.3,1030.3,0.0,-999.0,0,0.0,0.08
1969-12-31 19:57:38.268000,3458268,0.01,27.3,1030.3,0.0,-999.0,0,0.0,0.079
1969-12-31 19:57:40.268000,3460268,0.01,27.3,1030.1,0.0,-999.0,0,0.0,0.077
1969-12-31 19:57:42.268000,3462268,0.01,27.3,1030.1,0.0,-999.0,0,0.0,0.077
1969-12-31 19:57:44.268000,3464268,0.01,27.3,1030.4,0.0,-999.0,0,0.0,0.073
1969-12-31 19:57:46.268000,3466268,0.01,27.3,1030.5,0.0,-999.0,0,0.0,0.078
1969-12-31 19:57:48.269000,3468269,0.01,27.3,1030.3,0.0,-999.0,0,0.0,0.08
1969-12-31 19:57:50.268000,3470268,0.01,27.3,1030.0,0.0,-999.0,0,0.0,0.077
1969-12-31 19:57:52.268000,3472268,0.01,27.3,1030.3,0.0,-999.0,0,0.0,0.079
1969-12-31 19:57:54.268000,3474268,0.01,27.3,1030.3,0.0,-999.0,0,0.0,0.081
1969-12-31 19:57:56.268000,3476268,0.01,27.3,1030.3,0.0,-999.0,0,0.1,0.083
1969-12-31 19:57:58.268000,3478268,0.01,27.3,1030.5,0.0,-999.0,0,0.0,0.078
1969-12-31 19:58:00.268000,3480268,0.01,27.3,1030.3,0.0,-999.0,0,0.0,0.072
1969-12-31 19:58:02.268000,3482268,0.01,27.3,1030.3,0.0,-999.0,0,0.0,0.074
1969-12-31 19:58:04.268000,3484268,0.01,27.3,1030.0,0.0,-999.0,0,0.0,0.08
1969-12-31 19:58:06.268000,3486268,0.01,27.3,1030.1,0.0,-999.0,0,0.0,0.076
1969-12-31 19:58:08.268000,3488268,0.01,27.3,1030.1,0.0,-999.0,0,0.0,0.078
1969-12-31 19:58:10.268000,3490268,0.01,27.3,1030.1,0.0,-999.0,0,0.0,0.075
1969-12-31 19:58:12.268000,3492268,0.01,27.3,1030.4,0.0,-999.0,0,0.0,0.075
1969-12-31 19:58:14.268000,3494268,0.01,27.3,1030.4,0.0,-999.0,0,0.1,0.083
1969-12-31 19:58:16.268000,3496268,0.01,27.3,1030.1,0.0,-999.0,0,0.0,0.079
1969-12-31 19:58:18.268000,3498268,0.01,27.3,1030.4,0.0,-999.0,0,0.0,0.078
1969-12-31 19:58:20.268000,3500268,0.01,27.3,1029.7,0.0,-999.0,0,0.0,0.076
1969-12-31 19:58:22.268000,3502268,0.01,27.3,1030.0,0.0,-999.0,0,0.0,0.071
1969-12-31 19:58:24.268000,3504268,0.01,27.3,1030.1,0.0,-999.0,0,0.0,0.073
1969-12-31 19:58:26.268000,3506268,0.01,27.3,1030.0,0.0,-999.0,0,0.1,0.082
1969-12-31 19:58:28.268000,3508268,0.01,27.3,1030.3,0.0,-999.0,0,0.0,0.077
1969-12-31 19:58:30.268000,3510268,0.01,27.3,1030.3,0.0,-999.0,0,0.0,0.071
1969-12-31 19:58:32.268000,3512268,0.01,27.3,1030.4,0.0,-999.0,0,0.0,0.077
1969-12-31 19:58:34.268000,3514268,0.01,27.3,1030.3,0.0,-999.0,0,0.1,0.084
1969-12-31 19:58:36.268000,3516268,0.01,27.3,1030.3,0.0,-999.0,0,0.0,0.073
1969-12-31 19:58:38.268000,3518268,0.01,27.3,1030.1,0.0,-999.0,0,0.0,0.079
1969-12-31 19:58:40.268000,3520268,0.01,27.3,1030.1,0.0,-999.0,0,0.0,0.074
1969-12-31 19:58:42.268000,3522268,0.01,27.3,1030.0,0.0,-999.0,0,0.0,0.077
1969-12-31 19:58:44.268000,3524268,0.01,27.3,1030.4,0.0,-999.0,0,0.0,0.077
1969-12-31 19:58:46.268000,3526268,0.01,27.3,1030.3,0.0,-999.0,0,0.1,0.082
1969-12-31 19:58:48.268000,3528268,0.01,27.3,1030.0,0.0,-999.0,0,0.0,0.078
1969-12-31 19:58:50.268000,3530268,0.01,27.3,1030.3,0.0,-999.0,0,0.0,0.08
1969-12-31 19:58:52.268000,3532268,0.01,27.3,1030.1,0.0,-999.0,0,0.0,0.075
1969-12-31 19:58:54.268000,3534268,0.01,27.3,1030.4,0.0,-999.0,0,0.0,0.078
1969-12-31 19:58:56.268000,3536268,0.01,27.3,1030.3,0.0,-999.0,0,0.0,0.081
1969-12-31 19:58:58.268000,3538268,0.01,27.3,1030.4,0.0,-999.0,0,0.0,0.077
1969-12-31 19:59:00.268000,3540268,0.01,27.3,1030.3,0.0,-999.0,0,0.0,0.079
1969-12-31 19:59:02.268000,3542268,0.01,27.3,1029.6,0.0,-999.0,0,0.0,0.073
1969-12-31 19:59:04.268000,3544268,0.01,27.3,1030.1,0.0,-999.0,0,0.0,0.081
1969-12-31 19:59:06.268000,3546268,0.01,27.3,1030.5,0.0,-999.0,0,0.0,0.078
1969-12-31 19:59:08.268000,3548268,0.01,27.3,1030.5,0.0,-999.0,0,0.0,0.078
1969-12-31 19:59:10.268000,3550268,0.01,27.3,1030.5,0.0,-999.0,0,0.0,0.077
1969-12-31 19:59:12.268000,3552268,0.01,27.3,1030.4,0.0,-999.0,0,0.0,0.073
1969-12-31 19:59:14.268000,3554268,0.01,27.3,1030.3,0.0,-999.0,0,0.0,0.071
1969-12-31 19:59:16.268000,3556268,0.01,27.3,1030.5,0.0,-999.0,0,0.0,0.08
1969-12-31 19:59:18.268000,3558268,0.01,27.3,1030.0,0.0,-999.0,0,0.0,0.081
1969-12-31 19:59:20.268000,3560268,0.01,27.3,1030.4,0.0,-999.0,0,0.1,0.082
1969-12-31 19:59:22.268000,3562268,0.01,27.3,1030.3,0.0,-999.0,0,0.0,0.077
1969-12-31 19:59:24.268000,3564268,0.01,27.3,1030.4,0.0,-999.0,0,0.0,0.077
1969-12-31 19:59:26.268000,3566268,0.01,27.3,1030.1,0.0,-999.0,0,0.0,0.075
1969-12-31 19:59:28.268000,3568268,0.01,27.3,1030.3,0.0,-999.0,0,0.0,0.076
1969-12-31 19:59:30.268000,3570268,0.01,27.3,1030.0,0.0,-999.0,0,0.0,0.077
1969-12-31 19:59:32.268000,3572268,0.01,27.3,1029.7,0.0,-999.0,0,0.0,0.072
1969-12-31 19:59:34.268000,3574268,0.01,27.3,1030.4,0.0,-999.0,0,0.0,0.078
1969-12-31 19:59:36.268000,3576268,0.01,27.3,1030.5,0.0,-999.0,0,0.0,0.081
1969-12-31 19:59:38.268000,3578268,0.01,27.3,1030.3,0.0,-999.0,0,0.0,0.075
1969-12-31 19:59:40.268000,3580268,0.01,27.3,1030.4,0.0,-999.0,0,0.0,0.077
1969-12-31 19:59:42.268000,3582268,0.01,27.3,1030.0,0.0,-999.0,0,0.0,0.07
1969-12-31 19:59:44.268000,3584268,0.01,27.3,1030.0,0.0,-999.0,0,0.0,0.077
1969-12-31 19:59:46.268000,3586268,0.01,27.3,1030.5,0.0,-999.0,0,0.0,0.074
1969-12-31 19:59:48.268000,3588268,0.01,27.3,1030.5,0.0,-999.0,0,0.0,0.073
1969-12-31 19:59:50.268000,3590268,0.01,27.3,1030.3,0.0,-999.0,0,0.0,0.076
1969-12-31 19:59:52.268000,3592268,0.01,27.3,1030.3,0.0,-999.0,0,0.0,0.08
1969-12-31 19:59:54.268000,3594268,0.01,27.3,1030.3,0.0,-999.0,0,0.0,0.077
1969-12-31 19:59:56.268000,3596268,0.01,27.3,1030.5,0.0,-999.0,0,0.0,0.073
1969-12-31 19:59:58.268000,3598268,0.01,27.3,1030.4,0.0,-999.0,0,0.0,0.078
1969-12-31 20:00:00.268000,3600268,0.01,27.3,1030.3,0.0,-999.0,0,0.0,0.074
1969-12-31 20:00:02.268000,3602268,0.01,27.3,1030.4,0.0,-999.0,0,0.0,0.077
1969-12-31 20:00:04.268000,3604268,0.01,27.3,1030.5,0.0,-999.0,0,0.0,0.078
1969-12-31 20:00:06.268000,3606268,0.01,27.3,1030.4,0.0,-999.0,0,0.0,0.08
1969-12-31 20:00:08.268000,3608268,0.01,27.3,1030.3,0.0,-999.0,0,0.2,0.085
1969-12-31 20:00:10.268000,3610268,0.01,27.3,1030.1,0.0,-999.0,0,0.0,0.077
1969-12-31 20:00:12.268000,3612268,0.01,27.3,1030.5,0.0,-999.0,0,0.0,0.075
1969-12-31 20:00:14.268000,3614268,0.01,27.3,1030.3,0.0,-999.0,0,0.1,0.084
1969-12-31 20:00:16.268000,3616268,0.01,27.3,1030.3,0.0,-999.0,0,0.0,0.078
1969-12-31 20:00:18.268000,3618268,0.01,27.3,1030.3,0.0,-999.0,0,0.0,0.078
1969-12-31 20:00:20.268000,3620268,0.01,27.3,1030.0,0.0,-999.0,0,0.0,0.073
1969-12-31 20:00:22.268000,3622268,0.01,27.3,1030.3,0.0,-999.0,0,0.0,0.074
1969-12-31 20:00:24.268000,3624268,0.01,27.3,1030.4,0.0,-999.0,0,0.0,0.077
1969-12-31 20:00:26.268000,3626268,0.01,27.3,1030.4,0.0,-999.0,0,0.0,0.08
1969-12-31 20:00:28.268000,3628268,0.01,27.3,1030.3,0.0,-999.0,0,0.0,0.079
1969-12-31 20:00:30.268000,3630268,0.01,27.3,1030.1,0.0,-999.0,0,0.0,0.075
1969-12-31 20:00:32.268000,3632268,0.01,27.3,1030.1,0.0,-999.0,0,0.1,0.083
1969-12-31 20:00:34.268000,3634268,0.01,27.3,1030.3,0.0,-999.0,0,0.0,0.076
1969-12-31 20:00:36.268000,3636268,0.01,27.3,1030.4,0.0,-999.0,0,0.0,0.078
1969-12-31 20:00:38.268000,3638268,0.01,27.3,1030.3,0.0,-999.0,0,0.0,0.077
1969-12-31 20:00:40.268000,3640268,0.01,27.3,1030.4,0.0,-999.0,0,0.0,0.072
1969-12-31 20:00:42.268000,3642268,0.01,27.3,1030.4,0.0,-999.0,0,0.0,0.076
1969-12-31 20:00:44.268000,3644268,0.01,27.3,1030.4,0.0,-999.0,0,0.1,0.083
1969-12-31 20:00:46.268000,3646268,0.01,27.3,1030.3,0.0,-999.0,0,0.0,0.074
1969-12-31 20:00:48.268000,3648268,0.01,27.3,1030.3,0.0,-999.0,0,0.0,0.081
1969-12-31 20:00:50.268000,3650268,0.01,27.3,1030.4,0.0,-999.0,0,0.0,0.077
1969-12-31 20:00:52.268000,3652268,0.01,27.3,1030.4,0.0,-999.0,0,0.0,0.073
1969-12-31 20:00:54.268000,3654268,0.01,27.3,1030.3,0.0,-999.0,0,0.0,0.077
1969-12-31 20:00:56.268000,3656268,0.01,27.3,1030.1,0.0,-999.0,0,0.0,0.073
1969-12-31 20:00:58.268000,3658268,0.01,27.3,1030.3,0.0,-999.0,0,0.0,0.077
1969-12-31 20:01:00.268000,3660268,0.01,27.3,1030.1,0.0,-999.0,0,0.0,0.075
1969-12-31 20:01:02.268000,3662268,0.01,27.3,1030.3,0.0,-999.0,0,0.0,0.069
1969-12-31 20:01:04.268000,3664268,0.01,27.3,1030.1,0.0,-999.0,0,0.0,0.076
1969-12-31 20:01:06.268000,3666268,0.01,27.3,1030.4,0.0,-999.0,0,0.0,0.074
1969-12-31 20:01:08.268000,3668268,0.01,27.3,1030.1,0.0,-999.0,0,0.0,0.077
1969-12-31 20:01:10.268000,3670268,0.01,27.3,1030.4,0.0,-999.0,0,0.0,0.073
1969-12-31 20:01:12.268000,3672268,0.01,27.3,1029.9,0.0,-999.0,0,0.0,0.077
1969-12-31 20:01:14.268000,3674268,0.01,27.3,1030.3,0.0,-999.0,0,0.0,0.079
1969-12-31 20:01:16.268000,3676268,0.01,27.3,1030.5,0.0,-999.0,0,0.0,0.075
1969-12-31 20:01:18.268000,3678268,0.01,27.3,1030.3,0.0,-999.0,0,0.0,0.077
1969-12-31 20:01:20.268000,3680268,0.01,27.3,1030.1,0.0,-999.0,0,0.0,0.076
1969-12-31 20:01:22.268000,3682268,0.01,27.3,1030.0,0.0,-999.0,0,0.0,0.077
1969-12-31 20:01:24.268000,3684268,0.01,27.3,1030.3,0.0,-999.0,0,0.0,0.079
1969-12-31 20:01:26.268000,3686268,0.01,27.3,1030.0,0.0,-999.0,0,0.0,0.075
1969-12-31 20:01:28.268000,3688268,0.01,27.3,1030.1,0.0,-999.0,0,0.0,0.075
1969-12-31 20:01:30.268000,3690268,0.01,27.3,1030.0,0.0,-999.0,0,0.0,0.078
1969-12-31 20:01:32.268000,3692268,0.01,27.3,1030.3,0.0,-999.0,0,0.0,0.077
1969-12-31 20:01:34.269000,3694269,0.01,27.3,1030.4,0.0,-999.0,0,0.0,0.077
1969-12-31 20:01:36.268000,3696268,0.01,27.3,1030.0,0.0,-999.0,0,0.0,0.075
1969-12-31 20:01:38.268000,3698268,0.01,27.3,1030.3,0.0,-999.0,0,0.0,0.076
1969-12-31 20:01:40.268000,3700268,0.01,27.3,1030.1,0.0,-999.0,0,0.0,0.079
1969-12-31 20:01:42.268000,3702268,0.01,27.3,1030.4,0.0,-999.0,0,0.0,0.081
1969-12-31 20:01:44.268000,3704268,0.01,27.3,1030.3,0.0,-999.0,0,0.0,0.072
1969-12-31 20:01:46.268000,3706268,0.01,27.3,1030.1,0.0,-999.0,0,0.0,0.077
1969-12-31 20:01:48.268000,3708268,0.01,27.3,1030.3,0.0,-999.0,0,0.0,0.077
1969-12-31 20:01:50.268000,3710268,0.01,27.3,1030.4,0.0,-999.0,0,0.0,0.077
1969-12-31 20:01:52.268000,3712268,0.01,27.3,1030.3,0.0,-999.0,0,0.0,0.079
1969-12-31 20:01:54.268000,3714268,0.01,27.3,1030.1,0.0,-999.0,0,0.0,0.076
1969-12-31 20:01:56.268000,3716268,0.01,27.3,1030.4,0.0,-999.0,0,0.0,0.077
1969-12-31 20:01:58.268000,3718268,0.01,27.3,1030.5,0.0,-999.0,0,0.0,0.076
1969-12-31 20:02:00.268000,3720268,0.01,27.3,1030.5,0.0,-999.0,0,0.0,0.077
1969-12-31 20:02:02.268000,3722268,0.01,27.3,1030.4,0.0,-999.0,0,0.0,0.071
1969-12-31 20:02:04.278000,3724278,0.01,27.3,1030.0,0.0,-999.0,0,0.0,0.071
1969-12-31 20:02:06.268000,3726268,0.01,27.3,1030.1,0.0,-999.0,0,0.0,0.079
1969-12-31 20:02:08.268000,3728268,0.01,27.3,1030.1,0.0,-999.0,0,0.0,0.078
1969-12-31 20:02:10.268000,3730268,0.01,27.3,1030.3,0.0,-999.0,0,0.0,0.071
1969-12-31 20:02:12.268000,3732268,0.01,27.3,1030.0,0.0,-999.0,0,0.0,0.073
1969-12-31 20:02:14.268000,3734268,0.01,27.3,1030.0,0.0,-999.0,0,0.0,0.076
1969-12-31 20:02:16.278000,3736278,0.01,27.3,1030.0,0.0,-999.0,0,0.0,0.081
1969-12-31 20:02:18.278000,3738278,0.01,27.3,1030.0,0.0,-999.0,0,0.0,0.078
1969-12-31 20:02:20.268000,3740268,0.01,27.3,1030.0,0.0,-999.0,0,0.0,0.075
1969-12-31 20:02:22.268000,3742268,0.01,27.3,1030.1,0.0,-999.0,0,0.0,0.081
1969-12-31 20:02:24.278000,3744278,0.01,27.3,1030.1,0.0,-999.0,0,0.0,0.077
1969-12-31 20:02:26.278000,3746278,0.01,27.3,1030.0,0.0,-999.0,0,0.0,0.078
1969-12-31 20:02:28.278000,3748278,0.01,27.3,1030.1,0.0,-999.0,0,0.0,0.077
1969-12-31 20:02:30.279000,3750279,0.01,27.3,1030.3,0.0,-999.0,0,0.0,0.078
1969-12-31 20:02:32.278000,3752278,0.01,27.3,1030.3,0.0,-999.0,0,0.0,0.077
1969-12-31 20:02:34.278000,3754278,0.01,27.3,1029.9,0.0,-999.0,0,0.0,0.075
1969-12-31 20:02:36.278000,3756278,0.01,27.3,1030.3,0.0,-999.0,0,0.0,0.077
1969-12-31 20:02:38.278000,3758278,0.01,27.3,1030.3,0.0,-999.0,0,0.0,0.07
1969-12-31 20:02:40.278000,3760278,0.01,27.3,1030.3,0.0,-999.0,0,0.0,0.078
1969-12-31 20:02:42.278000,3762278,0.01,27.3,1030.1,0.0,-999.0,0,0.0,0.074
1969-12-31 20:02:44.278000,3764278,0.01,27.3,1030.3,0.0,-999.0,0,0.0,0.068
1969-12-31 20:02:46.278000,3766278,0.01,27.3,1030.4,0.0,-999.0,0,0.0,0.081
1969-12-31 20:02:48.278000,3768278,0.01,27.3,1029.9,0.0,-999.0,0,0.0,0.077
1969-12-31 20:02:50.278000,3770278,0.01,27.3,1030.1,0.0,-999.0,0,0.0,0.079
1969-12-31 20:02:52.278000,3772278,0.01,27.3,1030.0,0.0,-999.0,0,0.0,0.074
1969-12-31 20:02:54.278000,3774278,0.01,27.3,1030.0,0.0,-999.0,0,0.0,0.078
1969-12-31 20:02:56.278000,3776278,0.01,27.3,1030.1,0.0,-999.0,0,0.0,0.078
1969-12-31 20:02:58.278000,3778278,0.01,27.3,1030.3,0.0,-999.0,0,0.0,0.075
1969-12-31 20:03:00.278000,3780278,0.01,27.3,1030.3,0.0,-999.0,0,0.0,0.068
1969-12-31 20:03:02.278000,3782278,0.01,27.3,1030.3,0.0,-999.0,0,0.0,0.08
1969-12-31 20:03:04.278000,3784278,0.01,27.3,1030.1,0.0,-999.0,0,0.0,0.078
1969-12-31 20:03:06.278000,3786278,0.01,27.3,1030.0,0.0,-999.0,0,0.0,0.077
1969-12-31 20:03:08.278000,3788278,0.01,27.3,1029.9,0.0,-999.0,0,0.0,0.067
1969-12-31 20:03:10.278000,3790278,0.01,27.3,1030.1,0.0,-999.0,0,0.0,0.068
1969-12-31 20:03:12.278000,3792278,0.01,27.3,1030.3,0.0,-999.0,0,0.0,0.07
1969-12-31 20:03:14.278000,3794278,0.01,27.3,1029.9,0.0,-999.0,0,0.0,0.073
1969-12-31 20:03:16.278000,3796278,0.01,27.3,1029.9,0.0,-999.0,0,0.0,0.077
1969-12-31 20:03:18.278000,3798278,0.01,27.3,1030.0,0.0,-999.0,0,0.0,0.074
1969-12-31 20:03:20.278000,3800278,0.01,27.3,1030.1,0.0,-999.0,0,0.0,0.074
1969-12-31 20:03:22.278000,3802278,0.01,27.3,1030.0,0.0,-999.0,0,0.0,0.077
1969-12-31 20:03:24.278000,3804278,0.01,27.3,1030.1,0.0,-999.0,0,0.0,0.076
1969-12-31 20:03:26.279000,3806279,0.01,27.3,1030.3,0.0,-999.0,0,0.0,0.077
1969-12-31 20:03:28.278000,3808278,0.01,27.3,1029.9,0.0,-999.0,0,0.0,0.077
1969-12-31 20:03:30.278000,3810278,0.01,27.3,1029.9,0.0,-999.0,0,0.0,0.072
1969-12-31 20:03:32.278000,3812278,0.01,27.3,1029.7,0.0,-999.0,0,0.0,0.078
1969-12-31 20:03:34.278000,3814278,0.01,27.3,1029.9,0.0,-999.0,0,0.0,0.07
1969-12-31 20:03:36.278000,3816278,0.01,27.3,1030.0,0.0,-999.0,0,0.0,0.072
1969-12-31 20:03:38.278000,3818278,0.01,27.3,1030.1,0.0,-999.0,0,0.0,0.076
1969-12-31 20:03:40.278000,3820278,0.01,27.3,1029.9,0.0,-999.0,0,0.0,0.077
1969-12-31 20:03:42.278000,3822278,0.01,27.3,1030.0,0.0,-999.0,0,0.0,0.072
1969-12-31 20:03:44.278000,3824278,0.01,27.3,1029.5,0.0,-999.0,0,0.0,0.073
1969-12-31 20:03:46.278000,3826278,0.01,27.3,1029.7,0.0,-999.0,0,0.0,0.067
1969-12-31 20:03:48.278000,3828278,0.01,27.3,1029.9,0.0,-999.0,0,0.0,0.076
1969-12-31 20:03:50.278000,3830278,0.01,27.3,1029.9,0.0,-999.0,0,0.0,0.078
1969-12-31 20:03:52.278000,3832278,0.01,27.3,1030.5,0.0,-999.0,0,0.1,0.084
1969-12-31 20:03:54.278000,3834278,0.01,27.3,1030.3,0.0,-999.0,0,0.0,0.078
1969-12-31 20:03:56.278000,3836278,0.01,27.3,1030.1,0.0,-999.0,0,0.0,0.074
1969-12-31 20:03:58.278000,3838278,0.01,27.3,1030.3,0.0,-999.0,0,0.0,0.081
1969-12-31 20:04:00.278000,3840278,0.01,27.3,1030.1,0.0,-999.0,0,0.0,0.077
1969-12-31 20:04:02.278000,3842278,0.01,27.3,1029.7,0.0,-999.0,0,0.0,0.078
1969-12-31 20:04:04.278000,3844278,0.01,27.3,1030.1,0.0,-999.0,0,0.0,0.081
1969-12-31 20:04:06.278000,3846278,0.01,27.3,1030.3,0.0,-999.0,0,0.0,0.076
1969-12-31 20:04:08.278000,3848278,0.01,27.3,1030.1,0.0,-999.0,0,0.0,0.075
1969-12-31 20:04:10.278000,3850278,0.01,27.3,1030.3,0.0,-999.0,0,0.0,0.074
1969-12-31 20:04:12.278000,3852278,0.01,27.3,1030.1,0.0,-999.0,0,0.0,0.073
1969-12-31 20:04:14.278000,3854278,0.01,27.3,1030.1,0.0,-999.0,0,0.0,0.072
1969-12-31 20:04:16.278000,3856278,0.01,27.3,1030.4,0.0,-999.0,0,0.0,0.078
1969-12-31 20:04:18.278000,3858278,0.01,27.3,1030.3,0.0,-999.0,0,0.0,0.077
1969-12-31 20:04:20.278000,3860278,0.01,27.3,1030.3,0.0,-999.0,0,0.0,0.076
1969-12-31 20:04:22.278000,3862278,0.01,27.3,1030.3,0.0,-999.0,0,0.0,0.073
1969-12-31 20:04:24.278000,3864278,0.01,27.3,1030.4,0.0,-999.0,0,0.0,0.073
1969-12-31 20:04:26.278000,3866278,0.01,27.3,1030.3,0.0,-999.0,0,0.0,0.074
1969-12-31 20:04:28.278000,3868278,0.01,27.3,1030.0,0.0,-999.0,0,0.0,0.075
1969-12-31 20:04:30.278000,3870278,0.01,27.3,1030.3,0.0,-999.0,0,0.0,0.079
1969-12-31 20:04:32.278000,3872278,0.01,27.3,1030.1,0.0,-999.0,0,0.0,0.077
1969-12-31 20:04:34.278000,3874278,0.01,27.3,1030.3,0.0,-999.0,0,0.0,0.074
1969-12-31 20:04:36.278000,3876278,0.01,27.3,1030.3,0.0,-999.0,0,0.0,0.078
1969-12-31 20:04:38.278000,3878278,0.01,27.3,1030.1,0.0,-999.0,0,0.0,0.078
1969-12-31 20:04:40.278000,3880278,0.01,27.3,1030.0,0.0,-999.0,0,0.0,0.077
1969-12-31 20:04:42.278000,3882278,0.01,27.3,1030.1,0.0,-999.0,0,0.0,0.072
1969-12-31 20:04:44.278000,3884278,0.01,27.3,1030.3,0.0,-999.0,0,0.0,0.073
1969-12-31 20:04:46.278000,3886278,0.01,27.3,1029.9,0.0,-999.0,0,0.0,0.08
1969-12-31 20:04:48.278000,3888278,0.01,27.3,1029.7,0.0,-999.0,0,0.0,0.077
1969-12-31 20:04:50.278000,3890278,0.01,27.3,1030.3,0.0,-999.0,0,0.0,0.078
1969-12-31 20:04:52.278000,3892278,0.01,27.4,1030.3,0.0,-999.0,0,0.0,0.079
1969-12-31 20:04:54.278000,3894278,0.01,27.4,1030.3,0.0,-999.0,0,0.2,0.085
1969-12-31 20:04:56.278000,3896278,0.01,27.4,1030.1,0.0,-999.0,0,0.0,0.081
1969-12-31 20:04:58.278000,3898278,0.01,27.4,1030.1,0.0,-999.0,0,0.0,0.075
1969-12-31 20:05:00.278000,3900278,0.01,27.3,1030.1,0.0,-999.0,0,0.0,0.079
1969-12-31 20:05:02.278000,3902278,0.01,27.4,1030.1,0.0,-999.0,0,0.0,0.077
1969-12-31 20:05:04.278000,3904278,0.01,27.4,1030.1,0.0,-999.0,0,0.0,0.078
1969-12-31 20:05:06.278000,3906278,0.01,27.4,1030.0,0.0,-999.0,0,0.0,0.079
1969-12-31 20:05:08.278000,3908278,0.01,27.4,1030.1,0.0,-999.0,0,0.0,0.077
1969-12-31 20:05:10.278000,3910278,0.01,27.4,1030.1,0.0,-999.0,0,0.0,0.077
1969-12-31 20:05:12.278000,3912278,0.01,27.4,1030.0,0.0,-999.0,0,0.0,0.077
1969-12-31 20:05:14.278000,3914278,0.01,27.4,1030.4,0.0,-999.0,0,0.0,0.073
1969-12-31 20:05:16.278000,3916278,0.01,27.4,1030.1,0.0,-999.0,0,0.0,0.074
1969-12-31 20:05:18.278000,3918278,0.01,27.4,1030.0,0.0,-999.0,0,0.0,0.072
1969-12-31 20:05:20.278000,3920278,0.01,27.4,1030.3,0.0,-999.0,0,0.0,0.077
1969-12-31 20:05:22.278000,3922278,0.01,27.4,1030.0,0.0,-999.0,0,0.0,0.073
1969-12-31 20:05:24.278000,3924278,0.01,27.4,1030.3,0.0,-999.0,0,0.0,0.077
1969-12-31 20:05:26.278000,3926278,0.01,27.4,1030.1,0.0,-999.0,0,0.0,0.081
1969-12-31 20:05:28.278000,3928278,0.01,27.4,1030.0,0.0,-999.0,0,0.0,0.077
1969-12-31 20:05:30.278000,3930278,0.01,27.4,1029.9,0.0,-999.0,0,0.1,0.082
1969-12-31 20:05:32.278000,3932278,0.01,27.4,1030.0,0.0,-999.0,0,0.0,0.075
1969-12-31 20:05:34.278000,3934278,0.01,27.4,1029.9,0.0,-999.0,0,0.0,0.077
1969-12-31 20:05:36.278000,3936278,0.01,27.4,1030.3,0.0,-999.0,0,0.0,0.075
1969-12-31 20:05:38.279000,3938279,0.01,27.4,1030.4,0.0,-999.0,0,0.0,0.073
1969-12-31 20:05:40.278000,3940278,0.01,27.4,1030.3,0.0,-999.0,0,0.0,0.075
1969-12-31 20:05:42.278000,3942278,0.01,27.4,1030.3,0.0,-999.0,0,0.0,0.076
1969-12-31 20:05:44.278000,3944278,0.01,27.4,1030.1,0.0,-999.0,0,0.0,0.081
1969-12-31 20:05:46.278000,3946278,0.01,27.4,1029.9,0.0,-999.0,0,0.0,0.077
1969-12-31 20:05:48.278000,3948278,0.01,27.4,1029.9,0.0,-999.0,0,0.0,0.079
1969-12-31 20:05:50.278000,3950278,0.01,27.4,1030.1,0.0,-999.0,0,0.0,0.074
1969-12-31 20:05:52.278000,3952278,0.01,27.4,1030.1,0.0,-999.0,0,0.0,0.08
1969-12-31 20:05:54.278000,3954278,0.01,27.4,1030.1,0.0,-999.0,0,0.0,0.077
1969-12-31 20:05:56.278000,3956278,0.01,27.4,1030.0,0.0,-999.0,0,0.0,0.072
1969-12-31 20:05:58.278000,3958278,0.01,27.4,1029.7,0.0,-999.0,0,0.0,0.077
1969-12-31 20:06:00.278000,3960278,0.01,27.4,1030.0,0.0,-999.0,0,0.0,0.08
1969-12-31 20:06:02.278000,3962278,0.01,27.4,1030.1,0.0,-999.0,0,0.0,0.074
1969-12-31 20:06:04.278000,3964278,0.01,27.4,1030.0,0.0,-999.0,0,0.0,0.077
1969-12-31 20:06:06.278000,3966278,0.01,27.4,1029.7,0.0,-999.0,0,0.0,0.074
1969-12-31 20:06:08.278000,3968278,0.01,27.4,1030.1,0.0,-999.0,0,0.0,0.075
1969-12-31 20:06:10.278000,3970278,0.01,27.4,1030.1,0.0,-999.0,0,0.0,0.074
1969-12-31 20:06:12.278000,3972278,0.01,27.4,1030.1,0.0,-999.0,0,0.0,0.078
1969-12-31 20:06:14.278000,3974278,0.01,27.4,1030.0,0.0,-999.0,0,0.0,0.076
1969-12-31 20:06:16.278000,3976278,0.01,27.4,1030.1,0.0,-999.0,0,0.0,0.077
1969-12-31 20:06:18.278000,3978278,0.01,27.5,1029.7,0.0,-999.0,0,0.0,0.073
1969-12-31 20:06:20.278000,3980278,0.01,27.4,1030.3,0.0,-999.0,0,0.0,0.075
1969-12-31 20:06:22.278000,3982278,0.01,27.4,1030.1,0.0,-999.0,0,0.0,0.078
1969-12-31 20:06:24.278000,3984278,0.01,27.4,1030.1,0.0,-999.0,0,0.0,0.077
1969-12-31 20:06:26.278000,3986278,0.01,27.4,1030.0,0.0,-999.0,0,0.0,0.077
1969-12-31 20:06:28.278000,3988278,0.01,27.4,1029.6,0.0,-999.0,0,0.0,0.079
1969-12-31 20:06:30.278000,3990278,0.01,27.4,1030.1,0.0,-999.0,0,0.0,0.073
1969-12-31 20:06:32.278000,3992278,0.01,27.4,1030.1,0.0,-999.0,0,0.0,0.078
1969-12-31 20:06:34.279000,3994279,0.01,27.4,1030.0,0.0,-999.0,0,0.0,0.078
1969-12-31 20:06:36.278000,3996278,0.01,27.4,1029.7,0.0,-999.0,0,0.0,0.07
1969-12-31 20:06:38.278000,3998278,0.01,27.5,1030.0,0.0,-999.0,0,0.0,0.073
1969-12-31 20:06:40.278000,4000278,0.01,27.5,1030.1,0.0,-999.0,0,0.0,0.077
1969-12-31 20:06:42.278000,4002278,0.01,27.5,1030.0,0.0,-999.0,0,0.0,0.068
1969-12-31 20:06:44.278000,4004278,0.01,27.5,1029.9,0.0,-999.0,0,0.0,0.077
1969-12-31 20:06:46.278000,4006278,0.01,27.5,1030.0,0.0,-999.0,0,0.0,0.081
1969-12-31 20:06:48.278000,4008278,0.01,27.5,1030.0,0.0,-999.0,0,0.0,0.073
1969-12-31 20:06:50.278000,4010278,0.01,27.5,1030.3,0.0,-999.0,0,0.0,0.079
1969-12-31 20:06:52.278000,4012278,0.01,27.4,1030.0,0.0,-999.0,0,0.0,0.078
1969-12-31 20:06:54.278000,4014278,0.01,27.4,1030.1,0.0,-999.0,0,0.1,0.084
1969-12-31 20:06:56.278000,4016278,0.01,27.5,1030.3,0.0,-999.0,0,0.1,0.083
1969-12-31 20:06:58.278000,4018278,0.01,27.4,1029.9,0.0,-999.0,0,0.0,0.08
1969-12-31 20:07:00.278000,4020278,0.01,27.5,1029.7,0.0,-999.0,0,0.0,0.072
1969-12-31 20:07:02.278000,4022278,0.01,27.5,1030.0,0.0,-999.0,0,0.0,0.077
1969-12-31 20:07:04.278000,4024278,0.01,27.4,1030.1,0.0,-999.0,0,0.0,0.07
1969-12-31 20:07:06.278000,4026278,0.01,27.5,1030.1,0.0,-999.0,0,0.0,0.077
1969-12-31 20:07:08.278000,4028278,0.01,27.4,1030.1,0.0,-999.0,0,0.0,0.077
1969-12-31 20:07:10.278000,4030278,0.01,27.5,1030.3,0.0,-999.0,0,0.0,0.081
1969-12-31 20:07:12.278000,4032278,0.01,27.5,1030.1,0.0,-999.0,0,0.0,0.072
1969-12-31 20:07:14.278000,4034278,0.01,27.5,1030.1,0.0,-999.0,0,0.0,0.074
1969-12-31 20:07:16.278000,4036278,0.01,27.5,1030.1,0.0,-999.0,0,0.0,0.073
1969-12-31 20:07:18.278000,4038278,0.01,27.5,1030.1,0.0,-999.0,0,0.0,0.067
1969-12-31 20:07:20.278000,4040278,0.01,27.5,1030.0,0.0,-999.0,0,0.0,0.075
1969-12-31 20:07:22.278000,4042278,0.01,27.5,1030.3,0.0,-999.0,0,0.0,0.081
1969-12-31 20:07:24.278000,4044278,0.01,27.5,1030.1,0.0,-999.0,0,0.0,0.079
1969-12-31 20:07:26.278000,4046278,0.01,27.5,1030.4,0.0,-999.0,0,0.0,0.081
1969-12-31 20:07:28.278000,4048278,0.01,27.5,1030.1,0.0,-999.0,0,0.0,0.077
1969-12-31 20:07:30.278000,4050278,0.01,27.5,1030.3,0.0,-999.0,0,0.0,0.077
1969-12-31 20:07:32.278000,4052278,0.01,27.5,1030.3,0.0,-999.0,0,0.0,0.076
1969-12-31 20:07:34.278000,4054278,0.01,27.5,1030.0,0.0,-999.0,0,0.0,0.077
1969-12-31 20:07:36.278000,4056278,0.01,27.5,1030.3,0.0,-999.0,0,0.0,0.076
1969-12-31 20:07:38.278000,4058278,0.01,27.5,1030.3,0.0,-999.0,0,0.0,0.074
1969-12-31 20:07:40.278000,4060278,0.01,27.5,1029.7,0.0,-999.0,0,0.0,0.075
1969-12-31 20:07:42.278000,4062278,0.01,27.5,1030.1,0.0,-999.0,0,0.0,0.077
1969-12-31 20:07:44.278000,4064278,0.01,27.5,1030.1,0.0,-999.0,0,0.0,0.073
1969-12-31 20:07:46.278000,4066278,0.01,27.5,1030.3,0.0,-999.0,0,0.0,0.077
1969-12-31 20:07:48.278000,4068278,0.01,27.5,1030.0,0.0,-999.0,0,0.0,0.08
1969-12-31 20:07:50.278000,4070278,0.01,27.5,1030.0,0.0,-999.0,0,0.0,0.074
1969-12-31 20:07:52.278000,4072278,0.01,27.5,1030.1,0.0,-999.0,0,0.0,0.077
1969-12-31 20:07:54.278000,4074278,0.01,27.5,1029.9,0.0,-999.0,0,0.0,0.073
1969-12-31 20:07:56.278000,4076278,0.01,27.5,1030.0,0.0,-999.0,0,0.0,0.081
1969-12-31 20:07:58.278000,4078278,0.01,27.5,1030.3,0.0,-999.0,0,0.0,0.077
1969-12-31 20:08:00.278000,4080278,0.01,27.5,1030.3,0.0,-999.0,0,0.0,0.072
1969-12-31 20:08:02.278000,4082278,0.01,27.5,1030.1,0.0,-999.0,0,0.0,0.07
1969-12-31 20:08:04.278000,4084278,0.01,27.5,1030.4,0.0,-999.0,0,0.0,0.076
1969-12-31 20:08:06.278000,4086278,0.01,27.5,1029.9,0.0,-999.0,0,0.0,0.075
1969-12-31 20:08:08.278000,4088278,0.01,27.5,1030.1,0.0,-999.0,0,0.0,0.078
1969-12-31 20:08:10.278000,4090278,0.01,27.5,1029.6,0.0,-999.0,0,0.0,0.075
1969-12-31 20:08:12.278000,4092278,0.01,27.5,1030.1,0.0,-999.0,0,0.0,0.075
1969-12-31 20:08:14.278000,4094278,0.01,27.5,1030.0,0.0,-999.0,0,0.0,0.073
1969-12-31 20:08:16.278000,4096278,0.01,27.5,1030.1,0.0,-999.0,0,0.0,0.075
1969-12-31 20:08:18.278000,4098278,0.01,27.5,1030.1,0.0,-999.0,0,0.0,0.077
1969-12-31 20:08:20.278000,4100278,0.01,27.5,1030.0,0.0,-999.0,0,0.0,0.074
1969-12-31 20:08:22.278000,4102278,0.01,27.5,1030.0,0.0,-999.0,0,0.0,0.078
1969-12-31 20:08:24.278000,4104278,0.01,27.5,1030.1,0.0,-999.0,0,0.0,0.075
1969-12-31 20:08:26.278000,4106278,0.01,27.5,1030.4,0.0,-999.0,0,0.0,0.08
1969-12-31 20:08:28.278000,4108278,0.01,27.5,1030.3,0.0,-999.0,0,0.0,0.073
1969-12-31 20:08:30.278000,4110278,0.01,27.5,1030.4,0.0,-999.0,0,0.0,0.075
1969-12-31 20:08:32.278000,4112278,0.01,27.5,1030.1,0.0,-999.0,0,0.0,0.077
1969-12-31 20:08:34.278000,4114278,0.01,27.5,1030.3,0.0,-999.0,0,0.0,0.081
1969-12-31 20:08:36.278000,4116278,0.01,27.5,1030.3,0.0,-999.0,0,0.0,0.076
1969-12-31 20:08:38.278000,4118278,0.01,27.5,1030.4,0.0,-999.0,0,0.0,0.077
1969-12-31 20:08:40.278000,4120278,0.01,27.6,1030.4,0.0,-999.0,0,0.0,0.073
1969-12-31 20:08:42.278000,4122278,0.01,27.5,1030.4,0.0,-999.0,0,0.0,0.07
1969-12-31 20:08:44.278000,4124278,0.01,27.6,1030.5,0.0,-999.0,0,0.0,0.071
1969-12-31 20:08:46.278000,4126278,0.01,27.5,1030.3,0.0,-999.0,0,0.0,0.078
1969-12-31 20:08:48.278000,4128278,0.01,27.6,1030.4,0.0,-999.0,0,0.0,0.078
1969-12-31 20:08:50.278000,4130278,0.01,27.5,1030.1,0.0,-999.0,0,0.0,0.078
1969-12-31 20:08:52.278000,4132278,0.01,27.5,1030.1,0.0,-999.0,0,0.0,0.073
1969-12-31 20:08:54.278000,4134278,0.01,27.6,1030.4,0.0,-999.0,0,0.0,0.079
1969-12-31 20:08:56.278000,4136278,0.01,27.6,1030.4,0.0,-999.0,0,0.0,0.074
1969-12-31 20:08:58.278000,4138278,0.01,27.6,1030.3,0.0,-999.0,0,0.0,0.077
1969-12-31 20:09:00.278000,4140278,0.01,27.5,1030.4,0.0,-999.0,0,0.0,0.077
1969-12-31 20:09:02.278000,4142278,0.01,27.6,1030.3,0.0,-999.0,0,0.0,0.071
1969-12-31 20:09:04.278000,4144278,0.01,27.5,1030.1,0.0,-999.0,0,0.0,0.077
1969-12-31 20:09:06.278000,4146278,0.01,27.6,1030.1,0.0,-999.0,0,0.0,0.077
1969-12-31 20:09:08.278000,4148278,0.01,27.6,1030.3,0.0,-999.0,0,0.0,0.078
1969-12-31 20:09:10.279000,4150279,0.01,27.6,1030.5,0.0,-999.0,0,0.0,0.073
1969-12-31 20:09:12.278000,4152278,0.01,27.6,1030.4,0.0,-999.0,0,0.0,0.077
1969-12-31 20:09:14.278000,4154278,0.01,27.6,1030.1,0.0,-999.0,0,0.0,0.075
1969-12-31 20:09:16.278000,4156278,0.01,27.6,1030.4,0.0,-999.0,0,0.0,0.077
1969-12-31 20:09:18.278000,4158278,0.01,27.6,1030.4,0.0,-999.0,0,0.0,0.076
1969-12-31 20:09:20.278000,4160278,0.01,27.6,1030.4,0.0,-999.0,0,0.0,0.077
1969-12-31 20:09:22.278000,4162278,0.01,27.6,1030.5,0.0,-999.0,0,0.0,0.074
1969-12-31 20:09:24.278000,4164278,0.01,27.6,1029.6,0.0,-999.0,0,0.0,0.077
1969-12-31 20:09:26.278000,4166278,0.01,27.6,1030.0,0.0,-999.0,0,0.0,0.079
1969-12-31 20:09:28.278000,4168278,0.01,27.6,1030.5,0.0,-999.0,0,0.0,0.073
1969-12-31 20:09:30.278000,4170278,0.01,27.6,1030.4,0.0,-999.0,0,0.0,0.075
1969-12-31 20:09:32.278000,4172278,0.01,27.6,1030.4,0.0,-999.0,0,0.0,0.073
1969-12-31 20:09:34.278000,4174278,0.01,27.6,1030.3,0.0,-999.0,0,0.0,0.074
1969-12-31 20:09:36.278000,4176278,0.01,27.5,1030.3,0.0,-999.0,0,0.0,0.074
1969-12-31 20:09:38.278000,4178278,0.01,27.6,1030.4,0.0,-999.0,0,0.0,0.073
1969-12-31 20:09:40.278000,4180278,0.01,27.6,1029.9,0.0,-999.0,0,0.0,0.081
1969-12-31 20:09:42.278000,4182278,0.01,27.6,1030.4,0.0,-999.0,0,0.0,0.077
1969-12-31 20:09:44.278000,4184278,0.01,27.6,1030.3,0.0,-999.0,0,0.0,0.08
1969-12-31 20:09:46.278000,4186278,0.01,27.6,1030.4,0.0,-999.0,0,0.0,0.078
1969-12-31 20:09:48.278000,4188278,0.01,27.6,1030.1,0.0,-999.0,0,0.0,0.077
1969-12-31 20:09:50.278000,4190278,0.01,27.6,1030.1,0.0,-999.0,0,0.0,0.073
1969-12-31 20:09:52.278000,4192278,0.01,27.6,1030.3,0.0,-999.0,0,0.0,0.07
1969-12-31 20:09:54.278000,4194278,0.01,27.6,1030.3,0.0,-999.0,0,0.0,0.073
1969-12-31 20:09:56.278000,4196278,0.01,27.6,1030.3,0.0,-999.0,0,0.0,0.077
1969-12-31 20:09:58.278000,4198278,0.01,27.6,1030.1,0.0,-999.0,0,0.0,0.073
1969-12-31 20:10:00.278000,4200278,0.01,27.6,1030.4,0.0,-999.0,0,0.0,0.073
1969-12-31 20:10:02.278000,4202278,0.01,27.6,1030.1,0.0,-999.0,0,0.0,0.074
1969-12-31 20:10:04.278000,4204278,0.01,27.6,1029.9,0.0,-999.0,0,0.0,0.076
1969-12-31 20:10:06.278000,4206278,0.01,27.6,1030.4,0.0,-999.0,0,0.0,0.077
1969-12-31 20:10:08.278000,4208278,0.01,27.6,1030.4,0.0,-999.0,0,0.0,0.078
1969-12-31 20:10:10.278000,4210278,0.01,27.6,1030.4,0.0,-999.0,0,0.0,0.081
1969-12-31 20:10:12.278000,4212278,0.01,27.6,1030.3,0.0,-999.0,0,0.0,0.081
1969-12-31 20:10:14.278000,4214278,0.01,27.6,1030.3,0.0,-999.0,0,0.0,0.073
1969-12-31 20:10:16.278000,4216278,0.01,27.6,1030.3,0.0,-999.0,0,0.0,0.075
1969-12-31 20:10:18.278000,4218278,0.01,27.6,1030.3,0.0,-999.0,0,0.0,0.077
1969-12-31 20:10:20.278000,4220278,0.01,27.6,1030.0,0.0,-999.0,0,0.0,0.076
1969-12-31 20:10:22.278000,4222278,0.01,27.6,1030.4,0.0,-999.0,0,0.0,0.079
1969-12-31 20:10:24.278000,4224278,0.01,27.6,1030.1,0.0,-999.0,0,0.0,0.078
1969-12-31 20:10:26.278000,4226278,0.01,27.6,1030.1,0.0,-999.0,0,0.0,0.081
1969-12-31 20:10:28.278000,4228278,0.01,27.6,1030.0,0.0,-999.0,0,0.0,0.075
1969-12-31 20:10:30.278000,4230278,0.01,27.6,1030.4,0.0,-999.0,0,0.0,0.079
1969-12-31 20:10:32.278000,4232278,0.01,27.6,1030.5,0.0,-999.0,0,0.0,0.073
1969-12-31 20:10:34.278000,4234278,0.01,27.6,1030.1,0.0,-999.0,0,0.0,0.073
1969-12-31 20:10:36.278000,4236278,0.01,27.6,1030.3,0.0,-999.0,0,0.0,0.078
1969-12-31 20:10:38.278000,4238278,0.01,27.6,1030.1,0.0,-999.0,0,0.0,0.07
1969-12-31 20:10:40.278000,4240278,0.01,27.6,1030.4,0.0,-999.0,0,0.0,0.077
1969-12-31 20:10:42.278000,4242278,0.01,27.6,1030.4,0.0,-999.0,0,0.0,0.076
1969-12-31 20:10:44.288000,4244288,0.01,27.6,1030.3,0.0,-999.0,0,0.0,0.079
1969-12-31 20:10:46.278000,4246278,0.01,27.6,1030.4,0.0,-999.0,0,0.0,0.079
1969-12-31 20:10:48.278000,4248278,0.01,27.6,1030.5,0.0,-999.0,0,0.0,0.075
1969-12-31 20:10:50.278000,4250278,0.01,27.6,1030.1,0.0,-999.0,0,0.0,0.077
1969-12-31 20:10:52.288000,4252288,0.01,27.6,1030.1,0.0,-999.0,0,0.0,0.074
1969-12-31 20:10:54.288000,4254288,0.01,27.6,1030.0,0.0,-999.0,0,0.0,0.073
1969-12-31 20:10:56.288000,4256288,0.01,27.7,1030.0,0.0,-999.0,0,0.0,0.077
1969-12-31 20:10:58.278000,4258278,0.01,27.6,1030.1,0.0,-999.0,0,0.0,0.068
1969-12-31 20:11:00.288000,4260288,0.01,27.6,1030.4,0.0,-999.0,0,0.0,0.077
1969-12-31 20:11:02.288000,4262288,0.01,27.7,1030.3,0.0,-999.0,0,0.0,0.081
1969-12-31 20:11:04.288000,4264288,0.01,27.7,1030.5,0.0,-999.0,0,0.0,0.077
1969-12-31 20:11:06.288000,4266288,0.01,27.6,1030.3,0.0,-999.0,0,0.0,0.075
1969-12-31 20:11:08.288000,4268288,0.01,27.7,1030.4,0.0,-999.0,0,0.0,0.078
1969-12-31 20:11:10.288000,4270288,0.01,27.7,1030.4,0.0,-999.0,0,0.0,0.073
1969-12-31 20:11:12.288000,4272288,0.01,27.7,1030.1,0.0,-999.0,0,0.0,0.077
1969-12-31 20:11:14.288000,4274288,0.01,27.6,1030.5,0.0,-999.0,0,0.0,0.071
1969-12-31 20:11:16.288000,4276288,0.01,27.7,1030.0,0.0,-999.0,0,0.0,0.081
1969-12-31 20:11:18.288000,4278288,0.01,27.7,1029.9,0.0,-999.0,0,0.0,0.073
1969-12-31 20:11:20.288000,4280288,0.01,27.7,1030.3,0.0,-999.0,0,0.0,0.08
1969-12-31 20:11:22.288000,4282288,0.01,27.7,1030.4,0.0,-999.0,0,0.0,0.079
1969-12-31 20:11:24.288000,4284288,0.01,27.7,1030.3,0.0,-999.0,0,0.1,0.082
1969-12-31 20:11:26.288000,4286288,0.01,27.7,1030.4,0.0,-999.0,0,0.0,0.081
1969-12-31 20:11:28.288000,4288288,0.01,27.7,1030.3,0.0,-999.0,0,0.0,0.078
1969-12-31 20:11:30.288000,4290288,0.01,27.7,1030.4,0.0,-999.0,0,0.0,0.077
1969-12-31 20:11:32.288000,4292288,0.01,27.7,1030.3,0.0,-999.0,0,0.0,0.076
1969-12-31 20:11:34.288000,4294288,0.01,27.7,1030.4,0.0,-999.0,0,0.0,0.078
1969-12-31 20:11:36.288000,4296288,0.01,27.7,1030.3,0.0,-999.0,0,0.0,0.077
1969-12-31 20:11:38.288000,4298288,0.01,27.7,1030.1,0.0,-999.0,0,0.0,0.077
1969-12-31 20:11:40.288000,4300288,0.01,27.7,1030.5,0.0,-999.0,0,0.0,0.077
1969-12-31 20:11:42.288000,4302288,0.01,27.7,1030.4,0.0,-999.0,0,0.0,0.074
1969-12-31 20:11:44.288000,4304288,0.01,27.7,1030.4,0.0,-999.0,0,0.0,0.075
1969-12-31 20:11:46.288000,4306288,0.01,27.7,1030.1,0.0,-999.0,0,0.0,0.073
1969-12-31 20:11:48.288000,4308288,0.01,27.7,1030.3,0.0,-999.0,0,0.0,0.074
1969-12-31 20:11:50.288000,4310288,0.01,27.7,1029.9,0.0,-999.0,0,0.0,0.077
1969-12-31 20:11:52.288000,4312288,0.01,27.7,1030.5,0.0,-999.0,0,0.0,0.079
1969-12-31 20:11:54.288000,4314288,0.01,27.7,1030.4,0.0,-999.0,0,0.0,0.073
1969-12-31 20:11:56.288000,4316288,0.01,27.7,1030.1,0.0,-999.0,0,0.0,0.077
1969-12-31 20:11:58.288000,4318288,0.01,27.7,1030.1,0.0,-999.0,0,0.0,0.076
1969-12-31 20:12:00.288000,4320288,0.01,27.7,1030.0,0.0,-999.0,0,0.0,0.071
1969-12-31 20:12:02.288000,4322288,0.01,27.7,1030.3,0.0,-999.0,0,0.0,0.073
1969-12-31 20:12:04.288000,4324288,0.01,27.7,1030.5,0.0,-999.0,0,0.0,0.074
1969-12-31 20:12:06.288000,4326288,0.01,27.7,1030.5,0.0,-999.0,0,0.0,0.077
1969-12-31 20:12:08.288000,4328288,0.01,27.7,1030.4,0.0,-999.0,0,0.0,0.076
1969-12-31 20:12:10.288000,4330288,0.01,27.7,1030.5,0.0,-999.0,0,0.0,0.079
1969-12-31 20:12:12.288000,4332288,0.01,27.7,1030.1,0.0,-999.0,0,0.0,0.08
1969-12-31 20:12:14.288000,4334288,0.01,27.7,1030.7,0.0,-999.0,0,0.0,0.071
1969-12-31 20:12:16.288000,4336288,0.01,27.7,1030.1,0.0,-999.0,0,0.1,0.082
1969-12-31 20:12:18.288000,4338288,0.01,27.7,1030.3,0.0,-999.0,0,0.0,0.074
1969-12-31 20:12:20.288000,4340288,0.01,27.7,1030.3,0.0,-999.0,0,0.0,0.077
1969-12-31 20:12:22.288000,4342288,0.01,27.7,1030.4,0.0,-999.0,0,0.0,0.075
1969-12-31 20:12:24.288000,4344288,0.01,27.7,1030.5,0.0,-999.0,0,0.0,0.079
1969-12-31 20:12:26.288000,4346288,0.01,27.7,1030.4,0.0,-999.0,0,0.0,0.08
1969-12-31 20:12:28.288000,4348288,0.01,27.7,1030.1,0.0,-999.0,0,0.0,0.075
1969-12-31 20:12:30.288000,4350288,0.01,27.7,1030.4,0.0,-999.0,0,0.0,0.075
1969-12-31 20:12:32.288000,4352288,0.01,27.7,1030.0,0.0,-999.0,0,0.0,0.076
1969-12-31 20:12:34.288000,4354288,0.01,27.7,1030.3,0.0,-999.0,0,0.0,0.081
1969-12-31 20:12:36.288000,4356288,0.01,27.7,1030.0,0.0,-999.0,0,0.0,0.073
1969-12-31 20:12:38.288000,4358288,0.01,27.7,1030.1,0.0,-999.0,0,0.0,0.079
1969-12-31 20:12:40.288000,4360288,0.01,27.7,1030.4,0.0,-999.0,0,0.0,0.073
1969-12-31 20:12:42.288000,4362288,0.01,27.7,1030.3,0.0,-999.0,0,0.0,0.073
1969-12-31 20:12:44.288000,4364288,0.01,27.7,1030.3,0.0,-999.0,0,0.0,0.079
1969-12-31 20:12:46.288000,4366288,0.01,27.7,1030.3,0.0,-999.0,0,0.0,0.074
1969-12-31 20:12:48.288000,4368288,0.01,27.7,1029.9,0.0,-999.0,0,0.0,0.077
1969-12-31 20:12:50.288000,4370288,0.01,27.7,1030.5,0.0,-999.0,0,0.0,0.071
1969-12-31 20:12:52.288000,4372288,0.01,27.7,1030.5,0.0,-999.0,0,0.0,0.076
1969-12-31 20:12:54.288000,4374288,0.01,27.7,1030.4,0.0,-999.0,0,0.0,0.079
1969-12-31 20:12:56.288000,4376288,0.01,27.7,1030.4,0.0,-999.0,0,0.0,0.081
1969-12-31 20:12:58.288000,4378288,0.01,27.7,1030.4,0.0,-999.0,0,0.0,0.078
1969-12-31 20:13:00.288000,4380288,0.01,27.7,1030.3,0.0,-999.0,0,0.0,0.077
1969-12-31 20:13:02.288000,4382288,0.01,27.7,1030.0,0.0,-999.0,0,0.0,0.079
1969-12-31 20:13:04.288000,4384288,0.01,27.7,1030.3,0.0,-999.0,0,0.0,0.075
1969-12-31 20:13:06.288000,4386288,0.01,27.7,1030.3,0.0,-999.0,0,0.0,0.073
1969-12-31 20:13:08.288000,4388288,0.01,27.7,1029.9,0.0,-999.0,0,0.0,0.076
1969-12-31 20:13:10.288000,4390288,0.01,27.7,1030.4,0.0,-999.0,0,0.0,0.074
1969-12-31 20:13:12.288000,4392288,0.01,27.7,1029.9,0.0,-999.0,0,0.0,0.078
1969-12-31 20:13:14.288000,4394288,0.01,27.7,1030.1,0.0,-999.0,0,0.0,0.076
1969-12-31 20:13:16.288000,4396288,0.01,27.7,1030.3,0.0,-999.0,0,0.0,0.079
1969-12-31 20:13:18.288000,4398288,0.01,27.7,1030.3,0.0,-999.0,0,0.0,0.076
1969-12-31 20:13:20.288000,4400288,0.01,27.7,1030.4,0.0,-999.0,0,0.0,0.073
1969-12-31 20:13:22.288000,4402288,0.01,27.7,1029.7,0.0,-999.0,0,0.0,0.074
1969-12-31 20:13:24.288000,4404288,0.01,27.7,1030.4,0.0,-999.0,0,0.0,0.081
1969-12-31 20:13:26.288000,4406288,0.01,27.7,1030.3,0.0,-999.0,0,0.2,0.087
1969-12-31 20:13:28.288000,4408288,0.01,27.7,1030.3,0.0,-999.0,0,0.0,0.073
1969-12-31 20:13:30.288000,4410288,0.01,27.7,1030.0,0.0,-999.0,0,0.0,0.08
1969-12-31 20:13:32.288000,4412288,0.01,27.7,1030.1,0.0,-999.0,0,0.0,0.069
1969-12-31 20:13:34.288000,4414288,0.01,27.7,1030.3,0.0,-999.0,0,0.0,0.076
1969-12-31 20:13:36.288000,4416288,0.01,27.7,1030.3,0.0,-999.0,0,0.0,0.078
1969-12-31 20:13:38.288000,4418288,0.01,27.7,1029.9,0.0,-999.0,0,0.0,0.071
1969-12-31 20:13:40.288000,4420288,0.01,27.7,1030.0,0.0,-999.0,0,0.0,0.079
1969-12-31 20:13:42.288000,4422288,0.01,27.7,1030.0,0.0,-999.0,0,0.0,0.08
1969-12-31 20:13:44.288000,4424288,0.01,27.7,1030.1,0.0,-999.0,0,0.0,0.077
1969-12-31 20:13:46.288000,4426288,0.01,27.7,1030.0,0.0,-999.0,0,0.0,0.076
1969-12-31 20:13:48.288000,4428288,0.01,27.7,1030.4,0.0,-999.0,0,0.0,0.078
1969-12-31 20:13:50.288000,4430288,0.01,27.7,1030.3,0.0,-999.0,0,0.0,0.08
1969-12-31 20:13:52.288000,4432288,0.01,27.7,1030.3,0.0,-999.0,0,0.0,0.078
1969-12-31 20:13:54.288000,4434288,0.01,27.7,1030.3,0.0,-999.0,0,0.0,0.075
1969-12-31 20:13:56.288000,4436288,0.01,27.7,1030.3,0.0,-999.0,0,0.0,0.075
1969-12-31 20:13:58.288000,4438288,0.01,27.7,1030.1,0.0,-999.0,0,0.0,0.079
1969-12-31 20:14:00.288000,4440288,0.01,27.7,1030.0,0.0,-999.0,0,0.0,0.081
1969-12-31 20:14:02.288000,4442288,0.01,27.7,1030.0,0.0,-999.0,0,0.0,0.08
1969-12-31 20:14:04.288000,4444288,0.01,27.7,1030.0,0.0,-999.0,0,0.0,0.08
1969-12-31 20:14:06.288000,4446288,0.01,27.7,1030.1,0.0,-999.0,0,0.0,0.078
1969-12-31 20:14:08.288000,4448288,0.01,27.7,1030.1,0.0,-999.0,0,0.0,0.077
1969-12-31 20:14:10.288000,4450288,0.01,27.7,1030.1,0.0,-999.0,0,0.0,0.073
1969-12-31 20:14:12.288000,4452288,0.01,27.7,1030.3,0.0,-999.0,0,0.0,0.081
1969-12-31 20:14:14.288000,4454288,0.01,27.7,1030.1,0.0,-999.0,0,0.0,0.073
1969-12-31 20:14:16.288000,4456288,0.01,27.7,1030.0,0.0,-999.0,0,0.0,0.076
1969-12-31 20:14:18.288000,4458288,0.01,27.7,1030.3,0.0,-999.0,0,0.0,0.078
1969-12-31 20:14:20.288000,4460288,0.01,27.7,1030.1,0.0,-999.0,0,0.0,0.08
1969-12-31 20:14:22.288000,4462288,0.01,27.7,1030.0,0.0,-999.0,0,0.0,0.074
1969-12-31 20:14:24.288000,4464288,0.01,27.7,1029.9,0.0,-999.0,0,0.0,0.077
1969-12-31 20:14:26.288000,4466288,0.01,27.7,1030.0,0.0,-999.0,0,0.0,0.073
1969-12-31 20:14:28.288000,4468288,0.01,27.7,1030.0,0.0,-999.0,0,0.0,0.077
1969-12-31 20:14:30.288000,4470288,0.01,27.7,1030.0,0.0,-999.0,0,0.0,0.079
1969-12-31 20:14:32.288000,4472288,0.01,27.7,1030.1,0.0,-999.0,0,0.0,0.079
1969-12-31 20:14:34.288000,4474288,0.01,27.7,1030.0,0.0,-999.0,0,0.0,0.077
1969-12-31 20:14:36.288000,4476288,0.01,27.7,1030.1,0.0,-999.0,0,0.0,0.077
1969-12-31 20:14:38.288000,4478288,0.01,27.7,1030.1,0.0,-999.0,0,0.0,0.077
1969-12-31 20:14:40.288000,4480288,0.01,27.7,1029.9,0.0,-999.0,0,0.0,0.081
1969-12-31 20:14:42.288000,4482288,0.01,27.7,1030.1,0.0,-999.0,0,0.0,0.071
1969-12-31 20:14:44.288000,4484288,0.01,27.7,1030.0,0.0,-999.0,0,0.0,0.073
1969-12-31 20:14:46.288000,4486288,0.01,27.7,1030.1,0.0,-999.0,0,0.0,0.073
1969-12-31 20:14:48.288000,4488288,0.01,27.7,1030.4,0.0,-999.0,0,0.0,0.077
1969-12-31 20:14:50.288000,4490288,0.01,27.7,1030.0,0.0,-999.0,0,0.0,0.081
1969-12-31 20:14:52.288000,4492288,0.01,27.7,1030.1,0.0,-999.0,0,0.0,0.078
1969-12-31 20:14:54.288000,4494288,0.01,27.7,1029.9,0.0,-999.0,0,0.0,0.073
1969-12-31 20:14:56.288000,4496288,0.01,27.8,1030.3,0.0,-999.0,0,0.1,0.082
1969-12-31 20:14:58.288000,4498288,0.01,27.7,1030.3,0.0,-999.0,0,0.0,0.077
1969-12-31 20:15:00.288000,4500288,0.01,27.7,1029.9,0.0,-999.0,0,0.0,0.08
1969-12-31 20:15:02.288000,4502288,0.01,27.7,1030.3,0.0,-999.0,0,0.0,0.076
1969-12-31 20:15:04.288000,4504288,0.01,27.7,1030.0,0.0,-999.0,0,0.0,0.077
1969-12-31 20:15:06.288000,4506288,0.01,27.7,1030.1,0.0,-999.0,0,0.0,0.079
1969-12-31 20:15:08.288000,4508288,0.01,27.8,1030.3,0.0,-999.0,0,0.0,0.072
1969-12-31 20:15:10.288000,4510288,0.01,27.8,1030.3,0.0,-999.0,0,0.0,0.078
1969-12-31 20:15:12.288000,4512288,0.01,27.8,1030.1,0.0,-999.0,0,0.0,0.073
1969-12-31 20:15:14.288000,4514288,0.01,27.7,1029.9,0.0,-999.0,0,0.0,0.079
1969-12-31 20:15:16.288000,4516288,0.01,27.8,1030.0,0.0,-999.0,0,0.0,0.076
1969-12-31 20:15:18.288000,4518288,0.01,27.8,1030.3,0.0,-999.0,0,0.0,0.075
1969-12-31 20:15:20.288000,4520288,0.01,27.8,1030.4,0.0,-999.0,0,0.0,0.079
1969-12-31 20:15:22.288000,4522288,0.01,27.8,1030.1,0.0,-999.0,0,0.0,0.075
1969-12-31 20:15:24.288000,4524288,0.01,27.8,1030.0,0.0,-999.0,0,0.0,0.074
1969-12-31 20:15:26.288000,4526288,0.01,27.8,1030.1,0.0,-999.0,0,0.0,0.079
1969-12-31 20:15:28.288000,4528288,0.01,27.8,1030.3,0.0,-999.0,0,0.0,0.076
1969-12-31 20:15:30.288000,4530288,0.01,27.8,1030.1,0.0,-999.0,0,0.0,0.077
1969-12-31 20:15:32.288000,4532288,0.01,27.7,1030.3,0.0,-999.0,0,0.0,0.077
1969-12-31 20:15:34.288000,4534288,0.01,27.7,1030.3,0.0,-999.0,0,0.0,0.075
1969-12-31 20:15:36.288000,4536288,0.01,27.7,1030.1,0.0,-999.0,0,0.0,0.08
1969-12-31 20:15:38.288000,4538288,0.01,27.8,1030.1,0.0,-999.0,0,0.0,0.074
1969-12-31 20:15:40.289000,4540289,0.01,27.8,1030.3,0.0,-999.0,0,0.0,0.073
1969-12-31 20:15:42.288000,4542288,0.01,27.8,1030.3,0.0,-999.0,0,0.0,0.081
1969-12-31 20:15:44.288000,4544288,0.01,27.8,1030.0,0.0,-999.0,0,0.0,0.075
1969-12-31 20:15:46.288000,4546288,0.01,27.8,1030.3,0.0,-999.0,0,0.0,0.079
1969-12-31 20:15:48.288000,4548288,0.01,27.8,1030.1,0.0,-999.0,0,0.0,0.079
1969-12-31 20:15:50.288000,4550288,0.01,27.8,1030.3,0.0,-999.0,0,0.0,0.077
1969-12-31 20:15:52.288000,4552288,0.01,27.8,1030.3,0.0,-999.0,0,0.1,0.085
1969-12-31 20:15:54.288000,4554288,0.01,27.8,1030.3,0.0,-999.0,0,0.0,0.073
1969-12-31 20:15:56.288000,4556288,0.01,27.8,1030.5,0.0,-999.0,0,0.0,0.08
1969-12-31 20:15:58.288000,4558288,0.01,27.8,1030.3,0.0,-999.0,0,0.0,0.077
1969-12-31 20:16:00.288000,4560288,0.01,27.8,1030.3,0.0,-999.0,0,0.0,0.076
1969-12-31 20:16:02.288000,4562288,0.01,27.8,1029.7,0.0,-999.0,0,0.0,0.079
1969-12-31 20:16:04.288000,4564288,0.01,27.8,1029.9,0.0,-999.0,0,0.0,0.079
1969-12-31 20:16:06.288000,4566288,0.01,27.8,1030.3,0.0,-999.0,0,0.0,0.081
1969-12-31 20:16:08.288000,4568288,0.01,27.8,1030.0,0.0,-999.0,0,0.0,0.072
1969-12-31 20:16:10.288000,4570288,0.01,27.8,1030.1,0.0,-999.0,0,0.0,0.077
1969-12-31 20:16:12.288000,4572288,0.01,27.8,1029.7,0.0,-999.0,0,0.0,0.075
1969-12-31 20:16:14.288000,4574288,0.01,27.8,1029.9,0.0,-999.0,0,0.0,0.079
1969-12-31 20:16:16.288000,4576288,0.01,27.8,1030.0,0.0,-999.0,0,0.0,0.074
1969-12-31 20:16:18.288000,4578288,0.01,27.8,1030.0,0.0,-999.0,0,0.0,0.077
1969-12-31 20:16:20.288000,4580288,0.01,27.8,1030.3,0.0,-999.0,0,0.0,0.076
1969-12-31 20:16:22.289000,4582289,0.01,27.8,1030.1,0.0,-999.0,0,0.0,0.073
1969-12-31 20:16:24.288000,4584288,0.01,27.8,1030.0,0.0,-999.0,0,0.0,0.081
1969-12-31 20:16:26.288000,4586288,0.01,27.8,1030.3,0.0,-999.0,0,0.0,0.078
1969-12-31 20:16:28.288000,4588288,0.01,27.8,1030.3,0.0,-999.0,0,0.0,0.074
1969-12-31 20:16:30.288000,4590288,0.01,27.8,1030.0,0.0,-999.0,0,0.0,0.076
1969-12-31 20:16:32.288000,4592288,0.01,27.8,1029.9,0.0,-999.0,0,0.0,0.079
1969-12-31 20:16:34.288000,4594288,0.01,27.8,1030.3,0.0,-999.0,0,0.0,0.077
1969-12-31 20:16:36.288000,4596288,0.01,27.8,1030.0,0.0,-999.0,0,0.0,0.075
1969-12-31 20:16:38.288000,4598288,0.01,27.8,1030.3,0.0,-999.0,0,0.0,0.077
1969-12-31 20:16:40.288000,4600288,0.01,27.8,1030.1,0.0,-999.0,0,0.0,0.076
1969-12-31 20:16:42.288000,4602288,0.01,27.8,1030.0,0.0,-999.0,0,0.0,0.074
1969-12-31 20:16:44.288000,4604288,0.01,27.8,1030.3,0.0,-999.0,0,0.0,0.073
1969-12-31 20:16:46.288000,4606288,0.01,27.8,1030.3,0.0,-999.0,0,0.0,0.075
1969-12-31 20:16:48.288000,4608288,0.01,27.8,1030.0,0.0,-999.0,0,0.0,0.08
1969-12-31 20:16:50.288000,4610288,0.01,27.8,1030.1,0.0,-999.0,0,0.0,0.077
1969-12-31 20:16:52.288000,4612288,0.01,27.8,1030.0,0.0,-999.0,0,0.0,0.081
1969-12-31 20:16:54.288000,4614288,0.01,27.8,1029.7,0.0,-999.0,0,0.0,0.081
1969-12-31 20:16:56.288000,4616288,0.01,27.8,1030.1,0.0,-999.0,0,0.0,0.077
1969-12-31 20:16:58.288000,4618288,0.01,27.8,1030.1,0.0,-999.0,0,0.0,0.075
1969-12-31 20:17:00.288000,4620288,0.01,27.8,1030.4,0.0,-999.0,0,0.0,0.069
1969-12-31 20:17:02.288000,4622288,0.01,27.8,1030.3,0.0,-999.0,0,0.0,0.076
1969-12-31 20:17:04.288000,4624288,0.01,27.8,1030.4,0.0,-999.0,0,0.0,0.072
1969-12-31 20:17:06.288000,4626288,0.01,27.8,1030.1,0.0,-999.0,0,0.0,0.074
1969-12-31 20:17:08.288000,4628288,0.01,27.8,1030.4,0.0,-999.0,0,0.0,0.075
1969-12-31 20:17:10.288000,4630288,0.01,27.8,1030.5,0.0,-999.0,0,0.0,0.074
1969-12-31 20:17:12.288000,4632288,0.01,27.8,1030.1,0.0,-999.0,0,0.0,0.076
1969-12-31 20:17:14.288000,4634288,0.01,27.8,1030.0,0.0,-999.0,0,0.0,0.073
1969-12-31 20:17:16.288000,4636288,0.01,27.8,1030.3,0.0,-999.0,0,0.0,0.078
1969-12-31 20:17:18.288000,4638288,0.01,27.8,1029.9,0.0,-999.0,0,0.0,0.077
1969-12-31 20:17:20.288000,4640288,0.01,27.8,1029.9,0.0,-999.0,0,0.0,0.077
1969-12-31 20:17:22.288000,4642288,0.01,27.8,1030.5,0.0,-999.0,0,0.0,0.076
1969-12-31 20:17:24.288000,4644288,0.01,27.8,1030.3,0.0,-999.0,0,0.0,0.081
1969-12-31 20:17:26.288000,4646288,0.01,27.8,1030.3,0.0,-999.0,0,0.0,0.077
1969-12-31 20:17:28.288000,4648288,0.01,27.8,1030.3,0.0,-999.0,0,0.2,0.086
1969-12-31 20:17:30.288000,4650288,0.01,27.8,1030.3,0.0,-999.0,0,0.0,0.075
1969-12-31 20:17:32.288000,4652288,0.01,27.8,1030.4,0.0,-999.0,0,0.0,0.07
1969-12-31 20:17:34.288000,4654288,0.01,27.8,1030.3,0.0,-999.0,0,0.0,0.077
1969-12-31 20:17:36.288000,4656288,0.01,27.8,1030.3,0.0,-999.0,0,0.0,0.074
1969-12-31 20:17:38.288000,4658288,0.01,27.8,1030.4,0.0,-999.0,0,0.0,0.076
1969-12-31 20:17:40.288000,4660288,0.01,27.8,1030.3,0.0,-999.0,0,0.0,0.073
1969-12-31 20:17:42.288000,4662288,0.01,27.8,1030.3,0.0,-999.0,0,0.0,0.079
1969-12-31 20:17:50.288000,4670288,0.01,27.8,1030.3,0.0,-999.0,0,0.0,0.077
1969-12-31 20:32:10.308000,5530308,0.0,27.8,1030.5,0.0,-999.0,0,0.0,0.076
1969-12-31 20:32:12.308000,5532308,0.0,27.8,1030.4,0.0,-999.0,0,0.0,0.077
1969-12-31 20:32:14.308000,5534308,0.0,27.8,1030.4,0.0,-999.0,0,0.0,0.077
1969-12-31 20:32:16.308000,5536308,0.0,27.8,1030.3,0.0,-999.0,0,0.0,0.076
1969-12-31 20:32:18.308000,5538308,0.0,27.8,1030.1,0.0,-999.0,0,0.0,0.081
1969-12-31 20:32:20.308000,5540308,0.0,27.8,1030.5,0.0,-999.0,0,0.0,0.076
1969-12-31 20:32:22.308000,5542308,0.0,27.8,1030.4,0.0,-999.0,0,0.0,0.076
1969-12-31 20:32:24.308000,5544308,0.0,27.8,1030.4,0.0,-999.0,0,0.0,0.073
1969-12-31 20:32:26.308000,5546308,0.0,27.8,1030.3,0.0,-999.0,0,0.0,0.072
1969-12-31 20:32:28.308000,5548308,0.0,27.8,1030.4,0.0,-999.0,0,0.0,0.081
1969-12-31 20:32:30.308000,5550308,0.0,27.8,1030.5,0.0,-999.0,0,0.0,0.077
1969-12-31 20:32:32.308000,5552308,0.0,27.8,1030.1,0.0,-999.0,0,0.0,0.075
1969-12-31 20:32:34.308000,5554308,0.0,27.8,1030.3,0.0,-999.0,0,0.0,0.076
1969-12-31 20:32:36.308000,5556308,0.0,27.8,1030.4,0.0,-999.0,0,0.0,0.077
1969-12-31 20:32:38.308000,5558308,0.0,27.8,1030.3,0.0,-999.0,0,0.0,0.08
1969-12-31 20:32:40.308000,5560308,0.0,27.8,1030.5,0.0,-999.0,0,0.0,0.074
1969-12-31 20:32:42.308000,5562308,0.0,27.8,1030.5,0.0,-999.0,0,0.0,0.077
1969-12-31 20:32:44.308000,5564308,0.0,27.8,1030.3,0.0,-999.0,0,0.0,0.074
1969-12-31 20:32:46.308000,5566308,0.0,27.8,1030.3,0.0,-999.0,0,0.0,0.077
1969-12-31 20:32:48.308000,5568308,0.0,27.8,1030.5,0.0,-999.0,0,0.0,0.077
1969-12-31 20:32:50.308000,5570308,0.0,27.8,1030.4,0.0,-999.0,0,0.0,0.08
1969-12-31 20:32:52.308000,5572308,0.0,27.8,1030.4,0.0,-999.0,0,0.0,0.078
1969-12-31 20:32:54.308000,5574308,0.0,27.8,1030.4,0.0,-999.0,0,0.1,0.082
1969-12-31 20:32:56.308000,5576308,0.0,27.8,1030.3,0.0,-999.0,0,0.0,0.077
1969-12-31 20:32:58.308000,5578308,0.0,27.8,1030.5,0.0,-999.0,0,0.0,0.076
1969-12-31 20:33:00.308000,5580308,0.0,27.8,1030.1,0.0,-999.0,0,0.0,0.081
1969-12-31 20:33:02.308000,5582308,0.0,27.8,1030.5,0.0,-999.0,0,0.0,0.071
1969-12-31 20:33:04.308000,5584308,0.0,27.8,1030.5,0.0,-999.0,0,0.0,0.077
1969-12-31 20:33:06.308000,5586308,0.0,27.8,1030.3,0.0,-999.0,0,0.0,0.077
1969-12-31 20:33:08.308000,5588308,0.0,27.8,1030.5,0.0,-999.0,0,0.0,0.073
1969-12-31 20:33:10.308000,5590308,0.0,27.8,1030.1,0.0,-999.0,0,0.0,0.078
1969-12-31 20:33:12.308000,5592308,0.0,27.8,1030.4,0.0,-999.0,0,0.0,0.077
1969-12-31 20:33:14.308000,5594308,0.0,27.8,1030.1,0.0,-999.0,0,0.0,0.072
1969-12-31 20:33:16.308000,5596308,0.0,27.8,1030.3,0.0,-999.0,0,0.0,0.073
1969-12-31 20:33:18.308000,5598308,0.0,27.8,1030.5,0.0,-999.0,0,0.0,0.072
1969-12-31 20:33:20.308000,5600308,0.0,27.8,1030.1,0.0,-999.0,0,0.0,0.076
1969-12-31 20:33:22.308000,5602308,0.0,27.8,1030.5,0.0,-999.0,0,0.0,0.078
1969-12-31 20:33:24.308000,5604308,0.0,27.8,1030.7,0.0,-999.0,0,0.0,0.078
1969-12-31 20:33:26.308000,5606308,0.0,27.8,1030.5,0.0,-999.0,0,0.0,0.077
1969-12-31 20:33:28.308000,5608308,0.0,27.8,1030.5,0.0,-999.0,0,0.0,0.074
1969-12-31 20:33:30.308000,5610308,0.0,27.8,1030.5,0.0,-999.0,0,0.0,0.075
1969-12-31 20:33:32.308000,5612308,0.0,27.8,1030.4,0.0,-999.0,0,0.0,0.081
1969-12-31 20:33:34.308000,5614308,0.0,27.8,1030.5,0.0,-999.0,0,0.0,0.077
1969-12-31 20:33:36.308000,5616308,0.0,27.8,1030.0,0.0,-999.0,0,0.1,0.082
1969-12-31 20:33:38.308000,5618308,0.0,27.8,1030.4,0.0,-999.0,0,0.0,0.077
1969-12-31 20:33:40.308000,5620308,0.0,27.8,1030.3,0.0,-999.0,0,0.0,0.076
1969-12-31 20:33:42.308000,5622308,0.0,27.8,1030.4,0.0,-999.0,0,0.0,0.072
1969-12-31 20:33:44.308000,5624308,0.0,27.8,1029.9,0.0,-999.0,0,0.0,0.075
1969-12-31 20:33:46.308000,5626308,0.0,27.8,1030.5,0.0,-999.0,0,0.0,0.075
1969-12-31 20:33:48.308000,5628308,0.0,27.8,1030.4,0.0,-999.0,0,0.0,0.074
1969-12-31 20:33:50.308000,5630308,0.0,27.8,1030.1,0.0,-999.0,0,0.0,0.077
1969-12-31 20:33:52.308000,5632308,0.0,27.8,1030.5,0.0,-999.0,0,0.0,0.073
1969-12-31 20:33:54.308000,5634308,0.0,27.8,1030.5,0.0,-999.0,0,0.0,0.073
1969-12-31 20:33:56.308000,5636308,0.0,27.8,1030.5,0.0,-999.0,0,0.0,0.078
1969-12-31 20:33:58.308000,5638308,0.0,27.8,1030.5,0.0,-999.0,0,0.0,0.072
1969-12-31 20:34:00.308000,5640308,0.0,27.8,1030.3,0.0,-999.0,0,0.0,0.078
1969-12-31 20:34:02.308000,5642308,0.0,27.8,1030.4,0.0,-999.0,0,0.0,0.077
1969-12-31 20:34:04.308000,5644308,0.0,27.8,1030.3,0.0,-999.0,0,0.0,0.077
1969-12-31 20:34:06.308000,5646308,0.0,27.8,1030.4,0.0,-999.0,0,0.0,0.074
1969-12-31 20:34:08.309000,5648309,0.0,27.8,1030.1,0.0,-999.0,0,0.0,0.078
1969-12-31 20:34:10.308000,5650308,0.0,27.8,1030.1,0.0,-999.0,0,0.0,0.079
1969-12-31 20:34:12.308000,5652308,0.0,27.8,1030.0,0.0,-999.0,0,0.0,0.07
1969-12-31 20:34:14.308000,5654308,0.0,27.8,1030.1,0.0,-999.0,0,0.0,0.073
1969-12-31 20:34:16.308000,5656308,0.0,27.8,1030.3,0.0,-999.0,0,0.0,0.081
1969-12-31 20:34:18.308000,5658308,0.0,27.8,1030.0,0.0,-999.0,0,0.0,0.074
1969-12-31 20:34:20.308000,5660308,0.0,27.8,1030.5,0.0,-999.0,0,0.0,0.078
1969-12-31 20:34:22.308000,5662308,0.0,27.8,1030.3,0.0,-999.0,0,0.0,0.079
1969-12-31 20:34:24.308000,5664308,0.0,27.8,1030.3,0.0,-999.0,0,0.0,0.08
1969-12-31 20:34:26.308000,5666308,0.0,27.8,1030.1,0.0,-999.0,0,0.0,0.077
1969-12-31 20:34:28.308000,5668308,0.0,27.8,1030.1,0.0,-999.0,0,0.0,0.075
1969-12-31 20:34:30.308000,5670308,0.0,27.8,1030.4,0.0,-999.0,0,0.0,0.077
1969-12-31 20:34:32.308000,5672308,0.0,27.8,1030.4,0.0,-999.0,0,0.0,0.076
1969-12-31 20:34:34.308000,5674308,0.0,27.8,1030.0,0.0,-999.0,0,0.0,0.075
1969-12-31 20:34:36.308000,5676308,0.0,27.8,1030.0,0.0,-999.0,0,0.0,0.067
1969-12-31 20:34:38.308000,5678308,0.0,27.8,1030.4,0.0,-999.0,0,0.0,0.08
1969-12-31 20:34:40.308000,5680308,0.0,27.8,1030.3,0.0,-999.0,0,0.0,0.081
1969-12-31 20:34:42.308000,5682308,0.0,27.8,1030.3,0.0,-999.0,0,0.0,0.079
1969-12-31 20:34:44.308000,5684308,0.0,27.8,1030.1,0.0,-999.0,0,0.0,0.078
1969-12-31 20:34:46.308000,5686308,0.0,27.8,1030.1,0.0,-999.0,0,0.0,0.078
1969-12-31 20:34:48.308000,5688308,0.0,27.8,1030.1,0.0,-999.0,0,0.0,0.076
1969-12-31 20:34:50.308000,5690308,0.0,27.8,1030.1,0.0,-999.0,0,0.0,0.075
1969-12-31 20:34:52.308000,5692308,0.0,27.8,1030.1,0.0,-999.0,0,0.0,0.073
1969-12-31 20:34:54.308000,5694308,0.0,27.8,1030.4,0.0,-999.0,0,0.0,0.075
1969-12-31 20:34:56.308000,5696308,0.0,27.8,1030.4,0.0,-999.0,0,0.0,0.079
1969-12-31 20:34:58.308000,5698308,0.0,27.8,1030.4,0.0,-999.0,0,0.0,0.08
1969-12-31 20:35:00.308000,5700308,0.0,27.8,1030.1,0.0,-999.0,0,0.0,0.079
1969-12-31 20:35:02.308000,5702308,0.0,27.8,1030.5,0.0,-999.0,0,0.0,0.075
1969-12-31 20:35:04.308000,5704308,0.0,27.8,1030.1,0.0,-999.0,0,0.0,0.078
1969-12-31 20:35:06.308000,5706308,0.0,27.8,1030.4,0.0,-999.0,0,0.0,0.071
1969-12-31 20:35:08.308000,5708308,0.0,27.8,1030.5,0.0,-999.0,0,0.0,0.081
1969-12-31 20:35:10.308000,5710308,0.0,27.8,1030.3,0.0,-999.0,0,0.0,0.075
1969-12-31 20:35:12.308000,5712308,0.0,27.8,1030.3,0.0,-999.0,0,0.0,0.073
1969-12-31 20:35:14.308000,5714308,0.0,27.8,1030.4,0.0,-999.0,0,0.0,0.072
1969-12-31 20:35:16.308000,5716308,0.0,27.8,1030.3,0.0,-999.0,0,0.0,0.078
1969-12-31 20:35:18.308000,5718308,0.0,27.8,1030.1,0.0,-999.0,0,0.0,0.076
1969-12-31 20:35:20.308000,5720308,0.0,27.8,1030.4,0.0,-999.0,0,0.0,0.077
1969-12-31 20:35:22.308000,5722308,0.0,27.8,1030.3,0.0,-999.0,0,0.0,0.079
1969-12-31 20:35:24.308000,5724308,0.0,27.8,1030.5,0.0,-999.0,0,0.0,0.081
1969-12-31 20:35:26.308000,5726308,0.0,27.8,1030.4,0.0,-999.0,0,0.0,0.077
1969-12-31 20:35:28.308000,5728308,0.0,27.8,1030.4,0.0,-999.0,0,0.0,0.072
1969-12-31 20:35:30.308000,5730308,0.0,27.8,1030.5,0.0,-999.0,0,0.0,0.077
1969-12-31 20:35:32.308000,5732308,0.0,27.8,1030.4,0.0,-999.0,0,0.0,0.077
1969-12-31 20:35:34.308000,5734308,0.0,27.8,1030.4,0.0,-999.0,0,0.0,0.073
1969-12-31 20:35:36.308000,5736308,0.0,27.8,1030.4,0.0,-999.0,0,0.0,0.076
1969-12-31 20:35:38.308000,5738308,0.0,27.8,1030.5,0.0,-999.0,0,0.0,0.078
1969-12-31 20:35:40.308000,5740308,0.0,27.8,1030.4,0.0,-999.0,0,0.0,0.079
1969-12-31 20:35:42.309000,5742309,0.0,27.8,1030.4,0.0,-999.0,0,0.0,0.078
1969-12-31 20:35:44.308000,5744308,0.0,27.8,1030.4,0.0,-999.0,0,0.0,0.073
1969-12-31 20:35:46.308000,5746308,0.0,27.8,1030.5,0.0,-999.0,0,0.0,0.079
1969-12-31 20:35:48.308000,5748308,0.0,27.8,1030.5,0.0,-999.0,0,0.0,0.076
1969-12-31 20:35:50.308000,5750308,0.0,27.8,1030.3,0.0,-999.0,0,0.0,0.075
1969-12-31 20:35:52.308000,5752308,0.0,27.8,1030.5,0.0,-999.0,0,0.0,0.076
1969-12-31 20:35:54.308000,5754308,0.0,27.8,1030.1,0.0,-999.0,0,0.0,0.075
1969-12-31 20:35:56.308000,5756308,0.0,27.8,1030.4,0.0,-999.0,0,0.0,0.077
1969-12-31 20:35:58.308000,5758308,0.0,27.8,1030.5,0.0,-999.0,0,0.0,0.077
1969-12-31 20:36:00.308000,5760308,0.0,27.8,1030.3,0.0,-999.0,0,0.0,0.079
1969-12-31 20:36:02.308000,5762308,0.0,27.8,1030.4,0.0,-999.0,0,0.0,0.069
1969-12-31 20:36:04.308000,5764308,0.0,27.8,1030.4,0.0,-999.0,0,0.0,0.075
1969-12-31 20:36:06.308000,5766308,0.0,27.8,1030.5,0.0,-999.0,0,0.0,0.079
1969-12-31 20:36:08.308000,5768308,0.0,27.8,1030.3,0.0,-999.0,0,0.0,0.079
1969-12-31 20:36:10.308000,5770308,0.0,27.8,1030.0,0.0,-999.0,0,0.0,0.073
1969-12-31 20:36:12.318000,5772318,0.0,27.8,1030.3,0.0,-999.0,0,0.0,0.073
1969-12-31 20:36:14.308000,5774308,0.0,27.8,1030.4,0.0,-999.0,0,0.0,0.078
1969-12-31 20:36:16.308000,5776308,0.0,27.8,1030.4,0.0,-999.0,0,0.0,0.072
1969-12-31 20:36:18.308000,5778308,0.0,27.8,1030.0,0.0,-999.0,0,0.1,0.084
1969-12-31 20:36:20.318000,5780318,0.0,27.8,1030.1,0.0,-999.0,0,0.0,0.073
1969-12-31 20:36:22.308000,5782308,0.0,27.8,1030.3,0.0,-999.0,0,0.0,0.075
1969-12-31 20:36:24.308000,5784308,0.0,27.8,1030.4,0.0,-999.0,0,0.0,0.077
1969-12-31 20:36:26.318000,5786318,0.0,27.8,1030.1,0.0,-999.0,0,0.0,0.073
1969-12-31 20:36:28.318000,5788318,0.0,27.8,1030.1,0.0,-999.0,0,0.0,0.077
1969-12-31 20:36:30.318000,5790318,0.0,27.8,1030.3,0.0,-999.0,0,0.0,0.081
1969-12-31 20:36:32.318000,5792318,0.0,27.8,1030.4,0.0,-999.0,0,0.0,0.073
1969-12-31 20:36:34.318000,5794318,0.0,27.8,1030.3,0.0,-999.0,0,0.0,0.073
1969-12-31 20:36:36.318000,5796318,0.0,27.8,1030.5,0.0,-999.0,0,0.0,0.076
1969-12-31 20:36:38.319000,5798319,0.0,27.8,1030.0,0.0,-999.0,0,0.0,0.077
1969-12-31 20:36:40.318000,5800318,0.0,27.8,1030.3,0.0,-999.0,0,0.0,0.076
1969-12-31 20:36:42.318000,5802318,0.0,27.8,1030.4,0.0,-999.0,0,0.0,0.081
1969-12-31 20:36:44.318000,5804318,0.0,27.8,1030.3,0.0,-999.0,0,0.0,0.077
1969-12-31 20:36:46.318000,5806318,0.0,27.8,1030.4,0.0,-999.0,0,0.0,0.076
1969-12-31 20:36:48.318000,5808318,0.0,27.8,1030.3,0.0,-999.0,0,0.0,0.081
1969-12-31 20:36:50.318000,5810318,0.0,27.8,1030.5,0.0,-999.0,0,0.0,0.077
1969-12-31 20:36:52.318000,5812318,0.0,27.8,1030.3,0.0,-999.0,0,0.0,0.077
1969-12-31 20:36:54.318000,5814318,0.0,27.8,1030.1,0.0,-999.0,0,0.0,0.072
1969-12-31 20:36:56.318000,5816318,0.0,27.8,1030.4,0.0,-999.0,0,0.0,0.077
1969-12-31 20:36:58.318000,5818318,0.0,27.8,1030.3,0.0,-999.0,0,0.0,0.078
1969-12-31 20:37:00.318000,5820318,0.0,27.8,1030.3,0.0,-999.0,0,0.0,0.077
1969-12-31 20:37:02.318000,5822318,0.0,27.8,1030.1,0.0,-999.0,0,0.0,0.074
1969-12-31 20:37:04.318000,5824318,0.0,27.8,1030.3,0.0,-999.0,0,0.0,0.073
1969-12-31 20:37:06.318000,5826318,0.0,27.8,1030.3,0.0,-999.0,0,0.0,0.079
1969-12-31 20:37:08.318000,5828318,0.0,27.8,1030.3,0.0,-999.0,0,0.0,0.081
1969-12-31 20:37:10.318000,5830318,0.0,27.8,1030.4,0.0,-999.0,0,0.0,0.075
1969-12-31 20:37:12.318000,5832318,0.0,27.8,1030.4,0.0,-999.0,0,0.0,0.07
1969-12-31 20:37:14.318000,5834318,0.0,27.8,1030.1,0.0,-999.0,0,0.0,0.076
1969-12-31 20:37:16.318000,5836318,0.0,27.8,1030.4,0.0,-999.0,0,0.0,0.078
1969-12-31 20:37:18.318000,5838318,0.0,27.8,1030.3,0.0,-999.0,0,0.0,0.078
1969-12-31 20:37:20.318000,5840318,0.0,27.8,1030.3,0.0,-999.0,0,0.0,0.074
1969-12-31 20:37:22.318000,5842318,0.0,27.8,1030.4,0.0,-999.0,0,0.0,0.078
1969-12-31 20:37:24.318000,5844318,0.0,27.8,1030.3,0.0,-999.0,0,0.0,0.078
1969-12-31 20:37:26.318000,5846318,0.0,27.8,1030.3,0.0,-999.0,0,0.0,0.071
1969-12-31 20:37:28.318000,5848318,0.0,27.8,1030.3,0.0,-999.0,0,0.0,0.073
1969-12-31 20:37:30.318000,5850318,0.0,27.8,1030.0,0.0,-999.0,0,0.0,0.073
1969-12-31 20:37:32.318000,5852318,0.0,27.8,1030.3,0.0,-999.0,0,0.0,0.077
1969-12-31 20:37:34.318000,5854318,0.0,27.8,1030.1,0.0,-999.0,0,0.0,0.077
1969-12-31 20:37:36.318000,5856318,0.0,27.8,1030.1,0.0,-999.0,0,0.0,0.077
1969-12-31 20:37:38.318000,5858318,0.0,27.8,1030.3,0.0,-999.0,0,0.0,0.079
1969-12-31 20:37:40.318000,5860318,0.0,27.8,1030.1,0.0,-999.0,0,0.0,0.076
1969-12-31 20:37:42.318000,5862318,0.0,27.8,1030.3,0.0,-999.0,0,0.0,0.077
1969-12-31 20:37:44.318000,5864318,0.0,27.8,1030.1,0.0,-999.0,0,0.0,0.077
1969-12-31 20:37:46.318000,5866318,0.0,27.8,1030.1,0.0,-999.0,0,0.0,0.076
1969-12-31 20:37:48.318000,5868318,0.0,27.8,1030.3,0.0,-999.0,0,0.0,0.073
1969-12-31 20:37:50.318000,5870318,0.0,27.8,1030.0,0.0,-999.0,0,0.0,0.075
1969-12-31 20:37:52.318000,5872318,0.0,27.8,1030.1,0.0,-999.0,0,0.0,0.077
1969-12-31 20:37:54.318000,5874318,0.0,27.8,1030.1,0.0,-999.0,0,0.0,0.077
1969-12-31 20:37:56.318000,5876318,0.0,27.8,1030.1,0.0,-999.0,0,0.0,0.075
1969-12-31 20:37:58.318000,5878318,0.0,27.8,1030.3,0.0,-999.0,0,0.0,0.08
1969-12-31 20:38:00.318000,5880318,0.0,27.8,1030.4,0.0,-999.0,0,0.0,0.077
1969-12-31 20:38:02.319000,5882319,0.0,27.8,1030.1,0.0,-999.0,0,0.0,0.078
1969-12-31 20:38:04.318000,5884318,0.0,27.8,1030.3,0.0,-999.0,0,0.1,0.082
1969-12-31 20:38:06.318000,5886318,0.0,27.8,1030.3,0.0,-999.0,0,0.0,0.079
1969-12-31 20:38:08.318000,5888318,0.0,27.8,1030.1,0.0,-999.0,0,0.0,0.076
1969-12-31 20:38:10.318000,5890318,0.0,27.8,1030.3,0.0,-999.0,0,0.0,0.081
1969-12-31 20:38:12.318000,5892318,0.0,27.8,1030.3,0.0,-999.0,0,0.0,0.073
1969-12-31 20:38:14.318000,5894318,0.0,27.8,1030.1,0.0,-999.0,0,0.0,0.076
1969-12-31 20:38:16.318000,5896318,0.0,27.8,1030.3,0.0,-999.0,0,0.0,0.078
1969-12-31 20:38:18.318000,5898318,0.0,27.8,1030.4,0.0,-999.0,0,0.0,0.076
1969-12-31 20:38:20.318000,5900318,0.0,27.8,1030.3,0.0,-999.0,0,0.0,0.073
1969-12-31 20:38:22.318000,5902318,0.0,27.8,1030.3,0.0,-999.0,0,0.0,0.079
1969-12-31 20:38:24.318000,5904318,0.0,27.8,1030.4,0.0,-999.0,0,0.0,0.078
1969-12-31 20:38:26.318000,5906318,0.0,27.8,1030.4,0.0,-999.0,0,0.0,0.079
1969-12-31 20:38:28.318000,5908318,0.0,27.8,1030.4,0.0,-999.0,0,0.0,0.081
1969-12-31 20:38:30.318000,5910318,0.0,27.8,1030.5,0.0,-999.0,0,0.0,0.079
1969-12-31 20:38:32.318000,5912318,0.0,27.8,1030.3,0.0,-999.0,0,0.0,0.073
1969-12-31 20:38:34.318000,5914318,0.0,27.8,1030.5,0.0,-999.0,0,0.0,0.073
1969-12-31 20:38:36.318000,5916318,0.0,27.8,1030.4,0.0,-999.0,0,0.0,0.077
1969-12-31 20:38:38.318000,5918318,0.0,27.8,1030.1,0.0,-999.0,0,0.0,0.075
1969-12-31 20:38:40.318000,5920318,0.0,27.8,1030.4,0.0,-999.0,0,0.0,0.079
1969-12-31 20:38:42.318000,5922318,0.0,27.8,1030.3,0.0,-999.0,0,0.0,0.075
1969-12-31 20:38:44.318000,5924318,0.0,27.8,1030.4,0.0,-999.0,0,0.0,0.074
1969-12-31 20:38:46.318000,5926318,0.0,27.8,1030.3,0.0,-999.0,0,0.0,0.076
1969-12-31 20:38:48.318000,5928318,0.0,27.8,1030.5,0.0,-999.0,0,0.0,0.08
1969-12-31 20:38:50.318000,5930318,0.0,27.8,1030.4,0.0,-999.0,0,0.0,0.076
1969-12-31 20:38:52.318000,5932318,0.0,27.8,1030.4,0.0,-999.0,0,0.0,0.075
1969-12-31 20:38:54.318000,5934318,0.0,27.8,1030.4,0.0,-999.0,0,0.0,0.073
1969-12-31 20:38:56.318000,5936318,0.0,27.8,1030.3,0.0,-999.0,0,0.0,0.078
1969-12-31 20:38:58.318000,5938318,0.0,27.8,1030.0,0.0,-999.0,0,0.0,0.079
1969-12-31 20:39:00.318000,5940318,0.0,27.8,1030.4,0.0,-999.0,0,0.0,0.075
1969-12-31 20:39:02.318000,5942318,0.0,27.8,1030.5,0.0,-999.0,0,0.0,0.076
1969-12-31 20:39:04.318000,5944318,0.0,27.8,1030.3,0.0,-999.0,0,0.0,0.077
1969-12-31 20:39:06.318000,5946318,0.0,27.8,1030.1,0.0,-999.0,0,0.0,0.078
1969-12-31 20:39:08.318000,5948318,0.0,27.8,1030.3,0.0,-999.0,0,0.0,0.078
1969-12-31 20:39:10.318000,5950318,0.0,27.8,1030.3,0.0,-999.0,0,0.0,0.074
1969-12-31 20:39:12.318000,5952318,0.0,27.8,1030.3,0.0,-999.0,0,0.0,0.073
1969-12-31 20:39:14.318000,5954318,0.0,27.8,1030.3,0.0,-999.0,0,0.0,0.075
1969-12-31 20:39:16.318000,5956318,0.0,27.8,1030.4,0.0,-999.0,0,0.0,0.071
1969-12-31 20:39:18.318000,5958318,0.0,27.8,1030.1,0.0,-999.0,0,0.0,0.073
1969-12-31 20:39:20.318000,5960318,0.0,27.8,1030.4,0.0,-999.0,0,0.0,0.075
1969-12-31 20:39:22.318000,5962318,0.0,27.8,1030.1,0.0,-999.0,0,0.0,0.076
1969-12-31 20:39:24.318000,5964318,0.0,27.8,1030.1,0.0,-999.0,0,0.0,0.077
1969-12-31 20:39:26.318000,5966318,0.0,27.8,1030.3,0.0,-999.0,0,0.0,0.075
1969-12-31 20:39:28.318000,5968318,0.0,27.8,1030.4,0.0,-999.0,0,0.0,0.076
1969-12-31 20:39:30.318000,5970318,0.0,27.8,1030.3,0.0,-999.0,0,0.1,0.083
1969-12-31 20:39:32.318000,5972318,0.0,27.8,1030.5,0.0,-999.0,0,0.0,0.076
1969-12-31 20:39:34.318000,5974318,0.0,27.8,1030.5,0.0,-999.0,0,0.0,0.072
1969-12-31 20:39:36.318000,5976318,0.0,27.8,1030.4,0.0,-999.0,0,0.0,0.079
1969-12-31 20:39:38.318000,5978318,0.0,27.8,1030.3,0.0,-999.0,0,0.0,0.079
1969-12-31 20:39:40.318000,5980318,0.0,27.8,1030.3,0.0,-999.0,0,0.0,0.073
1969-12-31 20:39:42.318000,5982318,0.0,27.8,1030.3,0.0,-999.0,0,0.0,0.077
1969-12-31 20:39:44.318000,5984318,0.0,27.8,1030.5,0.0,-999.0,0,0.0,0.075
1969-12-31 20:39:46.319000,5986319,0.0,27.8,1030.4,0.0,-999.0,0,0.0,0.079
1969-12-31 20:39:48.318000,5988318,0.0,27.8,1030.4,0.0,-999.0,0,0.0,0.08
1969-12-31 20:39:50.318000,5990318,0.0,27.8,1030.5,0.0,-999.0,0,0.0,0.077
1969-12-31 20:39:52.318000,5992318,0.0,27.8,1030.5,0.0,-999.0,0,0.0,0.081
1969-12-31 20:39:54.318000,5994318,0.0,27.8,1030.0,0.0,-999.0,0,0.0,0.076
1969-12-31 20:39:56.318000,5996318,0.0,27.8,1030.3,0.0,-999.0,0,0.0,0.079
1969-12-31 20:39:58.318000,5998318,0.0,27.8,1030.1,0.0,-999.0,0,0.0,0.081
1969-12-31 20:40:00.318000,6000318,0.0,27.8,1030.5,0.0,-999.0,0,0.0,0.075
1969-12-31 20:40:02.318000,6002318,0.0,27.8,1030.1,0.0,-999.0,0,0.0,0.075
1969-12-31 20:40:04.318000,6004318,0.0,27.8,1030.0,0.0,-999.0,0,0.0,0.078
1969-12-31 20:40:06.318000,6006318,0.0,27.8,1030.5,0.0,-999.0,0,0.0,0.075
1969-12-31 20:40:08.318000,6008318,0.0,27.8,1030.4,0.0,-999.0,0,0.0,0.074
1969-12-31 20:40:10.318000,6010318,0.0,27.8,1030.1,0.0,-999.0,0,0.0,0.076
1969-12-31 20:40:12.318000,6012318,0.0,27.8,1030.7,0.0,-999.0,0,0.0,0.076
1969-12-31 20:40:14.318000,6014318,0.0,27.8,1030.5,0.0,-999.0,0,0.0,0.073
1969-12-31 20:40:16.318000,6016318,0.0,27.8,1030.1,0.0,-999.0,0,0.0,0.072
1969-12-31 20:40:18.318000,6018318,0.0,27.8,1030.3,0.0,-999.0,0,0.0,0.068
1969-12-31 20:40:20.318000,6020318,0.0,27.8,1030.5,0.0,-999.0,0,0.0,0.073
1969-12-31 20:40:22.318000,6022318,0.0,27.8,1030.1,0.0,-999.0,0,0.1,0.082
1969-12-31 20:40:24.318000,6024318,0.0,27.8,1030.1,0.0,-999.0,0,0.0,0.073
1969-12-31 20:40:26.318000,6026318,0.0,27.8,1030.3,0.0,-999.0,0,0.0,0.076
1969-12-31 20:40:28.318000,6028318,0.0,27.8,1030.3,0.0,-999.0,0,0.0,0.073
1969-12-31 20:40:30.318000,6030318,0.0,27.8,1030.5,0.0,-999.0,0,0.0,0.073
1969-12-31 20:40:32.318000,6032318,0.0,27.8,1030.5,0.0,-999.0,0,0.0,0.08
1969-12-31 20:40:34.318000,6034318,0.0,27.8,1030.5,0.0,-999.0,0,0.0,0.076
1969-12-31 20:40:36.318000,6036318,0.0,27.8,1030.5,0.0,-999.0,0,0.0,0.077
1969-12-31 20:40:38.318000,6038318,0.0,27.8,1030.7,0.0,-999.0,0,0.0,0.081
1969-12-31 20:40:40.318000,6040318,0.0,27.8,1030.7,0.0,-999.0,0,0.0,0.081
1969-12-31 20:40:42.318000,6042318,0.0,27.8,1030.4,0.0,-999.0,0,0.0,0.081
1969-12-31 20:40:44.318000,6044318,0.0,27.8,1030.0,0.0,-999.0,0,0.0,0.077
1969-12-31 20:40:46.318000,6046318,0.0,27.8,1030.5,0.0,-999.0,0,0.0,0.08
1969-12-31 20:40:48.318000,6048318,0.0,27.8,1030.1,0.0,-999.0,0,0.0,0.074
1969-12-31 20:40:50.318000,6050318,0.0,27.8,1029.9,0.0,-999.0,0,0.0,0.079
1969-12-31 20:40:52.318000,6052318,0.0,27.8,1030.3,0.0,-999.0,0,0.0,0.078
1969-12-31 20:40:54.318000,6054318,0.0,27.8,1030.5,0.0,-999.0,0,0.0,0.077
1969-12-31 20:40:56.318000,6056318,0.0,27.8,1030.3,0.0,-999.0,0,0.0,0.076
1969-12-31 20:40:58.318000,6058318,0.0,27.8,1030.3,0.0,-999.0,0,0.0,0.074
1969-12-31 20:41:00.318000,6060318,0.0,27.8,1030.1,0.0,-999.0,0,0.0,0.077
1969-12-31 20:41:02.318000,6062318,0.0,27.8,1030.0,0.0,-999.0,0,0.0,0.073
1969-12-31 20:41:04.318000,6064318,0.0,27.8,1030.1,0.0,-999.0,0,0.0,0.076
1969-12-31 20:41:06.318000,6066318,0.0,27.8,1029.9,0.0,-999.0,0,0.0,0.075
1969-12-31 20:41:08.318000,6068318,0.0,27.8,1030.7,0.0,-999.0,0,0.0,0.08
1969-12-31 20:41:10.318000,6070318,0.0,27.8,1030.5,0.0,-999.0,0,0.0,0.075
1969-12-31 20:41:12.318000,6072318,0.0,27.8,1030.3,0.0,-999.0,0,0.0,0.074
1969-12-31 20:41:14.318000,6074318,0.0,27.8,1030.0,0.0,-999.0,0,0.0,0.08
1969-12-31 20:41:16.318000,6076318,0.0,27.8,1030.1,0.0,-999.0,0,0.0,0.077
1969-12-31 20:41:18.318000,6078318,0.0,27.8,1030.3,0.0,-999.0,0,0.0,0.077
1969-12-31 20:41:20.318000,6080318,0.0,27.8,1030.0,0.0,-999.0,0,0.1,0.083
1969-12-31 20:41:22.318000,6082318,0.0,27.8,1030.1,0.0,-999.0,0,0.0,0.077
1969-12-31 20:41:24.318000,6084318,0.0,27.8,1030.4,0.0,-999.0,0,0.0,0.076
1969-12-31 20:41:26.318000,6086318,0.0,27.8,1030.1,0.0,-999.0,0,0.0,0.078
1969-12-31 20:41:28.318000,6088318,0.0,27.8,1030.5,0.0,-999.0,0,0.0,0.073
1969-12-31 20:41:30.318000,6090318,0.0,27.8,1030.5,0.0,-999.0,0,0.0,0.077
1969-12-31 20:41:32.318000,6092318,0.0,27.8,1030.1,0.0,-999.0,0,0.0,0.081
1969-12-31 20:41:34.318000,6094318,0.0,27.8,1030.3,0.0,-999.0,0,0.0,0.08
1969-12-31 20:41:36.318000,6096318,0.0,27.8,1030.1,0.0,-999.0,0,0.1,0.083
1969-12-31 20:41:38.318000,6098318,0.0,27.8,1030.5,0.0,-999.0,0,0.0,0.08
1969-12-31 20:41:40.318000,6100318,0.0,27.8,1030.4,0.0,-999.0,0,0.0,0.078
1969-12-31 20:41:42.318000,6102318,0.0,27.8,1030.3,0.0,-999.0,0,0.0,0.076
1969-12-31 20:41:44.318000,6104318,0.0,27.8,1030.4,0.0,-999.0,0,0.0,0.077
1969-12-31 20:41:46.318000,6106318,0.0,27.8,1030.3,0.0,-999.0,0,0.0,0.076
1969-12-31 20:41:48.318000,6108318,0.0,27.8,1030.5,0.0,-999.0,0,0.0,0.079
1969-12-31 20:41:50.318000,6110318,0.0,27.8,1030.3,0.0,-999.0,0,0.0,0.073
1969-12-31 20:41:52.318000,6112318,0.0,27.8,1030.0,0.0,-999.0,0,0.0,0.079
1969-12-31 20:41:54.318000,6114318,0.0,27.8,1030.3,0.0,-999.0,0,0.0,0.077
1969-12-31 20:41:56.318000,6116318,0.0,27.8,1030.4,0.0,-999.0,0,0.0,0.074
1969-12-31 20:41:58.318000,6118318,0.0,27.8,1030.4,0.0,-999.0,0,0.0,0.077
1969-12-31 20:42:00.318000,6120318,0.0,27.8,1030.5,0.0,-999.0,0,0.0,0.078
1969-12-31 20:42:02.318000,6122318,0.0,27.8,1030.1,0.0,-999.0,0,0.0,0.078
1969-12-31 20:42:04.318000,6124318,0.0,27.8,1029.9,0.0,-999.0,0,0.2,0.087
1969-12-31 20:42:06.318000,6126318,0.0,27.8,1029.7,0.0,-999.0,0,0.0,0.079
1969-12-31 20:42:08.318000,6128318,0.0,27.8,1030.4,0.0,-999.0,0,0.0,0.079
1969-12-31 20:42:10.318000,6130318,0.0,27.8,1030.7,0.0,-999.0,0,0.0,0.081
1969-12-31 20:42:12.318000,6132318,0.0,27.8,1030.4,0.0,-999.0,0,0.0,0.076
1969-12-31 20:42:14.318000,6134318,0.0,27.8,1030.5,0.0,-999.0,0,0.0,0.075
1969-12-31 20:42:16.318000,6136318,0.0,27.8,1030.4,0.0,-999.0,0,0.0,0.078
1969-12-31 20:42:18.318000,6138318,0.0,27.8,1030.4,0.0,-999.0,0,0.0,0.079
1969-12-31 20:42:20.318000,6140318,0.0,27.8,1030.5,0.0,-999.0,0,0.0,0.076
1969-12-31 20:42:22.318000,6142318,0.0,27.8,1030.1,0.0,-999.0,0,0.0,0.075
1969-12-31 20:42:24.318000,6144318,0.0,27.8,1030.5,0.0,-999.0,0,0.0,0.073
1969-12-31 20:42:26.318000,6146318,0.0,27.8,1030.3,0.0,-999.0,0,0.0,0.077
1969-12-31 20:42:28.318000,6148318,0.0,27.8,1030.5,0.0,-999.0,0,0.0,0.079
1969-12-31 20:42:30.318000,6150318,0.0,27.8,1030.3,0.0,-999.0,0,0.0,0.073
1969-12-31 20:42:32.318000,6152318,0.0,27.8,1030.3,0.0,-999.0,0,0.0,0.071
1969-12-31 20:42:34.318000,6154318,0.0,27.8,1030.5,0.0,-999.0,0,0.0,0.077
1969-12-31 20:42:36.318000,6156318,0.0,27.8,1030.1,0.0,-999.0,0,0.0,0.081
1969-12-31 20:42:38.318000,6158318,0.0,27.8,1030.4,0.0,-999.0,0,0.0,0.073
1969-12-31 20:42:40.318000,6160318,0.0,27.8,1030.5,0.0,-999.0,0,0.0,0.075
1969-12-31 20:42:42.318000,6162318,0.0,27.8,1030.5,0.0,-999.0,0,0.0,0.078
1969-12-31 20:42:44.318000,6164318,0.0,27.8,1030.1,0.0,-999.0,0,0.0,0.076
1969-12-31 20:42:46.318000,6166318,0.0,27.8,1030.4,0.0,-999.0,0,0.0,0.08
1969-12-31 20:42:48.318000,6168318,0.0,27.8,1030.1,0.0,-999.0,0,0.0,0.078
1969-12-31 20:42:50.318000,6170318,0.0,27.8,1030.4,0.0,-999.0,0,0.0,0.077
1969-12-31 20:42:52.318000,6172318,0.0,27.8,1030.3,0.0,-999.0,0,0.0,0.081
1969-12-31 20:42:54.318000,6174318,0.0,27.8,1030.4,0.0,-999.0,0,0.0,0.076
1969-12-31 20:42:56.318000,6176318,0.0,27.8,1030.3,0.0,-999.0,0,0.0,0.081
1969-12-31 20:42:58.318000,6178318,0.0,27.8,1030.3,0.0,-999.0,0,0.0,0.077
1969-12-31 20:43:00.318000,6180318,0.0,27.8,1030.1,0.0,-999.0,0,0.0,0.075
1969-12-31 20:43:02.318000,6182318,0.0,27.8,1030.4,0.0,-999.0,0,0.1,0.082
1969-12-31 20:43:04.318000,6184318,0.0,27.8,1030.3,0.0,-999.0,0,0.0,0.069
1969-12-31 20:43:06.318000,6186318,0.0,27.8,1030.3,0.0,-999.0,0,0.0,0.078
1969-12-31 20:43:08.318000,6188318,0.0,27.8,1030.4,0.0,-999.0,0,0.0,0.074
1969-12-31 20:43:10.318000,6190318,0.0,27.8,1030.3,0.0,-999.0,0,0.0,0.078
1969-12-31 20:43:12.318000,6192318,0.0,27.8,1030.0,0.0,-999.0,0,0.0,0.079
1969-12-31 20:43:14.318000,6194318,0.0,27.8,1030.5,0.0,-999.0,0,0.0,0.08
1969-12-31 20:43:16.318000,6196318,0.0,27.8,1030.4,0.0,-999.0,0,0.0,0.074
1969-12-31 20:43:18.318000,6198318,0.0,27.8,1030.1,0.0,-999.0,0,0.0,0.075
1969-12-31 20:43:20.318000,6200318,0.0,27.8,1030.4,0.0,-999.0,0,0.1,0.083
1969-12-31 20:43:22.318000,6202318,0.0,27.8,1030.1,0.0,-999.0,0,0.0,0.073
1969-12-31 20:43:24.318000,6204318,0.0,27.8,1030.4,0.0,-999.0,0,0.0,0.075
1969-12-31 20:43:26.318000,6206318,0.0,27.8,1030.4,0.0,-999.0,0,0.0,0.075
1969-12-31 20:43:28.318000,6208318,0.0,27.8,1030.3,0.0,-999.0,0,0.0,0.074
1969-12-31 20:43:30.318000,6210318,0.0,27.8,1030.4,0.0,-999.0,0,0.0,0.081
1969-12-31 20:43:32.318000,6212318,0.0,27.8,1030.3,0.0,-999.0,0,0.0,0.073
1969-12-31 20:43:34.318000,6214318,0.0,27.8,1030.1,0.0,-999.0,0,0.0,0.077
1969-12-31 20:43:36.318000,6216318,0.0,27.8,1030.4,0.0,-999.0,0,0.0,0.076
1969-12-31 20:43:38.318000,6218318,0.0,27.8,1030.3,0.0,-999.0,0,0.0,0.076
1969-12-31 20:43:40.318000,6220318,0.0,27.8,1030.4,0.0,-999.0,0,0.0,0.077
1969-12-31 20:43:42.318000,6222318,0.0,27.8,1030.4,0.0,-999.0,0,0.0,0.073
1969-12-31 20:43:44.318000,6224318,0.0,27.8,1030.4,0.0,-999.0,0,0.0,0.077
1969-12-31 20:43:46.318000,6226318,0.0,27.8,1030.3,0.0,-999.0,0,0.0,0.075
1969-12-31 20:43:48.318000,6228318,0.0,27.8,1030.3,0.0,-999.0,0,0.0,0.078
1969-12-31 20:43:50.318000,6230318,0.0,27.8,1030.0,0.0,-999.0,0,0.0,0.07
1969-12-31 20:43:52.318000,6232318,0.0,27.8,1030.1,0.0,-999.0,0,0.0,0.081
1969-12-31 20:43:54.318000,6234318,0.0,27.8,1030.4,0.0,-999.0,0,0.0,0.076
1969-12-31 20:43:56.318000,6236318,0.0,27.8,1030.1,0.0,-999.0,0,0.0,0.078
1969-12-31 20:43:58.318000,6238318,0.0,27.8,1030.1,0.0,-999.0,0,0.0,0.079
1969-12-31 20:44:00.318000,6240318,0.0,27.8,1030.5,0.0,-999.0,0,0.0,0.081
1969-12-31 20:44:02.318000,6242318,0.0,27.8,1030.4,0.0,-999.0,0,0.0,0.076
1969-12-31 20:44:04.319000,6244319,0.0,27.8,1030.1,0.0,-999.0,0,0.0,0.071
1969-12-31 20:44:06.318000,6246318,0.0,27.8,1030.7,0.0,-999.0,0,0.0,0.08
1969-12-31 20:44:08.318000,6248318,0.0,27.8,1030.5,0.0,-999.0,0,0.0,0.081
1969-12-31 20:44:10.318000,6250318,0.0,27.8,1030.1,0.0,-999.0,0,0.0,0.08
1969-12-31 20:44:12.318000,6252318,0.0,27.8,1030.1,0.0,-999.0,0,0.0,0.076
1969-12-31 20:44:14.318000,6254318,0.0,27.8,1030.3,0.0,-999.0,0,0.0,0.078
1969-12-31 20:44:16.318000,6256318,0.0,27.8,1030.3,0.0,-999.0,0,0.0,0.078
1969-12-31 20:44:18.318000,6258318,0.0,27.8,1030.4,0.0,-999.0,0,0.0,0.08
1969-12-31 20:44:20.318000,6260318,0.0,27.8,1030.4,0.0,-999.0,0,0.0,0.076
1969-12-31 20:44:22.318000,6262318,0.0,27.8,1030.5,0.0,-999.0,0,0.0,0.078
1969-12-31 20:44:24.318000,6264318,0.0,27.8,1029.7,0.0,-999.0,0,0.0,0.076
1969-12-31 20:44:26.318000,6266318,0.0,27.8,1030.3,0.0,-999.0,0,0.0,0.077
1969-12-31 20:44:28.318000,6268318,0.0,27.8,1030.5,0.0,-999.0,0,0.0,0.073
1969-12-31 20:44:30.318000,6270318,0.0,27.8,1030.4,0.0,-999.0,0,0.0,0.073
1969-12-31 20:44:32.318000,6272318,0.0,27.8,1030.3,0.0,-999.0,0,0.0,0.078
1969-12-31 20:44:34.318000,6274318,0.0,27.8,1030.5,0.0,-999.0,0,0.0,0.077
1969-12-31 20:44:36.318000,6276318,0.0,27.8,1030.5,0.0,-999.0,0,0.0,0.078
1969-12-31 20:44:38.318000,6278318,0.0,27.8,1030.3,0.0,-999.0,0,0.0,0.076
1969-12-31 20:44:40.318000,6280318,0.0,27.8,1030.0,0.0,-999.0,0,0.0,0.076
1969-12-31 20:44:42.318000,6282318,0.0,27.8,1030.1,0.0,-999.0,0,0.0,0.077
1969-12-31 20:44:44.318000,6284318,0.0,27.8,1030.4,0.0,-999.0,0,0.0,0.073
1969-12-31 20:44:46.318000,6286318,0.0,27.8,1030.3,0.0,-999.0,0,0.0,0.077
1969-12-31 20:44:48.318000,6288318,0.0,27.8,1030.4,0.0,-999.0,0,0.0,0.079
1969-12-31 20:44:50.318000,6290318,0.0,27.8,1030.4,0.0,-999.0,0,0.0,0.075
1969-12-31 20:44:52.318000,6292318,0.0,27.8,1030.1,0.0,-999.0,0,0.0,0.077
1969-12-31 20:44:54.318000,6294318,0.0,27.8,1030.1,0.0,-999.0,0,0.1,0.082
1969-12-31 20:44:56.328000,6296328,0.0,27.8,1030.1,0.0,-999.0,0,0.0,0.077
1969-12-31 20:44:58.328000,6298328,0.0,27.8,1030.3,0.0,-999.0,0,0.0,0.075
1969-12-31 20:45:00.318000,6300318,0.0,27.8,1030.4,0.0,-999.0,0,0.0,0.071
1969-12-31 20:45:02.318000,6302318,0.0,27.8,1030.3,0.0,-999.0,0,0.0,0.076
1969-12-31 20:45:04.328000,6304328,0.0,27.8,1030.4,0.0,-999.0,0,0.0,0.076
1969-12-31 20:45:06.328000,6306328,0.0,27.8,1030.3,0.0,-999.0,0,0.0,0.074
1969-12-31 20:45:08.328000,6308328,0.0,27.8,1030.5,0.0,-999.0,0,0.0,0.081
1969-12-31 20:45:10.328000,6310328,0.0,27.8,1030.4,0.0,-999.0,0,0.0,0.08
1969-12-31 20:45:12.328000,6312328,0.0,27.8,1030.5,0.0,-999.0,0,0.0,0.076
1969-12-31 20:45:14.328000,6314328,0.0,27.8,1030.3,0.0,-999.0,0,0.0,0.077
1969-12-31 20:45:16.328000,6316328,0.0,27.8,1030.4,0.0,-999.0,0,0.0,0.07
1969-12-31 20:45:18.328000,6318328,0.0,27.8,1030.3,0.0,-999.0,0,0.0,0.073
1969-12-31 20:45:20.328000,6320328,0.0,27.8,1030.4,0.0,-999.0,0,0.0,0.08
1969-12-31 20:45:22.328000,6322328,0.0,27.8,1030.4,0.0,-999.0,0,0.0,0.079
1969-12-31 20:45:24.328000,6324328,0.0,27.8,1030.4,0.0,-999.0,0,0.0,0.078
1969-12-31 20:45:26.328000,6326328,0.0,27.8,1030.5,0.0,-999.0,0,0.0,0.078
1969-12-31 20:45:28.328000,6328328,0.0,27.8,1030.4,0.0,-999.0,0,0.0,0.073
1969-12-31 20:45:30.328000,6330328,0.0,27.8,1030.5,0.0,-999.0,0,0.0,0.079
1969-12-31 20:45:32.328000,6332328,0.0,27.8,1030.4,0.0,-999.0,0,0.0,0.077
1969-12-31 20:45:34.328000,6334328,0.0,27.8,1030.3,0.0,-999.0,0,0.0,0.074
1969-12-31 20:45:36.328000,6336328,0.0,27.8,1030.4,0.0,-999.0,0,0.0,0.081
1969-12-31 20:45:38.328000,6338328,0.0,27.8,1030.4,0.0,-999.0,0,0.0,0.077
1969-12-31 20:45:40.328000,6340328,0.0,27.8,1030.4,0.0,-999.0,0,0.0,0.08
1969-12-31 20:45:42.328000,6342328,0.0,27.8,1030.4,0.0,-999.0,0,0.0,0.08
1969-12-31 20:45:44.328000,6344328,0.0,27.8,1030.5,0.0,-999.0,0,0.0,0.075
1969-12-31 20:45:46.328000,6346328,0.0,27.8,1030.3,0.0,-999.0,0,0.0,0.078
1969-12-31 20:45:48.328000,6348328,0.0,27.8,1030.1,0.0,-999.0,0,0.0,0.077
1969-12-31 20:45:50.328000,6350328,0.0,27.8,1030.4,0.0,-999.0,0,0.0,0.073
1969-12-31 20:45:52.328000,6352328,0.0,27.8,1030.3,0.0,-999.0,0,0.0,0.077
1969-12-31 20:45:54.328000,6354328,0.0,27.8,1030.4,0.0,-999.0,0,0.0,0.077
1969-12-31 20:45:56.328000,6356328,0.0,27.8,1030.3,0.0,-999.0,0,0.0,0.077
1969-12-31 20:45:58.328000,6358328,0.0,27.8,1030.4,0.0,-999.0,0,0.0,0.079
1969-12-31 20:46:00.328000,6360328,0.0,27.8,1030.3,0.0,-999.0,0,0.0,0.079
1969-12-31 20:46:02.328000,6362328,0.0,27.8,1030.3,0.0,-999.0,0,0.0,0.075
1969-12-31 20:46:04.328000,6364328,0.0,27.8,1030.3,0.0,-999.0,0,0.0,0.076
1969-12-31 20:46:06.328000,6366328,0.0,27.8,1030.3,0.0,-999.0,0,0.0,0.076
1969-12-31 20:46:08.328000,6368328,0.0,27.8,1030.3,0.0,-999.0,0,0.0,0.075
1969-12-31 20:46:10.328000,6370328,0.0,27.8,1030.4,0.0,-999.0,0,0.0,0.078
1969-12-31 20:46:12.328000,6372328,0.0,27.8,1030.4,0.0,-999.0,0,0.0,0.077
1969-12-31 20:46:14.328000,6374328,0.0,27.8,1030.4,0.0,-999.0,0,0.0,0.074
1969-12-31 20:46:16.328000,6376328,0.0,27.8,1030.0,0.0,-999.0,0,0.0,0.077
1969-12-31 20:46:18.328000,6378328,0.0,27.8,1030.3,0.0,-999.0,0,0.0,0.08
1969-12-31 20:46:20.328000,6380328,0.0,27.8,1030.5,0.0,-999.0,0,0.0,0.078
1969-12-31 20:46:22.328000,6382328,0.0,27.8,1030.3,0.0,-999.0,0,0.0,0.074
1969-12-31 20:46:24.328000,6384328,0.0,27.8,1030.5,0.0,-999.0,0,0.0,0.079
1969-12-31 20:46:26.328000,6386328,0.0,27.8,1030.0,0.0,-999.0,0,0.0,0.073
1969-12-31 20:46:28.328000,6388328,0.0,27.8,1030.4,0.0,-999.0,0,0.0,0.077
1969-12-31 20:46:30.328000,6390328,0.0,27.8,1030.4,0.0,-999.0,0,0.0,0.076
1969-12-31 20:46:32.328000,6392328,0.0,27.8,1030.1,0.0,-999.0,0,0.0,0.077
1969-12-31 20:46:34.328000,6394328,0.0,27.8,1030.0,0.0,-999.0,0,0.0,0.077
1969-12-31 20:46:36.328000,6396328,0.0,27.8,1030.3,0.0,-999.0,0,0.0,0.074
1969-12-31 20:46:38.328000,6398328,0.0,27.8,1030.5,0.0,-999.0,0,0.0,0.075
1969-12-31 20:46:40.328000,6400328,0.0,27.8,1030.4,0.0,-999.0,0,0.0,0.075
1969-12-31 20:46:42.328000,6402328,0.0,27.8,1030.3,0.0,-999.0,0,0.0,0.077
1969-12-31 20:46:44.328000,6404328,0.0,27.8,1030.3,0.0,-999.0,0,0.0,0.078
1969-12-31 20:46:46.328000,6406328,0.0,27.8,1030.4,0.0,-999.0,0,0.0,0.073
1969-12-31 20:46:48.328000,6408328,0.0,27.8,1030.4,0.0,-999.0,0,0.0,0.079
1969-12-31 20:46:50.328000,6410328,0.0,27.8,1030.3,0.0,-999.0,0,0.0,0.073
1969-12-31 20:46:52.328000,6412328,0.0,27.8,1030.4,0.0,-999.0,0,0.0,0.077
1969-12-31 20:46:54.328000,6414328,0.0,27.8,1030.5,0.0,-999.0,0,0.0,0.08
1969-12-31 20:46:56.328000,6416328,0.0,27.8,1030.5,0.0,-999.0,0,0.0,0.073
1969-12-31 20:46:58.328000,6418328,0.0,27.8,1030.5,0.0,-999.0,0,0.0,0.075
1969-12-31 20:47:00.328000,6420328,0.0,27.8,1030.4,0.0,-999.0,0,0.0,0.077
1969-12-31 20:47:02.328000,6422328,0.0,27.8,1030.4,0.0,-999.0,0,0.0,0.08
1969-12-31 20:47:04.328000,6424328,0.0,27.8,1030.4,0.0,-999.0,0,0.0,0.077
1969-12-31 20:47:06.328000,6426328,0.0,27.8,1030.1,0.0,-999.0,0,0.0,0.073
1969-12-31 20:47:08.328000,6428328,0.0,27.8,1030.4,0.0,-999.0,0,0.0,0.075
1969-12-31 20:47:10.328000,6430328,0.0,27.8,1030.4,0.0,-999.0,0,0.1,0.082
1969-12-31 20:47:12.328000,6432328,0.0,27.8,1030.0,0.0,-999.0,0,0.0,0.077
1969-12-31 20:47:14.328000,6434328,0.0,27.8,1030.5,0.0,-999.0,0,0.0,0.08
1969-12-31 20:47:16.328000,6436328,0.0,27.8,1030.4,0.0,-999.0,0,0.0,0.076
1969-12-31 20:47:18.328000,6438328,0.0,27.8,1030.4,0.0,-999.0,0,0.0,0.069
1969-12-31 20:47:20.328000,6440328,0.0,27.8,1030.5,0.0,-999.0,0,0.0,0.076
1969-12-31 20:47:22.328000,6442328,0.0,27.8,1030.4,0.0,-999.0,0,0.0,0.077
1969-12-31 20:47:24.328000,6444328,0.0,27.8,1030.5,0.0,-999.0,0,0.0,0.08
1969-12-31 20:47:26.328000,6446328,0.0,27.8,1030.5,0.0,-999.0,0,0.0,0.075
1969-12-31 20:47:28.328000,6448328,0.0,27.8,1030.3,0.0,-999.0,0,0.0,0.076
1969-12-31 20:47:30.328000,6450328,0.0,27.8,1030.3,0.0,-999.0,0,0.0,0.074
1969-12-31 20:47:32.328000,6452328,0.0,27.8,1030.4,0.0,-999.0,0,0.0,0.076
1969-12-31 20:47:34.328000,6454328,0.0,27.8,1030.5,0.0,-999.0,0,0.0,0.076
1969-12-31 20:47:36.328000,6456328,0.0,27.8,1030.0,0.0,-999.0,0,0.0,0.077
1969-12-31 20:47:38.328000,6458328,0.0,27.8,1030.4,0.0,-999.0,0,0.0,0.077
1969-12-31 20:47:40.328000,6460328,0.0,27.8,1030.4,0.0,-999.0,0,0.0,0.081
1969-12-31 20:47:42.328000,6462328,0.0,27.8,1030.4,0.0,-999.0,0,0.0,0.077
1969-12-31 20:47:44.328000,6464328,0.0,27.8,1030.5,0.0,-999.0,0,0.0,0.073
1969-12-31 20:47:46.328000,6466328,0.0,27.8,1030.5,0.0,-999.0,0,0.0,0.076
1969-12-31 20:47:48.328000,6468328,0.0,27.8,1030.4,0.0,-999.0,0,0.0,0.076
1969-12-31 20:47:50.328000,6470328,0.0,27.8,1030.5,0.0,-999.0,0,0.0,0.075
1969-12-31 20:47:52.328000,6472328,0.0,27.8,1030.5,0.0,-999.0,0,0.0,0.08
1969-12-31 20:47:54.328000,6474328,0.0,27.8,1030.4,0.0,-999.0,0,0.0,0.075
1969-12-31 20:47:56.328000,6476328,0.0,27.8,1030.4,0.0,-999.0,0,0.0,0.075
1969-12-31 20:47:58.328000,6478328,0.0,27.8,1030.5,0.0,-999.0,0,0.0,0.077
1969-12-31 20:48:00.328000,6480328,0.0,27.8,1030.4,0.0,-999.0,0,0.0,0.075
1969-12-31 20:48:02.328000,6482328,0.0,27.8,1030.4,0.0,-999.0,0,0.0,0.08
1969-12-31 20:48:04.328000,6484328,0.0,27.8,1030.3,0.0,-999.0,0,0.0,0.07
1969-12-31 20:48:06.328000,6486328,0.0,27.8,1030.5,0.0,-999.0,0,0.0,0.08
1969-12-31 20:48:08.328000,6488328,0.0,27.8,1030.4,0.0,-999.0,0,0.0,0.079
1969-12-31 20:48:10.328000,6490328,0.0,27.8,1030.4,0.0,-999.0,0,0.0,0.077
1969-12-31 20:48:12.328000,6492328,0.0,27.8,1030.4,0.0,-999.0,0,0.0,0.077
1969-12-31 20:48:14.328000,6494328,0.0,27.8,1030.4,0.0,-999.0,0,0.0,0.073
1969-12-31 20:48:16.328000,6496328,0.0,27.8,1030.4,0.0,-999.0,0,0.0,0.077
1969-12-31 20:48:18.328000,6498328,0.0,27.8,1030.3,0.0,-999.0,0,0.0,0.075
1969-12-31 20:48:20.328000,6500328,0.0,27.8,1030.4,0.0,-999.0,0,0.0,0.077
1969-12-31 20:48:22.328000,6502328,0.0,27.8,1030.3,0.0,-999.0,0,0.0,0.079
1969-12-31 20:48:24.328000,6504328,0.0,27.8,1030.4,0.0,-999.0,0,0.0,0.077
1969-12-31 20:48:26.328000,6506328,0.0,27.8,1030.3,0.0,-999.0,0,0.0,0.077
1969-12-31 20:48:28.328000,6508328,0.0,27.8,1030.1,0.0,-999.0,0,0.0,0.076
1969-12-31 20:48:30.328000,6510328,0.0,27.8,1030.4,0.0,-999.0,0,0.0,0.077
1969-12-31 20:48:32.329000,6512329,0.0,27.8,1030.1,0.0,-999.0,0,0.0,0.077
1969-12-31 20:48:34.328000,6514328,0.0,27.8,1030.5,0.0,-999.0,0,0.0,0.077
1969-12-31 20:48:36.328000,6516328,0.0,27.8,1030.4,0.0,-999.0,0,0.0,0.074
1969-12-31 20:48:38.328000,6518328,0.0,27.8,1030.5,0.0,-999.0,0,0.0,0.077
1969-12-31 20:48:40.328000,6520328,0.0,27.8,1030.5,0.0,-999.0,0,0.0,0.081
1969-12-31 20:48:42.328000,6522328,0.0,27.8,1030.3,0.0,-999.0,0,0.0,0.075
1969-12-31 20:48:44.328000,6524328,0.0,27.8,1030.5,0.0,-999.0,0,0.0,0.078
1969-12-31 20:48:46.328000,6526328,0.0,27.8,1030.4,0.0,-999.0,0,0.0,0.077
1969-12-31 20:48:48.328000,6528328,0.0,27.8,1030.4,0.0,-999.0,0,0.0,0.081
1969-12-31 20:48:50.328000,6530328,0.0,27.8,1030.4,0.0,-999.0,0,0.0,0.075
1969-12-31 20:48:52.328000,6532328,0.0,27.8,1030.5,0.0,-999.0,0,0.0,0.072
1969-12-31 20:48:54.328000,6534328,0.0,27.8,1030.5,0.0,-999.0,0,0.0,0.077
1969-12-31 20:48:56.328000,6536328,0.0,27.8,1030.5,0.0,-999.0,0,0.0,0.075
1969-12-31 20:48:58.328000,6538328,0.0,27.8,1030.5,0.0,-999.0,0,0.0,0.077
1969-12-31 20:49:00.328000,6540328,0.0,27.8,1030.5,0.0,-999.0,0,0.0,0.078
1969-12-31 20:49:02.328000,6542328,0.0,27.8,1030.4,0.0,-999.0,0,0.0,0.077
1969-12-31 20:49:04.328000,6544328,0.0,27.8,1030.5,0.0,-999.0,0,0.0,0.07
1969-12-31 20:49:06.328000,6546328,0.0,27.8,1030.5,0.0,-999.0,0,0.0,0.077
1969-12-31 20:49:08.328000,6548328,0.0,27.8,1030.5,0.0,-999.0,0,0.0,0.076
1969-12-31 20:49:10.328000,6550328,0.0,27.8,1030.4,0.0,-999.0,0,0.0,0.077
1969-12-31 20:49:12.328000,6552328,0.0,27.8,1030.5,0.0,-999.0,0,0.0,0.073
1969-12-31 20:49:14.328000,6554328,0.0,27.8,1030.3,0.0,-999.0,0,0.0,0.078
1969-12-31 20:49:16.328000,6556328,0.0,27.8,1030.7,0.0,-999.0,0,0.0,0.079
1969-12-31 20:49:18.328000,6558328,0.0,27.8,1030.4,0.0,-999.0,0,0.0,0.079
1969-12-31 20:49:20.328000,6560328,0.0,27.8,1030.1,0.0,-999.0,0,0.0,0.074
1969-12-31 20:49:22.328000,6562328,0.0,27.8,1030.4,0.0,-999.0,0,0.0,0.081
1969-12-31 20:49:24.328000,6564328,0.0,27.8,1030.5,0.0,-999.0,0,0.0,0.081
1969-12-31 20:49:26.328000,6566328,0.0,27.8,1030.5,0.0,-999.0,0,0.0,0.078
1969-12-31 20:49:28.328000,6568328,0.0,27.8,1030.7,0.0,-999.0,0,0.0,0.073
1969-12-31 20:49:30.328000,6570328,0.0,27.8,1030.4,0.0,-999.0,0,0.0,0.078
1969-12-31 20:49:32.328000,6572328,0.0,27.8,1030.3,0.0,-999.0,0,0.0,0.081
1969-12-31 20:49:34.328000,6574328,0.0,27.8,1030.5,0.0,-999.0,0,0.0,0.079
1969-12-31 20:49:36.328000,6576328,0.0,27.8,1030.5,0.0,-999.0,0,0.0,0.077
1969-12-31 20:49:38.328000,6578328,0.0,27.8,1030.5,0.0,-999.0,0,0.0,0.071
1969-12-31 20:49:40.328000,6580328,0.0,27.8,1030.3,0.0,-999.0,0,0.0,0.079
1969-12-31 20:49:42.329000,6582329,0.0,27.8,1030.4,0.0,-999.0,0,0.0,0.073
1969-12-31 20:49:44.328000,6584328,0.0,27.8,1030.4,0.0,-999.0,0,0.0,0.076
1969-12-31 20:49:46.328000,6586328,0.0,27.8,1030.4,0.0,-999.0,0,0.0,0.077
1969-12-31 20:49:48.328000,6588328,0.0,27.8,1030.4,0.0,-999.0,0,0.0,0.081
1969-12-31 20:49:50.328000,6590328,0.0,27.8,1030.4,0.0,-999.0,0,0.0,0.072
1969-12-31 20:49:52.328000,6592328,0.0,27.8,1030.1,0.0,-999.0,0,0.0,0.077
1969-12-31 20:49:54.328000,6594328,0.0,27.8,1030.3,0.0,-999.0,0,0.0,0.077
1969-12-31 20:49:56.328000,6596328,0.0,27.8,1030.0,0.0,-999.0,0,0.0,0.081
1969-12-31 20:49:58.328000,6598328,0.0,27.8,1030.5,0.0,-999.0,0,0.0,0.069
1969-12-31 20:50:00.328000,6600328,0.0,27.8,1030.4,0.0,-999.0,0,0.0,0.077
1969-12-31 20:50:02.328000,6602328,0.0,27.8,1030.5,0.0,-999.0,0,0.0,0.076
1969-12-31 20:50:04.328000,6604328,0.0,27.8,1030.7,0.0,-999.0,0,0.0,0.077
1969-12-31 20:50:06.328000,6606328,0.0,27.8,1030.5,0.0,-999.0,0,0.0,0.077
1969-12-31 20:50:08.328000,6608328,0.0,27.8,1030.5,0.0,-999.0,0,0.0,0.078
1969-12-31 20:50:10.328000,6610328,0.0,27.8,1030.0,0.0,-999.0,0,0.0,0.073
1969-12-31 20:50:12.328000,6612328,0.0,27.8,1030.5,0.0,-999.0,0,0.0,0.076
1969-12-31 20:50:14.328000,6614328,0.0,27.8,1030.5,0.0,-999.0,0,0.0,0.075
1969-12-31 20:50:16.328000,6616328,0.0,27.8,1030.5,0.0,-999.0,0,0.0,0.074
1969-12-31 20:50:18.328000,6618328,0.0,27.8,1030.3,0.0,-999.0,0,0.0,0.08
1969-12-31 20:50:20.328000,6620328,0.0,27.8,1030.4,0.0,-999.0,0,0.0,0.077
1969-12-31 20:50:22.328000,6622328,0.0,27.8,1030.3,0.0,-999.0,0,0.0,0.08
1969-12-31 20:50:24.328000,6624328,0.0,27.8,1030.3,0.0,-999.0,0,0.0,0.074
1969-12-31 20:50:26.328000,6626328,0.0,27.8,1030.4,0.0,-999.0,0,0.0,0.075
1969-12-31 20:50:28.328000,6628328,0.0,27.8,1030.4,0.0,-999.0,0,0.0,0.076
1969-12-31 20:50:30.328000,6630328,0.0,27.8,1030.0,0.0,-999.0,0,0.0,0.076
1969-12-31 20:50:32.328000,6632328,0.0,27.8,1030.5,0.0,-999.0,0,0.0,0.075
1969-12-31 20:50:34.328000,6634328,0.0,27.8,1030.5,0.0,-999.0,0,0.0,0.079
1969-12-31 20:50:36.328000,6636328,0.0,27.8,1030.4,0.0,-999.0,0,0.0,0.076
1969-12-31 20:50:38.328000,6638328,0.0,27.8,1030.5,0.0,-999.0,0,0.0,0.07
1969-12-31 20:50:40.328000,6640328,0.0,27.8,1030.3,0.0,-999.0,0,0.0,0.081
1969-12-31 20:50:42.328000,6642328,0.0,27.8,1030.0,0.0,-999.0,0,0.0,0.077
1969-12-31 20:50:44.328000,6644328,0.0,27.8,1030.4,0.0,-999.0,0,0.0,0.078
1969-12-31 20:50:46.328000,6646328,0.0,27.8,1030.3,0.0,-999.0,0,0.0,0.08
1969-12-31 20:50:48.328000,6648328,0.0,27.8,1030.7,0.0,-999.0,0,0.0,0.077
1969-12-31 20:50:50.328000,6650328,0.0,27.8,1030.4,0.0,-999.0,0,0.0,0.073
1969-12-31 20:50:52.328000,6652328,0.0,27.8,1030.5,0.0,-999.0,0,0.0,0.074
1969-12-31 20:50:54.328000,6654328,0.0,27.8,1030.3,0.0,-999.0,0,0.1,0.085
1969-12-31 20:50:56.328000,6656328,0.0,27.8,1030.4,0.0,-999.0,0,0.0,0.081
1969-12-31 20:50:58.328000,6658328,0.0,27.8,1030.3,0.0,-999.0,0,0.0,0.07
1969-12-31 20:51:00.328000,6660328,0.0,27.8,1030.4,0.0,-999.0,0,0.0,0.074
1969-12-31 20:51:02.328000,6662328,0.0,27.8,1030.5,0.0,-999.0,0,0.0,0.075
1969-12-31 20:51:04.328000,6664328,0.0,27.8,1030.4,0.0,-999.0,0,0.0,0.077
1969-12-31 20:51:06.328000,6666328,0.0,27.8,1030.4,0.0,-999.0,0,0.0,0.078
1969-12-31 20:51:08.328000,6668328,0.0,27.8,1030.5,0.0,-999.0,0,0.0,0.075
1969-12-31 20:51:10.328000,6670328,0.0,27.8,1030.5,0.0,-999.0,0,0.0,0.076
1969-12-31 20:51:12.328000,6672328,0.0,27.8,1030.3,0.0,-999.0,0,0.0,0.076
1969-12-31 20:51:14.328000,6674328,0.0,27.8,1030.5,0.0,-999.0,0,0.0,0.077
1969-12-31 20:51:16.328000,6676328,0.0,27.8,1030.4,0.0,-999.0,0,0.0,0.077
1969-12-31 20:51:18.328000,6678328,0.0,27.8,1030.3,0.0,-999.0,0,0.0,0.077
1969-12-31 20:51:20.328000,6680328,0.0,27.8,1030.3,0.0,-999.0,0,0.0,0.077
1969-12-31 20:51:22.328000,6682328,0.0,27.8,1030.5,0.0,-999.0,0,0.0,0.075
1969-12-31 20:51:24.328000,6684328,0.0,27.8,1030.5,0.0,-999.0,0,0.0,0.078
1969-12-31 20:51:26.328000,6686328,0.0,27.8,1029.9,0.0,-999.0,0,0.0,0.072
1969-12-31 20:51:28.328000,6688328,0.0,27.8,1030.4,0.0,-999.0,0,0.0,0.076
1969-12-31 20:51:30.328000,6690328,0.0,27.8,1030.1,0.0,-999.0,0,0.0,0.081
1969-12-31 20:51:32.328000,6692328,0.0,27.8,1030.1,0.0,-999.0,0,0.0,0.081
1969-12-31 20:51:34.328000,6694328,0.0,27.8,1030.5,0.0,-999.0,0,0.0,0.078
1969-12-31 20:51:36.328000,6696328,0.0,27.8,1030.7,0.0,-999.0,0,0.0,0.08
1969-12-31 20:51:38.328000,6698328,0.0,27.8,1030.3,0.0,-999.0,0,0.0,0.077
1969-12-31 20:51:40.328000,6700328,0.0,27.8,1030.4,0.0,-999.0,0,0.0,0.08
1969-12-31 20:51:42.328000,6702328,0.0,27.8,1030.4,0.0,-999.0,0,0.0,0.074
1969-12-31 20:51:44.328000,6704328,0.0,27.8,1030.4,0.0,-999.0,0,0.0,0.077
1969-12-31 20:51:46.328000,6706328,0.0,27.8,1030.0,0.0,-999.0,0,0.0,0.077
1969-12-31 20:51:48.328000,6708328,0.0,27.8,1030.5,0.0,-999.0,0,0.0,0.077
1969-12-31 20:51:50.328000,6710328,0.0,27.8,1030.0,0.0,-999.0,0,0.0,0.078
1969-12-31 20:51:52.328000,6712328,0.0,27.8,1030.5,0.0,-999.0,0,0.0,0.072
1969-12-31 20:51:54.328000,6714328,0.0,27.8,1030.5,0.0,-999.0,0,0.0,0.075
1969-12-31 20:51:56.328000,6716328,0.0,27.8,1030.1,0.0,-999.0,0,0.0,0.077
1969-12-31 20:51:58.328000,6718328,0.0,27.8,1030.3,0.0,-999.0,0,0.0,0.076
1969-12-31 20:52:00.328000,6720328,0.0,27.8,1030.5,0.0,-999.0,0,0.0,0.075
1969-12-31 20:52:02.328000,6722328,0.0,27.8,1030.4,0.0,-999.0,0,0.1,0.082
1969-12-31 20:52:04.328000,6724328,0.0,27.8,1030.4,0.0,-999.0,0,0.0,0.08
1969-12-31 20:52:06.328000,6726328,0.0,27.8,1030.3,0.0,-999.0,0,0.0,0.074
1969-12-31 20:52:08.328000,6728328,0.0,27.8,1030.4,0.0,-999.0,0,0.0,0.074
1969-12-31 20:52:10.328000,6730328,0.0,27.8,1030.1,0.0,-999.0,0,0.0,0.081
1969-12-31 20:52:12.328000,6732328,0.0,27.8,1030.5,0.0,-999.0,0,0.0,0.077
1969-12-31 20:52:14.328000,6734328,0.0,27.8,1030.5,0.0,-999.0,0,0.0,0.072
1969-12-31 20:52:16.328000,6736328,0.0,27.8,1030.4,0.0,-999.0,0,0.0,0.077
1969-12-31 20:52:18.328000,6738328,0.0,27.8,1030.5,0.0,-999.0,0,0.0,0.071
1969-12-31 20:52:20.328000,6740328,0.0,27.8,1030.5,0.0,-999.0,0,0.0,0.08
1969-12-31 20:52:22.328000,6742328,0.0,27.8,1030.4,0.0,-999.0,0,0.0,0.081
1969-12-31 20:52:24.328000,6744328,0.0,27.8,1030.4,0.0,-999.0,0,0.0,0.078
1969-12-31 20:52:26.328000,6746328,0.0,27.8,1030.3,0.0,-999.0,0,0.0,0.078
1969-12-31 20:52:28.328000,6748328,0.0,27.8,1030.4,0.0,-999.0,0,0.0,0.075
1969-12-31 20:52:30.328000,6750328,0.0,27.8,1030.3,0.0,-999.0,0,0.0,0.079
1969-12-31 20:52:32.328000,6752328,0.0,27.8,1030.5,0.0,-999.0,0,0.0,0.079
1969-12-31 20:52:34.328000,6754328,0.0,27.8,1030.1,0.0,-999.0,0,0.0,0.078
1969-12-31 20:52:36.328000,6756328,0.0,27.8,1030.1,0.0,-999.0,0,0.0,0.081
1969-12-31 20:52:38.328000,6758328,0.0,27.8,1030.0,0.0,-999.0,0,0.0,0.081
1969-12-31 20:52:40.328000,6760328,0.0,27.8,1030.3,0.0,-999.0,0,0.0,0.076
1969-12-31 20:52:42.328000,6762328,0.0,27.8,1030.4,0.0,-999.0,0,0.0,0.077
1969-12-31 20:52:44.328000,6764328,0.0,27.8,1029.9,0.0,-999.0,0,0.0,0.077
1969-12-31 20:52:46.328000,6766328,0.0,27.8,1030.4,0.0,-999.0,0,0.0,0.076
1969-12-31 20:52:48.328000,6768328,0.0,27.8,1030.0,0.0,-999.0,0,0.0,0.075
1969-12-31 20:52:50.328000,6770328,0.0,27.8,1029.9,0.0,-999.0,0,0.0,0.075
1969-12-31 20:52:52.328000,6772328,0.0,27.8,1030.4,0.0,-999.0,0,0.0,0.075
1969-12-31 20:52:54.328000,6774328,0.0,27.8,1030.5,0.0,-999.0,0,0.0,0.078
1969-12-31 20:52:56.328000,6776328,0.0,27.8,1030.4,0.0,-999.0,0,0.0,0.075
1969-12-31 20:52:58.328000,6778328,0.0,27.8,1030.0,0.0,-999.0,0,0.0,0.079
1969-12-31 20:53:00.328000,6780328,0.0,27.8,1030.4,0.0,-999.0,0,0.0,0.071
1969-12-31 20:53:02.328000,6782328,0.0,27.8,1030.7,0.0,-999.0,0,0.0,0.078
1969-12-31 20:53:04.328000,6784328,0.0,27.8,1030.4,0.0,-999.0,0,0.0,0.077
1969-12-31 20:53:06.328000,6786328,0.0,27.8,1030.5,0.0,-999.0,0,0.1,0.085
1969-12-31 20:53:08.328000,6788328,0.0,27.8,1030.5,0.0,-999.0,0,0.0,0.074
1969-12-31 20:53:10.328000,6790328,0.0,27.8,1030.4,0.0,-999.0,0,0.0,0.073
1969-12-31 20:53:12.328000,6792328,0.0,27.8,1030.3,0.0,-999.0,0,0.0,0.079
1969-12-31 20:53:14.329000,6794329,0.0,27.8,1030.3,0.0,-999.0,0,0.0,0.076
1969-12-31 20:53:16.328000,6796328,0.0,27.8,1030.3,0.0,-999.0,0,0.0,0.077
1969-12-31 20:53:18.328000,6798328,0.0,27.8,1030.5,0.0,-999.0,0,0.0,0.078
1969-12-31 20:53:20.328000,6800328,0.0,27.8,1030.3,0.0,-999.0,0,0.0,0.076
1969-12-31 20:53:22.328000,6802328,0.0,27.8,1029.9,0.0,-999.0,0,0.0,0.077
1969-12-31 20:53:24.328000,6804328,0.0,27.8,1030.4,0.0,-999.0,0,0.0,0.068
1969-12-31 20:53:26.338000,6806338,0.0,27.8,1030.5,0.0,-999.0,0,0.0,0.079
1969-12-31 20:53:28.338000,6808338,0.0,27.8,1030.4,0.0,-999.0,0,0.0,0.077
1969-12-31 20:53:30.328000,6810328,0.0,27.8,1030.3,0.0,-999.0,0,0.0,0.077
1969-12-31 20:53:32.328000,6812328,0.0,27.8,1030.1,0.0,-999.0,0,0.0,0.077
1969-12-31 20:53:34.338000,6814338,0.0,27.8,1030.1,0.0,-999.0,0,0.0,0.075
1969-12-31 20:53:36.338000,6816338,0.0,27.8,1030.4,0.0,-999.0,0,0.0,0.07
1969-12-31 20:53:38.338000,6818338,0.0,27.8,1030.4,0.0,-999.0,0,0.0,0.075
1969-12-31 20:53:40.338000,6820338,0.0,27.8,1030.4,0.0,-999.0,0,0.0,0.076
1969-12-31 20:53:42.338000,6822338,0.0,27.8,1030.3,0.0,-999.0,0,0.0,0.073
1969-12-31 20:53:44.338000,6824338,0.0,27.8,1030.4,0.0,-999.0,0,0.0,0.079
1969-12-31 20:53:46.338000,6826338,0.0,27.8,1030.4,0.0,-999.0,0,0.0,0.077
1969-12-31 20:53:48.338000,6828338,0.0,27.8,1030.4,0.0,-999.0,0,0.0,0.075
1969-12-31 20:53:50.338000,6830338,0.0,27.8,1030.1,0.0,-999.0,0,0.0,0.078
1969-12-31 20:53:52.338000,6832338,0.0,27.8,1030.1,0.0,-999.0,0,0.1,0.082
1969-12-31 20:53:54.338000,6834338,0.0,27.8,1029.9,0.0,-999.0,0,0.0,0.08
1969-12-31 20:53:56.338000,6836338,0.0,27.8,1030.4,0.0,-999.0,0,0.0,0.077
1969-12-31 20:53:58.338000,6838338,0.0,27.8,1030.3,0.0,-999.0,0,0.0,0.077
1969-12-31 20:54:00.338000,6840338,0.0,27.8,1030.1,0.0,-999.0,0,0.0,0.077
1969-12-31 20:54:02.338000,6842338,0.0,27.8,1030.3,0.0,-999.0,0,0.0,0.075
1969-12-31 20:54:04.338000,6844338,0.0,27.8,1030.3,0.0,-999.0,0,0.0,0.075
1969-12-31 20:54:06.338000,6846338,0.0,27.8,1030.1,0.0,-999.0,0,0.1,0.085
1969-12-31 20:54:08.338000,6848338,0.0,27.8,1030.3,0.0,-999.0,0,0.0,0.076
1969-12-31 20:54:10.338000,6850338,0.0,27.8,1030.4,0.0,-999.0,0,0.0,0.073
1969-12-31 20:54:12.338000,6852338,0.0,27.8,1030.4,0.0,-999.0,0,0.0,0.073
1969-12-31 20:54:14.338000,6854338,0.0,27.8,1030.4,0.0,-999.0,0,0.0,0.076
1969-12-31 20:54:16.338000,6856338,0.0,27.8,1030.3,0.0,-999.0,0,0.0,0.075
1969-12-31 20:54:18.338000,6858338,0.0,27.8,1030.3,0.0,-999.0,0,0.0,0.077
1969-12-31 20:54:20.338000,6860338,0.0,27.8,1030.0,0.0,-999.0,0,0.0,0.074
1969-12-31 20:54:22.338000,6862338,0.0,27.8,1030.1,0.0,-999.0,0,0.0,0.08
1969-12-31 20:54:24.338000,6864338,0.0,27.8,1030.4,0.0,-999.0,0,0.0,0.073
1969-12-31 20:54:26.338000,6866338,0.0,27.8,1030.3,0.0,-999.0,0,0.0,0.077
1969-12-31 20:54:28.338000,6868338,0.0,27.8,1030.3,0.0,-999.0,0,0.0,0.079
1969-12-31 20:54:30.338000,6870338,0.0,27.8,1030.4,0.0,-999.0,0,0.0,0.079
1969-12-31 20:54:32.338000,6872338,0.0,27.8,1030.4,0.0,-999.0,0,0.0,0.077
1969-12-31 20:54:34.338000,6874338,0.0,27.8,1030.3,0.0,-999.0,0,0.0,0.073
1969-12-31 20:54:36.338000,6876338,0.0,27.8,1030.4,0.0,-999.0,0,0.0,0.075
1969-12-31 20:54:38.338000,6878338,0.0,27.8,1030.4,0.0,-999.0,0,0.0,0.077
1969-12-31 20:54:40.338000,6880338,0.0,27.8,1030.3,0.0,-999.0,0,0.0,0.075
1969-12-31 20:54:42.338000,6882338,0.0,27.8,1030.4,0.0,-999.0,0,0.0,0.07
1969-12-31 20:54:44.338000,6884338,0.0,27.8,1030.4,0.0,-999.0,0,0.0,0.074
1969-12-31 20:54:46.338000,6886338,0.0,27.8,1030.5,0.0,-999.0,0,0.0,0.08
1969-12-31 20:54:48.338000,6888338,0.0,27.8,1030.3,0.0,-999.0,0,0.1,0.082
1969-12-31 20:54:50.338000,6890338,0.0,27.8,1030.4,0.0,-999.0,0,0.0,0.073
1969-12-31 20:54:52.338000,6892338,0.0,27.8,1030.4,0.0,-999.0,0,0.0,0.077
1969-12-31 20:54:54.338000,6894338,0.0,27.8,1030.4,0.0,-999.0,0,0.0,0.074
1969-12-31 20:54:56.338000,6896338,0.0,27.8,1030.3,0.0,-999.0,0,0.0,0.077
1969-12-31 20:54:58.338000,6898338,0.0,27.8,1030.5,0.0,-999.0,0,0.0,0.071
1969-12-31 20:55:00.338000,6900338,0.0,27.8,1030.1,0.0,-999.0,0,0.0,0.078
1969-12-31 20:55:02.338000,6902338,0.0,27.8,1030.5,0.0,-999.0,0,0.0,0.077
1969-12-31 20:55:04.338000,6904338,0.0,27.8,1030.4,0.0,-999.0,0,0.0,0.079
1969-12-31 20:55:06.338000,6906338,0.0,27.8,1030.3,0.0,-999.0,0,0.0,0.079
1969-12-31 20:55:08.338000,6908338,0.0,27.8,1030.4,0.0,-999.0,0,0.0,0.08
1969-12-31 20:55:10.338000,6910338,0.0,27.8,1030.5,0.0,-999.0,0,0.0,0.073
1969-12-31 20:55:12.338000,6912338,0.0,27.8,1030.1,0.0,-999.0,0,0.0,0.077
1969-12-31 20:55:14.338000,6914338,0.0,27.8,1030.3,0.0,-999.0,0,0.0,0.073
1969-12-31 20:55:16.338000,6916338,0.0,27.8,1030.5,0.0,-999.0,0,0.0,0.081
1969-12-31 20:55:18.338000,6918338,0.0,27.8,1030.3,0.0,-999.0,0,0.0,0.081
1969-12-31 20:55:20.339000,6920339,0.0,27.8,1030.5,0.0,-999.0,0,0.0,0.073
1969-12-31 20:55:22.338000,6922338,0.0,27.8,1030.3,0.0,-999.0,0,0.0,0.076
1969-12-31 20:55:24.338000,6924338,0.0,27.8,1030.4,0.0,-999.0,0,0.0,0.07
1969-12-31 20:55:26.338000,6926338,0.0,27.8,1030.5,0.0,-999.0,0,0.0,0.071
1969-12-31 20:55:28.338000,6928338,0.0,27.8,1030.5,0.0,-999.0,0,0.0,0.075
1969-12-31 20:55:30.338000,6930338,0.0,27.8,1030.1,0.0,-999.0,0,0.0,0.081
1969-12-31 20:55:32.338000,6932338,0.0,27.8,1030.5,0.0,-999.0,0,0.0,0.076
1969-12-31 20:55:34.338000,6934338,0.0,27.8,1030.4,0.0,-999.0,0,0.0,0.071
1969-12-31 20:55:36.338000,6936338,0.0,27.8,1030.1,0.0,-999.0,0,0.0,0.08
1969-12-31 20:55:38.338000,6938338,0.0,27.8,1030.0,0.0,-999.0,0,0.0,0.078
1969-12-31 20:55:40.338000,6940338,0.0,27.8,1030.4,0.0,-999.0,0,0.0,0.076
1969-12-31 20:55:42.338000,6942338,0.0,27.8,1030.4,0.0,-999.0,0,0.0,0.075
1969-12-31 20:55:44.338000,6944338,0.0,27.8,1030.5,0.0,-999.0,0,0.0,0.073
1969-12-31 20:55:46.338000,6946338,0.0,27.8,1030.3,0.0,-999.0,0,0.0,0.075
1969-12-31 20:55:48.338000,6948338,0.0,27.8,1030.4,0.0,-999.0,0,0.0,0.08
1969-12-31 20:55:50.338000,6950338,0.0,27.8,1030.4,0.0,-999.0,0,0.0,0.078
1969-12-31 20:55:52.338000,6952338,0.0,27.8,1030.4,0.0,-999.0,0,0.0,0.079
1969-12-31 20:55:54.338000,6954338,0.0,27.8,1030.4,0.0,-999.0,0,0.0,0.073
1969-12-31 20:55:56.338000,6956338,0.0,27.8,1030.3,0.0,-999.0,0,0.0,0.077
1969-12-31 20:55:58.338000,6958338,0.0,27.8,1030.3,0.0,-999.0,0,0.0,0.079
1969-12-31 20:56:00.338000,6960338,0.0,27.8,1030.3,0.0,-999.0,0,0.0,0.074
1969-12-31 20:56:02.338000,6962338,0.0,27.8,1030.5,0.0,-999.0,0,0.0,0.079
1969-12-31 20:56:04.338000,6964338,0.0,27.8,1030.0,0.0,-999.0,0,0.0,0.078
1969-12-31 20:56:06.338000,6966338,0.0,27.8,1030.3,0.0,-999.0,0,0.0,0.072
1969-12-31 20:56:08.338000,6968338,0.0,27.8,1030.4,0.0,-999.0,0,0.0,0.075
1969-12-31 20:56:10.338000,6970338,0.0,27.8,1030.7,0.0,-999.0,0,0.0,0.077
1969-12-31 20:56:12.338000,6972338,0.0,27.8,1030.5,0.0,-999.0,0,0.0,0.072
1969-12-31 20:56:14.338000,6974338,0.0,27.8,1030.0,0.0,-999.0,0,0.0,0.08
1969-12-31 20:56:16.338000,6976338,0.0,27.8,1030.4,0.0,-999.0,0,0.0,0.073
1969-12-31 20:56:18.338000,6978338,0.0,27.8,1030.3,0.0,-999.0,0,0.0,0.073
1969-12-31 20:56:20.338000,6980338,0.0,27.8,1030.5,0.0,-999.0,0,0.0,0.077
1969-12-31 20:56:22.338000,6982338,0.0,27.8,1030.5,0.0,-999.0,0,0.0,0.079
1969-12-31 20:56:24.338000,6984338,0.0,27.8,1030.3,0.0,-999.0,0,0.0,0.078
1969-12-31 20:56:26.338000,6986338,0.0,27.8,1030.4,0.0,-999.0,0,0.0,0.076
1969-12-31 20:56:28.338000,6988338,0.0,27.8,1030.0,0.0,-999.0,0,0.0,0.071
1969-12-31 20:56:30.338000,6990338,0.0,27.8,1030.4,0.0,-999.0,0,0.0,0.081
1969-12-31 20:56:32.338000,6992338,0.0,27.8,1030.5,0.0,-999.0,0,0.0,0.078
1969-12-31 20:56:34.338000,6994338,0.0,27.8,1030.5,0.0,-999.0,0,0.0,0.073
1969-12-31 20:56:36.338000,6996338,0.0,27.8,1030.5,0.0,-999.0,0,0.0,0.077
1969-12-31 20:56:38.338000,6998338,0.0,27.8,1030.4,0.0,-999.0,0,0.0,0.078
1969-12-31 20:56:40.338000,7000338,0.0,27.8,1030.1,0.0,-999.0,0,0.0,0.077
1969-12-31 20:56:42.338000,7002338,0.0,27.8,1030.5,0.0,-999.0,0,0.0,0.077
1969-12-31 20:56:44.338000,7004338,0.0,27.8,1030.4,0.0,-999.0,0,0.0,0.077
1969-12-31 20:56:46.338000,7006338,0.0,27.8,1030.1,0.0,-999.0,0,0.0,0.077
1969-12-31 20:56:48.338000,7008338,0.0,27.8,1030.1,0.0,-999.0,0,0.0,0.074
1969-12-31 20:56:50.338000,7010338,0.0,27.8,1030.3,0.0,-999.0,0,0.0,0.079
1969-12-31 20:56:52.338000,7012338,0.0,27.8,1030.0,0.0,-999.0,0,0.0,0.074
1969-12-31 20:56:54.418000,7014418,0.0,27.8,1030.0,0.0,-999.0,0,0.0,0.074
1969-12-31 20:56:56.338000,7016338,0.0,27.8,1030.1,0.0,-999.0,0,0.0,0.081
1969-12-31 20:56:58.338000,7018338,0.0,27.8,1030.5,0.0,-999.0,0,0.0,0.073
1969-12-31 20:57:00.338000,7020338,0.0,27.8,1030.4,0.0,-999.0,0,0.0,0.076
1969-12-31 20:57:02.338000,7022338,0.0,27.8,1030.4,0.0,-999.0,0,0.0,0.075
1969-12-31 20:57:04.338000,7024338,0.0,27.8,1030.7,0.0,-999.0,0,0.0,0.077
1969-12-31 20:57:06.338000,7026338,0.0,27.8,1030.3,0.0,-999.0,0,0.0,0.074
1969-12-31 20:57:08.338000,7028338,0.0,27.8,1030.4,0.0,-999.0,0,0.0,0.077
1969-12-31 20:57:10.338000,7030338,0.0,27.8,1030.5,0.0,-999.0,0,0.0,0.076
1969-12-31 20:57:12.338000,7032338,0.0,27.8,1030.3,0.0,-999.0,0,0.0,0.077
1969-12-31 20:57:14.338000,7034338,0.0,27.8,1030.3,0.0,-999.0,0,0.0,0.079
1969-12-31 20:57:16.338000,7036338,0.0,27.8,1030.1,0.0,-999.0,0,0.0,0.081
1969-12-31 20:57:18.338000,7038338,0.0,27.8,1030.0,0.0,-999.0,0,0.0,0.076
1969-12-31 20:57:20.338000,7040338,0.0,27.8,1030.4,0.0,-999.0,0,0.0,0.076
1969-12-31 20:57:22.338000,7042338,0.0,27.8,1030.4,0.0,-999.0,0,0.0,0.081
1969-12-31 20:57:24.338000,7044338,0.0,27.8,1030.0,0.0,-999.0,0,0.0,0.077
1969-12-31 20:57:26.338000,7046338,0.0,27.8,1030.1,0.0,-999.0,0,0.0,0.075
1969-12-31 20:57:28.338000,7048338,0.0,27.8,1030.3,0.0,-999.0,0,0.0,0.077
1969-12-31 20:57:30.338000,7050338,0.0,27.8,1030.4,0.0,-999.0,0,0.1,0.082
1969-12-31 20:57:32.338000,7052338,0.0,27.8,1030.4,0.0,-999.0,0,0.0,0.074
1969-12-31 20:57:34.338000,7054338,0.0,27.8,1030.4,0.0,-999.0,0,0.0,0.075
1969-12-31 20:57:36.338000,7056338,0.0,27.8,1030.4,0.0,-999.0,0,0.0,0.074
1969-12-31 20:57:38.338000,7058338,0.0,27.8,1030.4,0.0,-999.0,0,0.0,0.079
1969-12-31 20:57:40.338000,7060338,0.0,27.8,1030.4,0.0,-999.0,0,0.0,0.071
1969-12-31 20:57:42.338000,7062338,0.0,27.8,1030.3,0.0,-999.0,0,0.0,0.078
1969-12-31 20:57:44.338000,7064338,0.0,27.8,1030.5,0.0,-999.0,0,0.0,0.08
1969-12-31 20:57:46.338000,7066338,0.0,27.8,1030.1,0.0,-999.0,0,0.0,0.073
1969-12-31 20:57:48.338000,7068338,0.0,27.8,1029.9,0.0,-999.0,0,0.0,0.077
1969-12-31 20:57:50.338000,7070338,0.0,27.8,1030.4,0.0,-999.0,0,0.0,0.078
1969-12-31 20:57:52.338000,7072338,0.0,27.8,1030.4,0.0,-999.0,0,0.0,0.077
1969-12-31 20:57:54.338000,7074338,0.0,27.8,1030.3,0.0,-999.0,0,0.0,0.077
1969-12-31 20:57:56.338000,7076338,0.0,27.8,1030.4,0.0,-999.0,0,0.0,0.07
1969-12-31 20:57:58.338000,7078338,0.0,27.8,1030.3,0.0,-999.0,0,0.0,0.077
1969-12-31 20:58:00.338000,7080338,0.0,27.8,1030.4,0.0,-999.0,0,0.0,0.077
1969-12-31 20:58:02.338000,7082338,0.0,27.8,1030.1,0.0,-999.0,0,0.0,0.08
1969-12-31 20:58:04.338000,7084338,0.0,27.8,1030.3,0.0,-999.0,0,0.0,0.077
1969-12-31 20:58:06.338000,7086338,0.0,27.8,1030.3,0.0,-999.0,0,0.0,0.077
1969-12-31 20:58:08.338000,7088338,0.0,27.8,1030.4,0.0,-999.0,0,0.0,0.078
1969-12-31 20:58:10.338000,7090338,0.0,27.8,1030.3,0.0,-999.0,0,0.0,0.07
1969-12-31 20:58:12.338000,7092338,0.0,27.8,1030.3,0.0,-999.0,0,0.0,0.073
1969-12-31 20:58:14.338000,7094338,0.0,27.8,1030.3,0.0,-999.0,0,0.0,0.077
1969-12-31 20:58:16.338000,7096338,0.0,27.8,1030.4,0.0,-999.0,0,0.0,0.078
1969-12-31 20:58:18.338000,7098338,0.0,27.8,1030.4,0.0,-999.0,0,0.0,0.068
1969-12-31 20:58:20.338000,7100338,0.0,27.8,1030.3,0.0,-999.0,0,0.0,0.072
1969-12-31 20:58:22.338000,7102338,0.0,27.8,1030.3,0.0,-999.0,0,0.0,0.073
1969-12-31 20:58:24.338000,7104338,0.0,27.8,1030.3,0.0,-999.0,0,0.0,0.072
1969-12-31 20:58:26.338000,7106338,0.0,27.8,1030.4,0.0,-999.0,0,0.0,0.078
1969-12-31 20:58:28.338000,7108338,0.0,27.8,1030.3,0.0,-999.0,0,0.0,0.075
1969-12-31 20:58:30.338000,7110338,0.0,27.8,1030.3,0.0,-999.0,0,0.0,0.078
1969-12-31 20:58:32.338000,7112338,0.0,27.8,1030.5,0.0,-999.0,0,0.0,0.075
1969-12-31 20:58:34.338000,7114338,0.0,27.8,1030.4,0.0,-999.0,0,0.0,0.077
1969-12-31 20:58:36.338000,7116338,0.0,27.8,1030.1,0.0,-999.0,0,0.0,0.07
1969-12-31 20:58:38.338000,7118338,0.0,27.8,1030.4,0.0,-999.0,0,0.0,0.077
1969-12-31 20:58:40.338000,7120338,0.0,27.8,1029.9,0.0,-999.0,0,0.0,0.081
1969-12-31 20:58:42.338000,7122338,0.0,27.8,1030.3,0.0,-999.0,0,0.0,0.072
1969-12-31 20:58:44.338000,7124338,0.0,27.8,1030.1,0.0,-999.0,0,0.0,0.073
1969-12-31 20:58:46.338000,7126338,0.0,27.8,1030.1,0.0,-999.0,0,0.0,0.077
1969-12-31 20:58:48.338000,7128338,0.0,27.8,1029.9,0.0,-999.0,0,0.0,0.077
1969-12-31 20:58:50.338000,7130338,0.0,27.8,1030.0,0.0,-999.0,0,0.0,0.081
1969-12-31 20:58:52.339000,7132339,0.0,27.8,1030.3,0.0,-999.0,0,0.0,0.074
1969-12-31 20:58:54.338000,7134338,0.0,27.8,1030.3,0.0,-999.0,0,0.0,0.073
1969-12-31 20:58:56.338000,7136338,0.0,27.8,1030.3,0.0,-999.0,0,0.0,0.076
1969-12-31 20:58:58.338000,7138338,0.0,27.8,1030.3,0.0,-999.0,0,0.0,0.077
1969-12-31 20:59:00.338000,7140338,0.0,27.8,1030.1,0.0,-999.0,0,0.0,0.073
1969-12-31 20:59:02.338000,7142338,0.0,27.8,1029.7,0.0,-999.0,0,0.0,0.073
1969-12-31 20:59:04.338000,7144338,0.0,27.8,1030.1,0.0,-999.0,0,0.0,0.077
1969-12-31 20:59:06.338000,7146338,0.0,27.8,1030.3,0.0,-999.0,0,0.0,0.075
1969-12-31 20:59:08.338000,7148338,0.0,27.8,1030.3,0.0,-999.0,0,0.0,0.079
1969-12-31 20:59:10.338000,7150338,0.0,27.8,1030.1,0.0,-999.0,0,0.0,0.078
1969-12-31 20:59:12.338000,7152338,0.0,27.8,1030.0,0.0,-999.0,0,0.0,0.077
1969-12-31 20:59:14.338000,7154338,0.0,27.8,1030.1,0.0,-999.0,0,0.0,0.079
1969-12-31 20:59:16.338000,7156338,0.0,27.8,1029.7,0.0,-999.0,0,0.0,0.073
1969-12-31 20:59:18.338000,7158338,0.0,27.8,1029.6,0.0,-999.0,0,0.0,0.079
1969-12-31 20:59:20.338000,7160338,0.0,27.8,1030.0,0.0,-999.0,0,0.0,0.074
1969-12-31 20:59:22.338000,7162338,0.0,27.8,1030.1,0.0,-999.0,0,0.0,0.075
1969-12-31 20:59:24.338000,7164338,0.0,27.8,1029.9,0.0,-999.0,0,0.0,0.081
1969-12-31 20:59:26.338000,7166338,0.0,27.8,1029.9,0.0,-999.0,0,0.0,0.077
1969-12-31 20:59:28.338000,7168338,0.0,27.8,1030.0,0.0,-999.0,0,0.0,0.076
1969-12-31 20:59:30.338000,7170338,0.0,27.8,1029.9,0.0,-999.0,0,0.0,0.076
1969-12-31 20:59:32.338000,7172338,0.0,27.8,1029.9,0.0,-999.0,0,0.0,0.077
1969-12-31 20:59:34.338000,7174338,0.0,27.8,1030.1,0.0,-999.0,0,0.0,0.078
1969-12-31 20:59:36.338000,7176338,0.0,27.8,1030.0,0.0,-999.0,0,0.0,0.078
1969-12-31 20:59:38.338000,7178338,0.0,27.8,1030.0,0.0,-999.0,0,0.0,0.077
1969-12-31 20:59:40.338000,7180338,0.0,27.8,1029.9,0.0,-999.0,0,0.1,0.082
1969-12-31 20:59:42.338000,7182338,0.0,27.8,1030.0,0.0,-999.0,0,0.0,0.074
1969-12-31 20:59:44.338000,7184338,0.0,27.8,1030.0,0.0,-999.0,0,0.0,0.079
1969-12-31 20:59:46.338000,7186338,0.0,27.8,1030.1,0.0,-999.0,0,0.0,0.077
1969-12-31 20:59:48.339000,7188339,0.0,27.8,1030.0,0.0,-999.0,0,0.0,0.077
1969-12-31 20:59:50.338000,7190338,0.0,27.8,1030.3,0.0,-999.0,0,0.0,0.077
1969-12-31 20:59:52.338000,7192338,0.0,27.8,1029.9,0.0,-999.0,0,0.0,0.073
1969-12-31 20:59:54.338000,7194338,0.0,27.8,1030.4,0.0,-999.0,0,0.0,0.077
1969-12-31 20:59:56.338000,7196338,0.0,27.8,1029.9,0.0,-999.0,0,0.0,0.071
1969-12-31 20:59:58.338000,7198338,0.0,27.8,1030.3,0.0,-999.0,0,0.0,0.071
1969-12-31 21:00:00.338000,7200338,0.0,27.8,1029.9,0.0,-999.0,0,0.0,0.08
1969-12-31 21:00:02.338000,7202338,0.0,27.8,1030.1,0.0,-999.0,0,0.0,0.08
1969-12-31 21:00:04.338000,7204338,0.0,27.8,1030.0,0.0,-999.0,0,0.0,0.078
1969-12-31 21:00:06.338000,7206338,0.0,27.8,1030.1,0.0,-999.0,0,0.0,0.078
1969-12-31 21:00:08.338000,7208338,0.0,27.8,1030.1,0.0,-999.0,0,0.0,0.076
1969-12-31 21:00:10.338000,7210338,0.0,27.8,1030.0,0.0,-999.0,0,0.0,0.077
1969-12-31 21:00:12.338000,7212338,0.0,27.8,1030.3,0.0,-999.0,0,0.0,0.08
1969-12-31 21:00:14.338000,7214338,0.0,27.8,1030.1,0.0,-999.0,0,0.0,0.074
1969-12-31 21:00:16.338000,7216338,0.0,27.8,1030.3,0.0,-999.0,0,0.0,0.077
1969-12-31 21:00:18.338000,7218338,0.0,27.8,1030.0,0.0,-999.0,0,0.0,0.076
1969-12-31 21:00:20.338000,7220338,0.0,27.8,1030.0,0.0,-999.0,0,0.0,0.076
1969-12-31 21:00:22.338000,7222338,0.0,27.8,1030.1,0.0,-999.0,0,0.0,0.073
1969-12-31 21:00:24.338000,7224338,0.0,27.8,1029.9,0.0,-999.0,0,0.0,0.077
1969-12-31 21:00:26.338000,7226338,0.0,27.8,1029.9,0.0,-999.0,0,0.0,0.077
1969-12-31 21:00:28.338000,7228338,0.0,27.8,1030.3,0.0,-999.0,0,0.0,0.073
1969-12-31 21:00:30.338000,7230338,0.0,27.8,1029.7,0.0,-999.0,0,0.0,0.076
1969-12-31 21:00:32.338000,7232338,0.0,27.8,1030.3,0.0,-999.0,0,0.0,0.081
1969-12-31 21:00:34.338000,7234338,0.0,27.8,1030.3,0.0,-999.0,0,0.0,0.08
1969-12-31 21:00:36.338000,7236338,0.0,27.8,1030.3,0.0,-999.0,0,0.0,0.077
1969-12-31 21:00:38.338000,7238338,0.0,27.8,1030.4,0.0,-999.0,0,0.0,0.08
1969-12-31 21:00:40.338000,7240338,0.0,27.8,1029.7,0.0,-999.0,0,0.0,0.079
1969-12-31 21:00:42.338000,7242338,0.0,27.8,1030.4,0.0,-999.0,0,0.0,0.081
1969-12-31 21:00:44.338000,7244338,0.0,27.8,1030.3,0.0,-999.0,0,0.0,0.077
1969-12-31 21:00:46.338000,7246338,0.0,27.8,1030.3,0.0,-999.0,0,0.0,0.081
1969-12-31 21:00:48.338000,7248338,0.0,27.8,1030.0,0.0,-999.0,0,0.0,0.073
1969-12-31 21:00:50.338000,7250338,0.0,27.8,1030.4,0.0,-999.0,0,0.0,0.074
1969-12-31 21:00:52.338000,7252338,0.0,27.8,1030.3,0.0,-999.0,0,0.1,0.082
1969-12-31 21:00:54.338000,7254338,0.0,27.8,1030.1,0.0,-999.0,0,0.0,0.073
1969-12-31 21:00:56.338000,7256338,0.0,27.8,1030.4,0.0,-999.0,0,0.0,0.075
1969-12-31 21:00:58.338000,7258338,0.0,27.8,1030.0,0.0,-999.0,0,0.0,0.073
1969-12-31 21:01:00.338000,7260338,0.0,27.8,1029.9,0.0,-999.0,0,0.0,0.079
1969-12-31 21:01:02.338000,7262338,0.0,27.8,1030.3,0.0,-999.0,0,0.0,0.078
1969-12-31 21:01:04.338000,7264338,0.0,27.8,1030.3,0.0,-999.0,0,0.0,0.077
1969-12-31 21:01:06.338000,7266338,0.0,27.8,1030.3,0.0,-999.0,0,0.0,0.068
1969-12-31 21:01:08.338000,7268338,0.0,27.8,1030.3,0.0,-999.0,0,0.0,0.076
1969-12-31 21:01:10.338000,7270338,0.0,27.8,1030.4,0.0,-999.0,0,0.0,0.081
1969-12-31 21:01:12.338000,7272338,0.0,27.8,1030.1,0.0,-999.0,0,0.0,0.076
1969-12-31 21:01:14.338000,7274338,0.0,27.8,1030.3,0.0,-999.0,0,0.0,0.077
1969-12-31 21:01:16.338000,7276338,0.0,27.8,1030.4,0.0,-999.0,0,0.0,0.075
1969-12-31 21:01:18.338000,7278338,0.0,27.8,1030.5,0.0,-999.0,0,0.0,0.079
1969-12-31 21:01:20.338000,7280338,0.0,27.8,1030.3,0.0,-999.0,0,0.0,0.077
1969-12-31 21:01:22.338000,7282338,0.0,27.8,1030.5,0.0,-999.0,0,0.0,0.077
1969-12-31 21:01:24.338000,7284338,0.0,27.8,1030.3,0.0,-999.0,0,0.0,0.075
1969-12-31 21:01:26.338000,7286338,0.0,27.8,1030.4,0.0,-999.0,0,0.0,0.075
1969-12-31 21:01:28.338000,7288338,0.0,27.8,1030.5,0.0,-999.0,0,0.0,0.078
1969-12-31 21:01:30.338000,7290338,0.0,27.8,1030.4,0.0,-999.0,0,0.0,0.078
1969-12-31 21:01:32.338000,7292338,0.0,27.8,1030.0,0.0,-999.0,0,0.0,0.079
1969-12-31 21:01:34.338000,7294338,0.0,27.8,1030.1,0.0,-999.0,0,0.0,0.073
1969-12-31 21:01:36.338000,7296338,0.0,27.8,1029.9,0.0,-999.0,0,0.0,0.078
1969-12-31 21:01:38.338000,7298338,0.0,27.8,1030.1,0.0,-999.0,0,0.0,0.072
1969-12-31 21:01:40.338000,7300338,0.0,27.8,1030.5,0.0,-999.0,0,0.0,0.077
1969-12-31 21:01:42.338000,7302338,0.0,27.8,1030.1,0.0,-999.0,0,0.0,0.075
1969-12-31 21:01:44.338000,7304338,0.0,27.8,1030.3,0.0,-999.0,0,0.0,0.072
1969-12-31 21:01:46.338000,7306338,0.0,27.8,1030.1,0.0,-999.0,0,0.0,0.078
1969-12-31 21:01:48.338000,7308338,0.0,27.8,1030.3,0.0,-999.0,0,0.0,0.08
1969-12-31 21:01:50.338000,7310338,0.0,27.8,1030.1,0.0,-999.0,0,0.0,0.075
1969-12-31 21:01:52.338000,7312338,0.0,27.8,1030.1,0.0,-999.0,0,0.0,0.077
1969-12-31 21:01:54.348000,7314348,0.0,27.8,1030.1,0.0,-999.0,0,0.0,0.077
1969-12-31 21:01:56.338000,7316338,0.0,27.8,1029.7,0.0,-999.0,0,0.0,0.078
1969-12-31 21:01:58.348000,7318348,0.0,27.8,1030.0,0.0,-999.0,0,0.0,0.077
1969-12-31 21:02:00.338000,7320338,0.0,27.8,1030.0,0.0,-999.0,0,0.0,0.081
1969-12-31 21:02:02.338000,7322338,0.0,27.8,1030.1,0.0,-999.0,0,0.0,0.081
1969-12-31 21:02:04.348000,7324348,0.0,27.8,1030.3,0.0,-999.0,0,0.0,0.079
1969-12-31 21:02:06.348000,7326348,0.0,27.8,1030.3,0.0,-999.0,0,0.0,0.07
1969-12-31 21:02:08.348000,7328348,0.0,27.8,1030.1,0.0,-999.0,0,0.0,0.076
1969-12-31 21:02:10.348000,7330348,0.0,27.8,1030.1,0.0,-999.0,0,0.0,0.081
1969-12-31 21:02:12.348000,7332348,0.0,27.8,1030.4,0.0,-999.0,0,0.0,0.077
1969-12-31 21:02:14.348000,7334348,0.0,27.8,1030.3,0.0,-999.0,0,0.0,0.08
1969-12-31 21:02:16.348000,7336348,0.0,27.8,1030.3,0.0,-999.0,0,0.0,0.077
1969-12-31 21:02:18.348000,7338348,0.0,27.8,1030.3,0.0,-999.0,0,0.0,0.079
1969-12-31 21:02:20.348000,7340348,0.0,27.8,1030.4,0.0,-999.0,0,0.0,0.075
1969-12-31 21:02:22.348000,7342348,0.0,27.8,1030.1,0.0,-999.0,0,0.0,0.072
1969-12-31 21:02:24.348000,7344348,0.0,27.8,1030.1,0.0,-999.0,0,0.0,0.075
1969-12-31 21:02:26.348000,7346348,0.0,27.8,1030.1,0.0,-999.0,0,0.0,0.078
1969-12-31 21:02:28.348000,7348348,0.0,27.8,1030.4,0.0,-999.0,0,0.0,0.077
1969-12-31 21:02:30.348000,7350348,0.0,27.8,1030.4,0.0,-999.0,0,0.0,0.078
1969-12-31 21:02:32.348000,7352348,0.0,27.8,1030.3,0.0,-999.0,0,0.0,0.08
1969-12-31 21:02:34.348000,7354348,0.0,27.8,1030.0,0.0,-999.0,0,0.0,0.077
1969-12-31 21:02:36.348000,7356348,0.0,27.8,1030.0,0.0,-999.0,0,0.0,0.079
1969-12-31 21:02:38.348000,7358348,0.0,27.8,1030.1,0.0,-999.0,0,0.0,0.073
1969-12-31 21:02:40.348000,7360348,0.0,27.8,1030.1,0.0,-999.0,0,0.0,0.078
1969-12-31 21:02:42.348000,7362348,0.0,27.8,1030.0,0.0,-999.0,0,0.0,0.074
1969-12-31 21:02:44.348000,7364348,0.0,27.8,1030.1,0.0,-999.0,0,0.0,0.077
1969-12-31 21:02:46.348000,7366348,0.0,27.8,1030.0,0.0,-999.0,0,0.0,0.077
1969-12-31 21:02:48.348000,7368348,0.0,27.8,1030.0,0.0,-999.0,0,0.0,0.074
1969-12-31 21:02:50.348000,7370348,0.0,27.8,1030.3,0.0,-999.0,0,0.0,0.077
1969-12-31 21:02:52.348000,7372348,0.0,27.8,1030.3,0.0,-999.0,0,0.0,0.078
1969-12-31 21:02:54.348000,7374348,0.0,27.8,1030.1,0.0,-999.0,0,0.0,0.075
1969-12-31 21:02:56.348000,7376348,0.0,27.8,1030.3,0.0,-999.0,0,0.0,0.077
1969-12-31 21:02:58.348000,7378348,0.0,27.8,1030.3,0.0,-999.0,0,0.0,0.078
1969-12-31 21:03:00.348000,7380348,0.0,27.8,1030.0,0.0,-999.0,0,0.0,0.078
1969-12-31 21:03:02.348000,7382348,0.0,27.8,1030.4,0.0,-999.0,0,0.0,0.073
1969-12-31 21:03:04.348000,7384348,0.0,27.8,1029.6,0.0,-999.0,0,0.0,0.077
1969-12-31 21:03:06.348000,7386348,0.0,27.8,1030.5,0.0,-999.0,0,0.0,0.073
1969-12-31 21:03:08.348000,7388348,0.0,27.8,1030.3,0.0,-999.0,0,0.0,0.077
1969-12-31 21:03:10.348000,7390348,0.0,27.8,1030.1,0.0,-999.0,0,0.0,0.075
1969-12-31 21:03:12.348000,7392348,0.0,27.8,1030.4,0.0,-999.0,0,0.0,0.079
1969-12-31 21:03:14.348000,7394348,0.0,27.8,1030.4,0.0,-999.0,0,0.0,0.077
1969-12-31 21:03:16.348000,7396348,0.0,27.8,1030.3,0.0,-999.0,0,0.0,0.074
1969-12-31 21:03:18.348000,7398348,0.0,27.8,1030.1,0.0,-999.0,0,0.0,0.079
1969-12-31 21:03:20.348000,7400348,0.0,27.8,1030.4,0.0,-999.0,0,0.0,0.075
1969-12-31 21:03:22.348000,7402348,0.0,27.8,1030.4,0.0,-999.0,0,0.0,0.078
1969-12-31 21:03:24.348000,7404348,0.0,27.8,1030.0,0.0,-999.0,0,0.0,0.077
1969-12-31 21:03:26.348000,7406348,0.0,27.8,1030.1,0.0,-999.0,0,0.0,0.075
1969-12-31 21:03:28.348000,7408348,0.0,27.8,1030.4,0.0,-999.0,0,0.0,0.079
1969-12-31 21:03:30.348000,7410348,0.0,27.8,1030.1,0.0,-999.0,0,0.0,0.075
1969-12-31 21:03:32.348000,7412348,0.0,27.8,1030.1,0.0,-999.0,0,0.0,0.079
1969-12-31 21:03:34.348000,7414348,0.0,27.8,1030.4,0.0,-999.0,0,0.0,0.069
1969-12-31 21:03:36.348000,7416348,0.0,27.8,1030.4,0.0,-999.0,0,0.0,0.077
1969-12-31 21:03:38.348000,7418348,0.0,27.8,1030.3,0.0,-999.0,0,0.0,0.078
1969-12-31 21:03:40.348000,7420348,0.0,27.8,1030.1,0.0,-999.0,0,0.0,0.071
1969-12-31 21:03:42.348000,7422348,0.0,27.8,1030.4,0.0,-999.0,0,0.0,0.078
1969-12-31 21:03:44.348000,7424348,0.0,27.8,1030.1,0.0,-999.0,0,0.0,0.075
1969-12-31 21:03:46.348000,7426348,0.0,27.8,1030.4,0.0,-999.0,0,0.0,0.075
1969-12-31 21:03:48.348000,7428348,0.0,27.8,1030.4,0.0,-999.0,0,0.0,0.075
1969-12-31 21:03:50.348000,7430348,0.0,27.8,1030.3,0.0,-999.0,0,0.0,0.076
1969-12-31 21:03:52.348000,7432348,0.0,27.8,1030.4,0.0,-999.0,0,0.0,0.075
1969-12-31 21:03:54.348000,7434348,0.0,27.8,1030.4,0.0,-999.0,0,0.0,0.074
1969-12-31 21:03:56.348000,7436348,0.0,27.8,1030.4,0.0,-999.0,0,0.0,0.074
1969-12-31 21:03:58.348000,7438348,0.0,27.8,1030.4,0.0,-999.0,0,0.0,0.077
1969-12-31 21:04:00.348000,7440348,0.0,27.8,1030.4,0.0,-999.0,0,0.1,0.082
1969-12-31 21:04:02.348000,7442348,0.0,27.8,1030.4,0.0,-999.0,0,0.0,0.078
1969-12-31 21:04:04.348000,7444348,0.0,27.8,1030.3,0.0,-999.0,0,0.0,0.079
1969-12-31 21:04:06.348000,7446348,0.0,27.8,1030.4,0.0,-999.0,0,0.0,0.077
1969-12-31 21:04:08.348000,7448348,0.0,27.8,1030.1,0.0,-999.0,0,0.0,0.077
1969-12-31 21:04:10.348000,7450348,0.0,27.8,1030.4,0.0,-999.0,0,0.0,0.072
1969-12-31 21:04:12.348000,7452348,0.0,27.8,1030.1,0.0,-999.0,0,0.0,0.075
1969-12-31 21:04:14.348000,7454348,0.0,27.8,1030.3,0.0,-999.0,0,0.0,0.078
1969-12-31 21:04:16.348000,7456348,0.0,27.8,1030.1,0.0,-999.0,0,0.0,0.077
1969-12-31 21:04:18.348000,7458348,0.0,27.8,1030.4,0.0,-999.0,0,0.0,0.078
1969-12-31 21:04:20.348000,7460348,0.0,27.8,1030.3,0.0,-999.0,0,0.0,0.074
1969-12-31 21:04:22.348000,7462348,0.0,27.8,1030.4,0.0,-999.0,0,0.0,0.077
1969-12-31 21:04:24.348000,7464348,0.0,27.8,1030.3,0.0,-999.0,0,0.0,0.073
1969-12-31 21:04:26.348000,7466348,0.0,27.8,1030.0,0.0,-999.0,0,0.0,0.075
1969-12-31 21:04:28.348000,7468348,0.0,27.8,1030.5,0.0,-999.0,0,0.1,0.082
1969-12-31 21:04:30.348000,7470348,0.0,27.8,1030.5,0.0,-999.0,0,0.0,0.078
1969-12-31 21:04:32.348000,7472348,0.0,27.8,1030.3,0.0,-999.0,0,0.0,0.077
1969-12-31 21:04:34.348000,7474348,0.0,27.8,1030.4,0.0,-999.0,0,0.0,0.077
1969-12-31 21:04:36.348000,7476348,0.0,27.8,1030.4,0.0,-999.0,0,0.0,0.07
1969-12-31 21:04:38.348000,7478348,0.0,27.8,1030.3,0.0,-999.0,0,0.0,0.077
1969-12-31 21:04:40.348000,7480348,0.0,27.8,1030.3,0.0,-999.0,0,0.0,0.081
1969-12-31 21:04:42.348000,7482348,0.0,27.8,1030.3,0.0,-999.0,0,0.0,0.078
1969-12-31 21:04:44.348000,7484348,0.0,27.8,1030.4,0.0,-999.0,0,0.0,0.077
1969-12-31 21:04:46.348000,7486348,0.0,27.8,1030.3,0.0,-999.0,0,0.0,0.076
1969-12-31 21:04:48.348000,7488348,0.0,27.8,1030.5,0.0,-999.0,0,0.0,0.076
1969-12-31 21:04:50.348000,7490348,0.0,27.8,1030.4,0.0,-999.0,0,0.0,0.076
1969-12-31 21:04:52.348000,7492348,0.0,27.8,1030.1,0.0,-999.0,0,0.0,0.073
1969-12-31 21:04:54.348000,7494348,0.0,27.8,1030.4,0.0,-999.0,0,0.0,0.078
1969-12-31 21:04:56.348000,7496348,0.0,27.8,1030.3,0.0,-999.0,0,0.0,0.08
1969-12-31 21:04:58.348000,7498348,0.0,27.8,1030.4,0.0,-999.0,0,0.0,0.077
1969-12-31 21:05:00.348000,7500348,0.0,27.8,1030.3,0.0,-999.0,0,0.0,0.081
1969-12-31 21:05:02.348000,7502348,0.0,27.8,1030.5,0.0,-999.0,0,0.0,0.077
1969-12-31 21:05:04.348000,7504348,0.0,27.8,1030.3,0.0,-999.0,0,0.0,0.081
1969-12-31 21:05:06.348000,7506348,0.0,27.8,1030.4,0.0,-999.0,0,0.0,0.077
1969-12-31 21:05:08.348000,7508348,0.0,27.8,1030.5,0.0,-999.0,0,0.0,0.079
1969-12-31 21:05:10.348000,7510348,0.0,27.8,1030.4,0.0,-999.0,0,0.0,0.071
1969-12-31 21:05:12.348000,7512348,0.0,27.8,1030.3,0.0,-999.0,0,0.0,0.068
1969-12-31 21:05:14.348000,7514348,0.0,27.8,1030.3,0.0,-999.0,0,0.0,0.073
1969-12-31 21:05:16.348000,7516348,0.0,27.8,1030.5,0.0,-999.0,0,0.0,0.08
1969-12-31 21:05:18.348000,7518348,0.0,27.8,1030.5,0.0,-999.0,0,0.0,0.073
1969-12-31 21:05:20.348000,7520348,0.0,27.8,1030.5,0.0,-999.0,0,0.0,0.078
1969-12-31 21:05:22.348000,7522348,0.0,27.8,1030.5,0.0,-999.0,0,0.1,0.082
1969-12-31 21:05:24.348000,7524348,0.0,27.8,1030.5,0.0,-999.0,0,0.0,0.073
1969-12-31 21:05:26.349000,7526349,0.0,27.8,1030.4,0.0,-999.0,0,0.0,0.077
1969-12-31 21:05:28.348000,7528348,0.0,27.8,1030.4,0.0,-999.0,0,0.0,0.081
1969-12-31 21:05:30.348000,7530348,0.0,27.8,1030.5,0.0,-999.0,0,0.0,0.08
1969-12-31 21:05:32.348000,7532348,0.0,27.8,1030.4,0.0,-999.0,0,0.0,0.081
1969-12-31 21:05:34.348000,7534348,0.0,27.8,1030.5,0.0,-999.0,0,0.0,0.081
1969-12-31 21:05:36.348000,7536348,0.0,27.8,1030.5,0.0,-999.0,0,0.1,0.082
1969-12-31 21:05:38.348000,7538348,0.0,27.8,1030.5,0.0,-999.0,0,0.0,0.076
1969-12-31 21:05:40.348000,7540348,0.0,27.8,1030.5,0.0,-999.0,0,0.0,0.077
1969-12-31 21:05:42.348000,7542348,0.0,27.8,1029.7,0.0,-999.0,0,0.0,0.073
1969-12-31 21:05:44.348000,7544348,0.0,27.8,1030.5,0.0,-999.0,0,0.0,0.076
1969-12-31 21:05:46.348000,7546348,0.0,27.8,1030.5,0.0,-999.0,0,0.0,0.075
1969-12-31 21:05:48.348000,7548348,0.0,27.8,1030.5,0.0,-999.0,0,0.0,0.075
1969-12-31 21:05:50.348000,7550348,0.0,27.8,1030.3,0.0,-999.0,0,0.0,0.08
1969-12-31 21:05:52.348000,7552348,0.0,27.8,1030.1,0.0,-999.0,0,0.0,0.077
1969-12-31 21:05:54.348000,7554348,0.0,27.8,1030.3,0.0,-999.0,0,0.0,0.073
1969-12-31 21:05:56.348000,7556348,0.0,27.8,1030.4,0.0,-999.0,0,0.0,0.078
1969-12-31 21:05:58.348000,7558348,0.0,27.8,1030.3,0.0,-999.0,0,0.0,0.078
1969-12-31 21:06:00.348000,7560348,0.0,27.8,1030.4,0.0,-999.0,0,0.0,0.077
1969-12-31 21:06:02.348000,7562348,0.0,27.8,1030.3,0.0,-999.0,0,0.0,0.077
1969-12-31 21:06:04.348000,7564348,0.0,27.8,1030.3,0.0,-999.0,0,0.0,0.081
1969-12-31 21:06:06.348000,7566348,0.0,27.8,1030.5,0.0,-999.0,0,0.0,0.076
1969-12-31 21:06:08.348000,7568348,0.0,27.8,1029.6,0.0,-999.0,0,0.1,0.082
1969-12-31 21:06:10.348000,7570348,0.0,27.8,1030.4,0.0,-999.0,0,0.0,0.074
1969-12-31 21:06:12.348000,7572348,0.0,27.8,1030.4,0.0,-999.0,0,0.0,0.078
1969-12-31 21:06:14.348000,7574348,0.0,27.8,1030.5,0.0,-999.0,0,0.0,0.07
1969-12-31 21:06:16.348000,7576348,0.0,27.8,1030.5,0.0,-999.0,0,0.0,0.079
1969-12-31 21:06:18.348000,7578348,0.0,27.8,1030.4,0.0,-999.0,0,0.0,0.077
1969-12-31 21:06:20.348000,7580348,0.0,27.8,1030.3,0.0,-999.0,0,0.0,0.074
1969-12-31 21:06:22.348000,7582348,0.0,27.8,1030.4,0.0,-999.0,0,0.0,0.075
1969-12-31 21:06:24.348000,7584348,0.0,27.8,1030.5,0.0,-999.0,0,0.0,0.076
1969-12-31 21:06:26.348000,7586348,0.0,27.8,1030.3,0.0,-999.0,0,0.0,0.079
1969-12-31 21:06:28.348000,7588348,0.0,27.8,1030.4,0.0,-999.0,0,0.0,0.081
1969-12-31 21:06:30.348000,7590348,0.0,27.8,1030.4,0.0,-999.0,0,0.0,0.074
1969-12-31 21:06:32.348000,7592348,0.0,27.8,1030.4,0.0,-999.0,0,0.0,0.076
1969-12-31 21:06:34.348000,7594348,0.0,27.8,1030.3,0.0,-999.0,0,0.0,0.077
1969-12-31 21:06:36.348000,7596348,0.0,27.8,1030.5,0.0,-999.0,0,0.0,0.074
1969-12-31 21:06:38.348000,7598348,0.0,27.8,1030.1,0.0,-999.0,0,0.0,0.077
1969-12-31 21:06:40.348000,7600348,0.0,27.8,1030.1,0.0,-999.0,0,0.0,0.075
1969-12-31 21:06:42.348000,7602348,0.0,27.8,1030.3,0.0,-999.0,0,0.0,0.077
1969-12-31 21:06:44.348000,7604348,0.0,27.8,1030.4,0.0,-999.0,0,0.0,0.077
1969-12-31 21:06:46.348000,7606348,0.0,27.8,1030.5,0.0,-999.0,0,0.0,0.079
1969-12-31 21:06:48.348000,7608348,0.0,27.8,1030.4,0.0,-999.0,0,0.0,0.077
1969-12-31 21:06:50.348000,7610348,0.0,27.8,1030.5,0.0,-999.0,0,0.0,0.079
1969-12-31 21:06:52.348000,7612348,0.0,27.8,1030.5,0.0,-999.0,0,0.0,0.077
1969-12-31 21:06:54.348000,7614348,0.0,27.8,1030.5,0.0,-999.0,0,0.0,0.078
1969-12-31 21:06:56.348000,7616348,0.0,27.8,1030.4,0.0,-999.0,0,0.0,0.072
1969-12-31 21:06:58.348000,7618348,0.0,27.8,1030.5,0.0,-999.0,0,0.0,0.075
1969-12-31 21:07:00.348000,7620348,0.0,27.8,1030.5,0.0,-999.0,0,0.0,0.076
1969-12-31 21:07:02.348000,7622348,0.0,27.8,1030.1,0.0,-999.0,0,0.0,0.068
1969-12-31 21:07:04.348000,7624348,0.0,27.8,1030.4,0.0,-999.0,0,0.0,0.076
1969-12-31 21:07:06.348000,7626348,0.0,27.8,1030.3,0.0,-999.0,0,0.0,0.078
1969-12-31 21:07:08.348000,7628348,0.0,27.8,1030.5,0.0,-999.0,0,0.0,0.075
1969-12-31 21:07:10.348000,7630348,0.0,27.8,1030.7,0.0,-999.0,0,0.0,0.069
1969-12-31 21:07:12.348000,7632348,0.0,27.8,1030.5,0.0,-999.0,0,0.0,0.077
1969-12-31 21:07:14.348000,7634348,0.0,27.8,1030.3,0.0,-999.0,0,0.0,0.075
1969-12-31 21:07:16.348000,7636348,0.0,27.8,1030.4,0.0,-999.0,0,0.0,0.077
1969-12-31 21:07:18.348000,7638348,0.0,27.8,1030.5,0.0,-999.0,0,0.0,0.079
1969-12-31 21:07:20.348000,7640348,0.0,27.8,1030.1,0.0,-999.0,0,0.0,0.077
1969-12-31 21:07:22.348000,7642348,0.0,27.8,1030.1,0.0,-999.0,0,0.0,0.07
1969-12-31 21:07:24.348000,7644348,0.0,27.8,1030.3,0.0,-999.0,0,0.0,0.078
1969-12-31 21:07:26.348000,7646348,0.0,27.8,1030.3,0.0,-999.0,0,0.0,0.073
1969-12-31 21:07:28.348000,7648348,0.0,27.8,1030.4,0.0,-999.0,0,0.0,0.08
1969-12-31 21:07:30.348000,7650348,0.0,27.8,1030.4,0.0,-999.0,0,0.0,0.076
1969-12-31 21:07:32.348000,7652348,0.0,27.8,1030.5,0.0,-999.0,0,0.0,0.077
1969-12-31 21:07:34.348000,7654348,0.0,27.8,1030.3,0.0,-999.0,0,0.0,0.074
1969-12-31 21:07:36.348000,7656348,0.0,27.8,1030.3,0.0,-999.0,0,0.0,0.077
1969-12-31 21:07:38.348000,7658348,0.0,27.8,1030.5,0.0,-999.0,0,0.0,0.077
1969-12-31 21:07:40.348000,7660348,0.0,27.8,1030.4,0.0,-999.0,0,0.0,0.075
1969-12-31 21:07:42.348000,7662348,0.0,27.8,1030.4,0.0,-999.0,0,0.0,0.075
1969-12-31 21:07:44.348000,7664348,0.0,27.8,1030.4,0.0,-999.0,0,0.0,0.076
1969-12-31 21:07:46.348000,7666348,0.0,27.8,1030.4,0.0,-999.0,0,0.0,0.078
1969-12-31 21:07:48.348000,7668348,0.0,27.8,1030.4,0.0,-999.0,0,0.0,0.075
1969-12-31 21:07:50.348000,7670348,0.0,27.8,1030.3,0.0,-999.0,0,0.0,0.08
1969-12-31 21:07:52.348000,7672348,0.0,27.8,1030.4,0.0,-999.0,0,0.0,0.076
1969-12-31 21:07:54.348000,7674348,0.0,27.8,1030.5,0.0,-999.0,0,0.1,0.082
1969-12-31 21:07:56.348000,7676348,0.0,27.8,1030.5,0.0,-999.0,0,0.0,0.077
1969-12-31 21:07:58.348000,7678348,0.0,27.8,1030.4,0.0,-999.0,0,0.0,0.077
1969-12-31 21:08:00.348000,7680348,0.0,27.8,1030.4,0.0,-999.0,0,0.0,0.076
1969-12-31 21:08:02.348000,7682348,0.0,27.8,1030.5,0.0,-999.0,0,0.1,0.083
1969-12-31 21:08:04.348000,7684348,0.0,27.8,1030.4,0.0,-999.0,0,0.0,0.079
1969-12-31 21:08:06.348000,7686348,0.0,27.8,1030.5,0.0,-999.0,0,0.0,0.073
1969-12-31 21:08:08.348000,7688348,0.0,27.8,1030.4,0.0,-999.0,0,0.0,0.078
1969-12-31 21:08:10.348000,7690348,0.0,27.8,1030.5,0.0,-999.0,0,0.0,0.077
1969-12-31 21:08:12.348000,7692348,0.0,27.8,1030.4,0.0,-999.0,0,0.0,0.076
1969-12-31 21:08:14.348000,7694348,0.0,27.8,1030.5,0.0,-999.0,0,0.0,0.078
1969-12-31 21:08:16.348000,7696348,0.0,27.8,1030.3,0.0,-999.0,0,0.0,0.073
1969-12-31 21:08:18.348000,7698348,0.0,27.8,1030.3,0.0,-999.0,0,0.0,0.08
1969-12-31 21:08:20.348000,7700348,0.0,27.8,1030.4,0.0,-999.0,0,0.1,0.082
1969-12-31 21:08:22.348000,7702348,0.0,27.8,1030.5,0.0,-999.0,0,0.0,0.073
1969-12-31 21:08:24.348000,7704348,0.0,27.8,1030.5,0.0,-999.0,0,0.0,0.076
1969-12-31 21:08:26.348000,7706348,0.0,27.8,1030.3,0.0,-999.0,0,0.0,0.077
1969-12-31 21:08:28.348000,7708348,0.0,27.8,1030.5,0.0,-999.0,0,0.0,0.079
1969-12-31 21:08:30.348000,7710348,0.0,27.8,1030.5,0.0,-999.0,0,0.0,0.069
1969-12-31 21:08:32.348000,7712348,0.0,27.8,1030.5,0.0,-999.0,0,0.0,0.079
1969-12-31 21:08:34.348000,7714348,0.0,27.8,1030.4,0.0,-999.0,0,0.0,0.081
1969-12-31 21:08:36.348000,7716348,0.0,27.8,1030.5,0.0,-999.0,0,0.0,0.078
1969-12-31 21:08:38.348000,7718348,0.0,27.8,1030.4,0.0,-999.0,0,0.0,0.077
1969-12-31 21:08:40.348000,7720348,0.0,27.8,1030.3,0.0,-999.0,0,0.0,0.068
1969-12-31 21:08:42.348000,7722348,0.0,27.8,1030.4,0.0,-999.0,0,0.0,0.076
1969-12-31 21:08:44.348000,7724348,0.0,27.8,1030.4,0.0,-999.0,0,0.0,0.077
1969-12-31 21:08:46.348000,7726348,0.0,27.8,1030.4,0.0,-999.0,0,0.0,0.08
1969-12-31 21:08:48.348000,7728348,0.0,27.8,1030.4,0.0,-999.0,0,0.0,0.08
1969-12-31 21:08:50.348000,7730348,0.0,27.8,1030.4,0.0,-999.0,0,0.0,0.077
1969-12-31 21:08:52.348000,7732348,0.0,27.8,1030.3,0.0,-999.0,0,0.0,0.077
1969-12-31 21:08:54.348000,7734348,0.0,27.8,1030.5,0.0,-999.0,0,0.0,0.074
1969-12-31 21:08:56.348000,7736348,0.0,27.8,1030.5,0.0,-999.0,0,0.0,0.076
1969-12-31 21:08:58.349000,7738349,0.0,27.8,1030.4,0.0,-999.0,0,0.0,0.074
1969-12-31 21:09:00.348000,7740348,0.0,27.8,1030.5,0.0,-999.0,0,0.0,0.069
1969-12-31 21:09:02.348000,7742348,0.0,27.8,1030.5,0.0,-999.0,0,0.0,0.077
1969-12-31 21:09:04.348000,7744348,0.0,27.8,1030.5,0.0,-999.0,0,0.0,0.075
1969-12-31 21:09:06.348000,7746348,0.0,27.8,1030.5,0.0,-999.0,0,0.0,0.074
1969-12-31 21:09:08.348000,7748348,0.0,27.8,1030.1,0.0,-999.0,0,0.0,0.079
1969-12-31 21:09:10.348000,7750348,0.0,27.8,1030.3,0.0,-999.0,0,0.0,0.078
1969-12-31 21:09:12.348000,7752348,0.0,27.8,1030.5,0.0,-999.0,0,0.0,0.076
1969-12-31 21:09:14.348000,7754348,0.0,27.8,1030.4,0.0,-999.0,0,0.0,0.081
1969-12-31 21:09:16.348000,7756348,0.0,27.8,1030.4,0.0,-999.0,0,0.0,0.074
1969-12-31 21:09:18.348000,7758348,0.0,27.8,1030.4,0.0,-999.0,0,0.0,0.076
1969-12-31 21:09:20.348000,7760348,0.0,27.8,1030.4,0.0,-999.0,0,0.0,0.074
1969-12-31 21:09:22.348000,7762348,0.0,27.8,1030.4,0.0,-999.0,0,0.0,0.077
1969-12-31 21:09:24.348000,7764348,0.0,27.8,1030.3,0.0,-999.0,0,0.0,0.077
1969-12-31 21:09:26.348000,7766348,0.0,27.8,1030.5,0.0,-999.0,0,0.0,0.074
1969-12-31 21:09:28.348000,7768348,0.0,27.8,1030.5,0.0,-999.0,0,0.0,0.079
1969-12-31 21:09:30.348000,7770348,0.0,27.8,1030.3,0.0,-999.0,0,0.0,0.078
1969-12-31 21:09:32.348000,7772348,0.0,27.8,1030.3,0.0,-999.0,0,0.0,0.077
1969-12-31 21:09:34.348000,7774348,0.0,27.8,1030.3,0.0,-999.0,0,0.0,0.073
1969-12-31 21:09:36.348000,7776348,0.0,27.8,1030.4,0.0,-999.0,0,0.0,0.073
1969-12-31 21:09:38.348000,7778348,0.0,27.8,1030.1,0.0,-999.0,0,0.0,0.075
1969-12-31 21:09:40.348000,7780348,0.0,27.8,1030.4,0.0,-999.0,0,0.0,0.074
1969-12-31 21:09:42.348000,7782348,0.0,27.8,1030.4,0.0,-999.0,0,0.0,0.077
1969-12-31 21:09:44.348000,7784348,0.0,27.8,1030.5,0.0,-999.0,0,0.0,0.077
1969-12-31 21:09:46.348000,7786348,0.0,27.8,1030.4,0.0,-999.0,0,0.0,0.075
1969-12-31 21:09:48.348000,7788348,0.0,27.8,1030.5,0.0,-999.0,0,0.0,0.074
1969-12-31 21:09:50.348000,7790348,0.0,27.8,1030.4,0.0,-999.0,0,0.0,0.077
1969-12-31 21:09:52.348000,7792348,0.0,27.8,1030.4,0.0,-999.0,0,0.0,0.078
1969-12-31 21:09:54.348000,7794348,0.0,27.8,1030.3,0.0,-999.0,0,0.0,0.077
1969-12-31 21:09:56.348000,7796348,0.0,27.8,1030.5,0.0,-999.0,0,0.1,0.082
1969-12-31 21:09:58.348000,7798348,0.0,27.8,1030.3,0.0,-999.0,0,0.0,0.072
1969-12-31 21:10:00.348000,7800348,0.0,27.8,1030.5,0.0,-999.0,0,0.0,0.071
1969-12-31 21:10:02.348000,7802348,0.0,27.8,1030.5,0.0,-999.0,0,0.0,0.08
1969-12-31 21:10:04.348000,7804348,0.0,27.8,1030.4,0.0,-999.0,0,0.0,0.078
1969-12-31 21:10:06.348000,7806348,0.0,27.8,1030.3,0.0,-999.0,0,0.0,0.068
1969-12-31 21:10:08.348000,7808348,0.0,27.8,1030.5,0.0,-999.0,0,0.0,0.075
1969-12-31 21:10:10.348000,7810348,0.0,27.8,1030.3,0.0,-999.0,0,0.0,0.075
1969-12-31 21:10:12.348000,7812348,0.0,27.8,1030.4,0.0,-999.0,0,0.0,0.076
1969-12-31 21:10:14.348000,7814348,0.0,27.8,1030.4,0.0,-999.0,0,0.1,0.082
1969-12-31 21:10:16.348000,7816348,0.0,27.8,1030.4,0.0,-999.0,0,0.0,0.077
1969-12-31 21:10:18.348000,7818348,0.0,27.8,1030.3,0.0,-999.0,0,0.0,0.079
1969-12-31 21:10:20.348000,7820348,0.0,27.8,1030.1,0.0,-999.0,0,0.0,0.079
1969-12-31 21:10:22.348000,7822348,0.0,27.8,1030.4,0.0,-999.0,0,0.0,0.079
1969-12-31 21:10:24.358000,7824358,0.0,27.8,1030.4,0.0,-999.0,0,0.0,0.071
1969-12-31 21:10:26.348000,7826348,0.0,27.8,1030.3,0.0,-999.0,0,0.1,0.082
1969-12-31 21:10:28.348000,7828348,0.0,27.8,1030.1,0.0,-999.0,0,0.1,0.082
1969-12-31 21:10:30.348000,7830348,0.0,27.8,1030.4,0.0,-999.0,0,0.0,0.077
1969-12-31 21:10:32.358000,7832358,0.0,27.8,1030.5,0.0,-999.0,0,0.0,0.078
1969-12-31 21:10:34.358000,7834358,0.0,27.8,1030.4,0.0,-999.0,0,0.0,0.078
1969-12-31 21:10:36.358000,7836358,0.0,27.8,1030.5,0.0,-999.0,0,0.0,0.074
1969-12-31 21:10:38.358000,7838358,0.0,27.8,1030.1,0.0,-999.0,0,0.0,0.073
1969-12-31 21:10:40.358000,7840358,0.0,27.8,1029.6,0.0,-999.0,0,0.0,0.081
1969-12-31 21:10:42.358000,7842358,0.0,27.8,1030.3,0.0,-999.0,0,0.0,0.08
1969-12-31 21:10:44.358000,7844358,0.0,27.8,1030.5,0.0,-999.0,0,0.0,0.076
1969-12-31 21:10:46.358000,7846358,0.0,27.8,1030.4,0.0,-999.0,0,0.0,0.078
1969-12-31 21:10:48.358000,7848358,0.0,27.8,1030.1,0.0,-999.0,0,0.0,0.076
1969-12-31 21:10:50.358000,7850358,0.0,27.8,1030.4,0.0,-999.0,0,0.0,0.073
1969-12-31 21:10:52.358000,7852358,0.0,27.8,1030.5,0.0,-999.0,0,0.0,0.075
1969-12-31 21:10:54.358000,7854358,0.0,27.8,1030.7,0.0,-999.0,0,0.0,0.08
1969-12-31 21:10:56.358000,7856358,0.0,27.8,1030.0,0.0,-999.0,0,0.0,0.076
1969-12-31 21:10:58.358000,7858358,0.0,27.8,1030.5,0.0,-999.0,0,0.1,0.083
1969-12-31 21:11:00.358000,7860358,0.0,27.8,1030.5,0.0,-999.0,0,0.0,0.077
1969-12-31 21:11:02.358000,7862358,0.0,27.8,1030.5,0.0,-999.0,0,0.0,0.077
1969-12-31 21:11:04.359000,7864359,0.0,27.8,1030.1,0.0,-999.0,0,0.0,0.069
1969-12-31 21:11:06.358000,7866358,0.0,27.8,1030.4,0.0,-999.0,0,0.0,0.079
1969-12-31 21:11:08.358000,7868358,0.0,27.8,1030.3,0.0,-999.0,0,0.0,0.075
1969-12-31 21:11:10.358000,7870358,0.0,27.8,1030.1,0.0,-999.0,0,0.0,0.077
1969-12-31 21:11:12.358000,7872358,0.0,27.8,1030.3,0.0,-999.0,0,0.0,0.075
1969-12-31 21:11:14.358000,7874358,0.0,27.8,1030.5,0.0,-999.0,0,0.0,0.077
1969-12-31 21:11:16.358000,7876358,0.0,27.8,1030.0,0.0,-999.0,0,0.0,0.08
1969-12-31 21:11:18.358000,7878358,0.0,27.8,1030.3,0.0,-999.0,0,0.0,0.076
1969-12-31 21:11:20.358000,7880358,0.0,27.8,1030.5,0.0,-999.0,0,0.0,0.076
1969-12-31 21:11:22.358000,7882358,0.0,27.8,1030.5,0.0,-999.0,0,0.0,0.078
1969-12-31 21:11:24.358000,7884358,0.0,27.8,1030.4,0.0,-999.0,0,0.0,0.076
1969-12-31 21:11:26.358000,7886358,0.0,27.8,1030.4,0.0,-999.0,0,0.0,0.073
1969-12-31 21:11:28.358000,7888358,0.0,27.8,1030.5,0.0,-999.0,0,0.0,0.077
1969-12-31 21:11:30.358000,7890358,0.0,27.8,1030.4,0.0,-999.0,0,0.0,0.08
1969-12-31 21:11:32.358000,7892358,0.0,27.8,1030.3,0.0,-999.0,0,0.0,0.078
1969-12-31 21:11:34.358000,7894358,0.0,27.8,1030.4,0.0,-999.0,0,0.0,0.074
1969-12-31 21:11:36.358000,7896358,0.0,27.8,1030.5,0.0,-999.0,0,0.0,0.081
1969-12-31 21:11:38.358000,7898358,0.0,27.8,1030.0,0.0,-999.0,0,0.0,0.076
1969-12-31 21:11:40.358000,7900358,0.0,27.8,1030.3,0.0,-999.0,0,0.0,0.073
1969-12-31 21:11:42.358000,7902358,0.0,27.8,1030.5,0.0,-999.0,0,0.0,0.075
1969-12-31 21:11:44.358000,7904358,0.0,27.8,1030.4,0.0,-999.0,0,0.0,0.076
1969-12-31 21:11:46.358000,7906358,0.0,27.8,1030.4,0.0,-999.0,0,0.0,0.076
1969-12-31 21:11:48.358000,7908358,0.0,27.8,1030.4,0.0,-999.0,0,0.0,0.081
1969-12-31 21:11:50.358000,7910358,0.0,27.8,1030.3,0.0,-999.0,0,0.0,0.076
1969-12-31 21:11:52.358000,7912358,0.0,27.8,1030.5,0.0,-999.0,0,0.0,0.076
1969-12-31 21:11:54.358000,7914358,0.0,27.8,1030.5,0.0,-999.0,0,0.0,0.076
1969-12-31 21:11:56.358000,7916358,0.0,27.8,1030.4,0.0,-999.0,0,0.1,0.082
1969-12-31 21:11:58.358000,7918358,0.0,27.8,1030.4,0.0,-999.0,0,0.1,0.085
1969-12-31 21:12:00.358000,7920358,0.0,27.8,1030.5,0.0,-999.0,0,0.1,0.082
1969-12-31 21:12:02.358000,7922358,0.0,27.8,1030.3,0.0,-999.0,0,0.0,0.078
1969-12-31 21:12:04.358000,7924358,0.0,27.8,1030.5,0.0,-999.0,0,0.0,0.077
1969-12-31 21:12:06.358000,7926358,0.0,27.8,1030.4,0.0,-999.0,0,0.0,0.075
1969-12-31 21:12:08.358000,7928358,0.0,27.8,1030.4,0.0,-999.0,0,0.0,0.08
1969-12-31 21:12:10.358000,7930358,0.0,27.8,1030.5,0.0,-999.0,0,0.0,0.075
1969-12-31 21:12:12.358000,7932358,0.0,27.8,1030.4,0.0,-999.0,0,0.0,0.077
1969-12-31 21:12:14.358000,7934358,0.0,27.8,1030.4,0.0,-999.0,0,0.1,0.082
1969-12-31 21:12:16.358000,7936358,0.0,27.8,1029.9,0.0,-999.0,0,0.0,0.077
1969-12-31 21:12:18.358000,7938358,0.0,27.8,1030.0,0.0,-999.0,0,0.0,0.077
1969-12-31 21:12:20.358000,7940358,0.0,27.8,1030.5,0.0,-999.0,0,0.0,0.073
1969-12-31 21:12:22.358000,7942358,0.0,27.8,1030.4,0.0,-999.0,0,0.0,0.073
1969-12-31 21:12:24.358000,7944358,0.0,27.8,1030.1,0.0,-999.0,0,0.0,0.081
1969-12-31 21:12:26.358000,7946358,0.0,27.8,1030.4,0.0,-999.0,0,0.0,0.072
1969-12-31 21:12:28.358000,7948358,0.0,27.8,1030.3,0.0,-999.0,0,0.0,0.08
1969-12-31 21:12:30.358000,7950358,0.0,27.8,1029.5,0.0,-999.0,0,0.0,0.077
1969-12-31 21:12:32.358000,7952358,0.0,27.8,1030.4,0.0,-999.0,0,0.0,0.078
1969-12-31 21:12:34.358000,7954358,0.0,27.8,1030.0,0.0,-999.0,0,0.0,0.074
1969-12-31 21:12:36.358000,7956358,0.0,27.8,1030.3,0.0,-999.0,0,0.0,0.079
1969-12-31 21:12:38.358000,7958358,0.0,27.8,1030.3,0.0,-999.0,0,0.0,0.078
1969-12-31 21:12:40.358000,7960358,0.0,27.8,1030.5,0.0,-999.0,0,0.0,0.081
1969-12-31 21:12:42.358000,7962358,0.0,27.8,1030.1,0.0,-999.0,0,0.0,0.077
1969-12-31 21:12:44.358000,7964358,0.0,27.8,1030.0,0.0,-999.0,0,0.0,0.074
1969-12-31 21:12:46.358000,7966358,0.0,27.8,1029.9,0.0,-999.0,0,0.0,0.078
1969-12-31 21:12:48.358000,7968358,0.0,27.8,1030.1,0.0,-999.0,0,0.0,0.077
1969-12-31 21:12:50.358000,7970358,0.0,27.8,1029.6,0.0,-999.0,0,0.0,0.078
1969-12-31 21:12:52.358000,7972358,0.0,27.8,1030.0,0.0,-999.0,0,0.0,0.077
1969-12-31 21:12:54.358000,7974358,0.0,27.8,1030.0,0.0,-999.0,0,0.0,0.078
1969-12-31 21:12:56.358000,7976358,0.0,27.8,1030.4,0.0,-999.0,0,0.0,0.078
1969-12-31 21:12:58.358000,7978358,0.0,27.8,1030.4,0.0,-999.0,0,0.0,0.08
1969-12-31 21:13:00.358000,7980358,0.0,27.8,1030.3,0.0,-999.0,0,0.0,0.08
1969-12-31 21:13:02.358000,7982358,0.0,27.8,1029.9,0.0,-999.0,0,0.0,0.081
1969-12-31 21:13:04.358000,7984358,0.0,27.8,1030.0,0.0,-999.0,0,0.0,0.077
1969-12-31 21:13:06.358000,7986358,0.0,27.8,1030.0,0.0,-999.0,0,0.0,0.08
1969-12-31 21:13:08.358000,7988358,0.0,27.8,1030.4,0.0,-999.0,0,0.0,0.081
1969-12-31 21:13:10.358000,7990358,0.0,27.8,1030.1,0.0,-999.0,0,0.0,0.073
1969-12-31 21:13:12.358000,7992358,0.0,27.8,1030.4,0.0,-999.0,0,0.0,0.075
1969-12-31 21:13:14.358000,7994358,0.0,27.8,1029.9,0.0,-999.0,0,0.0,0.077
1969-12-31 21:13:16.358000,7996358,0.0,27.8,1029.3,0.0,-999.0,0,0.0,0.079
1969-12-31 21:13:18.358000,7998358,0.0,27.8,1030.3,0.0,-999.0,0,0.0,0.078
1969-12-31 21:13:20.358000,8000358,0.0,27.8,1029.7,0.0,-999.0,0,0.0,0.078
1969-12-31 21:13:22.358000,8002358,0.0,27.8,1030.3,0.0,-999.0,0,0.1,0.084
1969-12-31 21:13:24.358000,8004358,0.0,27.8,1030.5,0.0,-999.0,0,0.0,0.077
1969-12-31 21:13:26.358000,8006358,0.0,27.8,1029.6,0.0,-999.0,0,0.0,0.074
1969-12-31 21:13:28.358000,8008358,0.0,27.8,1030.1,0.0,-999.0,0,0.0,0.08
1969-12-31 21:13:30.358000,8010358,0.0,27.8,1030.1,0.0,-999.0,0,0.0,0.08
1969-12-31 21:13:32.358000,8012358,0.0,27.8,1030.3,0.0,-999.0,0,0.1,0.083
1969-12-31 21:13:34.358000,8014358,0.0,27.8,1029.3,0.0,-999.0,0,0.0,0.074
1969-12-31 21:13:36.358000,8016358,0.0,27.8,1030.3,0.0,-999.0,0,0.0,0.077
1969-12-31 21:13:38.358000,8018358,0.0,27.8,1030.5,0.0,-999.0,0,0.0,0.068
1969-12-31 21:13:40.358000,8020358,0.0,27.8,1030.1,0.0,-999.0,0,0.0,0.076
1969-12-31 21:13:42.358000,8022358,0.0,27.8,1029.9,0.0,-999.0,0,0.0,0.078
1969-12-31 21:13:44.358000,8024358,0.0,27.8,1030.5,0.0,-999.0,0,0.0,0.078
1969-12-31 21:13:46.358000,8026358,0.0,27.8,1029.9,0.0,-999.0,0,0.1,0.084
1969-12-31 21:13:48.358000,8028358,0.0,27.8,1030.0,0.0,-999.0,0,0.0,0.073
1969-12-31 21:13:50.358000,8030358,0.0,27.8,1029.7,0.0,-999.0,0,0.0,0.074
1969-12-31 21:13:52.358000,8032358,0.0,27.8,1028.9,0.0,-999.0,0,0.0,0.076
1969-12-31 21:13:54.358000,8034358,0.0,27.8,1029.7,0.0,-999.0,0,0.0,0.08
1969-12-31 21:13:56.358000,8036358,0.0,27.8,1030.3,0.0,-999.0,0,0.0,0.08
1969-12-31 21:13:58.358000,8038358,0.0,27.8,1030.0,0.0,-999.0,0,0.0,0.077
1969-12-31 21:14:00.358000,8040358,0.0,27.8,1030.1,0.0,-999.0,0,0.0,0.074
1969-12-31 21:14:02.358000,8042358,0.0,27.8,1029.1,0.0,-999.0,0,0.0,0.073
1969-12-31 21:14:04.358000,8044358,0.0,27.8,1029.5,0.0,-999.0,0,0.0,0.077
1969-12-31 21:14:06.358000,8046358,0.0,27.8,1028.9,0.0,-999.0,0,0.0,0.075
1969-12-31 21:14:08.358000,8048358,0.0,27.8,1029.7,0.0,-999.0,0,0.0,0.076
1969-12-31 21:14:10.358000,8050358,0.0,27.8,1029.2,0.0,-999.0,0,0.0,0.079
1969-12-31 21:14:12.358000,8052358,0.0,27.8,1028.4,0.0,-999.0,0,0.0,0.074
1969-12-31 21:14:14.358000,8054358,0.0,27.8,1028.4,0.0,-999.0,0,0.0,0.077
1969-12-31 21:14:16.358000,8056358,0.0,27.8,1030.5,0.0,-999.0,0,0.0,0.081
1969-12-31 21:14:18.358000,8058358,0.0,27.8,1028.7,0.0,-999.0,0,0.0,0.075
1969-12-31 21:14:20.358000,8060358,0.0,27.8,1030.0,0.0,-999.0,0,0.0,0.08
1969-12-31 21:14:22.358000,8062358,0.0,27.8,1028.7,0.0,-999.0,0,0.0,0.073
1969-12-31 21:14:24.358000,8064358,0.0,27.8,1029.1,0.0,-999.0,0,0.0,0.077
1969-12-31 21:14:26.358000,8066358,0.0,27.8,1028.7,0.0,-999.0,0,0.0,0.076
1969-12-31 21:14:28.358000,8068358,0.0,27.8,1029.5,0.0,-999.0,0,0.0,0.078
1969-12-31 21:14:30.358000,8070358,0.0,27.8,1030.5,0.0,-999.0,0,0.0,0.075
1969-12-31 21:14:32.358000,8072358,0.0,27.8,1030.0,0.0,-999.0,0,0.0,0.078
1969-12-31 21:14:34.358000,8074358,0.0,27.8,1029.3,0.0,-999.0,0,0.0,0.076
1969-12-31 21:14:36.358000,8076358,0.0,27.8,1028.1,0.0,-999.0,0,0.0,0.078
1969-12-31 21:14:38.358000,8078358,0.0,27.8,1029.7,0.0,-999.0,0,0.0,0.08
1969-12-31 21:14:40.358000,8080358,0.0,27.8,1030.0,0.0,-999.0,0,0.0,0.081
1969-12-31 21:14:42.358000,8082358,0.0,27.8,1029.9,0.0,-999.0,0,0.1,0.082
1969-12-31 21:14:44.358000,8084358,0.0,27.8,1030.1,0.0,-999.0,0,0.0,0.075
1969-12-31 21:14:46.358000,8086358,0.0,27.8,1028.3,0.0,-999.0,0,0.1,0.084
1969-12-31 21:14:48.358000,8088358,0.0,27.8,1028.7,0.0,-999.0,0,0.0,0.077
1969-12-31 21:14:50.358000,8090358,0.0,27.8,1030.0,0.0,-999.0,0,0.0,0.081
1969-12-31 21:14:52.358000,8092358,0.0,27.8,1029.2,0.0,-999.0,0,0.0,0.077
1969-12-31 21:14:54.358000,8094358,0.0,27.8,1029.6,0.0,-999.0,0,0.0,0.079
1969-12-31 21:14:56.358000,8096358,0.0,27.8,1029.6,0.0,-999.0,0,0.1,0.082
1969-12-31 21:14:58.358000,8098358,0.0,27.8,1028.9,0.0,-999.0,0,0.0,0.077
1969-12-31 21:15:00.358000,8100358,0.0,27.8,1029.9,0.0,-999.0,0,0.0,0.077
1969-12-31 21:15:02.358000,8102358,0.0,27.8,1030.3,0.0,-999.0,0,0.0,0.076
1969-12-31 21:15:04.358000,8104358,0.0,27.8,1030.3,0.0,-999.0,0,0.0,0.079
1969-12-31 21:15:06.358000,8106358,0.0,27.8,1030.0,0.0,-999.0,0,0.0,0.078
1969-12-31 21:15:08.358000,8108358,0.0,27.8,1030.1,0.0,-999.0,0,0.0,0.079
1969-12-31 21:15:10.358000,8110358,0.0,27.8,1028.9,0.0,-999.0,0,0.1,0.083
1969-12-31 21:15:12.358000,8112358,0.0,27.8,1028.7,0.0,-999.0,0,0.0,0.071
1969-12-31 21:15:14.358000,8114358,0.0,27.8,1030.4,0.0,-999.0,0,0.0,0.075
1969-12-31 21:15:16.358000,8116358,0.0,27.8,1030.1,0.0,-999.0,0,0.0,0.073
1969-12-31 21:15:18.358000,8118358,0.0,27.8,1030.7,0.0,-999.0,0,0.0,0.078
1969-12-31 21:15:20.358000,8120358,0.0,27.8,1030.3,0.0,-999.0,0,0.0,0.077
1969-12-31 21:15:22.358000,8122358,0.0,27.8,1030.7,0.0,-999.0,0,0.0,0.073
1969-12-31 21:15:24.358000,8124358,0.0,27.8,1029.9,0.0,-999.0,0,0.0,0.078
1969-12-31 21:15:26.358000,8126358,0.0,27.8,1029.7,0.0,-999.0,0,0.0,0.076
1969-12-31 21:15:28.358000,8128358,0.0,27.8,1030.0,0.0,-999.0,0,0.0,0.079
1969-12-31 21:15:30.358000,8130358,0.0,27.8,1028.7,0.0,-999.0,0,0.0,0.078
1969-12-31 21:15:32.358000,8132358,0.0,27.8,1029.2,0.0,-999.0,0,0.0,0.077
1969-12-31 21:15:34.358000,8134358,0.0,27.8,1028.5,0.0,-999.0,0,0.0,0.078
1969-12-31 21:15:36.358000,8136358,0.0,27.8,1029.3,0.0,-999.0,0,0.0,0.079
1969-12-31 21:15:38.358000,8138358,0.0,27.8,1028.7,0.0,-999.0,0,0.0,0.079
1969-12-31 21:15:40.358000,8140358,0.0,27.8,1028.4,0.0,-999.0,0,0.0,0.077
1969-12-31 21:15:42.358000,8142358,0.0,27.8,1029.2,0.0,-999.0,0,0.0,0.076
1969-12-31 21:15:44.358000,8144358,0.0,27.8,1028.5,0.0,-999.0,0,0.0,0.077
1969-12-31 21:15:46.358000,8146358,0.0,27.8,1028.7,0.0,-999.0,0,0.0,0.079
1969-12-31 21:15:48.358000,8148358,0.0,27.8,1029.5,0.0,-999.0,0,0.1,0.082
1969-12-31 21:15:50.358000,8150358,0.0,27.8,1029.6,0.0,-999.0,0,0.0,0.077
1969-12-31 21:15:52.358000,8152358,0.0,27.8,1028.8,0.0,-999.0,0,0.0,0.077
1969-12-31 21:15:54.358000,8154358,0.0,27.8,1028.0,0.0,-999.0,0,0.0,0.077
1969-12-31 21:15:56.358000,8156358,0.0,27.8,1027.9,0.0,-999.0,0,0.0,0.08
1969-12-31 21:15:58.358000,8158358,0.0,27.8,1028.7,0.0,-999.0,0,0.0,0.076
1969-12-31 21:16:00.358000,8160358,0.0,27.8,1028.3,0.0,-999.0,0,0.0,0.077
1969-12-31 21:16:02.358000,8162358,0.0,27.8,1029.1,0.0,-999.0,0,0.0,0.077
1969-12-31 21:16:04.358000,8164358,0.0,27.8,1029.3,0.0,-999.0,0,0.0,0.078
1969-12-31 21:16:06.358000,8166358,0.0,27.8,1028.7,0.0,-999.0,0,0.0,0.075
1969-12-31 21:16:08.358000,8168358,0.0,27.8,1029.1,0.0,-999.0,0,0.0,0.077
1969-12-31 21:16:10.358000,8170358,0.0,27.8,1028.0,0.0,-999.0,0,0.0,0.08
1969-12-31 21:16:12.358000,8172358,0.0,27.8,1028.5,0.0,-999.0,0,0.0,0.077
1969-12-31 21:16:14.358000,8174358,0.0,27.8,1029.5,0.0,-999.0,0,0.0,0.079
1969-12-31 21:16:16.358000,8176358,0.0,27.8,1028.8,0.0,-999.0,0,0.0,0.074
1969-12-31 21:16:18.358000,8178358,0.0,27.8,1028.4,0.0,-999.0,0,0.1,0.082
1969-12-31 21:16:20.358000,8180358,0.0,27.8,1027.6,0.0,-999.0,0,0.0,0.073
1969-12-31 21:16:22.358000,8182358,0.0,27.8,1028.0,0.0,-999.0,0,0.0,0.079
1969-12-31 21:16:24.358000,8184358,0.0,27.8,1028.1,0.0,-999.0,0,0.0,0.076
1969-12-31 21:16:26.358000,8186358,0.0,27.8,1027.6,0.0,-999.0,0,0.0,0.081
1969-12-31 21:16:28.358000,8188358,0.0,27.8,1027.5,0.0,-999.0,0,0.0,0.077
1969-12-31 21:16:30.358000,8190358,0.0,27.8,1028.9,0.0,-999.0,0,0.0,0.08
1969-12-31 21:16:32.358000,8192358,0.0,27.8,1027.5,0.0,-999.0,0,0.0,0.076
1969-12-31 21:16:34.358000,8194358,0.0,27.8,1027.9,0.0,-999.0,0,0.0,0.078
1969-12-31 21:16:36.358000,8196358,0.0,27.8,1028.5,0.0,-999.0,0,0.0,0.075
1969-12-31 21:16:38.358000,8198358,0.0,27.8,1028.0,0.0,-999.0,0,0.0,0.078
1969-12-31 21:16:40.358000,8200358,0.0,27.8,1028.3,0.0,-999.0,0,0.0,0.076
1969-12-31 21:16:42.358000,8202358,0.0,27.8,1028.7,0.0,-999.0,0,0.0,0.079
1969-12-31 21:16:44.358000,8204358,0.0,27.8,1028.9,0.0,-999.0,0,0.0,0.076
1969-12-31 21:16:46.358000,8206358,0.0,27.8,1027.3,0.0,-999.0,0,0.0,0.078
1969-12-31 21:16:48.358000,8208358,0.0,27.8,1028.1,0.0,-999.0,0,0.0,0.08
1969-12-31 21:16:50.358000,8210358,0.0,27.8,1027.9,0.0,-999.0,0,0.0,0.077
1969-12-31 21:16:52.358000,8212358,0.0,27.8,1027.7,0.0,-999.0,0,0.0,0.078
1969-12-31 21:16:54.358000,8214358,0.0,27.8,1027.2,0.0,-999.0,0,0.0,0.074
1969-12-31 21:16:56.358000,8216358,0.0,27.8,1028.5,0.0,-999.0,0,0.0,0.075
1969-12-31 21:16:58.358000,8218358,0.0,27.8,1027.5,0.0,-999.0,0,0.0,0.081
1969-12-31 21:17:00.358000,8220358,0.0,27.8,1028.7,0.0,-999.0,0,0.0,0.078
1969-12-31 21:17:02.358000,8222358,0.0,27.8,1028.3,0.0,-999.0,0,0.0,0.076
1969-12-31 21:17:04.358000,8224358,0.0,27.8,1029.3,0.0,-999.0,0,0.0,0.077
1969-12-31 21:17:06.358000,8226358,0.0,27.8,1028.8,0.0,-999.0,0,0.0,0.076
1969-12-31 21:17:08.358000,8228358,0.0,27.8,1028.3,0.0,-999.0,0,0.0,0.081
1969-12-31 21:17:10.358000,8230358,0.0,27.8,1027.9,0.0,-999.0,0,0.0,0.074
1969-12-31 21:17:12.358000,8232358,0.0,27.8,1027.9,0.0,-999.0,0,0.0,0.077
1969-12-31 21:17:14.358000,8234358,0.0,27.8,1028.1,0.0,-999.0,0,0.0,0.076
1969-12-31 21:17:16.358000,8236358,0.0,27.8,1028.3,0.0,-999.0,0,0.0,0.071
1969-12-31 21:17:18.358000,8238358,0.0,27.8,1029.6,0.0,-999.0,0,0.0,0.077
1969-12-31 21:17:20.358000,8240358,0.0,27.8,1029.3,0.0,-999.0,0,0.0,0.077
1969-12-31 21:17:22.358000,8242358,0.0,27.8,1029.9,0.0,-999.0,0,0.0,0.077
1969-12-31 21:17:24.358000,8244358,0.0,27.8,1027.3,0.0,-999.0,0,0.0,0.074
1969-12-31 21:17:26.358000,8246358,0.0,27.8,1027.9,0.0,-999.0,0,0.0,0.075
1969-12-31 21:17:28.358000,8248358,0.0,27.8,1028.5,0.0,-999.0,0,0.0,0.073
1969-12-31 21:17:30.358000,8250358,0.0,27.8,1028.0,0.0,-999.0,0,0.0,0.076
1969-12-31 21:17:32.358000,8252358,0.0,27.8,1028.1,0.0,-999.0,0,0.0,0.074
1969-12-31 21:17:34.358000,8254358,0.0,27.8,1029.1,0.0,-999.0,0,0.0,0.081
1969-12-31 21:17:36.358000,8256358,0.0,27.8,1028.8,0.0,-999.0,0,0.0,0.078
1969-12-31 21:17:38.358000,8258358,0.0,27.8,1028.8,0.0,-999.0,0,0.0,0.079
1969-12-31 21:17:40.358000,8260358,0.0,27.8,1029.3,0.0,-999.0,0,0.0,0.081
1969-12-31 21:17:42.358000,8262358,0.0,27.8,1028.4,0.0,-999.0,0,0.0,0.076
1969-12-31 21:17:44.358000,8264358,0.0,27.8,1028.0,0.0,-999.0,0,0.0,0.076
1969-12-31 21:17:46.358000,8266358,0.0,27.8,1027.7,0.0,-999.0,0,0.0,0.075
1969-12-31 21:17:48.358000,8268358,0.0,27.8,1027.6,0.0,-999.0,0,0.0,0.073
1969-12-31 21:17:50.358000,8270358,0.0,27.8,1027.9,0.0,-999.0,0,0.0,0.077
1969-12-31 21:17:52.358000,8272358,0.0,27.8,1028.4,0.0,-999.0,0,0.0,0.078
1969-12-31 21:17:54.358000,8274358,0.0,27.8,1028.0,0.0,-999.0,0,0.0,0.077
1969-12-31 21:17:56.358000,8276358,0.0,27.8,1028.4,0.0,-999.0,0,0.0,0.076
1969-12-31 21:17:58.358000,8278358,0.0,27.8,1028.8,0.0,-999.0,0,0.0,0.071
1969-12-31 21:18:00.358000,8280358,0.0,27.8,1030.0,0.0,-999.0,0,0.0,0.074
1969-12-31 21:18:02.358000,8282358,0.0,27.8,1029.9,0.0,-999.0,0,0.0,0.074
1969-12-31 21:18:04.358000,8284358,0.0,27.8,1030.1,0.0,-999.0,0,0.0,0.073
1969-12-31 21:18:06.358000,8286358,0.0,27.8,1029.6,0.0,-999.0,0,0.0,0.079
1969-12-31 21:18:08.358000,8288358,0.0,27.8,1029.1,0.0,-999.0,0,0.0,0.077
1969-12-31 21:18:10.358000,8290358,0.0,27.8,1029.6,0.0,-999.0,0,0.0,0.081
1969-12-31 21:18:12.358000,8292358,0.0,27.8,1028.5,0.0,-999.0,0,0.0,0.072
1969-12-31 21:18:14.358000,8294358,0.0,27.8,1028.1,0.0,-999.0,0,0.0,0.075
1969-12-31 21:18:16.358000,8296358,0.0,27.8,1028.0,0.0,-999.0,0,0.0,0.077
1969-12-31 21:18:18.358000,8298358,0.0,27.8,1029.1,0.0,-999.0,0,0.0,0.078
1969-12-31 21:18:20.358000,8300358,0.0,27.8,1028.4,0.0,-999.0,0,0.0,0.079
1969-12-31 21:18:22.358000,8302358,0.0,27.8,1029.9,0.0,-999.0,0,0.0,0.079
1969-12-31 21:18:24.358000,8304358,0.0,27.8,1029.1,0.0,-999.0,0,0.0,0.076
1969-12-31 21:18:26.358000,8306358,0.0,27.8,1029.9,0.0,-999.0,0,0.0,0.077
1969-12-31 21:18:28.358000,8308358,0.0,27.8,1029.3,0.0,-999.0,0,0.0,0.073
1969-12-31 21:18:30.358000,8310358,0.0,27.8,1030.1,0.0,-999.0,0,0.0,0.077
1969-12-31 21:18:32.358000,8312358,0.0,27.8,1028.9,0.0,-999.0,0,0.1,0.082
1969-12-31 21:18:34.358000,8314358,0.0,27.8,1028.8,0.0,-999.0,0,0.0,0.073
1969-12-31 21:18:36.358000,8316358,0.0,27.8,1029.1,0.0,-999.0,0,0.0,0.077
1969-12-31 21:18:38.358000,8318358,0.0,27.8,1029.2,0.0,-999.0,0,0.0,0.074
1969-12-31 21:18:40.358000,8320358,0.0,27.8,1029.9,0.0,-999.0,0,0.0,0.08
1969-12-31 21:18:42.358000,8322358,0.0,27.8,1028.9,0.0,-999.0,0,0.0,0.075
1969-12-31 21:18:44.358000,8324358,0.0,27.8,1028.8,0.0,-999.0,0,0.0,0.077
1969-12-31 21:18:46.358000,8326358,0.0,27.8,1028.4,0.0,-999.0,0,0.0,0.077
1969-12-31 21:18:48.358000,8328358,0.0,27.8,1027.7,0.0,-999.0,0,0.0,0.076
1969-12-31 21:18:50.358000,8330358,0.0,27.8,1030.0,0.0,-999.0,0,0.0,0.075
1969-12-31 21:18:52.368000,8332368,0.0,27.8,1028.1,0.0,-999.0,0,0.0,0.079
1969-12-31 21:18:54.358000,8334358,0.0,27.8,1028.1,0.0,-999.0,0,0.0,0.079
1969-12-31 21:18:56.358000,8336358,0.0,27.8,1027.5,0.0,-999.0,0,0.0,0.077
1969-12-31 21:18:58.358000,8338358,0.0,27.8,1027.9,0.0,-999.0,0,0.0,0.08
1969-12-31 21:19:00.368000,8340368,0.0,27.8,1028.3,0.0,-999.0,0,0.0,0.077
1969-12-31 21:19:02.368000,8342368,0.0,27.8,1029.2,0.0,-999.0,0,0.1,0.083
1969-12-31 21:19:04.368000,8344368,0.0,27.8,1028.8,0.0,-999.0,0,0.0,0.079
1969-12-31 21:19:06.368000,8346368,0.0,27.8,1028.4,0.0,-999.0,0,0.0,0.075
1969-12-31 21:19:08.368000,8348368,0.0,27.8,1027.9,0.0,-999.0,0,0.0,0.08
1969-12-31 21:19:10.368000,8350368,0.0,27.8,1029.1,0.0,-999.0,0,0.1,0.085
1969-12-31 21:19:12.368000,8352368,0.0,27.8,1028.1,0.0,-999.0,0,0.0,0.07
1969-12-31 21:19:14.368000,8354368,0.0,27.8,1027.9,0.0,-999.0,0,0.0,0.077
1969-12-31 21:19:16.368000,8356368,0.0,27.8,1029.3,0.0,-999.0,0,0.0,0.075
1969-12-31 21:19:18.368000,8358368,0.0,27.8,1028.1,0.0,-999.0,0,0.0,0.072
1969-12-31 21:19:20.368000,8360368,0.0,27.8,1029.1,0.0,-999.0,0,0.0,0.076
1969-12-31 21:19:22.368000,8362368,0.0,27.8,1028.7,0.0,-999.0,0,0.0,0.08
1969-12-31 21:19:24.368000,8364368,0.0,27.8,1028.3,0.0,-999.0,0,0.0,0.077
1969-12-31 21:19:26.368000,8366368,0.0,27.8,1028.1,0.0,-999.0,0,0.0,0.078
1969-12-31 21:19:28.368000,8368368,0.0,27.8,1028.1,0.0,-999.0,0,0.1,0.083
1969-12-31 21:19:30.368000,8370368,0.0,27.8,1027.7,0.0,-999.0,0,0.0,0.081
1969-12-31 21:19:32.368000,8372368,0.0,27.8,1029.3,0.0,-999.0,0,0.0,0.073
1969-12-31 21:19:34.368000,8374368,0.0,27.8,1028.3,0.0,-999.0,0,0.0,0.079
1969-12-31 21:19:36.368000,8376368,0.0,27.8,1028.3,0.0,-999.0,0,0.0,0.077
1969-12-31 21:19:38.368000,8378368,0.0,27.8,1027.7,0.0,-999.0,0,0.0,0.077
1969-12-31 21:19:40.368000,8380368,0.0,27.8,1028.1,0.0,-999.0,0,0.0,0.075
1969-12-31 21:19:42.368000,8382368,0.0,27.8,1028.3,0.0,-999.0,0,0.0,0.074
1969-12-31 21:19:44.368000,8384368,0.0,27.8,1028.9,0.0,-999.0,0,0.0,0.074
1969-12-31 21:19:46.368000,8386368,0.0,27.8,1029.2,0.0,-999.0,0,0.0,0.079
1969-12-31 21:19:48.368000,8388368,0.0,27.8,1027.7,0.0,-999.0,0,0.0,0.073
1969-12-31 21:19:50.368000,8390368,0.0,27.8,1028.8,0.0,-999.0,0,0.0,0.081
1969-12-31 21:19:52.368000,8392368,0.0,27.8,1029.1,0.0,-999.0,0,0.0,0.078
1969-12-31 21:19:54.368000,8394368,0.0,27.8,1029.3,0.0,-999.0,0,0.0,0.071
1969-12-31 21:19:56.368000,8396368,0.0,27.8,1028.8,0.0,-999.0,0,0.0,0.074
1969-12-31 21:19:58.368000,8398368,0.0,27.8,1029.3,0.0,-999.0,0,0.0,0.079
1969-12-31 21:20:00.368000,8400368,0.0,27.8,1028.5,0.0,-999.0,0,0.0,0.078
1969-12-31 21:20:02.368000,8402368,0.0,27.8,1028.8,0.0,-999.0,0,0.0,0.081
1969-12-31 21:20:04.368000,8404368,0.0,27.8,1028.7,0.0,-999.0,0,0.0,0.076
1969-12-31 21:20:06.368000,8406368,0.0,27.8,1029.2,0.0,-999.0,0,0.0,0.08
1969-12-31 21:20:08.368000,8408368,0.0,27.8,1029.5,0.0,-999.0,0,0.0,0.075
1969-12-31 21:20:10.368000,8410368,0.0,27.8,1027.9,0.0,-999.0,0,0.0,0.072
1969-12-31 21:20:12.368000,8412368,0.0,27.8,1028.9,0.0,-999.0,0,0.0,0.08
1969-12-31 21:20:14.368000,8414368,0.0,27.8,1027.9,0.0,-999.0,0,0.0,0.073
1969-12-31 21:20:16.368000,8416368,0.0,27.8,1029.9,0.0,-999.0,0,0.0,0.077
1969-12-31 21:20:18.368000,8418368,0.0,27.8,1028.5,0.0,-999.0,0,0.0,0.077
1969-12-31 21:20:20.368000,8420368,0.0,27.8,1028.3,0.0,-999.0,0,0.0,0.08
1969-12-31 21:20:22.368000,8422368,0.0,27.8,1029.2,0.0,-999.0,0,0.0,0.077
1969-12-31 21:20:24.368000,8424368,0.0,27.8,1027.6,0.0,-999.0,0,0.0,0.077
1969-12-31 21:20:26.368000,8426368,0.0,27.8,1028.7,0.0,-999.0,0,0.0,0.077
1969-12-31 21:20:28.368000,8428368,0.0,27.8,1027.9,0.0,-999.0,0,0.0,0.078
1969-12-31 21:20:30.369000,8430369,0.0,27.8,1028.1,0.0,-999.0,0,0.0,0.075
1969-12-31 21:20:32.368000,8432368,0.0,27.8,1027.6,0.0,-999.0,0,0.0,0.073
1969-12-31 21:20:34.368000,8434368,0.0,27.8,1028.7,0.0,-999.0,0,0.1,0.083
1969-12-31 21:20:36.368000,8436368,0.0,27.8,1028.1,0.0,-999.0,0,0.0,0.08
1969-12-31 21:20:38.368000,8438368,0.0,27.8,1028.3,0.0,-999.0,0,0.0,0.077
1969-12-31 21:20:40.368000,8440368,0.0,27.8,1027.9,0.0,-999.0,0,0.0,0.075
1969-12-31 21:20:42.368000,8442368,0.0,27.8,1027.2,0.0,-999.0,0,0.0,0.072
1969-12-31 21:20:44.368000,8444368,0.0,27.8,1028.9,0.0,-999.0,0,0.1,0.082
1969-12-31 21:20:46.368000,8446368,0.0,27.8,1028.1,0.0,-999.0,0,0.0,0.076
1969-12-31 21:20:48.368000,8448368,0.0,27.8,1028.9,0.0,-999.0,0,0.0,0.069
1969-12-31 21:20:50.368000,8450368,0.0,27.8,1028.3,0.0,-999.0,0,0.0,0.074
1969-12-31 21:20:52.368000,8452368,0.0,27.8,1028.0,0.0,-999.0,0,0.0,0.078
1969-12-31 21:20:54.368000,8454368,0.0,27.8,1027.9,0.0,-999.0,0,0.0,0.076
1969-12-31 21:20:56.368000,8456368,0.0,27.8,1028.4,0.0,-999.0,0,0.0,0.081
1969-12-31 21:20:58.368000,8458368,0.0,27.8,1028.5,0.0,-999.0,0,0.0,0.073
1969-12-31 21:21:00.368000,8460368,0.0,27.8,1029.1,0.0,-999.0,0,0.0,0.078
1969-12-31 21:21:02.368000,8462368,0.0,27.8,1028.1,0.0,-999.0,0,0.0,0.074
1969-12-31 21:21:04.368000,8464368,0.0,27.8,1028.9,0.0,-999.0,0,0.0,0.077
1969-12-31 21:21:06.368000,8466368,0.0,27.8,1030.0,0.0,-999.0,0,0.0,0.078
1969-12-31 21:21:08.368000,8468368,0.0,27.8,1027.9,0.0,-999.0,0,0.0,0.081
1969-12-31 21:21:10.369000,8470369,0.0,27.8,1027.7,0.0,-999.0,0,0.0,0.077
1969-12-31 21:21:12.368000,8472368,0.0,27.8,1028.5,0.0,-999.0,0,0.0,0.076
1969-12-31 21:21:14.368000,8474368,0.0,27.8,1028.1,0.0,-999.0,0,0.0,0.077
1969-12-31 21:21:16.368000,8476368,0.0,27.8,1027.9,0.0,-999.0,0,0.0,0.074
1969-12-31 21:21:18.368000,8478368,0.0,27.8,1027.7,0.0,-999.0,0,0.0,0.077
1969-12-31 21:21:20.368000,8480368,0.0,27.8,1028.5,0.0,-999.0,0,0.0,0.069
1969-12-31 21:21:22.368000,8482368,0.0,27.8,1027.2,0.0,-999.0,0,0.0,0.077
1969-12-31 21:21:24.368000,8484368,0.0,27.8,1028.1,0.0,-999.0,0,0.0,0.077
1969-12-31 21:21:26.368000,8486368,0.0,27.8,1028.7,0.0,-999.0,0,0.0,0.075
1969-12-31 21:21:28.368000,8488368,0.0,27.8,1028.3,0.0,-999.0,0,0.0,0.078
1969-12-31 21:21:30.368000,8490368,0.0,27.8,1028.0,0.0,-999.0,0,0.0,0.08
1969-12-31 21:21:32.368000,8492368,0.0,27.8,1029.7,0.0,-999.0,0,0.0,0.077
1969-12-31 21:21:34.368000,8494368,0.0,27.8,1028.9,0.0,-999.0,0,0.0,0.069
1969-12-31 21:21:36.368000,8496368,0.0,27.8,1029.5,0.0,-999.0,0,0.1,0.082
1969-12-31 21:21:38.368000,8498368,0.0,27.8,1028.3,0.0,-999.0,0,0.0,0.073
1969-12-31 21:21:40.368000,8500368,0.0,27.8,1028.7,0.0,-999.0,0,0.0,0.075
1969-12-31 21:21:42.368000,8502368,0.0,27.8,1028.5,0.0,-999.0,0,0.0,0.076
1969-12-31 21:21:44.368000,8504368,0.0,27.8,1028.7,0.0,-999.0,0,0.0,0.079
1969-12-31 21:21:46.368000,8506368,0.0,27.8,1027.7,0.0,-999.0,0,0.0,0.081
1969-12-31 21:21:48.368000,8508368,0.0,27.8,1027.9,0.0,-999.0,0,0.0,0.074
1969-12-31 21:21:50.368000,8510368,0.0,27.8,1028.1,0.0,-999.0,0,0.0,0.079
1969-12-31 21:21:52.368000,8512368,0.0,27.8,1029.1,0.0,-999.0,0,0.0,0.075
1969-12-31 21:21:54.368000,8514368,0.0,27.8,1028.5,0.0,-999.0,0,0.0,0.077
1969-12-31 21:21:56.368000,8516368,0.0,27.8,1027.6,0.0,-999.0,0,0.0,0.075
1969-12-31 21:21:58.368000,8518368,0.0,27.8,1027.5,0.0,-999.0,0,0.1,0.083
1969-12-31 21:22:00.368000,8520368,0.0,27.8,1028.8,0.0,-999.0,0,0.0,0.081
1969-12-31 21:22:02.368000,8522368,0.0,27.8,1028.0,0.0,-999.0,0,0.0,0.073
1969-12-31 21:22:04.368000,8524368,0.0,27.8,1028.8,0.0,-999.0,0,0.0,0.078
1969-12-31 21:22:06.368000,8526368,0.0,27.8,1029.9,0.0,-999.0,0,0.0,0.079
1969-12-31 21:22:08.368000,8528368,0.0,27.8,1028.5,0.0,-999.0,0,0.0,0.077
1969-12-31 21:22:10.368000,8530368,0.0,27.8,1028.8,0.0,-999.0,0,0.0,0.081
1969-12-31 21:22:12.368000,8532368,0.0,27.8,1027.3,0.0,-999.0,0,0.0,0.077
1969-12-31 21:22:14.368000,8534368,0.0,27.8,1027.9,0.0,-999.0,0,0.0,0.079
1969-12-31 21:22:16.368000,8536368,0.0,27.8,1028.5,0.0,-999.0,0,0.0,0.073
1969-12-31 21:22:18.368000,8538368,0.0,27.8,1028.3,0.0,-999.0,0,0.0,0.075
1969-12-31 21:22:20.368000,8540368,0.0,27.8,1028.7,0.0,-999.0,0,0.0,0.076
1969-12-31 21:22:22.368000,8542368,0.0,27.8,1027.9,0.0,-999.0,0,0.0,0.076
1969-12-31 21:22:24.368000,8544368,0.0,27.8,1028.8,0.0,-999.0,0,0.0,0.077
1969-12-31 21:22:26.368000,8546368,0.0,27.8,1029.2,0.0,-999.0,0,0.1,0.084
1969-12-31 21:22:28.368000,8548368,0.0,27.8,1028.0,0.0,-999.0,0,0.0,0.077
1969-12-31 21:22:30.368000,8550368,0.0,27.8,1029.2,0.0,-999.0,0,0.0,0.081
1969-12-31 21:22:32.368000,8552368,0.0,27.8,1028.3,0.0,-999.0,0,0.1,0.085
1969-12-31 21:22:34.368000,8554368,0.0,27.8,1027.6,0.0,-999.0,0,0.1,0.084
1969-12-31 21:22:36.368000,8556368,0.0,27.8,1027.2,0.0,-999.0,0,0.0,0.08
1969-12-31 21:22:38.368000,8558368,0.0,27.8,1027.5,0.0,-999.0,0,0.0,0.075
1969-12-31 21:22:40.368000,8560368,0.0,27.8,1028.4,0.0,-999.0,0,0.0,0.077
1969-12-31 21:22:42.368000,8562368,0.0,27.8,1028.3,0.0,-999.0,0,0.0,0.077
1969-12-31 21:22:44.369000,8564369,0.0,27.8,1027.7,0.0,-999.0,0,0.0,0.078
1969-12-31 21:22:46.368000,8566368,0.0,27.8,1027.5,0.0,-999.0,0,0.0,0.08
1969-12-31 21:22:48.368000,8568368,0.0,27.8,1027.2,0.0,-999.0,0,0.0,0.077
1969-12-31 21:22:50.368000,8570368,0.0,27.8,1029.1,0.0,-999.0,0,0.0,0.077
1969-12-31 21:22:52.368000,8572368,0.0,27.8,1028.5,0.0,-999.0,0,0.0,0.08
1969-12-31 21:22:54.368000,8574368,0.0,27.8,1027.6,0.0,-999.0,0,0.0,0.077
1969-12-31 21:22:56.368000,8576368,0.0,27.8,1028.3,0.0,-999.0,0,0.0,0.078
1969-12-31 21:22:58.368000,8578368,0.0,27.8,1027.1,0.0,-999.0,0,0.0,0.074
1969-12-31 21:23:00.368000,8580368,0.0,27.8,1027.5,0.0,-999.0,0,0.0,0.072
1969-12-31 21:23:02.368000,8582368,0.0,27.8,1027.9,0.0,-999.0,0,0.0,0.081
1969-12-31 21:23:04.368000,8584368,0.0,27.8,1028.0,0.0,-999.0,0,0.1,0.082
1969-12-31 21:23:06.368000,8586368,0.0,27.8,1027.3,0.0,-999.0,0,0.0,0.075
1969-12-31 21:23:08.368000,8588368,0.0,27.8,1027.2,0.0,-999.0,0,0.0,0.071
1969-12-31 21:23:10.368000,8590368,0.0,27.8,1028.0,0.0,-999.0,0,0.0,0.077
1969-12-31 21:23:12.368000,8592368,0.0,27.8,1028.0,0.0,-999.0,0,0.0,0.077
1969-12-31 21:23:14.368000,8594368,0.0,27.8,1029.2,0.0,-999.0,0,0.0,0.069
1969-12-31 21:23:16.368000,8596368,0.0,27.8,1028.0,0.0,-999.0,0,0.0,0.071
1969-12-31 21:23:18.368000,8598368,0.0,27.8,1028.8,0.0,-999.0,0,0.0,0.077
1969-12-31 21:23:20.368000,8600368,0.0,27.8,1028.3,0.0,-999.0,0,0.0,0.08
1969-12-31 21:23:22.368000,8602368,0.0,27.8,1027.6,0.0,-999.0,0,0.0,0.074
1969-12-31 21:23:24.368000,8604368,0.0,27.8,1027.7,0.0,-999.0,0,0.0,0.08
1969-12-31 21:23:26.368000,8606368,0.0,27.8,1027.3,0.0,-999.0,0,0.0,0.076
1969-12-31 21:23:28.368000,8608368,0.0,27.8,1027.9,0.0,-999.0,0,0.0,0.076
1969-12-31 21:23:30.368000,8610368,0.0,27.8,1027.9,0.0,-999.0,0,0.0,0.072
1969-12-31 21:23:32.368000,8612368,0.0,27.8,1027.1,0.0,-999.0,0,0.0,0.075
1969-12-31 21:23:34.368000,8614368,0.0,27.8,1027.7,0.0,-999.0,0,0.0,0.071
1969-12-31 21:23:36.368000,8616368,0.0,27.8,1027.9,0.0,-999.0,0,0.0,0.08
1969-12-31 21:23:38.368000,8618368,0.0,27.8,1027.7,0.0,-999.0,0,0.1,0.082
1969-12-31 21:23:40.368000,8620368,0.0,27.8,1028.3,0.0,-999.0,0,0.0,0.077
1969-12-31 21:23:42.368000,8622368,0.0,27.8,1027.9,0.0,-999.0,0,0.0,0.076
1969-12-31 21:23:44.368000,8624368,0.0,27.8,1027.9,0.0,-999.0,0,0.0,0.077
1969-12-31 21:23:46.368000,8626368,0.0,27.8,1027.3,0.0,-999.0,0,0.0,0.079
1969-12-31 21:23:48.368000,8628368,0.0,27.8,1027.5,0.0,-999.0,0,0.0,0.073
1969-12-31 21:23:50.368000,8630368,0.0,27.8,1027.2,0.0,-999.0,0,0.0,0.074
1969-12-31 21:23:52.368000,8632368,0.0,27.8,1027.2,0.0,-999.0,0,0.0,0.077
1969-12-31 21:23:54.368000,8634368,0.0,27.8,1027.1,0.0,-999.0,0,0.0,0.077
1969-12-31 21:23:56.368000,8636368,0.0,27.8,1027.5,0.0,-999.0,0,0.0,0.075
1969-12-31 21:23:58.368000,8638368,0.0,27.8,1027.3,0.0,-999.0,0,0.0,0.078
1969-12-31 21:24:00.368000,8640368,0.0,27.8,1027.2,0.0,-999.0,0,0.0,0.08
1969-12-31 21:24:02.368000,8642368,0.0,27.8,1027.6,0.0,-999.0,0,0.0,0.075
1969-12-31 21:24:04.368000,8644368,0.0,27.8,1027.5,0.0,-999.0,0,0.0,0.076
1969-12-31 21:24:06.368000,8646368,0.0,27.8,1027.9,0.0,-999.0,0,0.0,0.077
1969-12-31 21:24:08.368000,8648368,0.0,27.8,1029.9,0.0,-999.0,0,0.0,0.075
1969-12-31 21:24:10.368000,8650368,0.0,27.8,1028.8,0.0,-999.0,0,0.0,0.077
1969-12-31 21:24:12.368000,8652368,0.0,27.8,1029.9,0.0,-999.0,0,0.0,0.076
1969-12-31 21:24:14.368000,8654368,0.0,27.8,1029.1,0.0,-999.0,0,0.0,0.076
1969-12-31 21:24:16.368000,8656368,0.0,27.8,1029.2,0.0,-999.0,0,0.0,0.076
1969-12-31 21:24:18.368000,8658368,0.0,27.8,1029.6,0.0,-999.0,0,0.0,0.078
1969-12-31 21:24:20.368000,8660368,0.0,27.8,1027.9,0.0,-999.0,0,0.0,0.076
1969-12-31 21:24:22.368000,8662368,0.0,27.8,1028.9,0.0,-999.0,0,0.0,0.073
1969-12-31 21:24:24.368000,8664368,0.0,27.8,1027.7,0.0,-999.0,0,0.0,0.077
1969-12-31 21:24:26.368000,8666368,0.0,27.8,1028.9,0.0,-999.0,0,0.0,0.073
1969-12-31 21:24:28.368000,8668368,0.0,27.8,1028.5,0.0,-999.0,0,0.0,0.074
1969-12-31 21:24:30.368000,8670368,0.0,27.8,1027.9,0.0,-999.0,0,0.0,0.073
1969-12-31 21:24:32.368000,8672368,0.0,27.8,1028.4,0.0,-999.0,0,0.0,0.081
1969-12-31 21:24:34.368000,8674368,0.0,27.8,1027.6,0.0,-999.0,0,0.0,0.078
1969-12-31 21:24:36.368000,8676368,0.0,27.8,1027.7,0.0,-999.0,0,0.0,0.075
1969-12-31 21:24:38.368000,8678368,0.0,27.8,1027.9,0.0,-999.0,0,0.0,0.078
1969-12-31 21:24:40.368000,8680368,0.0,27.8,1028.4,0.0,-999.0,0,0.0,0.077
1969-12-31 21:24:42.369000,8682369,0.0,27.8,1029.1,0.0,-999.0,0,0.0,0.076
1969-12-31 21:24:44.368000,8684368,0.0,27.8,1029.3,0.0,-999.0,0,0.0,0.076
1969-12-31 21:24:46.368000,8686368,0.0,27.8,1028.0,0.0,-999.0,0,0.0,0.081
1969-12-31 21:24:48.368000,8688368,0.0,27.8,1028.1,0.0,-999.0,0,0.1,0.082
1969-12-31 21:24:50.368000,8690368,0.0,27.8,1027.9,0.0,-999.0,0,0.0,0.071
1969-12-31 21:24:52.368000,8692368,0.0,27.8,1027.5,0.0,-999.0,0,0.0,0.08
1969-12-31 21:24:54.368000,8694368,0.0,27.8,1030.3,0.0,-999.0,0,0.0,0.077
1969-12-31 21:24:56.368000,8696368,0.0,27.8,1029.2,0.0,-999.0,0,0.0,0.076
1969-12-31 21:24:58.368000,8698368,0.0,27.8,1027.9,0.0,-999.0,0,0.0,0.073
1969-12-31 21:25:00.368000,8700368,0.0,27.8,1027.9,0.0,-999.0,0,0.0,0.081
1969-12-31 21:25:02.368000,8702368,0.0,27.8,1028.8,0.0,-999.0,0,0.0,0.081
1969-12-31 21:25:04.368000,8704368,0.0,27.8,1028.3,0.0,-999.0,0,0.0,0.073
1969-12-31 21:25:06.368000,8706368,0.0,27.8,1028.8,0.0,-999.0,0,0.0,0.08
1969-12-31 21:25:08.368000,8708368,0.0,27.8,1029.3,0.0,-999.0,0,0.0,0.077
1969-12-31 21:25:10.368000,8710368,0.0,27.8,1028.1,0.0,-999.0,0,0.0,0.077
1969-12-31 21:25:12.368000,8712368,0.0,27.8,1028.3,0.0,-999.0,0,0.0,0.078
1969-12-31 21:25:14.368000,8714368,0.0,27.8,1029.6,0.0,-999.0,0,0.0,0.075
1969-12-31 21:25:16.368000,8716368,0.0,27.8,1027.5,0.0,-999.0,0,0.0,0.076
1969-12-31 21:25:18.368000,8718368,0.0,27.8,1027.9,0.0,-999.0,0,0.0,0.077
1969-12-31 21:25:20.368000,8720368,0.0,27.8,1028.9,0.0,-999.0,0,0.0,0.073
1969-12-31 21:25:22.368000,8722368,0.0,27.8,1028.7,0.0,-999.0,0,0.0,0.076
1969-12-31 21:25:24.368000,8724368,0.0,27.8,1027.7,0.0,-999.0,0,0.0,0.079
1969-12-31 21:25:26.368000,8726368,0.0,27.8,1027.5,0.0,-999.0,0,0.0,0.077
1969-12-31 21:25:28.368000,8728368,0.0,27.8,1028.0,0.0,-999.0,0,0.0,0.081
1969-12-31 21:25:30.368000,8730368,0.0,27.8,1028.5,0.0,-999.0,0,0.0,0.076
1969-12-31 21:25:32.368000,8732368,0.0,27.8,1028.7,0.0,-999.0,0,0.0,0.081
1969-12-31 21:25:34.368000,8734368,0.0,27.8,1028.5,0.0,-999.0,0,0.0,0.077
1969-12-31 21:25:36.368000,8736368,0.0,27.8,1029.1,0.0,-999.0,0,0.0,0.081
1969-12-31 21:25:38.368000,8738368,0.0,27.8,1028.1,0.0,-999.0,0,0.0,0.077
1969-12-31 21:25:40.368000,8740368,0.0,27.8,1027.9,0.0,-999.0,0,0.0,0.079
1969-12-31 21:25:42.368000,8742368,0.0,27.8,1028.5,0.0,-999.0,0,0.0,0.076
1969-12-31 21:25:44.368000,8744368,0.0,27.8,1028.5,0.0,-999.0,0,0.0,0.078
1969-12-31 21:25:46.368000,8746368,0.0,27.8,1028.0,0.0,-999.0,0,0.0,0.079
1969-12-31 21:25:48.368000,8748368,0.0,27.8,1027.3,0.0,-999.0,0,0.0,0.074
1969-12-31 21:25:50.368000,8750368,0.0,27.8,1028.7,0.0,-999.0,0,0.0,0.077
1969-12-31 21:25:52.368000,8752368,0.0,27.8,1027.5,0.0,-999.0,0,0.0,0.08
1969-12-31 21:25:54.368000,8754368,0.0,27.8,1028.7,0.0,-999.0,0,0.0,0.077
1969-12-31 21:25:56.368000,8756368,0.0,27.8,1028.0,0.0,-999.0,0,0.0,0.075
1969-12-31 21:25:58.368000,8758368,0.0,27.8,1028.1,0.0,-999.0,0,0.0,0.073
1969-12-31 21:26:00.368000,8760368,0.0,27.8,1028.1,0.0,-999.0,0,0.0,0.078
1969-12-31 21:26:02.368000,8762368,0.0,27.8,1028.4,0.0,-999.0,0,0.0,0.079
1969-12-31 21:26:04.368000,8764368,0.0,27.8,1028.3,0.0,-999.0,0,0.0,0.075
1969-12-31 21:26:06.368000,8766368,0.0,27.8,1027.3,0.0,-999.0,0,0.0,0.077
1969-12-31 21:26:08.368000,8768368,0.0,27.8,1027.1,0.0,-999.0,0,0.0,0.076
1969-12-31 21:26:10.368000,8770368,0.0,27.8,1026.9,0.0,-999.0,0,0.0,0.077
1969-12-31 21:26:12.368000,8772368,0.0,27.8,1027.6,0.0,-999.0,0,0.0,0.068
1969-12-31 21:26:14.368000,8774368,0.0,27.8,1027.2,0.0,-999.0,0,0.0,0.078
1969-12-31 21:26:16.368000,8776368,0.0,27.8,1026.9,0.0,-999.0,0,0.0,0.075
1969-12-31 21:26:18.368000,8778368,0.0,27.8,1027.2,0.0,-999.0,0,0.0,0.08
1969-12-31 21:26:20.368000,8780368,0.0,27.8,1027.3,0.0,-999.0,0,0.0,0.077
1969-12-31 21:26:22.368000,8782368,0.0,27.8,1027.5,0.0,-999.0,0,0.0,0.077
1969-12-31 21:26:24.368000,8784368,0.0,27.8,1027.7,0.0,-999.0,0,0.0,0.077
1969-12-31 21:26:26.368000,8786368,0.0,27.8,1027.9,0.0,-999.0,0,0.0,0.081
1969-12-31 21:26:28.368000,8788368,0.0,27.8,1027.3,0.0,-999.0,0,0.0,0.081
1969-12-31 21:26:30.368000,8790368,0.0,27.8,1027.1,0.0,-999.0,0,0.0,0.076
1969-12-31 21:26:32.368000,8792368,0.0,27.8,1027.3,0.0,-999.0,0,0.0,0.077
1969-12-31 21:26:34.368000,8794368,0.0,27.8,1027.3,0.0,-999.0,0,0.0,0.073
1969-12-31 21:26:36.368000,8796368,0.0,27.8,1027.1,0.0,-999.0,0,0.0,0.076
1969-12-31 21:26:38.368000,8798368,0.0,27.8,1027.3,0.0,-999.0,0,0.0,0.077
1969-12-31 21:26:40.368000,8800368,0.0,27.8,1027.3,0.0,-999.0,0,0.0,0.081
1969-12-31 21:26:42.368000,8802368,0.0,27.8,1027.3,0.0,-999.0,0,0.1,0.082
1969-12-31 21:26:44.368000,8804368,0.0,27.8,1027.2,0.0,-999.0,0,0.0,0.073
1969-12-31 21:26:46.368000,8806368,0.0,27.8,1027.3,0.0,-999.0,0,0.0,0.079
1969-12-31 21:26:48.368000,8808368,0.0,27.8,1027.3,0.0,-999.0,0,0.0,0.077
1969-12-31 21:26:50.368000,8810368,0.0,27.8,1027.5,0.0,-999.0,0,0.0,0.071
1969-12-31 21:26:52.458000,8812458,0.0,27.8,1027.1,0.0,-999.0,0,0.0,0.076
1969-12-31 21:26:54.368000,8814368,0.0,27.8,1027.1,0.0,-999.0,0,0.0,0.073
1969-12-31 21:26:56.368000,8816368,0.0,27.8,1027.3,0.0,-999.0,0,0.0,0.077
1969-12-31 21:26:58.368000,8818368,0.0,27.8,1027.1,0.0,-999.0,0,0.0,0.078
1969-12-31 21:27:00.368000,8820368,0.0,27.8,1027.1,0.0,-999.0,0,0.0,0.076
1969-12-31 21:27:02.368000,8822368,0.0,27.8,1027.1,0.0,-999.0,0,0.0,0.08
1969-12-31 21:27:04.368000,8824368,0.0,27.8,1027.6,0.0,-999.0,0,0.0,0.076
1969-12-31 21:27:06.368000,8826368,0.0,27.8,1027.1,0.0,-999.0,0,0.0,0.073
1969-12-31 21:27:08.368000,8828368,0.0,27.8,1027.2,0.0,-999.0,0,0.0,0.077
1969-12-31 21:27:10.368000,8830368,0.0,27.8,1027.6,0.0,-999.0,0,0.0,0.078
1969-12-31 21:27:12.368000,8832368,0.0,27.8,1027.1,0.0,-999.0,0,0.0,0.075
1969-12-31 21:27:14.368000,8834368,0.0,27.8,1027.1,0.0,-999.0,0,0.0,0.08
1969-12-31 21:27:16.368000,8836368,0.0,27.8,1027.2,0.0,-999.0,0,0.0,0.077
1969-12-31 21:27:18.368000,8838368,0.0,27.8,1027.1,0.0,-999.0,0,0.0,0.073
1969-12-31 21:27:20.378000,8840378,0.0,27.8,1027.3,0.0,-999.0,0,0.0,0.075
1969-12-31 21:27:22.378000,8842378,0.0,27.8,1027.1,0.0,-999.0,0,0.0,0.077
1969-12-31 21:27:24.368000,8844368,0.0,27.8,1027.1,0.0,-999.0,0,0.0,0.077
1969-12-31 21:27:26.368000,8846368,0.0,27.8,1027.1,0.0,-999.0,0,0.0,0.079
1969-12-31 21:27:28.368000,8848368,0.0,27.8,1027.1,0.0,-999.0,0,0.0,0.072
1969-12-31 21:27:30.378000,8850378,0.0,27.8,1027.2,0.0,-999.0,0,0.0,0.077
1969-12-31 21:27:32.378000,8852378,0.0,27.8,1027.1,0.0,-999.0,0,0.0,0.073
1969-12-31 21:27:34.378000,8854378,0.0,27.8,1027.1,0.0,-999.0,0,0.0,0.08
1969-12-31 21:27:36.368000,8856368,0.0,27.8,1027.3,0.0,-999.0,0,0.0,0.073
1969-12-31 21:27:38.378000,8858378,0.0,27.8,1027.1,0.0,-999.0,0,0.0,0.075
1969-12-31 21:27:40.378000,8860378,0.0,27.8,1027.1,0.0,-999.0,0,0.1,0.083
1969-12-31 21:27:42.378000,8862378,0.0,27.8,1027.6,0.0,-999.0,0,0.0,0.081
1969-12-31 21:27:44.378000,8864378,0.0,27.8,1027.2,0.0,-999.0,0,0.0,0.079
1969-12-31 21:27:46.378000,8866378,0.0,27.8,1027.2,0.0,-999.0,0,0.0,0.077
1969-12-31 21:27:48.378000,8868378,0.0,27.8,1027.1,0.0,-999.0,0,0.0,0.08
1969-12-31 21:27:50.378000,8870378,0.0,27.8,1027.1,0.0,-999.0,0,0.0,0.079
1969-12-31 21:27:52.378000,8872378,0.0,27.8,1027.3,0.0,-999.0,0,0.0,0.077
1969-12-31 21:27:54.378000,8874378,0.0,27.8,1027.2,0.0,-999.0,0,0.0,0.077
1969-12-31 21:27:56.378000,8876378,0.0,27.8,1027.2,0.0,-999.0,0,0.0,0.075
1969-12-31 21:27:58.378000,8878378,0.0,27.8,1027.1,0.0,-999.0,0,0.0,0.078
1969-12-31 21:28:00.378000,8880378,0.0,27.8,1027.3,0.0,-999.0,0,0.0,0.076
1969-12-31 21:28:02.378000,8882378,0.0,27.8,1027.1,0.0,-999.0,0,0.0,0.073
1969-12-31 21:28:04.378000,8884378,0.0,27.8,1027.1,0.0,-999.0,0,0.0,0.075
1969-12-31 21:28:06.378000,8886378,0.0,27.8,1027.1,0.0,-999.0,0,0.0,0.072
1969-12-31 21:28:08.378000,8888378,0.0,27.8,1027.2,0.0,-999.0,0,0.0,0.081
1969-12-31 21:28:10.378000,8890378,0.0,27.8,1027.3,0.0,-999.0,0,0.0,0.08
1969-12-31 21:28:12.378000,8892378,0.0,27.8,1027.1,0.0,-999.0,0,0.0,0.077
1969-12-31 21:28:14.378000,8894378,0.0,27.8,1027.2,0.0,-999.0,0,0.0,0.074
1969-12-31 21:28:16.378000,8896378,0.0,27.8,1027.5,0.0,-999.0,0,0.0,0.079
1969-12-31 21:28:18.378000,8898378,0.0,27.8,1027.1,0.0,-999.0,0,0.0,0.081
1969-12-31 21:28:20.378000,8900378,0.0,27.8,1027.1,0.0,-999.0,0,0.0,0.08
1969-12-31 21:28:22.378000,8902378,0.0,27.8,1027.5,0.0,-999.0,0,0.0,0.077
1969-12-31 21:28:24.378000,8904378,0.0,27.8,1027.3,0.0,-999.0,0,0.0,0.071
1969-12-31 21:28:26.378000,8906378,0.0,27.8,1027.1,0.0,-999.0,0,0.0,0.077
1969-12-31 21:28:28.378000,8908378,0.0,27.8,1027.1,0.0,-999.0,0,0.1,0.083
1969-12-31 21:28:30.378000,8910378,0.0,27.8,1027.1,0.0,-999.0,0,0.0,0.077
1969-12-31 21:28:32.378000,8912378,0.0,27.8,1027.1,0.0,-999.0,0,0.0,0.077
1969-12-31 21:28:34.378000,8914378,0.0,27.8,1027.1,0.0,-999.0,0,0.0,0.076
1969-12-31 21:28:36.378000,8916378,0.0,27.8,1027.1,0.0,-999.0,0,0.0,0.075
1969-12-31 21:28:38.378000,8918378,0.0,27.8,1027.2,0.0,-999.0,0,0.0,0.073
1969-12-31 21:28:40.378000,8920378,0.0,27.8,1027.1,0.0,-999.0,0,0.0,0.078
1969-12-31 21:28:42.378000,8922378,0.0,27.8,1027.1,0.0,-999.0,0,0.0,0.08
1969-12-31 21:28:44.378000,8924378,0.0,27.8,1027.1,0.0,-999.0,0,0.0,0.078
1969-12-31 21:28:46.378000,8926378,0.0,27.8,1027.1,0.0,-999.0,0,0.0,0.081
1969-12-31 21:28:48.378000,8928378,0.0,27.8,1026.9,0.0,-999.0,0,0.0,0.077
1969-12-31 21:28:50.378000,8930378,0.0,27.8,1027.1,0.0,-999.0,0,0.1,0.084
1969-12-31 21:28:52.378000,8932378,0.0,27.8,1026.9,0.0,-999.0,0,0.0,0.078
1969-12-31 21:28:54.378000,8934378,0.0,27.8,1027.1,0.0,-999.0,0,0.0,0.077
1969-12-31 21:28:56.378000,8936378,0.0,27.8,1027.1,0.0,-999.0,0,0.0,0.073
1969-12-31 21:28:58.378000,8938378,0.0,27.8,1027.1,0.0,-999.0,0,0.0,0.077
1969-12-31 21:29:00.378000,8940378,0.0,27.8,1027.1,0.0,-999.0,0,0.2,0.085
1969-12-31 21:29:02.378000,8942378,0.0,27.8,1027.1,0.0,-999.0,0,0.0,0.073
1969-12-31 21:29:04.378000,8944378,0.0,27.8,1027.1,0.0,-999.0,0,0.0,0.081
1969-12-31 21:29:06.378000,8946378,0.0,27.8,1027.1,0.0,-999.0,0,0.0,0.08
1969-12-31 21:29:08.378000,8948378,0.0,27.8,1027.1,0.0,-999.0,0,0.0,0.081
1969-12-31 21:29:10.378000,8950378,0.0,27.8,1027.3,0.0,-999.0,0,0.0,0.074
1969-12-31 21:29:12.378000,8952378,0.0,27.8,1026.9,0.0,-999.0,0,0.0,0.08
1969-12-31 21:29:14.378000,8954378,0.0,27.8,1026.9,0.0,-999.0,0,0.0,0.077
1969-12-31 21:29:16.378000,8956378,0.0,27.8,1026.9,0.0,-999.0,0,0.0,0.077
1969-12-31 21:29:18.378000,8958378,0.0,27.8,1027.1,0.0,-999.0,0,0.0,0.081
1969-12-31 21:29:20.378000,8960378,0.0,27.8,1026.9,0.0,-999.0,0,0.0,0.073
1969-12-31 21:29:22.378000,8962378,0.0,27.8,1026.9,0.0,-999.0,0,0.0,0.074
1969-12-31 21:29:24.378000,8964378,0.0,27.8,1026.9,0.0,-999.0,0,0.0,0.077
1969-12-31 21:29:26.378000,8966378,0.0,27.8,1027.1,0.0,-999.0,0,0.0,0.078
1969-12-31 21:29:28.378000,8968378,0.0,27.8,1027.1,0.0,-999.0,0,0.1,0.082
1969-12-31 21:29:30.378000,8970378,0.0,27.8,1027.3,0.0,-999.0,0,0.0,0.074
1969-12-31 21:29:32.378000,8972378,0.0,27.8,1027.1,0.0,-999.0,0,0.0,0.08
1969-12-31 21:29:34.378000,8974378,0.0,27.8,1027.1,0.0,-999.0,0,0.0,0.077
1969-12-31 21:29:36.378000,8976378,0.0,27.8,1027.1,0.0,-999.0,0,0.0,0.073
1969-12-31 21:29:38.378000,8978378,0.0,27.8,1027.1,0.0,-999.0,0,0.0,0.073
1969-12-31 21:29:40.378000,8980378,0.0,27.8,1027.1,0.0,-999.0,0,0.0,0.078
1969-12-31 21:29:42.378000,8982378,0.0,27.8,1027.1,0.0,-999.0,0,0.0,0.074
1969-12-31 21:29:44.378000,8984378,0.0,27.8,1027.1,0.0,-999.0,0,0.0,0.075
1969-12-31 21:29:46.378000,8986378,0.0,27.8,1026.9,0.0,-999.0,0,0.0,0.077
1969-12-31 21:29:48.378000,8988378,0.0,27.8,1026.9,0.0,-999.0,0,0.0,0.081
1969-12-31 21:29:50.378000,8990378,0.0,27.8,1027.1,0.0,-999.0,0,0.0,0.075
1969-12-31 21:29:52.378000,8992378,0.0,27.8,1027.1,0.0,-999.0,0,0.0,0.077
1969-12-31 21:29:54.378000,8994378,0.0,27.8,1026.9,0.0,-999.0,0,0.0,0.075
1969-12-31 21:29:56.378000,8996378,0.0,27.8,1027.1,0.0,-999.0,0,0.0,0.073
1969-12-31 21:29:58.378000,8998378,0.0,27.8,1027.1,0.0,-999.0,0,0.0,0.078
1969-12-31 21:30:00.378000,9000378,0.0,27.8,1027.1,0.0,-999.0,0,0.0,0.079
1969-12-31 21:30:02.378000,9002378,0.0,27.8,1027.2,0.0,-999.0,0,0.0,0.077
1969-12-31 21:30:04.378000,9004378,0.0,27.8,1027.1,0.0,-999.0,0,0.0,0.08
1969-12-31 21:30:06.378000,9006378,0.0,27.8,1026.9,0.0,-999.0,0,0.0,0.076
1969-12-31 21:30:08.378000,9008378,0.0,27.8,1027.1,0.0,-999.0,0,0.0,0.077
1969-12-31 21:30:10.378000,9010378,0.0,27.8,1027.1,0.0,-999.0,0,0.0,0.076
1969-12-31 21:30:12.378000,9012378,0.0,27.8,1027.1,0.0,-999.0,0,0.0,0.075
1969-12-31 21:30:14.378000,9014378,0.0,27.8,1026.9,0.0,-999.0,0,0.0,0.074
1969-12-31 21:30:16.378000,9016378,0.0,27.8,1027.1,0.0,-999.0,0,0.0,0.072
1969-12-31 21:30:18.378000,9018378,0.0,27.8,1027.1,0.0,-999.0,0,0.0,0.078
1969-12-31 21:30:20.378000,9020378,0.0,27.8,1027.1,0.0,-999.0,0,0.0,0.075
1969-12-31 21:30:22.378000,9022378,0.0,27.8,1027.1,0.0,-999.0,0,0.0,0.076
1969-12-31 21:30:24.378000,9024378,0.0,27.8,1027.1,0.0,-999.0,0,0.0,0.075
1969-12-31 21:30:26.378000,9026378,0.0,27.8,1026.9,0.0,-999.0,0,0.0,0.076
1969-12-31 21:30:28.378000,9028378,0.0,27.8,1026.9,0.0,-999.0,0,0.0,0.078
1969-12-31 21:30:30.378000,9030378,0.0,27.8,1026.9,0.0,-999.0,0,0.0,0.081
1969-12-31 21:30:32.378000,9032378,0.0,27.8,1026.9,0.0,-999.0,0,0.0,0.073
1969-12-31 21:30:34.378000,9034378,0.0,27.8,1027.3,0.0,-999.0,0,0.0,0.079
1969-12-31 21:30:36.378000,9036378,0.0,27.8,1027.1,0.0,-999.0,0,0.0,0.073
1969-12-31 21:30:38.378000,9038378,0.0,27.8,1027.1,0.0,-999.0,0,0.0,0.078
1969-12-31 21:30:40.378000,9040378,0.0,27.8,1027.2,0.0,-999.0,0,0.0,0.075
1969-12-31 21:30:42.378000,9042378,0.0,27.8,1027.1,0.0,-999.0,0,0.0,0.077
1969-12-31 21:30:44.378000,9044378,0.0,27.8,1027.2,0.0,-999.0,0,0.0,0.077
1969-12-31 21:30:46.378000,9046378,0.0,27.8,1027.1,0.0,-999.0,0,0.0,0.073
1969-12-31 21:30:48.378000,9048378,0.0,27.8,1027.1,0.0,-999.0,0,0.0,0.077
1969-12-31 21:30:50.378000,9050378,0.0,27.8,1027.1,0.0,-999.0,0,0.0,0.077
1969-12-31 21:30:52.378000,9052378,0.0,27.8,1027.1,0.0,-999.0,0,0.0,0.074
1969-12-31 21:30:54.378000,9054378,0.0,27.8,1027.1,0.0,-999.0,0,0.0,0.073
1969-12-31 21:30:56.378000,9056378,0.0,27.8,1027.1,0.0,-999.0,0,0.0,0.077
1969-12-31 21:30:58.378000,9058378,0.0,27.8,1027.2,0.0,-999.0,0,0.0,0.075
1969-12-31 21:31:00.378000,9060378,0.0,27.8,1027.1,0.0,-999.0,0,0.0,0.074
1969-12-31 21:31:02.378000,9062378,0.0,27.8,1027.1,0.0,-999.0,0,0.0,0.077
1969-12-31 21:31:04.378000,9064378,0.0,27.8,1027.1,0.0,-999.0,0,0.0,0.076
1969-12-31 21:31:06.378000,9066378,0.0,27.8,1027.1,0.0,-999.0,0,0.0,0.076
1969-12-31 21:31:08.378000,9068378,0.0,27.8,1027.1,0.0,-999.0,0,0.0,0.078
1969-12-31 21:31:10.378000,9070378,0.0,27.8,1027.1,0.0,-999.0,0,0.0,0.077
1969-12-31 21:31:12.378000,9072378,0.0,27.8,1027.1,0.0,-999.0,0,0.0,0.077
1969-12-31 21:31:14.378000,9074378,0.0,27.8,1027.1,0.0,-999.0,0,0.0,0.081
1969-12-31 21:31:16.378000,9076378,0.0,27.8,1026.9,0.0,-999.0,0,0.0,0.077
1969-12-31 21:31:18.378000,9078378,0.0,27.8,1027.1,0.0,-999.0,0,0.0,0.075
1969-12-31 21:31:20.378000,9080378,0.0,27.8,1027.1,0.0,-999.0,0,0.0,0.077
1969-12-31 21:31:22.378000,9082378,0.0,27.8,1027.1,0.0,-999.0,0,0.0,0.075
1969-12-31 21:31:24.378000,9084378,0.0,27.8,1027.1,0.0,-999.0,0,0.0,0.077
1969-12-31 21:31:26.378000,9086378,0.0,27.8,1026.9,0.0,-999.0,0,0.0,0.074
1969-12-31 21:31:28.378000,9088378,0.0,27.8,1027.1,0.0,-999.0,0,0.0,0.071
1969-12-31 21:31:30.378000,9090378,0.0,27.8,1027.1,0.0,-999.0,0,0.0,0.073
1969-12-31 21:31:32.378000,9092378,0.0,27.8,1027.1,0.0,-999.0,0,0.0,0.078
1969-12-31 21:31:34.378000,9094378,0.0,27.8,1027.1,0.0,-999.0,0,0.0,0.073
1969-12-31 21:31:36.378000,9096378,0.0,27.8,1026.9,0.0,-999.0,0,0.0,0.079
1969-12-31 21:31:38.378000,9098378,0.0,27.8,1027.1,0.0,-999.0,0,0.0,0.077
1969-12-31 21:31:40.378000,9100378,0.0,27.8,1027.1,0.0,-999.0,0,0.0,0.073
1969-12-31 21:31:42.378000,9102378,0.0,27.8,1026.9,0.0,-999.0,0,0.0,0.073
1969-12-31 21:31:44.378000,9104378,0.0,27.8,1027.1,0.0,-999.0,0,0.0,0.077
1969-12-31 21:31:46.378000,9106378,0.0,27.8,1027.1,0.0,-999.0,0,0.0,0.077
1969-12-31 21:31:48.378000,9108378,0.0,27.8,1027.2,0.0,-999.0,0,0.0,0.075
1969-12-31 21:31:50.378000,9110378,0.0,27.8,1027.1,0.0,-999.0,0,0.0,0.073
1969-12-31 21:31:52.378000,9112378,0.0,27.8,1027.1,0.0,-999.0,0,0.0,0.078
1969-12-31 21:31:54.378000,9114378,0.0,27.8,1027.2,0.0,-999.0,0,0.0,0.075
1969-12-31 21:31:56.378000,9116378,0.0,27.8,1027.2,0.0,-999.0,0,0.0,0.075
1969-12-31 21:31:58.378000,9118378,0.0,27.8,1027.2,0.0,-999.0,0,0.0,0.078
1969-12-31 21:32:00.378000,9120378,0.0,27.8,1027.1,0.0,-999.0,0,0.0,0.081
1969-12-31 21:32:02.378000,9122378,0.0,27.8,1027.2,0.0,-999.0,0,0.0,0.077
1969-12-31 21:32:04.378000,9124378,0.0,27.8,1027.1,0.0,-999.0,0,0.0,0.079
1969-12-31 21:32:06.378000,9126378,0.0,27.8,1026.9,0.0,-999.0,0,0.0,0.078
1969-12-31 21:32:08.378000,9128378,0.0,27.8,1027.1,0.0,-999.0,0,0.0,0.078
1969-12-31 21:32:10.378000,9130378,0.0,27.8,1027.1,0.0,-999.0,0,0.0,0.075
1969-12-31 21:32:12.378000,9132378,0.0,27.8,1027.1,0.0,-999.0,0,0.0,0.077
1969-12-31 21:32:14.378000,9134378,0.0,27.8,1027.1,0.0,-999.0,0,0.0,0.081
1969-12-31 21:32:16.378000,9136378,0.0,27.8,1027.1,0.0,-999.0,0,0.0,0.076
1969-12-31 21:32:18.378000,9138378,0.0,27.8,1027.2,0.0,-999.0,0,0.0,0.074
1969-12-31 21:32:20.378000,9140378,0.0,27.8,1027.1,0.0,-999.0,0,0.0,0.079
1969-12-31 21:32:22.378000,9142378,0.0,27.8,1027.1,0.0,-999.0,0,0.0,0.073
1969-12-31 21:32:24.378000,9144378,0.0,27.8,1027.1,0.0,-999.0,0,0.0,0.079
1969-12-31 21:32:26.378000,9146378,0.0,27.8,1027.1,0.0,-999.0,0,0.0,0.078
1969-12-31 21:32:28.378000,9148378,0.0,27.8,1027.1,0.0,-999.0,0,0.0,0.08
1969-12-31 21:32:30.378000,9150378,0.0,27.8,1027.1,0.0,-999.0,0,0.0,0.077
1969-12-31 21:32:32.378000,9152378,0.0,27.8,1027.2,0.0,-999.0,0,0.0,0.073
1969-12-31 21:32:34.378000,9154378,0.0,27.8,1027.2,0.0,-999.0,0,0.0,0.081
1969-12-31 21:32:36.378000,9156378,0.0,27.8,1027.1,0.0,-999.0,0,0.1,0.083
1969-12-31 21:32:38.378000,9158378,0.0,27.8,1027.2,0.0,-999.0,0,0.0,0.08
1969-12-31 21:32:40.378000,9160378,0.0,27.8,1027.3,0.0,-999.0,0,0.0,0.075
1969-12-31 21:32:42.378000,9162378,0.0,27.8,1027.1,0.0,-999.0,0,0.0,0.081
1969-12-31 21:32:44.378000,9164378,0.0,27.8,1027.2,0.0,-999.0,0,0.0,0.076
1969-12-31 21:32:46.378000,9166378,0.0,27.8,1027.2,0.0,-999.0,0,0.0,0.075
1969-12-31 21:32:48.378000,9168378,0.0,27.8,1027.1,0.0,-999.0,0,0.0,0.074
1969-12-31 21:32:50.378000,9170378,0.0,27.8,1027.1,0.0,-999.0,0,0.0,0.072
1969-12-31 21:32:52.378000,9172378,0.0,27.8,1027.2,0.0,-999.0,0,0.0,0.076
1969-12-31 21:32:54.378000,9174378,0.0,27.8,1027.2,0.0,-999.0,0,0.0,0.08
1969-12-31 21:32:56.378000,9176378,0.0,27.8,1027.2,0.0,-999.0,0,0.0,0.077
1969-12-31 21:32:58.378000,9178378,0.0,27.8,1027.1,0.0,-999.0,0,0.0,0.08
1969-12-31 21:33:00.378000,9180378,0.0,27.8,1027.2,0.0,-999.0,0,0.0,0.075
1969-12-31 21:33:02.378000,9182378,0.0,27.8,1027.3,0.0,-999.0,0,0.0,0.08
1969-12-31 21:33:04.378000,9184378,0.0,27.8,1027.2,0.0,-999.0,0,0.0,0.077
1969-12-31 21:33:06.378000,9186378,0.0,27.8,1027.1,0.0,-999.0,0,0.0,0.077
1969-12-31 21:33:08.378000,9188378,0.0,27.8,1027.2,0.0,-999.0,0,0.0,0.081
1969-12-31 21:33:10.378000,9190378,0.0,27.8,1027.1,0.0,-999.0,0,0.0,0.077
1969-12-31 21:33:12.378000,9192378,0.0,27.8,1027.1,0.0,-999.0,0,0.0,0.071
1969-12-31 21:33:14.378000,9194378,0.0,27.8,1027.1,0.0,-999.0,0,0.0,0.077
1969-12-31 21:33:16.378000,9196378,0.0,27.8,1027.3,0.0,-999.0,0,0.0,0.073
1969-12-31 21:33:18.378000,9198378,0.0,27.8,1027.2,0.0,-999.0,0,0.0,0.077
1969-12-31 21:33:20.378000,9200378,0.0,27.8,1027.2,0.0,-999.0,0,0.0,0.077
1969-12-31 21:33:22.378000,9202378,0.0,27.8,1027.1,0.0,-999.0,0,0.0,0.077
1969-12-31 21:33:24.378000,9204378,0.0,27.8,1027.2,0.0,-999.0,0,0.0,0.077
1969-12-31 21:33:26.378000,9206378,0.0,27.8,1027.2,0.0,-999.0,0,0.0,0.073
1969-12-31 21:33:28.378000,9208378,0.0,27.8,1027.1,0.0,-999.0,0,0.0,0.074
1969-12-31 21:33:30.378000,9210378,0.0,27.8,1027.1,0.0,-999.0,0,0.0,0.079
1969-12-31 21:33:32.378000,9212378,0.0,27.8,1027.1,0.0,-999.0,0,0.0,0.073
1969-12-31 21:33:34.378000,9214378,0.0,27.8,1027.1,0.0,-999.0,0,0.0,0.076
1969-12-31 21:33:36.378000,9216378,0.0,27.8,1027.2,0.0,-999.0,0,0.0,0.076
1969-12-31 21:33:38.378000,9218378,0.0,27.8,1027.2,0.0,-999.0,0,0.0,0.073
1969-12-31 21:33:40.378000,9220378,0.0,27.8,1027.2,0.0,-999.0,0,0.0,0.081
1969-12-31 21:33:42.378000,9222378,0.0,27.8,1027.2,0.0,-999.0,0,0.0,0.077
1969-12-31 21:33:44.378000,9224378,0.0,27.8,1027.1,0.0,-999.0,0,0.0,0.077
1969-12-31 21:33:46.378000,9226378,0.0,27.8,1027.2,0.0,-999.0,0,0.0,0.072
1969-12-31 21:33:48.378000,9228378,0.0,27.8,1027.2,0.0,-999.0,0,0.2,0.087
1969-12-31 21:33:50.378000,9230378,0.0,27.8,1027.2,0.0,-999.0,0,0.0,0.077
1969-12-31 21:33:52.378000,9232378,0.0,27.8,1027.2,0.0,-999.0,0,0.0,0.078
1969-12-31 21:33:54.378000,9234378,0.0,27.8,1027.1,0.0,-999.0,0,0.0,0.081
1969-12-31 21:33:56.378000,9236378,0.0,27.8,1027.1,0.0,-999.0,0,0.0,0.073
1969-12-31 21:33:58.378000,9238378,0.0,27.8,1027.1,0.0,-999.0,0,0.0,0.077
1969-12-31 21:34:00.378000,9240378,0.0,27.8,1027.1,0.0,-999.0,0,0.0,0.073
1969-12-31 21:34:02.378000,9242378,0.0,27.8,1027.2,0.0,-999.0,0,0.0,0.077
1969-12-31 21:34:04.378000,9244378,0.0,27.8,1027.1,0.0,-999.0,0,0.0,0.073
1969-12-31 21:34:06.378000,9246378,0.0,27.8,1027.1,0.0,-999.0,0,0.0,0.076
1969-12-31 21:34:08.378000,9248378,0.0,27.8,1027.1,0.0,-999.0,0,0.0,0.079
1969-12-31 21:34:10.378000,9250378,0.0,27.8,1027.2,0.0,-999.0,0,0.0,0.081
1969-12-31 21:34:12.378000,9252378,0.0,27.8,1027.1,0.0,-999.0,0,0.0,0.07
1969-12-31 21:34:14.378000,9254378,0.0,27.8,1027.2,0.0,-999.0,0,0.0,0.078
1969-12-31 21:34:16.378000,9256378,0.0,27.8,1027.1,0.0,-999.0,0,0.0,0.075
1969-12-31 21:34:18.378000,9258378,0.0,27.8,1027.3,0.0,-999.0,0,0.0,0.078
1969-12-31 21:34:20.378000,9260378,0.0,27.8,1027.1,0.0,-999.0,0,0.0,0.077
1969-12-31 21:34:22.378000,9262378,0.0,27.8,1027.1,0.0,-999.0,0,0.0,0.069
1969-12-31 21:34:24.378000,9264378,0.0,27.8,1027.2,0.0,-999.0,0,0.0,0.081
1969-12-31 21:34:26.378000,9266378,0.0,27.8,1027.2,0.0,-999.0,0,0.0,0.073
1969-12-31 21:34:28.378000,9268378,0.0,27.8,1027.2,0.0,-999.0,0,0.0,0.074
1969-12-31 21:34:30.378000,9270378,0.0,27.8,1027.2,0.0,-999.0,0,0.0,0.076
1969-12-31 21:34:32.378000,9272378,0.0,27.8,1027.2,0.0,-999.0,0,0.0,0.079
1969-12-31 21:34:34.378000,9274378,0.0,27.8,1027.2,0.0,-999.0,0,0.0,0.08
1969-12-31 21:34:36.378000,9276378,0.0,27.8,1027.5,0.0,-999.0,0,0.0,0.08
1969-12-31 21:34:38.378000,9278378,0.0,27.8,1027.1,0.0,-999.0,0,0.0,0.073
1969-12-31 21:34:40.378000,9280378,0.0,27.8,1027.2,0.0,-999.0,0,0.0,0.073
1969-12-31 21:34:42.378000,9282378,0.0,27.8,1027.5,0.0,-999.0,0,0.0,0.077
1969-12-31 21:34:44.378000,9284378,0.0,27.8,1027.1,0.0,-999.0,0,0.0,0.074
1969-12-31 21:34:46.378000,9286378,0.0,27.8,1027.2,0.0,-999.0,0,0.0,0.074
1969-12-31 21:34:48.378000,9288378,0.0,27.8,1027.1,0.0,-999.0,0,0.0,0.074
1969-12-31 21:34:50.378000,9290378,0.0,27.8,1027.3,0.0,-999.0,0,0.0,0.077
1969-12-31 21:34:52.378000,9292378,0.0,27.8,1027.1,0.0,-999.0,0,0.0,0.074
1969-12-31 21:34:54.378000,9294378,0.0,27.8,1026.9,0.0,-999.0,0,0.0,0.077
1969-12-31 21:34:56.378000,9296378,0.0,27.8,1027.1,0.0,-999.0,0,0.0,0.074
1969-12-31 21:34:58.378000,9298378,0.0,27.8,1027.5,0.0,-999.0,0,0.0,0.075
1969-12-31 21:35:00.378000,9300378,0.0,27.8,1027.1,0.0,-999.0,0,0.0,0.079
1969-12-31 21:35:02.378000,9302378,0.0,27.8,1027.1,0.0,-999.0,0,0.0,0.079
1969-12-31 21:35:04.378000,9304378,0.0,27.8,1027.2,0.0,-999.0,0,0.0,0.079
1969-12-31 21:35:06.378000,9306378,0.0,27.8,1027.1,0.0,-999.0,0,0.0,0.08
1969-12-31 21:35:08.378000,9308378,0.0,27.8,1027.2,0.0,-999.0,0,0.0,0.079
1969-12-31 21:35:10.378000,9310378,0.0,27.8,1027.1,0.0,-999.0,0,0.0,0.077
1969-12-31 21:35:12.378000,9312378,0.0,27.8,1027.1,0.0,-999.0,0,0.0,0.073
1969-12-31 21:35:14.378000,9314378,0.0,27.8,1027.2,0.0,-999.0,0,0.0,0.077
1969-12-31 21:35:16.378000,9316378,0.0,27.8,1027.2,0.0,-999.0,0,0.0,0.076
1969-12-31 21:35:18.378000,9318378,0.0,27.8,1027.3,0.0,-999.0,0,0.0,0.075
1969-12-31 21:35:20.378000,9320378,0.0,27.8,1027.1,0.0,-999.0,0,0.0,0.077
1969-12-31 21:35:22.378000,9322378,0.0,27.8,1027.2,0.0,-999.0,0,0.0,0.077
1969-12-31 21:35:24.378000,9324378,0.0,27.8,1027.2,0.0,-999.0,0,0.0,0.078
1969-12-31 21:35:26.378000,9326378,0.0,27.8,1027.2,0.0,-999.0,0,0.0,0.077
1969-12-31 21:35:28.378000,9328378,0.0,27.8,1027.2,0.0,-999.0,0,0.0,0.077
1969-12-31 21:35:30.378000,9330378,0.0,27.8,1027.2,0.0,-999.0,0,0.0,0.077
1969-12-31 21:35:32.378000,9332378,0.0,27.8,1027.1,0.0,-999.0,0,0.0,0.078
1969-12-31 21:35:34.378000,9334378,0.0,27.8,1027.2,0.0,-999.0,0,0.0,0.077
1969-12-31 21:35:36.378000,9336378,0.0,27.8,1027.1,0.0,-999.0,0,0.0,0.072
1969-12-31 21:35:38.378000,9338378,0.0,27.8,1027.2,0.0,-999.0,0,0.0,0.08
1969-12-31 21:35:40.378000,9340378,0.0,27.8,1027.1,0.0,-999.0,0,0.0,0.077
1969-12-31 21:35:42.378000,9342378,0.0,27.8,1027.1,0.0,-999.0,0,0.0,0.077
1969-12-31 21:35:44.378000,9344378,0.0,27.8,1027.1,0.0,-999.0,0,0.0,0.074
1969-12-31 21:35:46.378000,9346378,0.0,27.8,1027.1,0.0,-999.0,0,0.0,0.077
1969-12-31 21:35:48.378000,9348378,0.0,27.8,1027.2,0.0,-999.0,0,0.0,0.081
1969-12-31 21:35:50.388000,9350388,0.0,27.8,1027.1,0.0,-999.0,0,0.0,0.076
1969-12-31 21:35:52.378000,9352378,0.0,27.8,1027.1,0.0,-999.0,0,0.0,0.073
1969-12-31 21:35:54.378000,9354378,0.0,27.8,1027.1,0.0,-999.0,0,0.0,0.077
1969-12-31 21:35:56.378000,9356378,0.0,27.8,1027.1,0.0,-999.0,0,0.0,0.074
1969-12-31 21:35:58.388000,9358388,0.0,27.8,1027.2,0.0,-999.0,0,0.0,0.076
1969-12-31 21:36:00.388000,9360388,0.0,27.8,1027.1,0.0,-999.0,0,0.0,0.081
1969-12-31 21:36:02.388000,9362388,0.0,27.8,1027.1,0.0,-999.0,0,0.0,0.077
1969-12-31 21:36:04.388000,9364388,0.0,27.8,1027.1,0.0,-999.0,0,0.0,0.077
1969-12-31 21:36:06.388000,9366388,0.0,27.8,1027.2,0.0,-999.0,0,0.1,0.083
1969-12-31 21:36:08.388000,9368388,0.0,27.8,1026.9,0.0,-999.0,0,0.0,0.074
1969-12-31 21:36:10.388000,9370388,0.0,27.8,1027.1,0.0,-999.0,0,0.0,0.077
1969-12-31 21:36:12.388000,9372388,0.0,27.8,1027.1,0.0,-999.0,0,0.0,0.078
1969-12-31 21:36:14.388000,9374388,0.0,27.8,1027.1,0.0,-999.0,0,0.0,0.075
1969-12-31 21:36:16.388000,9376388,0.0,27.8,1027.1,0.0,-999.0,0,0.0,0.081
1969-12-31 21:36:18.388000,9378388,0.0,27.8,1027.2,0.0,-999.0,0,0.0,0.077
1969-12-31 21:36:20.388000,9380388,0.0,27.8,1027.2,0.0,-999.0,0,0.0,0.075
1969-12-31 21:36:22.388000,9382388,0.0,27.8,1027.1,0.0,-999.0,0,0.0,0.077
1969-12-31 21:36:24.388000,9384388,0.0,27.8,1027.1,0.0,-999.0,0,0.0,0.077
1969-12-31 21:36:26.388000,9386388,0.0,27.8,1027.2,0.0,-999.0,0,0.0,0.077
1969-12-31 21:36:28.388000,9388388,0.0,27.8,1027.3,0.0,-999.0,0,0.0,0.073
1969-12-31 21:36:30.388000,9390388,0.0,27.8,1027.3,0.0,-999.0,0,0.0,0.08
1969-12-31 21:36:32.388000,9392388,0.0,27.8,1027.1,0.0,-999.0,0,0.0,0.073
1969-12-31 21:36:34.388000,9394388,0.0,27.8,1027.2,0.0,-999.0,0,0.0,0.081
1969-12-31 21:36:36.388000,9396388,0.0,27.8,1027.1,0.0,-999.0,0,0.0,0.077
1969-12-31 21:36:38.388000,9398388,0.0,27.8,1027.1,0.0,-999.0,0,0.0,0.077
1969-12-31 21:36:40.388000,9400388,0.0,27.8,1027.2,0.0,-999.0,0,0.0,0.076
1969-12-31 21:36:42.388000,9402388,0.0,27.8,1027.1,0.0,-999.0,0,0.0,0.077
1969-12-31 21:36:44.388000,9404388,0.0,27.8,1027.3,0.0,-999.0,0,0.0,0.079
1969-12-31 21:36:46.388000,9406388,0.0,27.8,1027.2,0.0,-999.0,0,0.0,0.079
1969-12-31 21:36:48.388000,9408388,0.0,27.8,1027.2,0.0,-999.0,0,0.0,0.081
1969-12-31 21:36:50.388000,9410388,0.0,27.8,1027.1,0.0,-999.0,0,0.0,0.075
1969-12-31 21:36:52.388000,9412388,0.0,27.8,1027.2,0.0,-999.0,0,0.0,0.076
1969-12-31 21:36:54.389000,9414389,0.0,27.8,1027.1,0.0,-999.0,0,0.0,0.081
1969-12-31 21:36:56.388000,9416388,0.0,27.8,1027.3,0.0,-999.0,0,0.0,0.076
1969-12-31 21:36:58.388000,9418388,0.0,27.8,1027.2,0.0,-999.0,0,0.0,0.076
1969-12-31 21:37:00.388000,9420388,0.0,27.8,1027.2,0.0,-999.0,0,0.0,0.077
1969-12-31 21:37:02.388000,9422388,0.0,27.8,1027.2,0.0,-999.0,0,0.0,0.071
1969-12-31 21:37:04.388000,9424388,0.0,27.8,1027.2,0.0,-999.0,0,0.0,0.077
1969-12-31 21:37:06.388000,9426388,0.0,27.8,1027.2,0.0,-999.0,0,0.0,0.077
1969-12-31 21:37:08.388000,9428388,0.0,27.8,1027.1,0.0,-999.0,0,0.0,0.078
1969-12-31 21:37:10.388000,9430388,0.0,27.8,1027.2,0.0,-999.0,0,0.0,0.081
1969-12-31 21:37:12.388000,9432388,0.0,27.8,1027.1,0.0,-999.0,0,0.0,0.077
1969-12-31 21:37:14.388000,9434388,0.0,27.8,1027.1,0.0,-999.0,0,0.0,0.077
1969-12-31 21:37:16.388000,9436388,0.0,27.8,1027.2,0.0,-999.0,0,0.0,0.079
1969-12-31 21:37:18.388000,9438388,0.0,27.8,1027.1,0.0,-999.0,0,0.0,0.076
1969-12-31 21:37:20.388000,9440388,0.0,27.8,1027.1,0.0,-999.0,0,0.0,0.079
1969-12-31 21:37:22.388000,9442388,0.0,27.8,1027.2,0.0,-999.0,0,0.1,0.082
1969-12-31 21:37:24.388000,9444388,0.0,27.8,1027.1,0.0,-999.0,0,0.0,0.076
1969-12-31 21:37:26.388000,9446388,0.0,27.8,1027.2,0.0,-999.0,0,0.0,0.078
1969-12-31 21:37:28.388000,9448388,0.0,27.8,1027.2,0.0,-999.0,0,0.0,0.077
1969-12-31 21:37:30.388000,9450388,0.0,27.8,1027.1,0.0,-999.0,0,0.0,0.077
1969-12-31 21:37:32.388000,9452388,0.0,27.8,1027.1,0.0,-999.0,0,0.0,0.077
1969-12-31 21:37:34.388000,9454388,0.0,27.8,1027.2,0.0,-999.0,0,0.0,0.08
1969-12-31 21:37:36.388000,9456388,0.0,27.8,1027.3,0.0,-999.0,0,0.0,0.078
1969-12-31 21:37:38.388000,9458388,0.0,27.8,1027.2,0.0,-999.0,0,0.0,0.076
1969-12-31 21:37:40.388000,9460388,0.0,27.8,1027.2,0.0,-999.0,0,0.0,0.078
1969-12-31 21:37:42.388000,9462388,0.0,27.8,1027.2,0.0,-999.0,0,0.0,0.076
1969-12-31 21:37:44.388000,9464388,0.0,27.8,1027.1,0.0,-999.0,0,0.0,0.081
1969-12-31 21:37:46.388000,9466388,0.0,27.8,1027.1,0.0,-999.0,0,0.0,0.073
1969-12-31 21:37:48.388000,9468388,0.0,27.8,1027.1,0.0,-999.0,0,0.0,0.081
1969-12-31 21:37:50.388000,9470388,0.0,27.8,1027.2,0.0,-999.0,0,0.0,0.081
1969-12-31 21:37:52.388000,9472388,0.0,27.8,1027.2,0.0,-999.0,0,0.0,0.08
1969-12-31 21:37:54.388000,9474388,0.0,27.8,1027.2,0.0,-999.0,0,0.0,0.079
1969-12-31 21:37:56.388000,9476388,0.0,27.8,1027.2,0.0,-999.0,0,0.0,0.079
1969-12-31 21:37:58.388000,9478388,0.0,27.8,1027.1,0.0,-999.0,0,0.0,0.072
1969-12-31 21:38:00.388000,9480388,0.0,27.8,1027.1,0.0,-999.0,0,0.0,0.077
1969-12-31 21:38:02.388000,9482388,0.0,27.8,1027.2,0.0,-999.0,0,0.0,0.073
1969-12-31 21:38:04.388000,9484388,0.0,27.8,1027.2,0.0,-999.0,0,0.0,0.073
1969-12-31 21:38:06.388000,9486388,0.0,27.8,1027.3,0.0,-999.0,0,0.0,0.079
1969-12-31 21:38:08.388000,9488388,0.0,27.8,1027.2,0.0,-999.0,0,0.0,0.078
1969-12-31 21:38:10.388000,9490388,0.0,27.8,1027.1,0.0,-999.0,0,0.1,0.085
1969-12-31 21:38:12.388000,9492388,0.0,27.8,1027.1,0.0,-999.0,0,0.0,0.075
1969-12-31 21:38:14.388000,9494388,0.0,27.8,1027.1,0.0,-999.0,0,0.0,0.081
1969-12-31 21:38:16.388000,9496388,0.0,27.8,1027.1,0.0,-999.0,0,0.0,0.073
1969-12-31 21:38:18.388000,9498388,0.0,27.8,1027.2,0.0,-999.0,0,0.0,0.073
1969-12-31 21:38:20.388000,9500388,0.0,27.8,1027.2,0.0,-999.0,0,0.0,0.08
1969-12-31 21:38:22.388000,9502388,0.0,27.8,1027.2,0.0,-999.0,0,0.0,0.075
1969-12-31 21:38:24.388000,9504388,0.0,27.8,1027.1,0.0,-999.0,0,0.0,0.07
1969-12-31 21:38:26.388000,9506388,0.0,27.8,1026.9,0.0,-999.0,0,0.0,0.07
1969-12-31 21:38:28.388000,9508388,0.0,27.8,1027.1,0.0,-999.0,0,0.0,0.076
1969-12-31 21:38:30.388000,9510388,0.0,27.8,1027.1,0.0,-999.0,0,0.1,0.082
1969-12-31 21:38:32.388000,9512388,0.0,27.8,1027.1,0.0,-999.0,0,0.0,0.073
1969-12-31 21:38:34.388000,9514388,0.0,27.8,1026.9,0.0,-999.0,0,0.0,0.08
1969-12-31 21:38:36.388000,9516388,0.0,27.8,1026.9,0.0,-999.0,0,0.0,0.079
1969-12-31 21:38:38.388000,9518388,0.0,27.8,1027.2,0.0,-999.0,0,0.0,0.081
1969-12-31 21:38:40.388000,9520388,0.0,27.8,1027.2,0.0,-999.0,0,0.0,0.077
1969-12-31 21:38:42.388000,9522388,0.0,27.8,1027.1,0.0,-999.0,0,0.0,0.078
1969-12-31 21:38:44.388000,9524388,0.0,27.8,1027.1,0.0,-999.0,0,0.0,0.08
1969-12-31 21:38:46.388000,9526388,0.0,27.8,1027.3,0.0,-999.0,0,0.0,0.077
1969-12-31 21:38:48.388000,9528388,0.0,27.8,1027.1,0.0,-999.0,0,0.0,0.078
1969-12-31 21:38:50.388000,9530388,0.0,27.8,1027.3,0.0,-999.0,0,0.0,0.076
1969-12-31 21:38:52.389000,9532389,0.0,27.8,1027.1,0.0,-999.0,0,0.0,0.081
1969-12-31 21:38:54.388000,9534388,0.0,27.8,1027.1,0.0,-999.0,0,0.0,0.077
1969-12-31 21:38:56.388000,9536388,0.0,27.8,1027.2,0.0,-999.0,0,0.0,0.077
1969-12-31 21:38:58.388000,9538388,0.0,27.8,1027.2,0.0,-999.0,0,0.0,0.074
1969-12-31 21:39:00.388000,9540388,0.0,27.8,1027.3,0.0,-999.0,0,0.0,0.077
1969-12-31 21:39:02.388000,9542388,0.0,27.8,1027.2,0.0,-999.0,0,0.0,0.081
1969-12-31 21:39:04.388000,9544388,0.0,27.8,1027.1,0.0,-999.0,0,0.0,0.077
1969-12-31 21:39:06.388000,9546388,0.0,27.8,1027.2,0.0,-999.0,0,0.0,0.074
1969-12-31 21:39:08.388000,9548388,0.0,27.8,1027.2,0.0,-999.0,0,0.0,0.076
1969-12-31 21:39:10.388000,9550388,0.0,27.8,1027.1,0.0,-999.0,0,0.0,0.079
1969-12-31 21:39:12.388000,9552388,0.0,27.8,1027.2,0.0,-999.0,0,0.0,0.076
1969-12-31 21:39:14.388000,9554388,0.0,27.8,1027.2,0.0,-999.0,0,0.0,0.078
1969-12-31 21:39:16.388000,9556388,0.0,27.8,1026.9,0.0,-999.0,0,0.0,0.074
1969-12-31 21:39:18.388000,9558388,0.0,27.8,1027.5,0.0,-999.0,0,0.0,0.076
1969-12-31 21:39:20.388000,9560388,0.0,27.8,1027.1,0.0,-999.0,0,0.0,0.076
1969-12-31 21:39:22.388000,9562388,0.0,27.8,1027.1,0.0,-999.0,0,0.0,0.072
1969-12-31 21:39:24.388000,9564388,0.0,27.8,1027.1,0.0,-999.0,0,0.0,0.077
1969-12-31 21:39:26.388000,9566388,0.0,27.8,1027.3,0.0,-999.0,0,0.0,0.078
1969-12-31 21:39:28.388000,9568388,0.0,27.8,1027.2,0.0,-999.0,0,0.0,0.081
1969-12-31 21:39:30.388000,9570388,0.0,27.8,1027.2,0.0,-999.0,0,0.0,0.076
1969-12-31 21:39:32.388000,9572388,0.0,27.8,1027.1,0.0,-999.0,0,0.0,0.077
1969-12-31 21:39:34.388000,9574388,0.0,27.8,1027.2,0.0,-999.0,0,0.0,0.077
1969-12-31 21:39:36.388000,9576388,0.0,27.8,1027.2,0.0,-999.0,0,0.0,0.081
1969-12-31 21:39:38.388000,9578388,0.0,27.8,1027.2,0.0,-999.0,0,0.0,0.075
1969-12-31 21:39:40.388000,9580388,0.0,27.8,1027.3,0.0,-999.0,0,0.0,0.077
1969-12-31 21:39:42.388000,9582388,0.0,27.8,1027.2,0.0,-999.0,0,0.0,0.075
1969-12-31 21:39:44.388000,9584388,0.0,27.8,1027.2,0.0,-999.0,0,0.0,0.079
1969-12-31 21:39:46.388000,9586388,0.0,27.8,1027.1,0.0,-999.0,0,0.0,0.07
1969-12-31 21:39:48.388000,9588388,0.0,27.8,1027.2,0.0,-999.0,0,0.0,0.075
1969-12-31 21:39:50.388000,9590388,0.0,27.8,1027.2,0.0,-999.0,0,0.0,0.077
1969-12-31 21:39:52.388000,9592388,0.0,27.8,1027.2,0.0,-999.0,0,0.0,0.079
1969-12-31 21:39:54.388000,9594388,0.0,27.8,1027.1,0.0,-999.0,0,0.0,0.075
1969-12-31 21:39:56.388000,9596388,0.0,27.8,1027.1,0.0,-999.0,0,0.0,0.069
1969-12-31 21:39:58.388000,9598388,0.0,27.8,1027.3,0.0,-999.0,0,0.0,0.077
1969-12-31 21:40:00.388000,9600388,0.0,27.8,1027.1,0.0,-999.0,0,0.0,0.079
1969-12-31 21:40:02.389000,9602389,0.0,27.8,1027.1,0.0,-999.0,0,0.0,0.069
1969-12-31 21:40:04.388000,9604388,0.0,27.8,1027.5,0.0,-999.0,0,0.0,0.077
1969-12-31 21:40:06.388000,9606388,0.0,27.8,1027.1,0.0,-999.0,0,0.0,0.081
1969-12-31 21:40:08.388000,9608388,0.0,27.8,1027.3,0.0,-999.0,0,0.0,0.075
1969-12-31 21:40:10.388000,9610388,0.0,27.8,1027.1,0.0,-999.0,0,0.0,0.077
1969-12-31 21:40:12.388000,9612388,0.0,27.8,1027.2,0.0,-999.0,0,0.0,0.079
1969-12-31 21:40:14.388000,9614388,0.0,27.8,1027.2,0.0,-999.0,0,0.0,0.072
1969-12-31 21:40:16.388000,9616388,0.0,27.8,1026.9,0.0,-999.0,0,0.1,0.082
1969-12-31 21:40:18.388000,9618388,0.0,27.8,1027.1,0.0,-999.0,0,0.0,0.077
1969-12-31 21:40:20.388000,9620388,0.0,27.8,1027.2,0.0,-999.0,0,0.0,0.073
1969-12-31 21:40:22.388000,9622388,0.0,27.8,1027.1,0.0,-999.0,0,0.0,0.073
1969-12-31 21:40:24.388000,9624388,0.0,27.8,1027.1,0.0,-999.0,0,0.1,0.082
1969-12-31 21:40:26.388000,9626388,0.0,27.8,1027.1,0.0,-999.0,0,0.0,0.076
1969-12-31 21:40:28.388000,9628388,0.0,27.8,1027.1,0.0,-999.0,0,0.0,0.078
1969-12-31 21:40:30.388000,9630388,0.0,27.8,1027.2,0.0,-999.0,0,0.0,0.075
1969-12-31 21:40:32.388000,9632388,0.0,27.8,1027.1,0.0,-999.0,0,0.0,0.078
1969-12-31 21:40:34.388000,9634388,0.0,27.8,1027.2,0.0,-999.0,0,0.0,0.077
1969-12-31 21:40:36.388000,9636388,0.0,27.8,1027.2,0.0,-999.0,0,0.0,0.074
1969-12-31 21:40:38.388000,9638388,0.0,27.8,1027.1,0.0,-999.0,0,0.0,0.077
1969-12-31 21:40:40.388000,9640388,0.0,27.8,1027.1,0.0,-999.0,0,0.0,0.078
1969-12-31 21:40:42.388000,9642388,0.0,27.8,1027.1,0.0,-999.0,0,0.0,0.076
1969-12-31 21:40:44.388000,9644388,0.0,27.8,1027.1,0.0,-999.0,0,0.0,0.076
1969-12-31 21:40:46.388000,9646388,0.0,27.8,1027.3,0.0,-999.0,0,0.1,0.084
1969-12-31 21:40:48.388000,9648388,0.0,27.8,1027.1,0.0,-999.0,0,0.0,0.078
1969-12-31 21:40:50.388000,9650388,0.0,27.8,1027.2,0.0,-999.0,0,0.0,0.075
1969-12-31 21:40:52.388000,9652388,0.0,27.8,1027.2,0.0,-999.0,0,0.0,0.077
1969-12-31 21:40:54.388000,9654388,0.0,27.8,1027.1,0.0,-999.0,0,0.0,0.075
1969-12-31 21:40:56.388000,9656388,0.0,27.8,1027.1,0.0,-999.0,0,0.0,0.077
1969-12-31 21:40:58.388000,9658388,0.0,27.8,1027.1,0.0,-999.0,0,0.0,0.077
1969-12-31 21:41:00.388000,9660388,0.0,27.8,1027.2,0.0,-999.0,0,0.0,0.072
1969-12-31 21:41:02.388000,9662388,0.0,27.8,1027.1,0.0,-999.0,0,0.0,0.073
1969-12-31 21:41:04.388000,9664388,0.0,27.8,1026.9,0.0,-999.0,0,0.0,0.076
1969-12-31 21:41:06.388000,9666388,0.0,27.8,1027.2,0.0,-999.0,0,0.0,0.076
1969-12-31 21:41:08.388000,9668388,0.0,27.8,1027.1,0.0,-999.0,0,0.0,0.08
1969-12-31 21:41:10.388000,9670388,0.0,27.8,1027.1,0.0,-999.0,0,0.0,0.076
1969-12-31 21:41:12.388000,9672388,0.0,27.8,1027.1,0.0,-999.0,0,0.0,0.079
1969-12-31 21:41:14.388000,9674388,0.0,27.8,1027.1,0.0,-999.0,0,0.0,0.081
1969-12-31 21:41:16.388000,9676388,0.0,27.8,1027.1,0.0,-999.0,0,0.0,0.075
1969-12-31 21:41:18.388000,9678388,0.0,27.8,1027.1,0.0,-999.0,0,0.0,0.078
1969-12-31 21:41:20.388000,9680388,0.0,27.8,1027.1,0.0,-999.0,0,0.0,0.075
1969-12-31 21:41:22.388000,9682388,0.0,27.8,1027.2,0.0,-999.0,0,0.0,0.072
1969-12-31 21:41:24.388000,9684388,0.0,27.8,1027.1,0.0,-999.0,0,0.0,0.076
1969-12-31 21:41:26.388000,9686388,0.0,27.8,1027.1,0.0,-999.0,0,0.0,0.081
1969-12-31 21:41:28.388000,9688388,0.0,27.8,1027.1,0.0,-999.0,0,0.0,0.08
1969-12-31 21:41:30.388000,9690388,0.0,27.8,1026.9,0.0,-999.0,0,0.0,0.076
1969-12-31 21:41:32.388000,9692388,0.0,27.8,1027.2,0.0,-999.0,0,0.0,0.073
1969-12-31 21:41:34.388000,9694388,0.0,27.8,1027.2,0.0,-999.0,0,0.0,0.075
1969-12-31 21:41:36.388000,9696388,0.0,27.8,1027.1,0.0,-999.0,0,0.0,0.077
1969-12-31 21:41:38.388000,9698388,0.0,27.8,1027.1,0.0,-999.0,0,0.0,0.077
1969-12-31 21:41:40.388000,9700388,0.0,27.8,1027.1,0.0,-999.0,0,0.0,0.075
1969-12-31 21:41:42.388000,9702388,0.0,27.8,1027.1,0.0,-999.0,0,0.0,0.078
1969-12-31 21:41:44.388000,9704388,0.0,27.8,1027.1,0.0,-999.0,0,0.0,0.077
1969-12-31 21:41:46.388000,9706388,0.0,27.8,1027.1,0.0,-999.0,0,0.0,0.071
1969-12-31 21:41:48.388000,9708388,0.0,27.8,1027.2,0.0,-999.0,0,0.0,0.078
1969-12-31 21:41:50.388000,9710388,0.0,27.8,1027.1,0.0,-999.0,0,0.0,0.075
1969-12-31 21:41:52.388000,9712388,0.0,27.8,1027.1,0.0,-999.0,0,0.0,0.073
1969-12-31 21:41:54.388000,9714388,0.0,27.8,1027.1,0.0,-999.0,0,0.0,0.073
1969-12-31 21:41:56.388000,9716388,0.0,27.8,1027.1,0.0,-999.0,0,0.0,0.078
1969-12-31 21:41:58.388000,9718388,0.0,27.8,1027.2,0.0,-999.0,0,0.0,0.079
1969-12-31 21:42:00.388000,9720388,0.0,27.8,1027.1,0.0,-999.0,0,0.0,0.077
1969-12-31 21:42:02.388000,9722388,0.0,27.8,1027.1,0.0,-999.0,0,0.0,0.076
1969-12-31 21:42:04.388000,9724388,0.0,27.8,1027.1,0.0,-999.0,0,0.0,0.074
1969-12-31 21:42:06.388000,9726388,0.0,27.8,1027.1,0.0,-999.0,0,0.0,0.08
1969-12-31 21:42:08.388000,9728388,0.0,27.8,1027.1,0.0,-999.0,0,0.0,0.073
1969-12-31 21:42:10.388000,9730388,0.0,27.8,1027.1,0.0,-999.0,0,0.0,0.078
1969-12-31 21:42:12.388000,9732388,0.0,27.8,1027.2,0.0,-999.0,0,0.0,0.077
1969-12-31 21:42:14.388000,9734388,0.0,27.8,1027.1,0.0,-999.0,0,0.0,0.076
1969-12-31 21:42:16.388000,9736388,0.0,27.8,1027.2,0.0,-999.0,0,0.0,0.078
1969-12-31 21:42:18.388000,9738388,0.0,27.8,1027.2,0.0,-999.0,0,0.0,0.075
1969-12-31 21:42:20.388000,9740388,0.0,27.8,1027.1,0.0,-999.0,0,0.0,0.078
1969-12-31 21:42:22.388000,9742388,0.0,27.8,1027.1,0.0,-999.0,0,0.0,0.074
1969-12-31 21:42:24.388000,9744388,0.0,27.8,1027.1,0.0,-999.0,0,0.0,0.073
1969-12-31 21:42:26.388000,9746388,0.0,27.8,1027.1,0.0,-999.0,0,0.0,0.079
1969-12-31 21:42:28.388000,9748388,0.0,27.8,1027.1,0.0,-999.0,0,0.0,0.073
1969-12-31 21:42:30.388000,9750388,0.0,27.8,1027.1,0.0,-999.0,0,0.0,0.076
1969-12-31 21:42:32.388000,9752388,0.0,27.8,1027.1,0.0,-999.0,0,0.0,0.078
1969-12-31 21:42:34.388000,9754388,0.0,27.8,1026.9,0.0,-999.0,0,0.0,0.08
1969-12-31 21:42:36.388000,9756388,0.0,27.8,1027.1,0.0,-999.0,0,0.0,0.079
1969-12-31 21:42:38.388000,9758388,0.0,27.8,1027.2,0.0,-999.0,0,0.0,0.077
1969-12-31 21:42:40.388000,9760388,0.0,27.8,1027.1,0.0,-999.0,0,0.0,0.077
1969-12-31 21:42:42.388000,9762388,0.0,27.8,1027.5,0.0,-999.0,0,0.0,0.076
1969-12-31 21:42:44.388000,9764388,0.0,27.8,1027.1,0.0,-999.0,0,0.0,0.074
1969-12-31 21:42:46.388000,9766388,0.0,27.8,1027.2,0.0,-999.0,0,0.0,0.081
1969-12-31 21:42:48.388000,9768388,0.0,27.8,1027.1,0.0,-999.0,0,0.0,0.08
1969-12-31 21:42:50.388000,9770388,0.0,27.8,1027.1,0.0,-999.0,0,0.0,0.075
1969-12-31 21:42:52.388000,9772388,0.0,27.8,1027.1,0.0,-999.0,0,0.0,0.075
1969-12-31 21:42:54.388000,9774388,0.0,27.8,1027.1,0.0,-999.0,0,0.0,0.074
1969-12-31 21:42:56.388000,9776388,0.0,27.8,1027.1,0.0,-999.0,0,0.0,0.078
1969-12-31 21:42:58.388000,9778388,0.0,27.8,1027.2,0.0,-999.0,0,0.0,0.078
1969-12-31 21:43:00.388000,9780388,0.0,27.8,1027.1,0.0,-999.0,0,0.0,0.078
1969-12-31 21:43:02.388000,9782388,0.0,27.8,1027.1,0.0,-999.0,0,0.0,0.074
1969-12-31 21:43:04.388000,9784388,0.0,27.8,1027.1,0.0,-999.0,0,0.0,0.081
1969-12-31 21:43:06.388000,9786388,0.0,27.8,1027.1,0.0,-999.0,0,0.0,0.077
1969-12-31 21:43:08.388000,9788388,0.0,27.8,1027.1,0.0,-999.0,0,0.0,0.075
1969-12-31 21:43:10.388000,9790388,0.0,27.8,1027.2,0.0,-999.0,0,0.0,0.077
1969-12-31 21:43:12.388000,9792388,0.0,27.8,1027.1,0.0,-999.0,0,0.0,0.081
1969-12-31 21:43:14.388000,9794388,0.0,27.8,1027.1,0.0,-999.0,0,0.0,0.076
1969-12-31 21:43:16.388000,9796388,0.0,27.8,1027.1,0.0,-999.0,0,0.0,0.077
1969-12-31 21:43:18.388000,9798388,0.0,27.8,1027.1,0.0,-999.0,0,0.0,0.081
1969-12-31 21:43:20.388000,9800388,0.0,27.8,1027.1,0.0,-999.0,0,0.1,0.082
1969-12-31 21:43:22.388000,9802388,0.0,27.8,1026.9,0.0,-999.0,0,0.0,0.077
1969-12-31 21:43:24.388000,9804388,0.0,27.8,1027.2,0.0,-999.0,0,0.0,0.077
1969-12-31 21:43:26.388000,9806388,0.0,27.8,1027.1,0.0,-999.0,0,0.0,0.079
1969-12-31 21:43:28.388000,9808388,0.0,27.8,1027.1,0.0,-999.0,0,0.0,0.076
1969-12-31 21:43:30.388000,9810388,0.0,27.8,1027.2,0.0,-999.0,0,0.0,0.077
1969-12-31 21:43:32.388000,9812388,0.0,27.8,1027.1,0.0,-999.0,0,0.0,0.077
1969-12-31 21:43:34.388000,9814388,0.0,27.8,1027.1,0.0,-999.0,0,0.0,0.081
1969-12-31 21:43:36.388000,9816388,0.0,27.8,1027.1,0.0,-999.0,0,0.0,0.076
1969-12-31 21:43:38.388000,9818388,0.0,27.8,1027.2,0.0,-999.0,0,0.0,0.081
1969-12-31 21:43:40.388000,9820388,0.0,27.8,1027.1,0.0,-999.0,0,0.0,0.078
1969-12-31 21:43:42.388000,9822388,0.0,27.8,1026.9,0.0,-999.0,0,0.0,0.081
1969-12-31 21:43:44.388000,9824388,0.0,27.8,1027.2,0.0,-999.0,0,0.0,0.078
1969-12-31 21:43:46.388000,9826388,0.0,27.8,1027.2,0.0,-999.0,0,0.0,0.075
1969-12-31 21:43:48.388000,9828388,0.0,27.8,1027.2,0.0,-999.0,0,0.0,0.081
1969-12-31 21:43:50.388000,9830388,0.0,27.8,1027.1,0.0,-999.0,0,0.0,0.076
1969-12-31 21:43:52.388000,9832388,0.0,27.8,1027.1,0.0,-999.0,0,0.0,0.075
1969-12-31 21:43:54.388000,9834388,0.0,27.8,1026.9,0.0,-999.0,0,0.0,0.073
1969-12-31 21:43:56.388000,9836388,0.0,27.8,1027.2,0.0,-999.0,0,0.0,0.074
1969-12-31 21:43:58.388000,9838388,0.0,27.8,1027.2,0.0,-999.0,0,0.0,0.072
1969-12-31 21:44:00.388000,9840388,0.0,27.8,1027.1,0.0,-999.0,0,0.0,0.074
1969-12-31 21:44:02.388000,9842388,0.0,27.8,1027.1,0.0,-999.0,0,0.0,0.078
1969-12-31 21:44:04.388000,9844388,0.0,27.8,1027.2,0.0,-999.0,0,0.0,0.077
1969-12-31 21:44:06.388000,9846388,0.0,27.8,1027.2,0.0,-999.0,0,0.0,0.074
1969-12-31 21:44:08.388000,9848388,0.0,27.8,1027.2,0.0,-999.0,0,0.0,0.072
1969-12-31 21:44:10.388000,9850388,0.0,27.8,1027.1,0.0,-999.0,0,0.0,0.075
1969-12-31 21:44:12.388000,9852388,0.0,27.8,1027.1,0.0,-999.0,0,0.0,0.081
1969-12-31 21:44:14.388000,9854388,0.0,27.8,1027.3,0.0,-999.0,0,0.0,0.075
1969-12-31 21:44:16.388000,9856388,0.0,27.8,1027.1,0.0,-999.0,0,0.0,0.079
1969-12-31 21:44:18.388000,9858388,0.0,27.8,1027.2,0.0,-999.0,0,0.0,0.079
1969-12-31 21:44:20.398000,9860398,0.0,27.8,1027.3,0.0,-999.0,0,0.0,0.079
1969-12-31 21:44:22.398000,9862398,0.0,27.8,1027.2,0.0,-999.0,0,0.0,0.08
1969-12-31 21:44:24.388000,9864388,0.0,27.8,1027.1,0.0,-999.0,0,0.0,0.081
1969-12-31 21:44:26.388000,9866388,0.0,27.8,1027.2,0.0,-999.0,0,0.0,0.08
1969-12-31 21:44:28.398000,9868398,0.0,27.8,1027.2,0.0,-999.0,0,0.0,0.077
1969-12-31 21:44:30.398000,9870398,0.0,27.8,1026.9,0.0,-999.0,0,0.0,0.076
1969-12-31 21:44:32.398000,9872398,0.0,27.8,1027.2,0.0,-999.0,0,0.0,0.073
1969-12-31 21:44:34.398000,9874398,0.0,27.8,1027.1,0.0,-999.0,0,0.0,0.081
1969-12-31 21:44:36.398000,9876398,0.0,27.8,1027.2,0.0,-999.0,0,0.0,0.073
1969-12-31 21:44:38.398000,9878398,0.0,27.8,1027.1,0.0,-999.0,0,0.0,0.074
1969-12-31 21:44:40.398000,9880398,0.0,27.8,1027.2,0.0,-999.0,0,0.1,0.082
1969-12-31 21:44:42.398000,9882398,0.0,27.8,1027.1,0.0,-999.0,0,0.0,0.076
1969-12-31 21:44:44.398000,9884398,0.0,27.8,1027.1,0.0,-999.0,0,0.0,0.073
1969-12-31 21:44:46.398000,9886398,0.0,27.8,1027.3,0.0,-999.0,0,0.0,0.077
1969-12-31 21:44:48.398000,9888398,0.0,27.8,1027.1,0.0,-999.0,0,0.1,0.082
1969-12-31 21:44:50.398000,9890398,0.0,27.8,1027.1,0.0,-999.0,0,0.0,0.078
1969-12-31 21:44:52.398000,9892398,0.0,27.8,1026.9,0.0,-999.0,0,0.0,0.075
1969-12-31 21:44:54.398000,9894398,0.0,27.8,1026.9,0.0,-999.0,0,0.0,0.08
1969-12-31 21:44:56.398000,9896398,0.0,27.8,1027.1,0.0,-999.0,0,0.0,0.075
1969-12-31 21:44:58.398000,9898398,0.0,27.8,1027.2,0.0,-999.0,0,0.0,0.077
1969-12-31 21:45:00.398000,9900398,0.0,27.8,1027.1,0.0,-999.0,0,0.0,0.073
1969-12-31 21:45:02.398000,9902398,0.0,27.8,1026.9,0.0,-999.0,0,0.0,0.077
1969-12-31 21:45:04.398000,9904398,0.0,27.8,1027.1,0.0,-999.0,0,0.0,0.073
1969-12-31 21:45:06.398000,9906398,0.0,27.8,1027.1,0.0,-999.0,0,0.0,0.076
1969-12-31 21:45:08.398000,9908398,0.0,27.8,1027.1,0.0,-999.0,0,0.0,0.077
1969-12-31 21:45:10.398000,9910398,0.0,27.8,1027.1,0.0,-999.0,0,0.0,0.075
1969-12-31 21:45:12.398000,9912398,0.0,27.8,1027.2,0.0,-999.0,0,0.0,0.075
1969-12-31 21:45:14.398000,9914398,0.0,27.8,1027.1,0.0,-999.0,0,0.0,0.075
1969-12-31 21:45:16.398000,9916398,0.0,27.7,1027.1,0.0,-999.0,0,0.0,0.078
1969-12-31 21:45:18.398000,9918398,0.0,27.8,1027.1,0.0,-999.0,0,0.0,0.081
1969-12-31 21:45:20.398000,9920398,0.0,27.8,1027.2,0.0,-999.0,0,0.0,0.079
1969-12-31 21:45:22.398000,9922398,0.0,27.8,1027.2,0.0,-999.0,0,0.0,0.07
1969-12-31 21:45:24.398000,9924398,0.0,27.8,1027.2,0.0,-999.0,0,0.0,0.079
1969-12-31 21:45:26.398000,9926398,0.0,27.8,1027.2,0.0,-999.0,0,0.0,0.078
1969-12-31 21:45:28.398000,9928398,0.0,27.8,1027.2,0.0,-999.0,0,0.0,0.073
1969-12-31 21:45:30.398000,9930398,0.0,27.8,1027.1,0.0,-999.0,0,0.0,0.08
1969-12-31 21:45:32.398000,9932398,0.0,27.8,1027.1,0.0,-999.0,0,0.0,0.073
1969-12-31 21:45:34.398000,9934398,0.0,27.8,1027.1,0.0,-999.0,0,0.0,0.076
1969-12-31 21:45:36.398000,9936398,0.0,27.8,1027.2,0.0,-999.0,0,0.0,0.077
1969-12-31 21:45:38.398000,9938398,0.0,27.8,1027.2,0.0,-999.0,0,0.0,0.073
1969-12-31 21:45:40.398000,9940398,0.0,27.8,1027.1,0.0,-999.0,0,0.0,0.077
1969-12-31 21:45:42.398000,9942398,0.0,27.8,1027.1,0.0,-999.0,0,0.0,0.073
1969-12-31 21:45:44.398000,9944398,0.0,27.8,1027.2,0.0,-999.0,0,0.0,0.075
1969-12-31 21:45:46.398000,9946398,0.0,27.8,1027.1,0.0,-999.0,0,0.0,0.077
1969-12-31 21:45:48.398000,9948398,0.0,27.8,1027.1,0.0,-999.0,0,0.0,0.08
1969-12-31 21:45:50.398000,9950398,0.0,27.8,1027.1,0.0,-999.0,0,0.0,0.077
1969-12-31 21:45:52.398000,9952398,0.0,27.8,1027.2,0.0,-999.0,0,0.0,0.073
1969-12-31 21:45:54.398000,9954398,0.0,27.8,1027.1,0.0,-999.0,0,0.0,0.076
1969-12-31 21:45:56.398000,9956398,0.0,27.8,1027.3,0.0,-999.0,0,0.0,0.075
1969-12-31 21:45:58.398000,9958398,0.0,27.8,1027.1,0.0,-999.0,0,0.1,0.085
1969-12-31 21:46:00.398000,9960398,0.0,27.8,1027.1,0.0,-999.0,0,0.0,0.074
1969-12-31 21:46:02.398000,9962398,0.0,27.8,1027.1,0.0,-999.0,0,0.0,0.077
1969-12-31 21:46:04.398000,9964398,0.0,27.8,1027.1,0.0,-999.0,0,0.0,0.078
1969-12-31 21:46:06.398000,9966398,0.0,27.8,1027.2,0.0,-999.0,0,0.0,0.08
1969-12-31 21:46:08.398000,9968398,0.0,27.8,1027.2,0.0,-999.0,0,0.0,0.073
1969-12-31 21:46:10.398000,9970398,0.0,27.8,1027.2,0.0,-999.0,0,0.0,0.077
1969-12-31 21:46:12.398000,9972398,0.0,27.8,1027.2,0.0,-999.0,0,0.0,0.077
1969-12-31 21:46:14.398000,9974398,0.0,27.8,1027.1,0.0,-999.0,0,0.0,0.068
1969-12-31 21:46:16.398000,9976398,0.0,27.8,1027.1,0.0,-999.0,0,0.0,0.074
1969-12-31 21:46:18.398000,9978398,0.0,27.8,1027.1,0.0,-999.0,0,0.0,0.075
1969-12-31 21:46:20.398000,9980398,0.0,27.8,1026.9,0.0,-999.0,0,0.0,0.076
1969-12-31 21:46:22.398000,9982398,0.0,27.8,1027.1,0.0,-999.0,0,0.0,0.081
1969-12-31 21:46:24.398000,9984398,0.0,27.8,1027.1,0.0,-999.0,0,0.0,0.076
1969-12-31 21:46:26.398000,9986398,0.0,27.8,1026.9,0.0,-999.0,0,0.0,0.078
1969-12-31 21:46:28.398000,9988398,0.0,27.8,1027.2,0.0,-999.0,0,0.0,0.077
1969-12-31 21:46:30.398000,9990398,0.0,27.8,1027.1,0.0,-999.0,0,0.0,0.073
1969-12-31 21:46:32.398000,9992398,0.0,27.8,1027.1,0.0,-999.0,0,0.1,0.082
1969-12-31 21:46:34.398000,9994398,0.0,27.8,1027.1,0.0,-999.0,0,0.0,0.068
1969-12-31 21:46:36.398000,9996398,0.0,27.8,1027.2,0.0,-999.0,0,0.0,0.077
1969-12-31 21:46:38.398000,9998398,0.0,27.8,1027.2,0.0,-999.0,0,0.0,0.073
1969-12-31 21:46:40.398000,10000398,0.0,27.8,1027.1,0.0,-999.0,0,0.0,0.076
1969-12-31 21:46:42.398000,10002398,0.0,27.8,1027.1,0.0,-999.0,0,0.0,0.081
1969-12-31 21:46:44.398000,10004398,0.0,27.8,1027.2,0.0,-999.0,0,0.0,0.077
1969-12-31 21:46:46.398000,10006398,0.0,27.8,1027.2,0.0,-999.0,0,0.0,0.075
1969-12-31 21:46:48.398000,10008398,0.0,27.8,1027.1,0.0,-999.0,0,0.0,0.075
1969-12-31 21:46:50.398000,10010398,0.0,27.8,1027.1,0.0,-999.0,0,0.0,0.077
1969-12-31 21:46:52.398000,10012398,0.0,27.8,1027.1,0.0,-999.0,0,0.0,0.072
1969-12-31 21:46:54.398000,10014398,0.0,27.8,1027.2,0.0,-999.0,0,0.0,0.077
1969-12-31 21:46:56.398000,10016398,0.0,27.8,1027.2,0.0,-999.0,0,0.0,0.072
1969-12-31 21:46:58.398000,10018398,0.0,27.8,1027.1,0.0,-999.0,0,0.0,0.078
1969-12-31 21:47:00.398000,10020398,0.0,27.8,1027.3,0.0,-999.0,0,0.0,0.07
1969-12-31 21:47:02.398000,10022398,0.0,27.8,1027.1,0.0,-999.0,0,0.0,0.08
1969-12-31 21:47:04.398000,10024398,0.0,27.8,1027.1,0.0,-999.0,0,0.0,0.076
1969-12-31 21:47:06.398000,10026398,0.0,27.8,1027.2,0.0,-999.0,0,0.0,0.079
1969-12-31 21:47:08.398000,10028398,0.0,27.8,1027.3,0.0,-999.0,0,0.0,0.077
1969-12-31 21:47:10.398000,10030398,0.0,27.8,1027.2,0.0,-999.0,0,0.0,0.075
1969-12-31 21:47:12.398000,10032398,0.0,27.8,1027.1,0.0,-999.0,0,0.0,0.077
1969-12-31 21:47:14.398000,10034398,0.0,27.7,1027.1,0.0,-999.0,0,0.0,0.077
1969-12-31 21:47:16.398000,10036398,0.0,27.8,1027.2,0.0,-999.0,0,0.0,0.073
1969-12-31 21:47:18.398000,10038398,0.0,27.8,1027.2,0.0,-999.0,0,0.0,0.077
1969-12-31 21:47:20.398000,10040398,0.0,27.7,1027.1,0.0,-999.0,0,0.0,0.077
1969-12-31 21:47:22.398000,10042398,0.0,27.8,1027.2,0.0,-999.0,0,0.0,0.078
1969-12-31 21:47:24.398000,10044398,0.0,27.8,1027.1,0.0,-999.0,0,0.0,0.078
1969-12-31 21:47:26.398000,10046398,0.0,27.8,1027.2,0.0,-999.0,0,0.0,0.077
1969-12-31 21:47:28.398000,10048398,0.0,27.8,1027.1,0.0,-999.0,0,0.0,0.078
1969-12-31 21:47:30.398000,10050398,0.0,27.8,1027.1,0.0,-999.0,0,0.0,0.079
1969-12-31 21:47:32.398000,10052398,0.0,27.8,1027.2,0.0,-999.0,0,0.0,0.073
1969-12-31 21:47:34.398000,10054398,0.0,27.8,1027.3,0.0,-999.0,0,0.0,0.078
1969-12-31 21:47:36.398000,10056398,0.0,27.8,1027.2,0.0,-999.0,0,0.0,0.073
1969-12-31 21:47:38.399000,10058399,0.0,27.8,1027.1,0.0,-999.0,0,0.0,0.077
1969-12-31 21:47:40.398000,10060398,0.0,27.8,1027.1,0.0,-999.0,0,0.0,0.077
1969-12-31 21:47:42.398000,10062398,0.0,27.8,1027.2,0.0,-999.0,0,0.0,0.075
1969-12-31 21:47:44.398000,10064398,0.0,27.8,1027.2,0.0,-999.0,0,0.0,0.072
1969-12-31 21:47:46.398000,10066398,0.0,27.8,1027.2,0.0,-999.0,0,0.0,0.077
1969-12-31 21:47:48.398000,10068398,0.0,27.8,1027.2,0.0,-999.0,0,0.0,0.069
1969-12-31 21:47:50.398000,10070398,0.0,27.8,1027.1,0.0,-999.0,0,0.0,0.077
1969-12-31 21:47:52.398000,10072398,0.0,27.8,1027.2,0.0,-999.0,0,0.0,0.073
1969-12-31 21:47:54.398000,10074398,0.0,27.8,1027.2,0.0,-999.0,0,0.0,0.076
1969-12-31 21:47:56.398000,10076398,0.0,27.8,1027.2,0.0,-999.0,0,0.0,0.076
1969-12-31 21:47:58.398000,10078398,0.0,27.8,1027.1,0.0,-999.0,0,0.0,0.077
1969-12-31 21:48:00.398000,10080398,0.0,27.8,1027.2,0.0,-999.0,0,0.0,0.079
1969-12-31 21:48:02.398000,10082398,0.0,27.8,1027.3,0.0,-999.0,0,0.0,0.08
1969-12-31 21:48:04.398000,10084398,0.0,27.8,1027.1,0.0,-999.0,0,0.0,0.078
1969-12-31 21:48:06.398000,10086398,0.0,27.8,1027.1,0.0,-999.0,0,0.0,0.077
1969-12-31 21:48:08.398000,10088398,0.0,27.8,1027.1,0.0,-999.0,0,0.0,0.078
1969-12-31 21:48:10.398000,10090398,0.0,27.8,1027.1,0.0,-999.0,0,0.0,0.075
1969-12-31 21:48:12.398000,10092398,0.0,27.7,1027.2,0.0,-999.0,0,0.0,0.074
1969-12-31 21:48:14.398000,10094398,0.0,27.8,1027.1,0.0,-999.0,0,0.1,0.084
1969-12-31 21:48:16.398000,10096398,0.0,27.8,1027.1,0.0,-999.0,0,0.0,0.076
1969-12-31 21:48:18.398000,10098398,0.0,27.8,1027.2,0.0,-999.0,0,0.0,0.077
1969-12-31 21:48:20.398000,10100398,0.0,27.8,1027.1,0.0,-999.0,0,0.0,0.077
1969-12-31 21:48:22.398000,10102398,0.0,27.8,1027.2,0.0,-999.0,0,0.0,0.077
1969-12-31 21:48:24.398000,10104398,0.0,27.8,1027.2,0.0,-999.0,0,0.0,0.079
1969-12-31 21:48:26.398000,10106398,0.0,27.7,1027.2,0.0,-999.0,0,0.0,0.074
1969-12-31 21:48:28.398000,10108398,0.0,27.7,1027.3,0.0,-999.0,0,0.0,0.077
1969-12-31 21:48:30.398000,10110398,0.0,27.7,1027.2,0.0,-999.0,0,0.0,0.073
1969-12-31 21:48:32.398000,10112398,0.0,27.7,1027.1,0.0,-999.0,0,0.0,0.077
1969-12-31 21:48:34.399000,10114399,0.0,27.8,1027.1,0.0,-999.0,0,0.0,0.077
1969-12-31 21:48:36.398000,10116398,0.0,27.8,1027.2,0.0,-999.0,0,0.0,0.077
1969-12-31 21:48:38.398000,10118398,0.0,27.8,1027.6,0.0,-999.0,0,0.0,0.079
1969-12-31 21:48:40.398000,10120398,0.0,27.8,1027.2,0.0,-999.0,0,0.0,0.075
1969-12-31 21:48:42.398000,10122398,0.0,27.8,1027.1,0.0,-999.0,0,0.0,0.078
1969-12-31 21:48:44.398000,10124398,0.0,27.8,1027.1,0.0,-999.0,0,0.0,0.078
1969-12-31 21:48:46.398000,10126398,0.0,27.8,1027.1,0.0,-999.0,0,0.0,0.077
1969-12-31 21:48:48.398000,10128398,0.0,27.8,1027.2,0.0,-999.0,0,0.0,0.072
1969-12-31 21:48:50.398000,10130398,0.0,27.8,1027.1,0.0,-999.0,0,0.0,0.081
1969-12-31 21:48:52.398000,10132398,0.0,27.8,1027.3,0.0,-999.0,0,0.0,0.07
1969-12-31 21:48:54.398000,10134398,0.0,27.8,1027.2,0.0,-999.0,0,0.0,0.072
1969-12-31 21:48:56.398000,10136398,0.0,27.8,1027.2,0.0,-999.0,0,0.0,0.078
1969-12-31 21:48:58.398000,10138398,0.0,27.8,1027.1,0.0,-999.0,0,0.0,0.074
1969-12-31 21:49:00.398000,10140398,0.0,27.8,1027.1,0.0,-999.0,0,0.0,0.078
1969-12-31 21:49:02.398000,10142398,0.0,27.8,1026.9,0.0,-999.0,0,0.0,0.081
1969-12-31 21:49:04.398000,10144398,0.0,27.7,1027.1,0.0,-999.0,0,0.0,0.073
1969-12-31 21:49:06.398000,10146398,0.0,27.8,1027.1,0.0,-999.0,0,0.0,0.078
1969-12-31 21:49:08.398000,10148398,0.0,27.8,1027.1,0.0,-999.0,0,0.0,0.081
1969-12-31 21:49:10.398000,10150398,0.0,27.8,1027.2,0.0,-999.0,0,0.0,0.077
1969-12-31 21:49:12.398000,10152398,0.0,27.7,1027.1,0.0,-999.0,0,0.0,0.076
1969-12-31 21:49:14.398000,10154398,0.0,27.7,1027.2,0.0,-999.0,0,0.0,0.077
1969-12-31 21:49:16.398000,10156398,0.0,27.8,1027.1,0.0,-999.0,0,0.0,0.078
1969-12-31 21:49:18.398000,10158398,0.0,27.7,1027.1,0.0,-999.0,0,0.0,0.077
1969-12-31 21:49:20.398000,10160398,0.0,27.7,1027.1,0.0,-999.0,0,0.0,0.081
1969-12-31 21:49:22.398000,10162398,0.0,27.8,1027.1,0.0,-999.0,0,0.0,0.077
1969-12-31 21:49:24.398000,10164398,0.0,27.8,1027.3,0.0,-999.0,0,0.0,0.08
1969-12-31 21:49:26.398000,10166398,0.0,27.8,1027.1,0.0,-999.0,0,0.0,0.077
1969-12-31 21:49:28.398000,10168398,0.0,27.8,1027.1,0.0,-999.0,0,0.0,0.081
1969-12-31 21:49:30.398000,10170398,0.0,27.8,1027.1,0.0,-999.0,0,0.0,0.076
1969-12-31 21:49:32.398000,10172398,0.0,27.8,1027.1,0.0,-999.0,0,0.0,0.077
1969-12-31 21:49:34.398000,10174398,0.0,27.7,1027.1,0.0,-999.0,0,0.0,0.078
1969-12-31 21:49:36.398000,10176398,0.0,27.8,1027.1,0.0,-999.0,0,0.0,0.075
1969-12-31 21:49:38.398000,10178398,0.0,27.8,1027.2,0.0,-999.0,0,0.0,0.076
1969-12-31 21:49:40.398000,10180398,0.0,27.8,1027.1,0.0,-999.0,0,0.0,0.079
1969-12-31 21:49:42.398000,10182398,0.0,27.8,1027.2,0.0,-999.0,0,0.0,0.077
1969-12-31 21:49:44.398000,10184398,0.0,27.7,1027.1,0.0,-999.0,0,0.0,0.078
1969-12-31 21:49:46.398000,10186398,0.0,27.8,1027.1,0.0,-999.0,0,0.0,0.078
1969-12-31 21:49:48.398000,10188398,0.0,27.7,1027.2,0.0,-999.0,0,0.0,0.075
1969-12-31 21:49:50.398000,10190398,0.0,27.7,1027.2,0.0,-999.0,0,0.0,0.077
1969-12-31 21:49:52.398000,10192398,0.0,27.7,1027.1,0.0,-999.0,0,0.0,0.073
1969-12-31 21:49:54.398000,10194398,0.0,27.8,1026.9,0.0,-999.0,0,0.0,0.079
1969-12-31 21:49:56.398000,10196398,0.0,27.8,1027.1,0.0,-999.0,0,0.0,0.08
1969-12-31 21:49:58.398000,10198398,0.0,27.8,1027.1,0.0,-999.0,0,0.0,0.08
1969-12-31 21:50:00.398000,10200398,0.0,27.8,1027.1,0.0,-999.0,0,0.0,0.073
1969-12-31 21:50:02.398000,10202398,0.0,27.8,1027.1,0.0,-999.0,0,0.0,0.078
1969-12-31 21:50:04.398000,10204398,0.0,27.8,1027.1,0.0,-999.0,0,0.0,0.077
1969-12-31 21:50:06.398000,10206398,0.0,27.8,1026.9,0.0,-999.0,0,0.0,0.075
1969-12-31 21:50:08.398000,10208398,0.0,27.7,1027.2,0.0,-999.0,0,0.0,0.073
1969-12-31 21:50:10.398000,10210398,0.0,27.7,1027.1,0.0,-999.0,0,0.0,0.075
1969-12-31 21:50:12.398000,10212398,0.0,27.7,1027.1,0.0,-999.0,0,0.0,0.078
1969-12-31 21:50:14.398000,10214398,0.0,27.8,1027.5,0.0,-999.0,0,0.0,0.078
1969-12-31 21:50:16.398000,10216398,0.0,27.7,1027.1,0.0,-999.0,0,0.0,0.074
1969-12-31 21:50:18.398000,10218398,0.0,27.7,1027.1,0.0,-999.0,0,0.0,0.077
1969-12-31 21:50:20.398000,10220398,0.0,27.7,1027.2,0.0,-999.0,0,0.0,0.077
1969-12-31 21:50:22.398000,10222398,0.0,27.7,1027.2,0.0,-999.0,0,0.1,0.084
1969-12-31 21:50:24.398000,10224398,0.0,27.7,1027.1,0.0,-999.0,0,0.0,0.073
1969-12-31 21:50:26.398000,10226398,0.0,27.8,1027.1,0.0,-999.0,0,0.0,0.075
1969-12-31 21:50:28.398000,10228398,0.0,27.8,1027.2,0.0,-999.0,0,0.0,0.077
1969-12-31 21:50:30.398000,10230398,0.0,27.8,1027.1,0.0,-999.0,0,0.0,0.078
1969-12-31 21:50:32.398000,10232398,0.0,27.8,1027.1,0.0,-999.0,0,0.0,0.073
1969-12-31 21:50:34.398000,10234398,0.0,27.7,1027.1,0.0,-999.0,0,0.0,0.076
1969-12-31 21:50:36.398000,10236398,0.0,27.8,1027.1,0.0,-999.0,0,0.0,0.079
1969-12-31 21:50:38.398000,10238398,0.0,27.7,1027.2,0.0,-999.0,0,0.0,0.076
1969-12-31 21:50:40.398000,10240398,0.0,27.8,1027.1,0.0,-999.0,0,0.0,0.075
1969-12-31 21:50:42.398000,10242398,0.0,27.7,1026.9,0.0,-999.0,0,0.0,0.075
1969-12-31 21:50:44.398000,10244398,0.0,27.7,1027.1,0.0,-999.0,0,0.0,0.077
1969-12-31 21:50:46.399000,10246399,0.0,27.7,1027.1,0.0,-999.0,0,0.0,0.077
1969-12-31 21:50:48.398000,10248398,0.0,27.8,1027.2,0.0,-999.0,0,0.0,0.08
1969-12-31 21:50:50.398000,10250398,0.0,27.7,1027.1,0.0,-999.0,0,0.0,0.078
1969-12-31 21:50:52.398000,10252398,0.0,27.7,1027.1,0.0,-999.0,0,0.0,0.074
1969-12-31 21:50:54.398000,10254398,0.0,27.7,1027.2,0.0,-999.0,0,0.0,0.081
1969-12-31 21:50:56.398000,10256398,0.0,27.7,1026.9,0.0,-999.0,0,0.0,0.08
1969-12-31 21:50:58.398000,10258398,0.0,27.8,1027.1,0.0,-999.0,0,0.0,0.08
1969-12-31 21:51:00.398000,10260398,0.0,27.7,1027.1,0.0,-999.0,0,0.0,0.075
1969-12-31 21:51:02.398000,10262398,0.0,27.7,1027.1,0.0,-999.0,0,0.0,0.079
1969-12-31 21:51:04.398000,10264398,0.0,27.7,1027.1,0.0,-999.0,0,0.0,0.076
1969-12-31 21:51:06.398000,10266398,0.0,27.7,1026.9,0.0,-999.0,0,0.0,0.075
1969-12-31 21:51:08.398000,10268398,0.0,27.7,1027.1,0.0,-999.0,0,0.0,0.076
1969-12-31 21:51:10.398000,10270398,0.0,27.7,1027.1,0.0,-999.0,0,0.0,0.077
1969-12-31 21:51:12.398000,10272398,0.0,27.7,1026.9,0.0,-999.0,0,0.0,0.077
1969-12-31 21:51:14.398000,10274398,0.0,27.7,1027.1,0.0,-999.0,0,0.0,0.074
1969-12-31 21:51:16.398000,10276398,0.0,27.8,1026.9,0.0,-999.0,0,0.0,0.075
1969-12-31 21:51:18.398000,10278398,0.0,27.7,1027.1,0.0,-999.0,0,0.0,0.077
1969-12-31 21:51:20.398000,10280398,0.0,27.7,1027.1,0.0,-999.0,0,0.0,0.075
1969-12-31 21:51:22.398000,10282398,0.0,27.7,1027.2,0.0,-999.0,0,0.0,0.077
1969-12-31 21:51:24.398000,10284398,0.0,27.7,1027.2,0.0,-999.0,0,0.0,0.075
1969-12-31 21:51:26.398000,10286398,0.0,27.7,1026.9,0.0,-999.0,0,0.0,0.077
1969-12-31 21:51:28.398000,10288398,0.0,27.7,1027.2,0.0,-999.0,0,0.0,0.08
1969-12-31 21:51:30.398000,10290398,0.0,27.7,1027.1,0.0,-999.0,0,0.0,0.077
1969-12-31 21:51:32.398000,10292398,0.0,27.7,1027.1,0.0,-999.0,0,0.0,0.075
1969-12-31 21:51:34.398000,10294398,0.0,27.7,1027.1,0.0,-999.0,0,0.0,0.078
1969-12-31 21:51:36.398000,10296398,0.0,27.7,1027.1,0.0,-999.0,0,0.3,0.089
1969-12-31 21:51:38.398000,10298398,0.0,27.7,1027.1,0.0,-999.0,0,0.0,0.073
1969-12-31 21:51:40.398000,10300398,0.0,27.7,1027.2,0.0,-999.0,0,0.0,0.074
1969-12-31 21:51:42.399000,10302399,0.0,27.7,1027.1,0.0,-999.0,0,0.0,0.071
1969-12-31 21:51:44.398000,10304398,0.0,27.7,1027.1,0.0,-999.0,0,0.0,0.08
1969-12-31 21:51:46.398000,10306398,0.0,27.7,1027.1,0.0,-999.0,0,0.1,0.083
1969-12-31 21:51:48.398000,10308398,0.0,27.7,1027.1,0.0,-999.0,0,0.0,0.077
1969-12-31 21:51:50.398000,10310398,0.0,27.7,1026.9,0.0,-999.0,0,0.0,0.08
1969-12-31 21:51:52.398000,10312398,0.0,27.7,1027.1,0.0,-999.0,0,0.0,0.076
1969-12-31 21:51:54.398000,10314398,0.0,27.7,1027.1,0.0,-999.0,0,0.0,0.073
1969-12-31 21:51:56.398000,10316398,0.0,27.7,1027.1,0.0,-999.0,0,0.0,0.08
1969-12-31 21:51:58.398000,10318398,0.0,27.7,1027.1,0.0,-999.0,0,0.0,0.072
1969-12-31 21:52:00.398000,10320398,0.0,27.7,1026.9,0.0,-999.0,0,0.0,0.079
1969-12-31 21:52:02.398000,10322398,0.0,27.7,1026.9,0.0,-999.0,0,0.0,0.077
1969-12-31 21:52:04.398000,10324398,0.0,27.7,1027.1,0.0,-999.0,0,0.0,0.078
1969-12-31 21:52:06.398000,10326398,0.0,27.7,1027.1,0.0,-999.0,0,0.0,0.08
1969-12-31 21:52:08.398000,10328398,0.0,27.7,1027.1,0.0,-999.0,0,0.0,0.068
1969-12-31 21:52:10.398000,10330398,0.0,27.7,1027.1,0.0,-999.0,0,0.0,0.074
1969-12-31 21:52:12.398000,10332398,0.0,27.7,1026.9,0.0,-999.0,0,0.0,0.081
1969-12-31 21:52:14.398000,10334398,0.0,27.7,1027.1,0.0,-999.0,0,0.0,0.077
1969-12-31 21:52:16.398000,10336398,0.0,27.7,1027.1,0.0,-999.0,0,0.0,0.074
1969-12-31 21:52:18.398000,10338398,0.0,27.7,1026.9,0.0,-999.0,0,0.1,0.084
1969-12-31 21:52:20.398000,10340398,0.0,27.7,1026.9,0.0,-999.0,0,0.0,0.076
1969-12-31 21:52:22.398000,10342398,0.0,27.7,1026.9,0.0,-999.0,0,0.0,0.08
1969-12-31 21:52:24.398000,10344398,0.0,27.7,1027.1,0.0,-999.0,0,0.0,0.07
1969-12-31 21:52:26.398000,10346398,0.0,27.7,1027.1,0.0,-999.0,0,0.0,0.073
1969-12-31 21:52:28.398000,10348398,0.0,27.7,1027.1,0.0,-999.0,0,0.0,0.077
1969-12-31 21:52:30.398000,10350398,0.0,27.7,1027.1,0.0,-999.0,0,0.0,0.081
1969-12-31 21:52:32.398000,10352398,0.0,27.7,1026.9,0.0,-999.0,0,0.1,0.084
1969-12-31 21:52:34.398000,10354398,0.0,27.7,1026.9,0.0,-999.0,0,0.0,0.079
1969-12-31 21:52:36.398000,10356398,0.0,27.7,1026.9,0.0,-999.0,0,0.0,0.074
1969-12-31 21:52:38.398000,10358398,0.0,27.7,1026.9,0.0,-999.0,0,0.0,0.077
1969-12-31 21:52:40.398000,10360398,0.0,27.7,1027.1,0.0,-999.0,0,0.0,0.078
1969-12-31 21:52:42.398000,10362398,0.0,27.7,1027.3,0.0,-999.0,0,0.1,0.082
1969-12-31 21:52:44.398000,10364398,0.0,27.7,1027.1,0.0,-999.0,0,0.0,0.074
1969-12-31 21:52:46.398000,10366398,0.0,27.7,1026.9,0.0,-999.0,0,0.0,0.071
1969-12-31 21:52:48.408000,10368408,0.0,27.7,1027.2,0.0,-999.0,0,0.0,0.074
1969-12-31 21:52:50.398000,10370398,0.0,27.7,1027.3,0.0,-999.0,0,0.0,0.077
1969-12-31 21:52:52.398000,10372398,0.0,27.7,1027.1,0.0,-999.0,0,0.0,0.077
1969-12-31 21:52:54.398000,10374398,0.0,27.7,1027.1,0.0,-999.0,0,0.0,0.073
1969-12-31 21:52:56.408000,10376408,0.0,27.7,1027.1,0.0,-999.0,0,0.0,0.077
1969-12-31 21:52:58.408000,10378408,0.0,27.8,1027.1,0.0,-999.0,0,0.0,0.078
1969-12-31 21:53:00.408000,10380408,0.0,27.7,1027.1,0.0,-999.0,0,0.0,0.074
1969-12-31 21:53:02.408000,10382408,0.0,27.7,1027.1,0.0,-999.0,0,0.0,0.072
1969-12-31 21:53:04.408000,10384408,0.0,27.7,1027.2,0.0,-999.0,0,0.0,0.08
1969-12-31 21:53:06.408000,10386408,0.0,27.8,1027.1,0.0,-999.0,0,0.0,0.076
1969-12-31 21:53:08.408000,10388408,0.0,27.7,1027.1,0.0,-999.0,0,0.0,0.073
1969-12-31 21:53:10.408000,10390408,0.0,27.7,1027.1,0.0,-999.0,0,0.0,0.078
1969-12-31 21:53:12.408000,10392408,0.0,27.7,1027.1,0.0,-999.0,0,0.0,0.081
1969-12-31 21:53:14.408000,10394408,0.0,27.7,1027.1,0.0,-999.0,0,0.1,0.082
1969-12-31 21:53:16.408000,10396408,0.0,27.7,1027.1,0.0,-999.0,0,0.0,0.077
1969-12-31 21:53:18.408000,10398408,0.0,27.7,1027.1,0.0,-999.0,0,0.0,0.08
1969-12-31 21:53:20.408000,10400408,0.0,27.7,1027.5,0.0,-999.0,0,0.0,0.073
1969-12-31 21:53:22.408000,10402408,0.0,27.7,1027.1,0.0,-999.0,0,0.0,0.078
1969-12-31 21:53:24.408000,10404408,0.0,27.7,1027.1,0.0,-999.0,0,0.0,0.077
1969-12-31 21:53:26.408000,10406408,0.0,27.7,1027.1,0.0,-999.0,0,0.0,0.077
1969-12-31 21:53:28.408000,10408408,0.0,27.7,1027.1,0.0,-999.0,0,0.0,0.077
1969-12-31 21:53:30.408000,10410408,0.0,27.7,1027.1,0.0,-999.0,0,0.0,0.076
1969-12-31 21:53:32.408000,10412408,0.0,27.7,1027.1,0.0,-999.0,0,0.0,0.076
1969-12-31 21:53:34.408000,10414408,0.0,27.7,1027.2,0.0,-999.0,0,0.0,0.076
1969-12-31 21:53:36.408000,10416408,0.0,27.7,1027.1,0.0,-999.0,0,0.0,0.075
1969-12-31 21:53:38.408000,10418408,0.0,27.7,1027.1,0.0,-999.0,0,0.0,0.077
1969-12-31 21:53:40.408000,10420408,0.0,27.7,1027.1,0.0,-999.0,0,0.0,0.075
1969-12-31 21:53:42.408000,10422408,0.0,27.7,1026.9,0.0,-999.0,0,0.0,0.075
1969-12-31 21:53:44.408000,10424408,0.0,27.7,1026.9,0.0,-999.0,0,0.0,0.08
1969-12-31 21:53:46.408000,10426408,0.0,27.7,1027.1,0.0,-999.0,0,0.0,0.081
1969-12-31 21:53:48.408000,10428408,0.0,27.7,1026.9,0.0,-999.0,0,0.0,0.075
1969-12-31 21:53:50.408000,10430408,0.0,27.7,1027.1,0.0,-999.0,0,0.0,0.073
1969-12-31 21:53:52.408000,10432408,0.0,27.7,1027.2,0.0,-999.0,0,0.0,0.081
1969-12-31 21:53:54.408000,10434408,0.0,27.7,1027.2,0.0,-999.0,0,0.0,0.073
1969-12-31 21:53:56.408000,10436408,0.0,27.7,1027.2,0.0,-999.0,0,0.0,0.077
1969-12-31 21:53:58.408000,10438408,0.0,27.7,1027.1,0.0,-999.0,0,0.0,0.076
1969-12-31 21:54:00.408000,10440408,0.0,27.7,1026.9,0.0,-999.0,0,0.0,0.08
1969-12-31 21:54:02.408000,10442408,0.0,27.7,1027.2,0.0,-999.0,0,0.0,0.077
1969-12-31 21:54:04.408000,10444408,0.0,27.7,1026.9,0.0,-999.0,0,0.0,0.077
1969-12-31 21:54:06.408000,10446408,0.0,27.7,1026.9,0.0,-999.0,0,0.0,0.076
1969-12-31 21:54:08.408000,10448408,0.0,27.7,1027.1,0.0,-999.0,0,0.0,0.077
1969-12-31 21:54:10.408000,10450408,0.0,27.7,1026.9,0.0,-999.0,0,0.1,0.083
1969-12-31 21:54:12.408000,10452408,0.0,27.7,1027.1,0.0,-999.0,0,0.0,0.073
1969-12-31 21:54:14.408000,10454408,0.0,27.7,1027.1,0.0,-999.0,0,0.0,0.069
1969-12-31 21:54:16.408000,10456408,0.0,27.7,1027.1,0.0,-999.0,0,0.0,0.08
1969-12-31 21:54:18.408000,10458408,0.0,27.7,1026.9,0.0,-999.0,0,0.0,0.079
1969-12-31 21:54:20.408000,10460408,0.0,27.7,1027.1,0.0,-999.0,0,0.0,0.073
1969-12-31 21:54:22.408000,10462408,0.0,27.7,1027.1,0.0,-999.0,0,0.0,0.081
1969-12-31 21:54:24.408000,10464408,0.0,27.7,1027.2,0.0,-999.0,0,0.0,0.074
1969-12-31 21:54:26.408000,10466408,0.0,27.7,1027.1,0.0,-999.0,0,0.0,0.081
1969-12-31 21:54:28.408000,10468408,0.0,27.7,1027.1,0.0,-999.0,0,0.0,0.075
1969-12-31 21:54:30.408000,10470408,0.0,27.7,1026.9,0.0,-999.0,0,0.0,0.077
1969-12-31 21:54:32.408000,10472408,0.0,27.7,1027.1,0.0,-999.0,0,0.0,0.076
1969-12-31 21:54:34.408000,10474408,0.0,27.7,1027.1,0.0,-999.0,0,0.0,0.077
1969-12-31 21:54:36.408000,10476408,0.0,27.7,1026.9,0.0,-999.0,0,0.0,0.08
1969-12-31 21:54:38.408000,10478408,0.0,27.7,1027.1,0.0,-999.0,0,0.0,0.08
1969-12-31 21:54:40.408000,10480408,0.0,27.7,1026.9,0.0,-999.0,0,0.0,0.073
1969-12-31 21:54:42.408000,10482408,0.0,27.7,1027.1,0.0,-999.0,0,0.0,0.08
1969-12-31 21:54:44.408000,10484408,0.0,27.7,1027.1,0.0,-999.0,0,0.0,0.078
1969-12-31 21:54:46.408000,10486408,0.0,27.7,1027.1,0.0,-999.0,0,0.0,0.079
1969-12-31 21:54:48.408000,10488408,0.0,27.7,1027.1,0.0,-999.0,0,0.0,0.073
1969-12-31 21:54:50.408000,10490408,0.0,27.7,1027.2,0.0,-999.0,0,0.0,0.077
1969-12-31 21:54:52.408000,10492408,0.0,27.7,1027.3,0.0,-999.0,0,0.0,0.077
1969-12-31 21:54:54.408000,10494408,0.0,27.7,1027.1,0.0,-999.0,0,0.0,0.076
1969-12-31 21:54:56.408000,10496408,0.0,27.7,1027.1,0.0,-999.0,0,0.0,0.081
1969-12-31 21:54:58.408000,10498408,0.0,27.7,1027.1,0.0,-999.0,0,0.0,0.073
1969-12-31 21:55:00.408000,10500408,0.0,27.7,1027.1,0.0,-999.0,0,0.0,0.072
1969-12-31 21:55:02.408000,10502408,0.0,27.7,1027.1,0.0,-999.0,0,0.0,0.073
1969-12-31 21:55:04.408000,10504408,0.0,27.7,1027.1,0.0,-999.0,0,0.0,0.077
1969-12-31 21:55:06.408000,10506408,0.0,27.7,1027.1,0.0,-999.0,0,0.0,0.077
1969-12-31 21:55:08.408000,10508408,0.0,27.7,1027.2,0.0,-999.0,0,0.0,0.079
1969-12-31 21:55:10.408000,10510408,0.0,27.7,1027.2,0.0,-999.0,0,0.0,0.071
1969-12-31 21:55:12.408000,10512408,0.0,27.7,1027.1,0.0,-999.0,0,0.0,0.073
1969-12-31 21:55:14.408000,10514408,0.0,27.7,1027.1,0.0,-999.0,0,0.0,0.075
1969-12-31 21:55:16.408000,10516408,0.0,27.7,1027.1,0.0,-999.0,0,0.0,0.074
1969-12-31 21:55:18.408000,10518408,0.0,27.7,1027.1,0.0,-999.0,0,0.0,0.075
1969-12-31 21:55:20.408000,10520408,0.0,27.7,1027.2,0.0,-999.0,0,0.0,0.08
1969-12-31 21:55:22.408000,10522408,0.0,27.7,1027.1,0.0,-999.0,0,0.0,0.077
1969-12-31 21:55:24.408000,10524408,0.0,27.7,1027.1,0.0,-999.0,0,0.0,0.076
1969-12-31 21:55:26.408000,10526408,0.0,27.7,1026.9,0.0,-999.0,0,0.0,0.077
1969-12-31 21:55:28.408000,10528408,0.0,27.7,1027.1,0.0,-999.0,0,0.0,0.073
1969-12-31 21:55:30.408000,10530408,0.0,27.7,1027.2,0.0,-999.0,0,0.0,0.073
1969-12-31 21:55:32.408000,10532408,0.0,27.7,1027.1,0.0,-999.0,0,0.0,0.081
1969-12-31 21:55:34.408000,10534408,0.0,27.7,1026.9,0.0,-999.0,0,0.0,0.077
1969-12-31 21:55:36.408000,10536408,0.0,27.7,1027.2,0.0,-999.0,0,0.0,0.076
1969-12-31 21:55:38.408000,10538408,0.0,27.7,1027.2,0.0,-999.0,0,0.0,0.076
1969-12-31 21:55:40.408000,10540408,0.0,27.7,1027.1,0.0,-999.0,0,0.0,0.081
1969-12-31 21:55:42.408000,10542408,0.0,27.7,1027.2,0.0,-999.0,0,0.0,0.073
1969-12-31 21:55:44.408000,10544408,0.0,27.7,1027.2,0.0,-999.0,0,0.0,0.075
1969-12-31 21:55:46.408000,10546408,0.0,27.7,1027.2,0.0,-999.0,0,0.0,0.074
1969-12-31 21:55:48.408000,10548408,0.0,27.7,1027.2,0.0,-999.0,0,0.0,0.077
1969-12-31 21:55:50.408000,10550408,0.0,27.7,1027.3,0.0,-999.0,0,0.0,0.079
1969-12-31 21:55:52.408000,10552408,0.0,27.7,1027.1,0.0,-999.0,0,0.0,0.075
1969-12-31 21:55:54.408000,10554408,0.0,27.7,1027.1,0.0,-999.0,0,0.0,0.077
1969-12-31 21:55:56.408000,10556408,0.0,27.7,1027.1,0.0,-999.0,0,0.0,0.077
1969-12-31 21:55:58.408000,10558408,0.0,27.7,1027.2,0.0,-999.0,0,0.0,0.077
1969-12-31 21:56:00.408000,10560408,0.0,27.7,1027.1,0.0,-999.0,0,0.0,0.075
1969-12-31 21:56:02.408000,10562408,0.0,27.7,1027.2,0.0,-999.0,0,0.0,0.077
1969-12-31 21:56:04.408000,10564408,0.0,27.7,1027.1,0.0,-999.0,0,0.0,0.075
1969-12-31 21:56:06.408000,10566408,0.0,27.7,1027.3,0.0,-999.0,0,0.0,0.077
1969-12-31 21:56:08.408000,10568408,0.0,27.7,1027.3,0.0,-999.0,0,0.0,0.08
1969-12-31 21:56:10.408000,10570408,0.0,27.7,1027.1,0.0,-999.0,0,0.0,0.079
1969-12-31 21:56:12.408000,10572408,0.0,27.7,1027.1,0.0,-999.0,0,0.0,0.073
1969-12-31 21:56:14.408000,10574408,0.0,27.7,1027.1,0.0,-999.0,0,0.0,0.076
1969-12-31 21:56:16.408000,10576408,0.0,27.7,1027.2,0.0,-999.0,0,0.0,0.081
1969-12-31 21:56:18.408000,10578408,0.0,27.7,1027.2,0.0,-999.0,0,0.0,0.075
1969-12-31 21:56:20.408000,10580408,0.0,27.7,1027.1,0.0,-999.0,0,0.0,0.078
1969-12-31 21:56:22.408000,10582408,0.0,27.7,1027.1,0.0,-999.0,0,0.0,0.075
1969-12-31 21:56:24.408000,10584408,0.0,27.7,1027.1,0.0,-999.0,0,0.0,0.075
1969-12-31 21:56:26.408000,10586408,0.0,27.7,1027.3,0.0,-999.0,0,0.1,0.082
1969-12-31 21:56:28.408000,10588408,0.0,27.7,1027.2,0.0,-999.0,0,0.0,0.072
1969-12-31 21:56:30.408000,10590408,0.0,27.7,1026.9,0.0,-999.0,0,0.0,0.08
1969-12-31 21:56:32.408000,10592408,0.0,27.7,1026.9,0.0,-999.0,0,0.0,0.074
1969-12-31 21:56:34.408000,10594408,0.0,27.7,1027.1,0.0,-999.0,0,0.0,0.075
1969-12-31 21:56:36.408000,10596408,0.0,27.7,1027.2,0.0,-999.0,0,0.0,0.078
1969-12-31 21:56:38.408000,10598408,0.0,27.7,1027.2,0.0,-999.0,0,0.0,0.075
1969-12-31 21:56:40.408000,10600408,0.0,27.7,1026.9,0.0,-999.0,0,0.0,0.076
1969-12-31 21:56:42.408000,10602408,0.0,27.7,1027.1,0.0,-999.0,0,0.0,0.073
1969-12-31 21:56:44.408000,10604408,0.0,27.7,1027.1,0.0,-999.0,0,0.0,0.077
1969-12-31 21:56:46.408000,10606408,0.0,27.7,1026.9,0.0,-999.0,0,0.0,0.075
1969-12-31 21:56:48.408000,10608408,0.0,27.7,1027.1,0.0,-999.0,0,0.0,0.078
1969-12-31 21:56:50.488000,10610488,0.0,27.7,1027.2,0.0,-999.0,0,0.0,0.079
1969-12-31 21:56:52.408000,10612408,0.0,27.7,1027.1,0.0,-999.0,0,0.0,0.074
1969-12-31 21:56:54.408000,10614408,0.0,27.7,1027.1,0.0,-999.0,0,0.0,0.074
1969-12-31 21:56:56.408000,10616408,0.0,27.7,1027.1,0.0,-999.0,0,0.0,0.068
1969-12-31 21:56:58.408000,10618408,0.0,27.7,1027.3,0.0,-999.0,0,0.0,0.077
1969-12-31 21:57:00.408000,10620408,0.0,27.7,1027.1,0.0,-999.0,0,0.0,0.074
1969-12-31 21:57:02.408000,10622408,0.0,27.7,1027.1,0.0,-999.0,0,0.0,0.074
1969-12-31 21:57:04.408000,10624408,0.0,27.7,1027.1,0.0,-999.0,0,0.0,0.081
1969-12-31 21:57:06.408000,10626408,0.0,27.7,1027.1,0.0,-999.0,0,0.0,0.076
1969-12-31 21:57:08.408000,10628408,0.0,27.7,1026.9,0.0,-999.0,0,0.0,0.072
1969-12-31 21:57:10.408000,10630408,0.0,27.7,1026.9,0.0,-999.0,0,0.0,0.076
1969-12-31 21:57:12.408000,10632408,0.0,27.7,1026.9,0.0,-999.0,0,0.0,0.076
1969-12-31 21:57:14.408000,10634408,0.0,27.7,1027.1,0.0,-999.0,0,0.0,0.078
1969-12-31 21:57:16.408000,10636408,0.0,27.7,1027.1,0.0,-999.0,0,0.0,0.077
1969-12-31 21:57:18.408000,10638408,0.0,27.7,1027.2,0.0,-999.0,0,0.0,0.077
1969-12-31 21:57:20.408000,10640408,0.0,27.7,1027.1,0.0,-999.0,0,0.0,0.079
1969-12-31 21:57:22.408000,10642408,0.0,27.7,1027.1,0.0,-999.0,0,0.0,0.074
1969-12-31 21:57:24.408000,10644408,0.0,27.7,1026.9,0.0,-999.0,0,0.0,0.08
1969-12-31 21:57:26.408000,10646408,0.0,27.7,1026.9,0.0,-999.0,0,0.0,0.081
1969-12-31 21:57:28.408000,10648408,0.0,27.7,1026.9,0.0,-999.0,0,0.0,0.075
1969-12-31 21:57:30.408000,10650408,0.0,27.7,1027.1,0.0,-999.0,0,0.0,0.078
1969-12-31 21:57:32.408000,10652408,0.0,27.7,1027.2,0.0,-999.0,0,0.1,0.082
1969-12-31 21:57:34.408000,10654408,0.0,27.7,1027.1,0.0,-999.0,0,0.0,0.073
1969-12-31 21:57:36.408000,10656408,0.0,27.7,1027.1,0.0,-999.0,0,0.0,0.075
1969-12-31 21:57:38.408000,10658408,0.0,27.7,1027.1,0.0,-999.0,0,0.0,0.076
1969-12-31 21:57:40.408000,10660408,0.0,27.7,1027.1,0.0,-999.0,0,0.0,0.077
1969-12-31 21:57:42.408000,10662408,0.0,27.7,1027.1,0.0,-999.0,0,0.0,0.08
1969-12-31 21:57:44.409000,10664409,0.0,27.7,1027.2,0.0,-999.0,0,0.0,0.073
1969-12-31 21:57:46.408000,10666408,0.0,27.7,1027.1,0.0,-999.0,0,0.0,0.073
1969-12-31 21:57:48.408000,10668408,0.0,27.7,1026.9,0.0,-999.0,0,0.0,0.077
1969-12-31 21:57:50.408000,10670408,0.0,27.7,1027.1,0.0,-999.0,0,0.0,0.076
1969-12-31 21:57:52.408000,10672408,0.0,27.7,1026.9,0.0,-999.0,0,0.0,0.075
1969-12-31 21:57:54.408000,10674408,0.0,27.7,1027.1,0.0,-999.0,0,0.0,0.068
1969-12-31 21:57:56.408000,10676408,0.0,27.7,1026.9,0.0,-999.0,0,0.0,0.081
1969-12-31 21:57:58.408000,10678408,0.0,27.7,1027.1,0.0,-999.0,0,0.0,0.075
1969-12-31 21:58:00.408000,10680408,0.0,27.7,1026.9,0.0,-999.0,0,0.0,0.078
1969-12-31 21:58:02.408000,10682408,0.0,27.7,1026.9,0.0,-999.0,0,0.0,0.076
1969-12-31 21:58:04.408000,10684408,0.0,27.7,1026.9,0.0,-999.0,0,0.0,0.079
1969-12-31 21:58:06.408000,10686408,0.0,27.7,1027.1,0.0,-999.0,0,0.0,0.075
1969-12-31 21:58:08.408000,10688408,0.0,27.7,1027.3,0.0,-999.0,0,0.0,0.073
1969-12-31 21:58:10.408000,10690408,0.0,27.7,1026.9,0.0,-999.0,0,0.0,0.081
1969-12-31 21:58:12.408000,10692408,0.0,27.7,1027.1,0.0,-999.0,0,0.0,0.077
1969-12-31 21:58:14.408000,10694408,0.0,27.7,1026.9,0.0,-999.0,0,0.0,0.074
1969-12-31 21:58:16.408000,10696408,0.0,27.7,1026.9,0.0,-999.0,0,0.0,0.073
1969-12-31 21:58:18.408000,10698408,0.0,27.7,1026.9,0.0,-999.0,0,0.0,0.077
1969-12-31 21:58:20.408000,10700408,0.0,27.7,1026.9,0.0,-999.0,0,0.0,0.076
1969-12-31 21:58:22.408000,10702408,0.0,27.7,1027.1,0.0,-999.0,0,0.0,0.073
1969-12-31 21:58:24.408000,10704408,0.0,27.7,1026.9,0.0,-999.0,0,0.0,0.073
1969-12-31 21:58:26.408000,10706408,0.0,27.7,1026.9,0.0,-999.0,0,0.0,0.079
1969-12-31 21:58:28.408000,10708408,0.0,27.7,1027.1,0.0,-999.0,0,0.0,0.071
1969-12-31 21:58:30.408000,10710408,0.0,27.7,1026.9,0.0,-999.0,0,0.0,0.075
1969-12-31 21:58:32.408000,10712408,0.0,27.7,1026.9,0.0,-999.0,0,0.0,0.075
1969-12-31 21:58:34.408000,10714408,0.0,27.7,1026.9,0.0,-999.0,0,0.0,0.077
1969-12-31 21:58:36.408000,10716408,0.0,27.7,1027.1,0.0,-999.0,0,0.0,0.08
1969-12-31 21:58:38.408000,10718408,0.0,27.7,1026.9,0.0,-999.0,0,0.0,0.078
1969-12-31 21:58:40.408000,10720408,0.0,27.7,1026.9,0.0,-999.0,0,0.0,0.077
1969-12-31 21:58:42.408000,10722408,0.0,27.7,1027.1,0.0,-999.0,0,0.0,0.076
1969-12-31 21:58:44.408000,10724408,0.0,27.7,1027.1,0.0,-999.0,0,0.0,0.076
1969-12-31 21:58:46.408000,10726408,0.0,27.7,1026.9,0.0,-999.0,0,0.0,0.074
1969-12-31 21:58:48.408000,10728408,0.0,27.7,1026.9,0.0,-999.0,0,0.0,0.076
1969-12-31 21:58:50.408000,10730408,0.0,27.7,1027.1,0.0,-999.0,0,0.0,0.073
1969-12-31 21:58:52.408000,10732408,0.0,27.7,1027.1,0.0,-999.0,0,0.0,0.078
1969-12-31 21:58:54.408000,10734408,0.0,27.7,1027.1,0.0,-999.0,0,0.0,0.077
1969-12-31 21:58:56.408000,10736408,0.0,27.7,1026.9,0.0,-999.0,0,0.0,0.075
1969-12-31 21:58:58.408000,10738408,0.0,27.7,1027.1,0.0,-999.0,0,0.0,0.077
1969-12-31 21:59:00.408000,10740408,0.0,27.7,1026.9,0.0,-999.0,0,0.0,0.075
1969-12-31 21:59:02.408000,10742408,0.0,27.7,1027.1,0.0,-999.0,0,0.0,0.079
1969-12-31 21:59:04.408000,10744408,0.0,27.7,1026.9,0.0,-999.0,0,0.0,0.078
1969-12-31 21:59:06.408000,10746408,0.0,27.7,1027.2,0.0,-999.0,0,0.0,0.081
1969-12-31 21:59:08.408000,10748408,0.0,27.7,1026.9,0.0,-999.0,0,0.0,0.076
1969-12-31 21:59:10.408000,10750408,0.0,27.7,1027.1,0.0,-999.0,0,0.0,0.073
1969-12-31 21:59:12.408000,10752408,0.0,27.7,1027.1,0.0,-999.0,0,0.0,0.077
1969-12-31 21:59:14.408000,10754408,0.0,27.7,1027.1,0.0,-999.0,0,0.0,0.072
1969-12-31 21:59:16.408000,10756408,0.0,27.7,1027.1,0.0,-999.0,0,0.0,0.078
1969-12-31 21:59:18.408000,10758408,0.0,27.7,1027.1,0.0,-999.0,0,0.0,0.073
1969-12-31 21:59:20.408000,10760408,0.0,27.7,1027.1,0.0,-999.0,0,0.0,0.076
1969-12-31 21:59:22.408000,10762408,0.0,27.7,1026.9,0.0,-999.0,0,0.0,0.073
1969-12-31 21:59:24.408000,10764408,0.0,27.7,1027.1,0.0,-999.0,0,0.0,0.075
1969-12-31 21:59:26.408000,10766408,0.0,27.7,1027.1,0.0,-999.0,0,0.0,0.076
1969-12-31 21:59:28.408000,10768408,0.0,27.7,1026.9,0.0,-999.0,0,0.0,0.076
1969-12-31 21:59:30.408000,10770408,0.0,27.7,1026.9,0.0,-999.0,0,0.0,0.077
1969-12-31 21:59:32.408000,10772408,0.0,27.7,1027.1,0.0,-999.0,0,0.0,0.074
1969-12-31 21:59:34.408000,10774408,0.0,27.7,1027.1,0.0,-999.0,0,0.0,0.081
1969-12-31 21:59:36.408000,10776408,0.0,27.7,1026.9,0.0,-999.0,0,0.0,0.075
1969-12-31 21:59:38.408000,10778408,0.0,27.7,1027.1,0.0,-999.0,0,0.0,0.08
1969-12-31 21:59:40.408000,10780408,0.0,27.7,1027.1,0.0,-999.0,0,0.0,0.075
1969-12-31 21:59:42.408000,10782408,0.0,27.7,1027.1,0.0,-999.0,0,0.0,0.077
1969-12-31 21:59:44.408000,10784408,0.0,27.7,1026.9,0.0,-999.0,0,0.0,0.074
1969-12-31 21:59:46.408000,10786408,0.0,27.7,1026.9,0.0,-999.0,0,0.0,0.08
1969-12-31 21:59:48.408000,10788408,0.0,27.7,1026.9,0.0,-999.0,0,0.0,0.081
1969-12-31 21:59:50.408000,10790408,0.0,27.7,1027.6,0.0,-999.0,0,0.0,0.077
1969-12-31 21:59:52.408000,10792408,0.0,27.7,1027.1,0.0,-999.0,0,0.0,0.074
1969-12-31 21:59:54.408000,10794408,0.0,27.7,1026.9,0.0,-999.0,0,0.0,0.073
1969-12-31 21:59:56.408000,10796408,0.0,27.7,1027.1,0.0,-999.0,0,0.0,0.08
1969-12-31 21:59:58.408000,10798408,0.0,27.7,1026.9,0.0,-999.0,0,0.0,0.075
1969-12-31 22:00:00.408000,10800408,0.0,27.7,1027.1,0.0,-999.0,0,0.0,0.077
1969-12-31 22:00:02.408000,10802408,0.0,27.7,1026.9,0.0,-999.0,0,0.0,0.074
1969-12-31 22:00:04.408000,10804408,0.0,27.7,1026.9,0.0,-999.0,0,0.0,0.077
1969-12-31 22:00:06.408000,10806408,0.0,27.7,1027.1,0.0,-999.0,0,0.0,0.076
1969-12-31 22:00:08.408000,10808408,0.0,27.7,1027.1,0.0,-999.0,0,0.0,0.073
1969-12-31 22:00:10.408000,10810408,0.0,27.7,1027.2,0.0,-999.0,0,0.0,0.079
1969-12-31 22:00:12.408000,10812408,0.0,27.7,1027.1,0.0,-999.0,0,0.0,0.071
1969-12-31 22:00:14.408000,10814408,0.0,27.7,1027.1,0.0,-999.0,0,0.0,0.08
1969-12-31 22:00:16.408000,10816408,0.0,27.7,1027.2,0.0,-999.0,0,0.0,0.08
1969-12-31 22:00:18.408000,10818408,0.0,27.7,1027.1,0.0,-999.0,0,0.0,0.079
1969-12-31 22:00:20.408000,10820408,0.0,27.7,1027.1,0.0,-999.0,0,0.0,0.075
1969-12-31 22:00:22.408000,10822408,0.0,27.7,1027.1,0.0,-999.0,0,0.0,0.077
1969-12-31 22:00:24.408000,10824408,0.0,27.7,1027.2,0.0,-999.0,0,0.0,0.072
1969-12-31 22:00:26.408000,10826408,0.0,27.7,1027.1,0.0,-999.0,0,0.0,0.081
1969-12-31 22:00:28.408000,10828408,0.0,27.7,1027.1,0.0,-999.0,0,0.0,0.069
1969-12-31 22:00:30.408000,10830408,0.0,27.7,1026.9,0.0,-999.0,0,0.0,0.076
1969-12-31 22:00:32.408000,10832408,0.0,27.7,1027.1,0.0,-999.0,0,0.0,0.073
1969-12-31 22:00:34.408000,10834408,0.0,27.7,1027.2,0.0,-999.0,0,0.0,0.074
1969-12-31 22:00:36.408000,10836408,0.0,27.7,1027.1,0.0,-999.0,0,0.0,0.077
1969-12-31 22:00:38.408000,10838408,0.0,27.7,1027.1,0.0,-999.0,0,0.0,0.081
1969-12-31 22:00:40.408000,10840408,0.0,27.7,1027.1,0.0,-999.0,0,0.0,0.081
1969-12-31 22:00:42.408000,10842408,0.0,27.7,1027.1,0.0,-999.0,0,0.0,0.08
1969-12-31 22:00:44.408000,10844408,0.0,27.7,1027.1,0.0,-999.0,0,0.0,0.075
1969-12-31 22:00:46.408000,10846408,0.0,27.7,1027.2,0.0,-999.0,0,0.0,0.075
1969-12-31 22:00:48.408000,10848408,0.0,27.7,1027.1,0.0,-999.0,0,0.0,0.076
1969-12-31 22:00:50.408000,10850408,0.0,27.7,1027.1,0.0,-999.0,0,0.0,0.075
1969-12-31 22:00:52.409000,10852409,0.0,27.7,1027.1,0.0,-999.0,0,0.0,0.077
1969-12-31 22:00:54.408000,10854408,0.0,27.7,1027.2,0.0,-999.0,0,0.0,0.078
1969-12-31 22:00:56.408000,10856408,0.0,27.7,1027.1,0.0,-999.0,0,0.0,0.081
1969-12-31 22:00:58.408000,10858408,0.0,27.7,1027.1,0.0,-999.0,0,0.0,0.077
1969-12-31 22:01:00.408000,10860408,0.0,27.7,1027.1,0.0,-999.0,0,0.0,0.074
1969-12-31 22:01:02.408000,10862408,0.0,27.7,1027.1,0.0,-999.0,0,0.0,0.081
1969-12-31 22:01:04.408000,10864408,0.0,27.7,1026.9,0.0,-999.0,0,0.0,0.078
1969-12-31 22:01:06.408000,10866408,0.0,27.7,1027.1,0.0,-999.0,0,0.0,0.08
1969-12-31 22:01:08.408000,10868408,0.0,27.7,1027.1,0.0,-999.0,0,0.0,0.075
1969-12-31 22:01:10.408000,10870408,0.0,27.7,1027.1,0.0,-999.0,0,0.0,0.078
1969-12-31 22:01:12.408000,10872408,0.0,27.7,1026.9,0.0,-999.0,0,0.0,0.076
1969-12-31 22:01:14.408000,10874408,0.0,27.7,1027.1,0.0,-999.0,0,0.0,0.078
1969-12-31 22:01:16.408000,10876408,0.0,27.7,1027.1,0.0,-999.0,0,0.0,0.076
1969-12-31 22:01:18.418000,10878418,0.0,27.7,1027.1,0.0,-999.0,0,0.0,0.073
1969-12-31 22:01:20.418000,10880418,0.0,27.7,1027.2,0.0,-999.0,0,0.0,0.08
1969-12-31 22:01:22.408000,10882408,0.0,27.7,1027.3,0.0,-999.0,0,0.0,0.078
1969-12-31 22:01:24.408000,10884408,0.0,27.7,1027.5,0.0,-999.0,0,0.0,0.08
1969-12-31 22:01:26.418000,10886418,0.0,27.7,1027.1,0.0,-999.0,0,0.0,0.076
1969-12-31 22:01:28.418000,10888418,0.0,27.7,1026.9,0.0,-999.0,0,0.0,0.075
1969-12-31 22:01:30.418000,10890418,0.0,27.7,1026.9,0.0,-999.0,0,0.0,0.077
1969-12-31 22:01:32.418000,10892418,0.0,27.7,1027.1,0.0,-999.0,0,0.0,0.075
1969-12-31 22:01:34.418000,10894418,0.0,27.7,1027.1,0.0,-999.0,0,0.0,0.078
1969-12-31 22:01:36.418000,10896418,0.0,27.7,1026.9,0.0,-999.0,0,0.0,0.078
1969-12-31 22:01:38.418000,10898418,0.0,27.7,1026.9,0.0,-999.0,0,0.0,0.076
1969-12-31 22:01:40.418000,10900418,0.0,27.6,1027.1,0.0,-999.0,0,0.0,0.07
1969-12-31 22:01:42.418000,10902418,0.0,27.7,1027.1,0.0,-999.0,0,0.0,0.078
1969-12-31 22:01:44.418000,10904418,0.0,27.7,1027.1,0.0,-999.0,0,0.0,0.079
1969-12-31 22:01:46.418000,10906418,0.0,27.7,1027.1,0.0,-999.0,0,0.0,0.079
1969-12-31 22:01:48.418000,10908418,0.0,27.7,1026.9,0.0,-999.0,0,0.0,0.079
1969-12-31 22:01:50.418000,10910418,0.0,27.7,1027.1,0.0,-999.0,0,0.0,0.078
1969-12-31 22:01:52.418000,10912418,0.0,27.7,1027.1,0.0,-999.0,0,0.0,0.078
1969-12-31 22:01:54.418000,10914418,0.0,27.7,1027.1,0.0,-999.0,0,0.0,0.076
1969-12-31 22:01:56.418000,10916418,0.0,27.7,1027.1,0.0,-999.0,0,0.0,0.076
1969-12-31 22:01:58.418000,10918418,0.0,27.6,1026.9,0.0,-999.0,0,0.0,0.078
1969-12-31 22:02:00.418000,10920418,0.0,27.7,1027.1,0.0,-999.0,0,0.0,0.078
1969-12-31 22:02:02.418000,10922418,0.0,27.7,1026.9,0.0,-999.0,0,0.0,0.075
1969-12-31 22:02:04.418000,10924418,0.0,27.7,1027.1,0.0,-999.0,0,0.0,0.074
1969-12-31 22:02:06.418000,10926418,0.0,27.7,1026.9,0.0,-999.0,0,0.0,0.075
1969-12-31 22:02:08.418000,10928418,0.0,27.7,1027.1,0.0,-999.0,0,0.0,0.076
1969-12-31 22:02:10.418000,10930418,0.0,27.7,1027.1,0.0,-999.0,0,0.0,0.08
1969-12-31 22:02:12.418000,10932418,0.0,27.7,1027.1,0.0,-999.0,0,0.0,0.077
1969-12-31 22:02:14.418000,10934418,0.0,27.7,1027.1,0.0,-999.0,0,0.0,0.077
1969-12-31 22:02:16.418000,10936418,0.0,27.7,1027.1,0.0,-999.0,0,0.0,0.076
1969-12-31 22:02:18.418000,10938418,0.0,27.7,1026.9,0.0,-999.0,0,0.0,0.077
1969-12-31 22:02:20.418000,10940418,0.0,27.7,1027.1,0.0,-999.0,0,0.0,0.077
1969-12-31 22:02:22.418000,10942418,0.0,27.7,1027.1,0.0,-999.0,0,0.0,0.081
1969-12-31 22:02:24.418000,10944418,0.0,27.7,1027.1,0.0,-999.0,0,0.0,0.081
1969-12-31 22:02:26.418000,10946418,0.0,27.7,1027.2,0.0,-999.0,0,0.0,0.076
1969-12-31 22:02:28.418000,10948418,0.0,27.7,1027.1,0.0,-999.0,0,0.0,0.077
1969-12-31 22:02:30.418000,10950418,0.0,27.7,1026.9,0.0,-999.0,0,0.0,0.08
1969-12-31 22:02:32.418000,10952418,0.0,27.7,1027.2,0.0,-999.0,0,0.0,0.075
1969-12-31 22:02:34.418000,10954418,0.0,27.7,1027.1,0.0,-999.0,0,0.0,0.076
1969-12-31 22:02:36.418000,10956418,0.0,27.7,1026.9,0.0,-999.0,0,0.0,0.074
1969-12-31 22:02:38.418000,10958418,0.0,27.7,1027.1,0.0,-999.0,0,0.0,0.074
1969-12-31 22:02:40.418000,10960418,0.0,27.7,1027.2,0.0,-999.0,0,0.0,0.077
1969-12-31 22:02:42.418000,10962418,0.0,27.6,1027.1,0.0,-999.0,0,0.0,0.076
1969-12-31 22:02:44.418000,10964418,0.0,27.7,1027.1,0.0,-999.0,0,0.0,0.073
1969-12-31 22:02:46.418000,10966418,0.0,27.7,1027.1,0.0,-999.0,0,0.0,0.074
1969-12-31 22:02:48.418000,10968418,0.0,27.7,1027.1,0.0,-999.0,0,0.0,0.078
1969-12-31 22:02:50.418000,10970418,0.0,27.6,1027.2,0.0,-999.0,0,0.0,0.077
1969-12-31 22:02:52.418000,10972418,0.0,27.7,1026.9,0.0,-999.0,0,0.0,0.071
1969-12-31 22:02:54.418000,10974418,0.0,27.7,1027.1,0.0,-999.0,0,0.0,0.077
1969-12-31 22:02:56.418000,10976418,0.0,27.6,1027.1,0.0,-999.0,0,0.0,0.076
1969-12-31 22:02:58.418000,10978418,0.0,27.7,1028.9,0.0,-999.0,0,0.0,0.077
1969-12-31 22:03:00.418000,10980418,0.0,27.7,1026.9,0.0,-999.0,0,0.0,0.075
1969-12-31 22:03:02.418000,10982418,0.0,27.7,1027.1,0.0,-999.0,0,0.0,0.077
1969-12-31 22:03:04.418000,10984418,0.0,27.7,1026.9,0.0,-999.0,0,0.1,0.083
1969-12-31 22:03:06.418000,10986418,0.0,27.7,1027.1,0.0,-999.0,0,0.0,0.077
1969-12-31 22:03:08.418000,10988418,0.0,27.7,1027.3,0.0,-999.0,0,0.0,0.074
1969-12-31 22:03:10.418000,10990418,0.0,27.7,1027.1,0.0,-999.0,0,0.0,0.076
1969-12-31 22:03:12.418000,10992418,0.0,27.6,1027.1,0.0,-999.0,0,0.0,0.073
1969-12-31 22:03:14.418000,10994418,0.0,27.7,1028.1,0.0,-999.0,0,0.0,0.079
1969-12-31 22:03:16.418000,10996418,0.0,27.7,1027.2,0.0,-999.0,0,0.0,0.081
1969-12-31 22:03:18.418000,10998418,0.0,27.7,1027.6,0.0,-999.0,0,0.0,0.075
1969-12-31 22:03:20.418000,11000418,0.0,27.7,1028.3,0.0,-999.0,0,0.1,0.082
1969-12-31 22:03:22.419000,11002419,0.0,27.6,1027.5,0.0,-999.0,0,0.0,0.079
1969-12-31 22:03:24.418000,11004418,0.0,27.6,1027.3,0.0,-999.0,0,0.0,0.074
1969-12-31 22:03:26.418000,11006418,0.0,27.7,1028.5,0.0,-999.0,0,0.0,0.074
1969-12-31 22:03:28.418000,11008418,0.0,27.6,1027.7,0.0,-999.0,0,0.0,0.079
1969-12-31 22:03:30.418000,11010418,0.0,27.6,1027.6,0.0,-999.0,0,0.0,0.076
1969-12-31 22:03:32.418000,11012418,0.0,27.7,1026.9,0.0,-999.0,0,0.0,0.077
1969-12-31 22:03:34.418000,11014418,0.0,27.7,1027.3,0.0,-999.0,0,0.0,0.073
1969-12-31 22:03:36.418000,11016418,0.0,27.7,1027.2,0.0,-999.0,0,0.0,0.076
1969-12-31 22:03:38.418000,11018418,0.0,27.7,1028.0,0.0,-999.0,0,0.0,0.078
1969-12-31 22:03:40.418000,11020418,0.0,27.6,1028.4,0.0,-999.0,0,0.0,0.081
1969-12-31 22:03:42.418000,11022418,0.0,27.7,1026.9,0.0,-999.0,0,0.0,0.076
1969-12-31 22:03:44.418000,11024418,0.0,27.7,1028.0,0.0,-999.0,0,0.0,0.076
1969-12-31 22:03:46.418000,11026418,0.0,27.7,1027.6,0.0,-999.0,0,0.0,0.072
1969-12-31 22:03:48.418000,11028418,0.0,27.6,1027.6,0.0,-999.0,0,0.0,0.077
1969-12-31 22:03:50.418000,11030418,0.0,27.6,1028.1,0.0,-999.0,0,0.0,0.071
1969-12-31 22:03:52.418000,11032418,0.0,27.7,1027.1,0.0,-999.0,0,0.0,0.076
1969-12-31 22:03:54.418000,11034418,0.0,27.7,1027.1,0.0,-999.0,0,0.0,0.077
1969-12-31 22:03:56.418000,11036418,0.0,27.6,1027.2,0.0,-999.0,0,0.1,0.082
1969-12-31 22:03:58.418000,11038418,0.0,27.7,1027.3,0.0,-999.0,0,0.0,0.077
1969-12-31 22:04:00.418000,11040418,0.0,27.6,1027.1,0.0,-999.0,0,0.0,0.077
1969-12-31 22:04:02.418000,11042418,0.0,27.6,1027.1,0.0,-999.0,0,0.0,0.077
1969-12-31 22:04:04.418000,11044418,0.0,27.6,1027.2,0.0,-999.0,0,0.0,0.071
1969-12-31 22:04:06.418000,11046418,0.0,27.6,1027.1,0.0,-999.0,0,0.0,0.072
1969-12-31 22:04:08.418000,11048418,0.0,27.6,1026.9,0.0,-999.0,0,0.0,0.071
1969-12-31 22:04:10.418000,11050418,0.0,27.6,1027.5,0.0,-999.0,0,0.0,0.081
1969-12-31 22:04:12.418000,11052418,0.0,27.7,1027.2,0.0,-999.0,0,0.0,0.08
1969-12-31 22:04:14.418000,11054418,0.0,27.7,1027.3,0.0,-999.0,0,0.0,0.081
1969-12-31 22:04:16.418000,11056418,0.0,27.7,1027.1,0.0,-999.0,0,0.0,0.076
1969-12-31 22:04:18.419000,11058419,0.0,27.6,1027.1,0.0,-999.0,0,0.0,0.077
1969-12-31 22:04:20.418000,11060418,0.0,27.6,1027.1,0.0,-999.0,0,0.0,0.073
1969-12-31 22:04:22.418000,11062418,0.0,27.7,1027.7,0.0,-999.0,0,0.0,0.077
1969-12-31 22:04:24.418000,11064418,0.0,27.6,1027.2,0.0,-999.0,0,0.0,0.081
1969-12-31 22:04:26.418000,11066418,0.0,27.7,1029.3,0.0,-999.0,0,0.0,0.076
1969-12-31 22:04:28.418000,11068418,0.0,27.6,1027.2,0.0,-999.0,0,0.0,0.08
1969-12-31 22:04:30.418000,11070418,0.0,27.6,1028.0,0.0,-999.0,0,0.0,0.077
1969-12-31 22:04:32.418000,11072418,0.0,27.6,1027.7,0.0,-999.0,0,0.0,0.077
1969-12-31 22:04:34.418000,11074418,0.0,27.6,1027.9,0.0,-999.0,0,0.0,0.073
1969-12-31 22:04:36.418000,11076418,0.0,27.6,1028.8,0.0,-999.0,0,0.0,0.079
1969-12-31 22:04:38.418000,11078418,0.0,27.7,1027.6,0.0,-999.0,0,0.0,0.079
1969-12-31 22:04:40.418000,11080418,0.0,27.6,1028.1,0.0,-999.0,0,0.0,0.074
1969-12-31 22:04:42.418000,11082418,0.0,27.6,1027.6,0.0,-999.0,0,0.0,0.073
1969-12-31 22:04:44.418000,11084418,0.0,27.6,1029.5,0.0,-999.0,0,0.0,0.076
1969-12-31 22:04:46.418000,11086418,0.0,27.6,1028.7,0.0,-999.0,0,0.1,0.083
1969-12-31 22:04:48.418000,11088418,0.0,27.6,1028.5,0.0,-999.0,0,0.0,0.078
1969-12-31 22:04:50.418000,11090418,0.0,27.6,1028.3,0.0,-999.0,0,0.0,0.073
1969-12-31 22:04:52.418000,11092418,0.0,27.6,1029.3,0.0,-999.0,0,0.0,0.072
1969-12-31 22:04:54.418000,11094418,0.0,27.6,1027.7,0.0,-999.0,0,0.0,0.075
1969-12-31 22:04:56.418000,11096418,0.0,27.6,1028.0,0.0,-999.0,0,0.0,0.073
1969-12-31 22:04:58.418000,11098418,0.0,27.6,1026.9,0.0,-999.0,0,0.0,0.075
1969-12-31 22:05:00.418000,11100418,0.0,27.6,1027.5,0.0,-999.0,0,0.0,0.077
1969-12-31 22:05:02.418000,11102418,0.0,27.6,1027.2,0.0,-999.0,0,0.1,0.085
1969-12-31 22:05:04.418000,11104418,0.0,27.6,1027.2,0.0,-999.0,0,0.0,0.078
1969-12-31 22:05:06.418000,11106418,0.0,27.6,1028.9,0.0,-999.0,0,0.0,0.077
1969-12-31 22:05:08.418000,11108418,0.0,27.6,1027.9,0.0,-999.0,0,0.0,0.072
1969-12-31 22:05:10.418000,11110418,0.0,27.6,1028.8,0.0,-999.0,0,0.0,0.073
1969-12-31 22:05:12.418000,11112418,0.0,27.6,1028.5,0.0,-999.0,0,0.0,0.081
1969-12-31 22:05:14.418000,11114418,0.0,27.6,1028.5,0.0,-999.0,0,0.0,0.081
1969-12-31 22:05:16.418000,11116418,0.0,27.6,1027.3,0.0,-999.0,0,0.0,0.077
1969-12-31 22:05:18.418000,11118418,0.0,27.6,1027.5,0.0,-999.0,0,0.0,0.078
1969-12-31 22:05:20.418000,11120418,0.0,27.6,1027.1,0.0,-999.0,0,0.0,0.073
1969-12-31 22:05:22.418000,11122418,0.0,27.7,1027.1,0.0,-999.0,0,0.0,0.074
1969-12-31 22:05:24.418000,11124418,0.0,27.6,1027.7,0.0,-999.0,0,0.0,0.077
1969-12-31 22:05:26.418000,11126418,0.0,27.6,1027.7,0.0,-999.0,0,0.0,0.078
1969-12-31 22:05:28.418000,11128418,0.0,27.6,1028.0,0.0,-999.0,0,0.0,0.079
1969-12-31 22:05:30.418000,11130418,0.0,27.6,1028.5,0.0,-999.0,0,0.0,0.078
1969-12-31 22:05:32.418000,11132418,0.0,27.6,1027.2,0.0,-999.0,0,0.0,0.074
1969-12-31 22:05:34.418000,11134418,0.0,27.6,1027.3,0.0,-999.0,0,0.0,0.08
1969-12-31 22:05:36.418000,11136418,0.0,27.6,1028.0,0.0,-999.0,0,0.0,0.077
1969-12-31 22:05:38.418000,11138418,0.0,27.6,1029.6,0.0,-999.0,0,0.0,0.074
1969-12-31 22:05:40.418000,11140418,0.0,27.6,1028.0,0.0,-999.0,0,0.0,0.075
1969-12-31 22:05:42.418000,11142418,0.0,27.6,1029.2,0.0,-999.0,0,0.0,0.072
1969-12-31 22:05:44.418000,11144418,0.0,27.6,1027.6,0.0,-999.0,0,0.0,0.077
1969-12-31 22:05:46.418000,11146418,0.0,27.6,1027.7,0.0,-999.0,0,0.0,0.074
1969-12-31 22:05:48.418000,11148418,0.0,27.6,1027.9,0.0,-999.0,0,0.0,0.075
1969-12-31 22:05:50.418000,11150418,0.0,27.6,1028.3,0.0,-999.0,0,0.0,0.077
1969-12-31 22:05:52.418000,11152418,0.0,27.6,1029.3,0.0,-999.0,0,0.0,0.079
1969-12-31 22:05:54.418000,11154418,0.0,27.6,1028.9,0.0,-999.0,0,0.0,0.078
1969-12-31 22:05:56.418000,11156418,0.0,27.6,1028.5,0.0,-999.0,0,0.0,0.079
1969-12-31 22:05:58.418000,11158418,0.0,27.6,1027.9,0.0,-999.0,0,0.0,0.078
1969-12-31 22:06:00.418000,11160418,0.0,27.6,1028.1,0.0,-999.0,0,0.0,0.077
1969-12-31 22:06:02.418000,11162418,0.0,27.6,1029.2,0.0,-999.0,0,0.0,0.076
1969-12-31 22:06:04.418000,11164418,0.0,27.6,1029.3,0.0,-999.0,0,0.0,0.077
1969-12-31 22:06:06.418000,11166418,0.0,27.6,1028.4,0.0,-999.0,0,0.0,0.073
1969-12-31 22:06:08.418000,11168418,0.0,27.6,1028.5,0.0,-999.0,0,0.0,0.076
1969-12-31 22:06:10.418000,11170418,0.0,27.6,1027.6,0.0,-999.0,0,0.0,0.074
1969-12-31 22:06:12.418000,11172418,0.0,27.6,1028.5,0.0,-999.0,0,0.0,0.079
1969-12-31 22:06:14.418000,11174418,0.0,27.6,1028.5,0.0,-999.0,0,0.0,0.073
1969-12-31 22:06:16.418000,11176418,0.0,27.6,1029.6,0.0,-999.0,0,0.0,0.074
1969-12-31 22:06:18.418000,11178418,0.0,27.6,1028.8,0.0,-999.0,0,0.0,0.077
1969-12-31 22:06:20.418000,11180418,0.0,27.6,1027.7,0.0,-999.0,0,0.0,0.077
1969-12-31 22:06:22.418000,11182418,0.0,27.6,1026.9,0.0,-999.0,0,0.0,0.074
1969-12-31 22:06:24.418000,11184418,0.0,27.6,1027.9,0.0,-999.0,0,0.0,0.073
1969-12-31 22:06:26.418000,11186418,0.0,27.6,1028.7,0.0,-999.0,0,0.0,0.079
1969-12-31 22:06:28.418000,11188418,0.0,27.6,1029.9,0.0,-999.0,0,0.0,0.077
1969-12-31 22:06:30.419000,11190419,0.0,27.6,1029.1,0.0,-999.0,0,0.0,0.08
1969-12-31 22:06:32.418000,11192418,0.0,27.6,1028.4,0.0,-999.0,0,0.0,0.076
1969-12-31 22:06:34.418000,11194418,0.0,27.6,1027.5,0.0,-999.0,0,0.0,0.079
1969-12-31 22:06:36.418000,11196418,0.0,27.6,1027.7,0.0,-999.0,0,0.0,0.074
1969-12-31 22:06:38.418000,11198418,0.0,27.6,1027.9,0.0,-999.0,0,0.0,0.077
1969-12-31 22:06:40.418000,11200418,0.0,27.6,1029.6,0.0,-999.0,0,0.0,0.077
1969-12-31 22:06:42.418000,11202418,0.0,27.6,1027.2,0.0,-999.0,0,0.1,0.084
1969-12-31 22:06:44.418000,11204418,0.0,27.6,1028.0,0.0,-999.0,0,0.0,0.08
1969-12-31 22:06:46.418000,11206418,0.0,27.6,1029.6,0.0,-999.0,0,0.0,0.076
1969-12-31 22:06:48.418000,11208418,0.0,27.6,1029.9,0.0,-999.0,0,0.0,0.077
1969-12-31 22:06:50.418000,11210418,0.0,27.6,1028.9,0.0,-999.0,0,0.0,0.074
1969-12-31 22:06:52.418000,11212418,0.0,27.6,1028.7,0.0,-999.0,0,0.0,0.073
1969-12-31 22:06:54.418000,11214418,0.0,27.6,1028.7,0.0,-999.0,0,0.0,0.073
1969-12-31 22:06:56.418000,11216418,0.0,27.6,1028.8,0.0,-999.0,0,0.0,0.074
1969-12-31 22:06:58.418000,11218418,0.0,27.6,1027.6,0.0,-999.0,0,0.0,0.073
1969-12-31 22:07:00.419000,11220419,0.0,27.6,1029.6,0.0,-999.0,0,0.0,0.075
1969-12-31 22:07:02.418000,11222418,0.0,27.6,1030.1,0.0,-999.0,0,0.0,0.074
1969-12-31 22:07:04.418000,11224418,0.0,27.6,1028.0,0.0,-999.0,0,0.0,0.074
1969-12-31 22:07:06.418000,11226418,0.0,27.6,1028.8,0.0,-999.0,0,0.0,0.076
1969-12-31 22:07:08.418000,11228418,0.0,27.6,1029.1,0.0,-999.0,0,0.0,0.075
1969-12-31 22:07:10.418000,11230418,0.0,27.6,1028.0,0.0,-999.0,0,0.1,0.082
1969-12-31 22:07:12.418000,11232418,0.0,27.6,1028.4,0.0,-999.0,0,0.0,0.078
1969-12-31 22:07:14.418000,11234418,0.0,27.6,1028.0,0.0,-999.0,0,0.0,0.073
1969-12-31 22:07:16.418000,11236418,0.0,27.6,1028.9,0.0,-999.0,0,0.0,0.072
1969-12-31 22:07:18.418000,11238418,0.0,27.6,1028.3,0.0,-999.0,0,0.0,0.074
1969-12-31 22:07:20.418000,11240418,0.0,27.6,1028.1,0.0,-999.0,0,0.0,0.077
1969-12-31 22:07:22.418000,11242418,0.0,27.6,1029.3,0.0,-999.0,0,0.0,0.081
1969-12-31 22:07:24.418000,11244418,0.0,27.6,1028.7,0.0,-999.0,0,0.0,0.077
1969-12-31 22:07:26.419000,11246419,0.0,27.6,1028.7,0.0,-999.0,0,0.0,0.076
1969-12-31 22:07:28.418000,11248418,0.0,27.6,1029.6,0.0,-999.0,0,0.0,0.074
1969-12-31 22:07:30.418000,11250418,0.0,27.6,1029.5,0.0,-999.0,0,0.0,0.076
1969-12-31 22:07:32.418000,11252418,0.0,27.6,1029.9,0.0,-999.0,0,0.0,0.08
1969-12-31 22:07:34.418000,11254418,0.0,27.6,1029.6,0.0,-999.0,0,0.0,0.08
1969-12-31 22:07:36.418000,11256418,0.0,27.6,1028.8,0.0,-999.0,0,0.0,0.069
1969-12-31 22:07:38.418000,11258418,0.0,27.6,1028.4,0.0,-999.0,0,0.0,0.078
1969-12-31 22:07:40.418000,11260418,0.0,27.6,1029.3,0.0,-999.0,0,0.0,0.075
1969-12-31 22:07:42.418000,11262418,0.0,27.6,1028.0,0.0,-999.0,0,0.0,0.077
1969-12-31 22:07:44.418000,11264418,0.0,27.6,1028.3,0.0,-999.0,0,0.0,0.077
1969-12-31 22:07:46.418000,11266418,0.0,27.6,1028.7,0.0,-999.0,0,0.0,0.073
1969-12-31 22:07:48.418000,11268418,0.0,27.6,1027.6,0.0,-999.0,0,0.0,0.072
1969-12-31 22:07:50.418000,11270418,0.0,27.6,1027.3,0.0,-999.0,0,0.0,0.077
1969-12-31 22:07:52.418000,11272418,0.0,27.6,1029.1,0.0,-999.0,0,0.0,0.08
1969-12-31 22:07:54.418000,11274418,0.0,27.6,1027.2,0.0,-999.0,0,0.0,0.078
1969-12-31 22:07:56.418000,11276418,0.0,27.6,1029.2,0.0,-999.0,0,0.0,0.078
1969-12-31 22:07:58.418000,11278418,0.0,27.6,1028.7,0.0,-999.0,0,0.0,0.08
1969-12-31 22:08:00.418000,11280418,0.0,27.6,1029.6,0.0,-999.0,0,0.0,0.078
1969-12-31 22:08:02.418000,11282418,0.0,27.6,1028.5,0.0,-999.0,0,0.0,0.077
1969-12-31 22:08:04.418000,11284418,0.0,27.6,1028.1,0.0,-999.0,0,0.0,0.075
1969-12-31 22:08:06.418000,11286418,0.0,27.6,1028.8,0.0,-999.0,0,0.0,0.074
1969-12-31 22:08:08.418000,11288418,0.0,27.6,1029.9,0.0,-999.0,0,0.0,0.077
1969-12-31 22:08:10.418000,11290418,0.0,27.6,1028.3,0.0,-999.0,0,0.0,0.081
1969-12-31 22:08:12.418000,11292418,0.0,27.6,1028.5,0.0,-999.0,0,0.2,0.085
1969-12-31 22:08:14.418000,11294418,0.0,27.6,1028.0,0.0,-999.0,0,0.0,0.078
1969-12-31 22:08:16.418000,11296418,0.0,27.6,1029.6,0.0,-999.0,0,0.0,0.077
1969-12-31 22:08:18.418000,11298418,0.0,27.6,1029.2,0.0,-999.0,0,0.0,0.075
1969-12-31 22:08:20.418000,11300418,0.0,27.6,1027.6,0.0,-999.0,0,0.0,0.079
1969-12-31 22:08:22.418000,11302418,0.0,27.6,1029.9,0.0,-999.0,0,0.0,0.073
1969-12-31 22:08:24.418000,11304418,0.0,27.6,1029.3,0.0,-999.0,0,0.0,0.071
1969-12-31 22:08:26.418000,11306418,0.0,27.6,1029.2,0.0,-999.0,0,0.0,0.079
1969-12-31 22:08:28.418000,11308418,0.0,27.6,1029.9,0.0,-999.0,0,0.0,0.072
1969-12-31 22:08:30.418000,11310418,0.0,27.6,1029.6,0.0,-999.0,0,0.0,0.077
1969-12-31 22:08:32.418000,11312418,0.0,27.6,1028.3,0.0,-999.0,0,0.0,0.078
1969-12-31 22:08:34.418000,11314418,0.0,27.6,1028.5,0.0,-999.0,0,0.0,0.08
1969-12-31 22:08:36.418000,11316418,0.0,27.6,1027.3,0.0,-999.0,0,0.0,0.073
1969-12-31 22:08:38.418000,11318418,0.0,27.6,1028.7,0.0,-999.0,0,0.0,0.076
1969-12-31 22:08:40.418000,11320418,0.0,27.6,1027.9,0.0,-999.0,0,0.0,0.077
1969-12-31 22:08:42.418000,11322418,0.0,27.6,1028.3,0.0,-999.0,0,0.0,0.075
1969-12-31 22:08:44.418000,11324418,0.0,27.6,1028.5,0.0,-999.0,0,0.0,0.078
1969-12-31 22:08:46.418000,11326418,0.0,27.6,1028.3,0.0,-999.0,0,0.0,0.078
1969-12-31 22:08:48.418000,11328418,0.0,27.6,1029.1,0.0,-999.0,0,0.0,0.077
1969-12-31 22:08:50.418000,11330418,0.0,27.6,1028.4,0.0,-999.0,0,0.0,0.073
1969-12-31 22:08:52.418000,11332418,0.0,27.6,1027.2,0.0,-999.0,0,0.0,0.069
1969-12-31 22:08:54.418000,11334418,0.0,27.6,1027.5,0.0,-999.0,0,0.0,0.077
1969-12-31 22:08:56.418000,11336418,0.0,27.6,1028.9,0.0,-999.0,0,0.0,0.071
1969-12-31 22:08:58.418000,11338418,0.0,27.6,1029.7,0.0,-999.0,0,0.0,0.077
1969-12-31 22:09:00.418000,11340418,0.0,27.6,1028.5,0.0,-999.0,0,0.0,0.077
1969-12-31 22:09:02.418000,11342418,0.0,27.6,1028.7,0.0,-999.0,0,0.0,0.078
1969-12-31 22:09:04.418000,11344418,0.0,27.6,1028.8,0.0,-999.0,0,0.0,0.077
1969-12-31 22:09:06.418000,11346418,0.0,27.6,1028.4,0.0,-999.0,0,0.0,0.076
1969-12-31 22:09:08.418000,11348418,0.0,27.6,1028.0,0.0,-999.0,0,0.0,0.081
1969-12-31 22:09:10.418000,11350418,0.0,27.6,1029.9,0.0,-999.0,0,0.0,0.077
1969-12-31 22:09:12.418000,11352418,0.0,27.6,1029.1,0.0,-999.0,0,0.1,0.085
1969-12-31 22:09:14.418000,11354418,0.0,27.6,1028.9,0.0,-999.0,0,0.0,0.076
1969-12-31 22:09:16.418000,11356418,0.0,27.6,1030.4,0.0,-999.0,0,0.0,0.081
1969-12-31 22:09:18.418000,11358418,0.0,27.6,1027.3,0.0,-999.0,0,0.0,0.078
1969-12-31 22:09:20.418000,11360418,0.0,27.6,1029.1,0.0,-999.0,0,0.0,0.08
1969-12-31 22:09:22.418000,11362418,0.0,27.6,1028.8,0.0,-999.0,0,0.0,0.077
1969-12-31 22:09:24.418000,11364418,0.0,27.6,1028.5,0.0,-999.0,0,0.0,0.077
1969-12-31 22:09:26.418000,11366418,0.0,27.6,1030.4,0.0,-999.0,0,0.0,0.078
1969-12-31 22:09:28.418000,11368418,0.0,27.6,1029.3,0.0,-999.0,0,0.2,0.085
1969-12-31 22:09:30.418000,11370418,0.0,27.6,1029.2,0.0,-999.0,0,0.0,0.078
1969-12-31 22:09:32.418000,11372418,0.0,27.6,1030.1,0.0,-999.0,0,0.0,0.075
1969-12-31 22:09:34.418000,11374418,0.0,27.6,1029.1,0.0,-999.0,0,0.0,0.077
1969-12-31 22:09:36.418000,11376418,0.0,27.6,1026.9,0.0,-999.0,0,0.0,0.073
1969-12-31 22:09:38.418000,11378418,0.0,27.6,1028.8,0.0,-999.0,0,0.0,0.08
1969-12-31 22:09:40.418000,11380418,0.0,27.6,1027.7,0.0,-999.0,0,0.0,0.072
1969-12-31 22:09:42.418000,11382418,0.0,27.6,1027.5,0.0,-999.0,0,0.0,0.08
1969-12-31 22:09:44.418000,11384418,0.0,27.6,1029.1,0.0,-999.0,0,0.0,0.077
1969-12-31 22:09:46.428000,11386428,0.0,27.6,1029.5,0.0,-999.0,0,0.0,0.078
1969-12-31 22:09:48.428000,11388428,0.0,27.6,1028.5,0.0,-999.0,0,0.0,0.075
1969-12-31 22:09:50.418000,11390418,0.0,27.6,1029.1,0.0,-999.0,0,0.0,0.076
1969-12-31 22:09:52.418000,11392418,0.0,27.6,1029.5,0.0,-999.0,0,0.0,0.077
1969-12-31 22:09:54.428000,11394428,0.0,27.6,1029.6,0.0,-999.0,0,0.0,0.075
1969-12-31 22:09:56.428000,11396428,0.0,27.6,1028.7,0.0,-999.0,0,0.0,0.075
1969-12-31 22:09:58.428000,11398428,0.0,27.6,1029.3,0.0,-999.0,0,0.0,0.081
1969-12-31 22:10:00.428000,11400428,0.0,27.6,1029.1,0.0,-999.0,0,0.0,0.079
1969-12-31 22:10:02.418000,11402418,0.0,27.6,1030.1,0.0,-999.0,0,0.0,0.081
1969-12-31 22:10:04.428000,11404428,0.0,27.6,1030.1,0.0,-999.0,0,0.0,0.074
1969-12-31 22:10:06.428000,11406428,0.0,27.6,1029.5,0.0,-999.0,0,0.0,0.076
1969-12-31 22:10:08.428000,11408428,0.0,27.6,1029.3,0.0,-999.0,0,0.0,0.073
1969-12-31 22:10:10.428000,11410428,0.0,27.6,1028.7,0.0,-999.0,0,0.0,0.076
1969-12-31 22:10:12.428000,11412428,0.0,27.6,1029.6,0.0,-999.0,0,0.0,0.074
1969-12-31 22:10:14.428000,11414428,0.0,27.6,1029.6,0.0,-999.0,0,0.0,0.076
1969-12-31 22:10:16.428000,11416428,0.0,27.6,1030.1,0.0,-999.0,0,0.0,0.079
1969-12-31 22:10:18.428000,11418428,0.0,27.6,1030.0,0.0,-999.0,0,0.0,0.077
1969-12-31 22:10:20.428000,11420428,0.0,27.6,1030.1,0.0,-999.0,0,0.0,0.074
1969-12-31 22:10:22.428000,11422428,0.0,27.6,1028.5,0.0,-999.0,0,0.0,0.074
1969-12-31 22:10:24.428000,11424428,0.0,27.6,1029.9,0.0,-999.0,0,0.0,0.078
1969-12-31 22:10:26.428000,11426428,0.0,27.6,1029.1,0.0,-999.0,0,0.0,0.079
1969-12-31 22:10:28.428000,11428428,0.0,27.6,1029.1,0.0,-999.0,0,0.1,0.085
1969-12-31 22:10:30.428000,11430428,0.0,27.6,1028.0,0.0,-999.0,0,0.0,0.073
1969-12-31 22:10:32.428000,11432428,0.0,27.6,1028.4,0.0,-999.0,0,0.1,0.082
1969-12-31 22:10:34.428000,11434428,0.0,27.6,1029.5,0.0,-999.0,0,0.0,0.081
1969-12-31 22:10:36.428000,11436428,0.0,27.6,1028.8,0.0,-999.0,0,0.0,0.081
1969-12-31 22:10:38.428000,11438428,0.0,27.6,1030.1,0.0,-999.0,0,0.0,0.072
1969-12-31 22:10:40.428000,11440428,0.0,27.6,1029.9,0.0,-999.0,0,0.0,0.07
1969-12-31 22:10:42.428000,11442428,0.0,27.6,1028.9,0.0,-999.0,0,0.0,0.077
1969-12-31 22:10:44.428000,11444428,0.0,27.6,1028.5,0.0,-999.0,0,0.0,0.077
1969-12-31 22:10:46.428000,11446428,0.0,27.6,1029.7,0.0,-999.0,0,0.0,0.079
1969-12-31 22:10:48.428000,11448428,0.0,27.6,1029.6,0.0,-999.0,0,0.0,0.076
1969-12-31 22:10:50.428000,11450428,0.0,27.5,1028.7,0.0,-999.0,0,0.0,0.077
1969-12-31 22:10:52.428000,11452428,0.0,27.6,1029.7,0.0,-999.0,0,0.0,0.076
1969-12-31 22:10:54.428000,11454428,0.0,27.6,1030.1,0.0,-999.0,0,0.0,0.081
1969-12-31 22:10:56.428000,11456428,0.0,27.6,1029.5,0.0,-999.0,0,0.1,0.084
1969-12-31 22:10:58.428000,11458428,0.0,27.6,1029.2,0.0,-999.0,0,0.0,0.073
1969-12-31 22:11:00.428000,11460428,0.0,27.6,1029.7,0.0,-999.0,0,0.0,0.077
1969-12-31 22:11:02.428000,11462428,0.0,27.6,1030.0,0.0,-999.0,0,0.0,0.07
1969-12-31 22:11:04.428000,11464428,0.0,27.6,1029.2,0.0,-999.0,0,0.0,0.077
1969-12-31 22:11:06.428000,11466428,0.0,27.6,1028.1,0.0,-999.0,0,0.0,0.074
1969-12-31 22:11:08.428000,11468428,0.0,27.5,1029.5,0.0,-999.0,0,0.0,0.077
1969-12-31 22:11:10.428000,11470428,0.0,27.6,1029.5,0.0,-999.0,0,0.0,0.078
1969-12-31 22:11:12.428000,11472428,0.0,27.5,1029.7,0.0,-999.0,0,0.0,0.078
1969-12-31 22:11:14.428000,11474428,0.0,27.6,1029.2,0.0,-999.0,0,0.0,0.075
1969-12-31 22:11:16.428000,11476428,0.0,27.5,1030.1,0.0,-999.0,0,0.0,0.077
1969-12-31 22:11:18.428000,11478428,0.0,27.6,1029.9,0.0,-999.0,0,0.0,0.073
1969-12-31 22:11:20.428000,11480428,0.0,27.6,1029.3,0.0,-999.0,0,0.0,0.079
1969-12-31 22:11:22.428000,11482428,0.0,27.5,1028.5,0.0,-999.0,0,0.0,0.075
1969-12-31 22:11:24.428000,11484428,0.0,27.5,1030.3,0.0,-999.0,0,0.0,0.077
1969-12-31 22:11:26.428000,11486428,0.0,27.5,1029.5,0.0,-999.0,0,0.0,0.077
1969-12-31 22:11:28.428000,11488428,0.0,27.6,1029.1,0.0,-999.0,0,0.0,0.074
1969-12-31 22:11:30.429000,11490429,0.0,27.6,1030.3,0.0,-999.0,0,0.0,0.074
1969-12-31 22:11:32.428000,11492428,0.0,27.6,1029.5,0.0,-999.0,0,0.0,0.081
1969-12-31 22:11:34.428000,11494428,0.0,27.5,1029.7,0.0,-999.0,0,0.0,0.077
1969-12-31 22:11:36.428000,11496428,0.0,27.6,1029.2,0.0,-999.0,0,0.0,0.081
1969-12-31 22:11:38.428000,11498428,0.0,27.5,1029.9,0.0,-999.0,0,0.0,0.078
1969-12-31 22:11:40.428000,11500428,0.0,27.5,1028.0,0.0,-999.0,0,0.0,0.075
1969-12-31 22:11:42.428000,11502428,0.0,27.5,1028.8,0.0,-999.0,0,0.0,0.074
1969-12-31 22:11:44.428000,11504428,0.0,27.6,1029.2,0.0,-999.0,0,0.0,0.08
1969-12-31 22:11:46.428000,11506428,0.0,27.5,1029.2,0.0,-999.0,0,0.0,0.077
1969-12-31 22:11:48.428000,11508428,0.0,27.5,1028.9,0.0,-999.0,0,0.0,0.077
1969-12-31 22:11:50.428000,11510428,0.0,27.6,1029.2,0.0,-999.0,0,0.0,0.077
1969-12-31 22:11:52.428000,11512428,0.0,27.6,1029.6,0.0,-999.0,0,0.0,0.078
1969-12-31 22:11:54.428000,11514428,0.0,27.5,1030.5,0.0,-999.0,0,0.0,0.08
1969-12-31 22:11:56.428000,11516428,0.0,27.5,1029.7,0.0,-999.0,0,0.0,0.08
1969-12-31 22:11:58.428000,11518428,0.0,27.6,1028.5,0.0,-999.0,0,0.0,0.076
1969-12-31 22:12:00.428000,11520428,0.0,27.5,1029.5,0.0,-999.0,0,0.0,0.075
1969-12-31 22:12:02.428000,11522428,0.0,27.6,1028.3,0.0,-999.0,0,0.0,0.077
1969-12-31 22:12:04.428000,11524428,0.0,27.5,1029.5,0.0,-999.0,0,0.0,0.075
1969-12-31 22:12:06.428000,11526428,0.0,27.5,1030.0,0.0,-999.0,0,0.0,0.075
1969-12-31 22:12:08.428000,11528428,0.0,27.5,1029.2,0.0,-999.0,0,0.0,0.077
1969-12-31 22:12:10.428000,11530428,0.0,27.5,1028.4,0.0,-999.0,0,0.0,0.078
1969-12-31 22:12:12.428000,11532428,0.0,27.5,1030.0,0.0,-999.0,0,0.0,0.07
1969-12-31 22:12:14.428000,11534428,0.0,27.6,1029.7,0.0,-999.0,0,0.0,0.081
1969-12-31 22:12:16.428000,11536428,0.0,27.6,1030.1,0.0,-999.0,0,0.0,0.075
1969-12-31 22:12:18.428000,11538428,0.0,27.5,1030.3,0.0,-999.0,0,0.0,0.077
1969-12-31 22:12:20.428000,11540428,0.0,27.5,1029.7,0.0,-999.0,0,0.1,0.082
1969-12-31 22:12:22.428000,11542428,0.0,27.5,1029.6,0.0,-999.0,0,0.0,0.078
1969-12-31 22:12:24.428000,11544428,0.0,27.5,1029.5,0.0,-999.0,0,0.0,0.081
1969-12-31 22:12:26.428000,11546428,0.0,27.6,1030.0,0.0,-999.0,0,0.0,0.08
1969-12-31 22:12:28.428000,11548428,0.0,27.6,1029.7,0.0,-999.0,0,0.0,0.072
1969-12-31 22:12:30.428000,11550428,0.0,27.6,1028.8,0.0,-999.0,0,0.0,0.079
1969-12-31 22:12:32.428000,11552428,0.0,27.5,1029.9,0.0,-999.0,0,0.0,0.075
1969-12-31 22:12:34.428000,11554428,0.0,27.6,1029.6,0.0,-999.0,0,0.0,0.076
1969-12-31 22:12:36.428000,11556428,0.0,27.5,1029.9,0.0,-999.0,0,0.0,0.081
1969-12-31 22:12:38.428000,11558428,0.0,27.6,1029.6,0.0,-999.0,0,0.1,0.082
1969-12-31 22:12:40.428000,11560428,0.0,27.5,1029.5,0.0,-999.0,0,0.0,0.074
1969-12-31 22:12:42.428000,11562428,0.0,27.6,1028.8,0.0,-999.0,0,0.0,0.08
1969-12-31 22:12:44.428000,11564428,0.0,27.6,1028.9,0.0,-999.0,0,0.0,0.075
1969-12-31 22:12:46.428000,11566428,0.0,27.5,1029.9,0.0,-999.0,0,0.1,0.082
1969-12-31 22:12:48.428000,11568428,0.0,27.5,1029.9,0.0,-999.0,0,0.0,0.071
1969-12-31 22:12:50.428000,11570428,0.0,27.6,1029.7,0.0,-999.0,0,0.0,0.077
1969-12-31 22:12:52.428000,11572428,0.0,27.5,1028.7,0.0,-999.0,0,0.0,0.073
1969-12-31 22:12:54.428000,11574428,0.0,27.6,1030.3,0.0,-999.0,0,0.0,0.072
1969-12-31 22:12:56.428000,11576428,0.0,27.5,1028.8,0.0,-999.0,0,0.0,0.076
1969-12-31 22:12:58.428000,11578428,0.0,27.5,1030.1,0.0,-999.0,0,0.1,0.082
1969-12-31 22:13:00.428000,11580428,0.0,27.5,1030.5,0.0,-999.0,0,0.0,0.076
1969-12-31 22:13:02.428000,11582428,0.0,27.5,1030.1,0.0,-999.0,0,0.0,0.077
1969-12-31 22:13:04.428000,11584428,0.0,27.6,1029.2,0.0,-999.0,0,0.0,0.07
1969-12-31 22:13:06.428000,11586428,0.0,27.6,1030.1,0.0,-999.0,0,0.1,0.083
1969-12-31 22:13:08.428000,11588428,0.0,27.5,1029.5,0.0,-999.0,0,0.0,0.076
1969-12-31 22:13:10.428000,11590428,0.0,27.5,1030.1,0.0,-999.0,0,0.0,0.073
1969-12-31 22:13:12.428000,11592428,0.0,27.5,1030.1,0.0,-999.0,0,0.0,0.075
1969-12-31 22:13:14.428000,11594428,0.0,27.5,1030.1,0.0,-999.0,0,0.0,0.077
1969-12-31 22:13:16.428000,11596428,0.0,27.5,1029.7,0.0,-999.0,0,0.0,0.077
1969-12-31 22:13:18.428000,11598428,0.0,27.5,1030.1,0.0,-999.0,0,0.0,0.08
1969-12-31 22:13:20.428000,11600428,0.0,27.5,1030.4,0.0,-999.0,0,0.0,0.079
1969-12-31 22:13:22.428000,11602428,0.0,27.5,1030.1,0.0,-999.0,0,0.0,0.075
1969-12-31 22:13:24.428000,11604428,0.0,27.5,1030.5,0.0,-999.0,0,0.0,0.077
1969-12-31 22:13:26.428000,11606428,0.0,27.5,1030.1,0.0,-999.0,0,0.1,0.084
1969-12-31 22:13:28.428000,11608428,0.0,27.5,1030.0,0.0,-999.0,0,0.0,0.078
1969-12-31 22:13:30.428000,11610428,0.0,27.5,1030.5,0.0,-999.0,0,0.1,0.082
1969-12-31 22:13:32.428000,11612428,0.0,27.5,1029.7,0.0,-999.0,0,0.0,0.077
1969-12-31 22:13:34.428000,11614428,0.0,27.5,1030.1,0.0,-999.0,0,0.1,0.082
1969-12-31 22:13:36.428000,11616428,0.0,27.5,1029.6,0.0,-999.0,0,0.0,0.081
1969-12-31 22:13:38.428000,11618428,0.0,27.5,1030.3,0.0,-999.0,0,0.0,0.074
1969-12-31 22:13:40.428000,11620428,0.0,27.5,1030.4,0.0,-999.0,0,0.0,0.074
1969-12-31 22:13:42.428000,11622428,0.0,27.5,1030.3,0.0,-999.0,0,0.0,0.077
1969-12-31 22:13:44.428000,11624428,0.0,27.5,1030.0,0.0,-999.0,0,0.0,0.078
1969-12-31 22:13:46.428000,11626428,0.0,27.5,1029.7,0.0,-999.0,0,0.0,0.081
1969-12-31 22:13:48.428000,11628428,0.0,27.5,1030.0,0.0,-999.0,0,0.0,0.078
1969-12-31 22:13:50.428000,11630428,0.0,27.5,1030.7,0.0,-999.0,0,0.0,0.073
1969-12-31 22:13:52.428000,11632428,0.0,27.5,1030.1,0.0,-999.0,0,0.0,0.077
1969-12-31 22:13:54.428000,11634428,0.0,27.5,1030.3,0.0,-999.0,0,0.0,0.075
1969-12-31 22:13:56.428000,11636428,0.0,27.5,1029.7,0.0,-999.0,0,0.0,0.079
1969-12-31 22:13:58.428000,11638428,0.0,27.5,1029.9,0.0,-999.0,0,0.0,0.077
1969-12-31 22:14:00.428000,11640428,0.0,27.5,1030.1,0.0,-999.0,0,0.0,0.077
1969-12-31 22:14:02.428000,11642428,0.0,27.5,1029.3,0.0,-999.0,0,0.0,0.079
1969-12-31 22:14:04.428000,11644428,0.0,27.5,1030.5,0.0,-999.0,0,0.0,0.078
1969-12-31 22:14:06.428000,11646428,0.0,27.5,1029.9,0.0,-999.0,0,0.0,0.077
1969-12-31 22:14:08.428000,11648428,0.0,27.5,1030.4,0.0,-999.0,0,0.0,0.075
1969-12-31 22:14:10.428000,11650428,0.0,27.5,1029.9,0.0,-999.0,0,0.0,0.076
1969-12-31 22:14:12.428000,11652428,0.0,27.5,1030.1,0.0,-999.0,0,0.0,0.078
1969-12-31 22:14:14.428000,11654428,0.0,27.5,1030.0,0.0,-999.0,0,0.0,0.078
1969-12-31 22:14:16.428000,11656428,0.0,27.5,1030.4,0.0,-999.0,0,0.0,0.077
1969-12-31 22:14:18.428000,11658428,0.0,27.5,1029.9,0.0,-999.0,0,0.0,0.076
1969-12-31 22:14:20.428000,11660428,0.0,27.5,1030.0,0.0,-999.0,0,0.0,0.077
1969-12-31 22:14:22.428000,11662428,0.0,27.5,1030.1,0.0,-999.0,0,0.0,0.074
1969-12-31 22:14:24.428000,11664428,0.0,27.5,1030.7,0.0,-999.0,0,0.0,0.079
1969-12-31 22:14:26.428000,11666428,0.0,27.5,1029.6,0.0,-999.0,0,0.0,0.073
1969-12-31 22:14:28.428000,11668428,0.0,27.5,1029.3,0.0,-999.0,0,0.0,0.074
1969-12-31 22:14:30.428000,11670428,0.0,27.5,1029.7,0.0,-999.0,0,0.0,0.077
1969-12-31 22:14:32.428000,11672428,0.0,27.5,1029.6,0.0,-999.0,0,0.0,0.077
1969-12-31 22:14:34.428000,11674428,0.0,27.5,1030.3,0.0,-999.0,0,0.0,0.077
1969-12-31 22:14:36.428000,11676428,0.0,27.5,1030.0,0.0,-999.0,0,0.1,0.084
1969-12-31 22:14:38.428000,11678428,0.0,27.5,1030.3,0.0,-999.0,0,0.0,0.073
1969-12-31 22:14:40.428000,11680428,0.0,27.5,1030.0,0.0,-999.0,0,0.0,0.078
1969-12-31 22:14:42.428000,11682428,0.0,27.5,1030.3,0.0,-999.0,0,0.0,0.073
1969-12-31 22:14:44.428000,11684428,0.0,27.5,1030.4,0.0,-999.0,0,0.0,0.073
1969-12-31 22:14:46.428000,11686428,0.0,27.5,1030.0,0.0,-999.0,0,0.0,0.076
1969-12-31 22:14:48.428000,11688428,0.0,27.5,1030.5,0.0,-999.0,0,0.0,0.08
1969-12-31 22:14:50.428000,11690428,0.0,27.5,1030.5,0.0,-999.0,0,0.0,0.077
1969-12-31 22:14:52.428000,11692428,0.0,27.5,1030.4,0.0,-999.0,0,0.1,0.085
1969-12-31 22:14:54.428000,11694428,0.0,27.5,1030.7,0.0,-999.0,0,0.0,0.072
1969-12-31 22:14:56.428000,11696428,0.0,27.5,1029.7,0.0,-999.0,0,0.0,0.075
1969-12-31 22:14:58.428000,11698428,0.0,27.5,1030.3,0.0,-999.0,0,0.0,0.073
1969-12-31 22:15:00.428000,11700428,0.0,27.5,1028.4,0.0,-999.0,0,0.0,0.077
1969-12-31 22:15:02.428000,11702428,0.0,27.5,1030.7,0.0,-999.0,0,0.0,0.081
1969-12-31 22:15:04.428000,11704428,0.0,27.5,1029.7,0.0,-999.0,0,0.0,0.076
1969-12-31 22:15:06.428000,11706428,0.0,27.5,1030.4,0.0,-999.0,0,0.0,0.073
1969-12-31 22:15:08.428000,11708428,0.0,27.5,1030.1,0.0,-999.0,0,0.0,0.073
1969-12-31 22:15:10.428000,11710428,0.0,27.5,1030.3,0.0,-999.0,0,0.0,0.077
1969-12-31 22:15:12.428000,11712428,0.0,27.5,1029.7,0.0,-999.0,0,0.0,0.076
1969-12-31 22:15:14.428000,11714428,0.0,27.5,1029.5,0.0,-999.0,0,0.0,0.073
1969-12-31 22:15:16.428000,11716428,0.0,27.5,1030.3,0.0,-999.0,0,0.0,0.08
1969-12-31 22:15:18.428000,11718428,0.0,27.5,1030.0,0.0,-999.0,0,0.0,0.081
1969-12-31 22:15:20.428000,11720428,0.0,27.5,1029.7,0.0,-999.0,0,0.0,0.08
1969-12-31 22:15:22.428000,11722428,0.0,27.5,1030.4,0.0,-999.0,0,0.0,0.074
1969-12-31 22:15:24.428000,11724428,0.0,27.5,1030.1,0.0,-999.0,0,0.0,0.077
1969-12-31 22:15:26.428000,11726428,0.0,27.5,1029.1,0.0,-999.0,0,0.0,0.077
1969-12-31 22:15:28.428000,11728428,0.0,27.5,1029.2,0.0,-999.0,0,0.0,0.077
1969-12-31 22:15:30.428000,11730428,0.0,27.5,1029.3,0.0,-999.0,0,0.0,0.078
1969-12-31 22:15:32.428000,11732428,0.0,27.5,1028.8,0.0,-999.0,0,0.1,0.082
1969-12-31 22:15:34.428000,11734428,0.0,27.5,1030.3,0.0,-999.0,0,0.0,0.071
1969-12-31 22:15:36.428000,11736428,0.0,27.5,1029.7,0.0,-999.0,0,0.0,0.078
1969-12-31 22:15:38.428000,11738428,0.0,27.5,1030.4,0.0,-999.0,0,0.0,0.073
1969-12-31 22:15:40.428000,11740428,0.0,27.5,1030.4,0.0,-999.0,0,0.0,0.077
1969-12-31 22:15:42.428000,11742428,0.0,27.5,1030.0,0.0,-999.0,0,0.1,0.083
1969-12-31 22:15:44.428000,11744428,0.0,27.5,1030.4,0.0,-999.0,0,0.0,0.072
1969-12-31 22:15:46.428000,11746428,0.0,27.5,1029.9,0.0,-999.0,0,0.1,0.084
1969-12-31 22:15:48.428000,11748428,0.0,27.5,1030.5,0.0,-999.0,0,0.0,0.077
1969-12-31 22:15:50.428000,11750428,0.0,27.5,1030.0,0.0,-999.0,0,0.0,0.074
1969-12-31 22:15:52.428000,11752428,0.0,27.5,1029.6,0.0,-999.0,0,0.0,0.08
1969-12-31 22:15:54.428000,11754428,0.0,27.5,1029.7,0.0,-999.0,0,0.0,0.075
1969-12-31 22:15:56.428000,11756428,0.0,27.5,1030.1,0.0,-999.0,0,0.0,0.079
1969-12-31 22:15:58.428000,11758428,0.0,27.5,1029.7,0.0,-999.0,0,0.0,0.077
1969-12-31 22:16:00.428000,11760428,0.0,27.5,1030.1,0.0,-999.0,0,0.0,0.077
1969-12-31 22:16:02.428000,11762428,0.0,27.5,1030.4,0.0,-999.0,0,0.0,0.071
1969-12-31 22:16:04.428000,11764428,0.0,27.5,1030.3,0.0,-999.0,0,0.0,0.073
1969-12-31 22:16:06.428000,11766428,0.0,27.5,1030.1,0.0,-999.0,0,0.0,0.077
1969-12-31 22:16:08.428000,11768428,0.0,27.5,1030.1,0.0,-999.0,0,0.0,0.079
1969-12-31 22:16:10.428000,11770428,0.0,27.5,1030.7,0.0,-999.0,0,0.1,0.082
1969-12-31 22:16:12.428000,11772428,0.0,27.5,1029.6,0.0,-999.0,0,0.0,0.081
1969-12-31 22:16:14.428000,11774428,0.0,27.5,1030.3,0.0,-999.0,0,0.0,0.078
1969-12-31 22:16:16.428000,11776428,0.0,27.5,1030.1,0.0,-999.0,0,0.0,0.08
1969-12-31 22:16:18.428000,11778428,0.0,27.5,1030.3,0.0,-999.0,0,0.0,0.071
1969-12-31 22:16:20.428000,11780428,0.0,27.5,1030.7,0.0,-999.0,0,0.0,0.077
1969-12-31 22:16:22.428000,11782428,0.0,27.5,1029.5,0.0,-999.0,0,0.0,0.073
1969-12-31 22:16:24.428000,11784428,0.0,27.5,1029.5,0.0,-999.0,0,0.0,0.072
1969-12-31 22:16:26.428000,11786428,0.0,27.5,1029.2,0.0,-999.0,0,0.0,0.075
1969-12-31 22:16:28.428000,11788428,0.0,27.5,1030.4,0.0,-999.0,0,0.0,0.07
1969-12-31 22:16:30.428000,11790428,0.0,27.5,1030.0,0.0,-999.0,0,0.0,0.073
1969-12-31 22:16:32.428000,11792428,0.0,27.5,1029.7,0.0,-999.0,0,0.0,0.073
1969-12-31 22:16:34.428000,11794428,0.0,27.4,1030.0,0.0,-999.0,0,0.0,0.08
1969-12-31 22:16:36.428000,11796428,0.0,27.5,1030.1,0.0,-999.0,0,0.0,0.077
1969-12-31 22:16:38.428000,11798428,0.0,27.5,1030.5,0.0,-999.0,0,0.0,0.078
1969-12-31 22:16:40.428000,11800428,0.0,27.5,1029.7,0.0,-999.0,0,0.0,0.073
1969-12-31 22:16:42.428000,11802428,0.0,27.5,1030.3,0.0,-999.0,0,0.0,0.077
1969-12-31 22:16:44.428000,11804428,0.0,27.5,1030.4,0.0,-999.0,0,0.0,0.072
1969-12-31 22:16:46.428000,11806428,0.0,27.5,1030.3,0.0,-999.0,0,0.0,0.076
1969-12-31 22:16:48.428000,11808428,0.0,27.5,1029.7,0.0,-999.0,0,0.0,0.073
1969-12-31 22:16:50.428000,11810428,0.0,27.5,1030.5,0.0,-999.0,0,0.0,0.077
1969-12-31 22:16:52.428000,11812428,0.0,27.5,1030.3,0.0,-999.0,0,0.0,0.078
1969-12-31 22:16:54.428000,11814428,0.0,27.5,1029.7,0.0,-999.0,0,0.0,0.074
1969-12-31 22:16:56.428000,11816428,0.0,27.5,1030.4,0.0,-999.0,0,0.0,0.076
1969-12-31 22:16:58.428000,11818428,0.0,27.5,1030.4,0.0,-999.0,0,0.0,0.077
1969-12-31 22:17:00.428000,11820428,0.0,27.5,1030.3,0.0,-999.0,0,0.0,0.075
1969-12-31 22:17:02.428000,11822428,0.0,27.5,1030.4,0.0,-999.0,0,0.0,0.079
1969-12-31 22:17:04.428000,11824428,0.0,27.5,1029.2,0.0,-999.0,0,0.0,0.079
1969-12-31 22:17:06.428000,11826428,0.0,27.5,1030.3,0.0,-999.0,0,0.0,0.072
1969-12-31 22:17:08.428000,11828428,0.0,27.5,1029.7,0.0,-999.0,0,0.0,0.081
1969-12-31 22:17:10.428000,11830428,0.0,27.5,1030.4,0.0,-999.0,0,0.0,0.078
1969-12-31 22:17:12.428000,11832428,0.0,27.5,1030.0,0.0,-999.0,0,0.0,0.074
1969-12-31 22:17:14.428000,11834428,0.0,27.5,1030.0,0.0,-999.0,0,0.0,0.075
1969-12-31 22:17:16.428000,11836428,0.0,27.5,1030.5,0.0,-999.0,0,0.0,0.077
1969-12-31 22:17:18.428000,11838428,0.0,27.5,1030.0,0.0,-999.0,0,0.0,0.074
1969-12-31 22:17:20.428000,11840428,0.0,27.5,1029.9,0.0,-999.0,0,0.0,0.075
1969-12-31 22:17:22.428000,11842428,0.0,27.5,1029.5,0.0,-999.0,0,0.0,0.073
1969-12-31 22:17:24.428000,11844428,0.0,27.5,1029.7,0.0,-999.0,0,0.0,0.077
1969-12-31 22:17:26.428000,11846428,0.0,27.5,1029.7,0.0,-999.0,0,0.0,0.074
1969-12-31 22:17:28.428000,11848428,0.0,27.5,1029.9,0.0,-999.0,0,0.0,0.078
1969-12-31 22:17:30.428000,11850428,0.0,27.5,1030.5,0.0,-999.0,0,0.0,0.076
1969-12-31 22:17:32.428000,11852428,0.0,27.5,1030.3,0.0,-999.0,0,0.0,0.078
1969-12-31 22:17:34.428000,11854428,0.0,27.4,1030.0,0.0,-999.0,0,0.0,0.078
1969-12-31 22:17:36.428000,11856428,0.0,27.5,1030.4,0.0,-999.0,0,0.0,0.081
1969-12-31 22:17:38.428000,11858428,0.0,27.5,1029.6,0.0,-999.0,0,0.0,0.077
1969-12-31 22:17:40.428000,11860428,0.0,27.5,1029.6,0.0,-999.0,0,0.0,0.081
1969-12-31 22:17:42.428000,11862428,0.0,27.5,1030.0,0.0,-999.0,0,0.0,0.077
1969-12-31 22:17:44.428000,11864428,0.0,27.5,1030.0,0.0,-999.0,0,0.0,0.081
1969-12-31 22:17:46.428000,11866428,0.0,27.5,1030.5,0.0,-999.0,0,0.0,0.073
1969-12-31 22:17:48.428000,11868428,0.0,27.5,1030.1,0.0,-999.0,0,0.0,0.075
1969-12-31 22:17:50.428000,11870428,0.0,27.5,1030.3,0.0,-999.0,0,0.0,0.071
1969-12-31 22:17:52.428000,11872428,0.0,27.5,1029.7,0.0,-999.0,0,0.0,0.075
1969-12-31 22:17:54.428000,11874428,0.0,27.5,1030.1,0.0,-999.0,0,0.0,0.081
1969-12-31 22:17:56.428000,11876428,0.0,27.5,1030.1,0.0,-999.0,0,0.0,0.072
1969-12-31 22:17:58.428000,11878428,0.0,27.5,1029.9,0.0,-999.0,0,0.0,0.078
1969-12-31 22:18:00.428000,11880428,0.0,27.5,1029.9,0.0,-999.0,0,0.0,0.073
1969-12-31 22:18:02.428000,11882428,0.0,27.5,1030.4,0.0,-999.0,0,0.0,0.08
1969-12-31 22:18:04.438000,11884438,0.0,27.4,1030.4,0.0,-999.0,0,0.0,0.077
1969-12-31 22:18:06.428000,11886428,0.0,27.4,1030.0,0.0,-999.0,0,0.0,0.077
1969-12-31 22:18:08.428000,11888428,0.0,27.4,1030.4,0.0,-999.0,0,0.0,0.075
1969-12-31 22:18:10.428000,11890428,0.0,27.4,1030.3,0.0,-999.0,0,0.0,0.073
1969-12-31 22:18:12.428000,11892428,0.0,27.5,1030.4,0.0,-999.0,0,0.0,0.075
1969-12-31 22:18:14.428000,11894428,0.0,27.4,1030.1,0.0,-999.0,0,0.0,0.077
1969-12-31 22:18:16.438000,11896438,0.0,27.5,1030.0,0.0,-999.0,0,0.0,0.077
1969-12-31 22:18:18.438000,11898438,0.0,27.5,1029.9,0.0,-999.0,0,0.0,0.077
1969-12-31 22:18:20.428000,11900428,0.0,27.4,1030.3,0.0,-999.0,0,0.0,0.076
1969-12-31 22:18:22.428000,11902428,0.0,27.5,1030.5,0.0,-999.0,0,0.0,0.076
1969-12-31 22:18:24.438000,11904438,0.0,27.5,1030.5,0.0,-999.0,0,0.0,0.073
1969-12-31 22:18:26.438000,11906438,0.0,27.5,1030.5,0.0,-999.0,0,0.0,0.078
1969-12-31 22:18:28.438000,11908438,0.0,27.5,1030.0,0.0,-999.0,0,0.0,0.073
1969-12-31 22:18:30.438000,11910438,0.0,27.5,1030.3,0.0,-999.0,0,0.0,0.078
1969-12-31 22:18:32.438000,11912438,0.0,27.5,1030.0,0.0,-999.0,0,0.0,0.071
1969-12-31 22:18:34.438000,11914438,0.0,27.4,1030.0,0.0,-999.0,0,0.0,0.078
1969-12-31 22:18:36.438000,11916438,0.0,27.5,1030.0,0.0,-999.0,0,0.0,0.077
1969-12-31 22:18:38.438000,11918438,0.0,27.5,1030.4,0.0,-999.0,0,0.0,0.077
1969-12-31 22:18:40.438000,11920438,0.0,27.5,1030.3,0.0,-999.0,0,0.0,0.076
1969-12-31 22:18:42.438000,11922438,0.0,27.5,1029.1,0.0,-999.0,0,0.1,0.084
1969-12-31 22:18:44.438000,11924438,0.0,27.5,1030.5,0.0,-999.0,0,0.0,0.071
1969-12-31 22:18:46.438000,11926438,0.0,27.5,1029.7,0.0,-999.0,0,0.0,0.072
1969-12-31 22:18:48.438000,11928438,0.0,27.4,1030.1,0.0,-999.0,0,0.0,0.073
1969-12-31 22:18:50.438000,11930438,0.0,27.4,1028.8,0.0,-999.0,0,0.0,0.075
1969-12-31 22:18:52.438000,11932438,0.0,27.5,1030.4,0.0,-999.0,0,0.0,0.073
1969-12-31 22:18:54.438000,11934438,0.0,27.4,1030.5,0.0,-999.0,0,0.0,0.073
1969-12-31 22:18:56.438000,11936438,0.0,27.5,1029.5,0.0,-999.0,0,0.0,0.079
1969-12-31 22:18:58.438000,11938438,0.0,27.4,1030.5,0.0,-999.0,0,0.0,0.077
1969-12-31 22:19:00.438000,11940438,0.0,27.4,1029.1,0.0,-999.0,0,0.0,0.077
1969-12-31 22:19:02.438000,11942438,0.0,27.4,1029.9,0.0,-999.0,0,0.0,0.075
1969-12-31 22:19:04.438000,11944438,0.0,27.4,1029.1,0.0,-999.0,0,0.0,0.072
1969-12-31 22:19:06.438000,11946438,0.0,27.4,1029.9,0.0,-999.0,0,0.0,0.077
1969-12-31 22:19:08.438000,11948438,0.0,27.4,1029.6,0.0,-999.0,0,0.0,0.077
1969-12-31 22:19:10.438000,11950438,0.0,27.5,1029.9,0.0,-999.0,0,0.0,0.074
1969-12-31 22:19:12.438000,11952438,0.0,27.4,1030.1,0.0,-999.0,0,0.0,0.078
1969-12-31 22:19:14.438000,11954438,0.0,27.4,1030.1,0.0,-999.0,0,0.0,0.073
1969-12-31 22:19:16.438000,11956438,0.0,27.4,1030.1,0.0,-999.0,0,0.0,0.076
1969-12-31 22:19:18.438000,11958438,0.0,27.4,1030.1,0.0,-999.0,0,0.0,0.074
1969-12-31 22:19:20.438000,11960438,0.0,27.4,1029.9,0.0,-999.0,0,0.0,0.078
1969-12-31 22:19:22.438000,11962438,0.0,27.5,1030.3,0.0,-999.0,0,0.0,0.077
1969-12-31 22:19:24.438000,11964438,0.0,27.5,1029.9,0.0,-999.0,0,0.0,0.078
1969-12-31 22:19:26.438000,11966438,0.0,27.5,1030.4,0.0,-999.0,0,0.0,0.076
1969-12-31 22:19:28.438000,11968438,0.0,27.4,1030.3,0.0,-999.0,0,0.0,0.074
1969-12-31 22:19:30.438000,11970438,0.0,27.5,1030.4,0.0,-999.0,0,0.0,0.076
1969-12-31 22:19:32.438000,11972438,0.0,27.4,1030.3,0.0,-999.0,0,0.0,0.078
1969-12-31 22:19:34.438000,11974438,0.0,27.4,1029.9,0.0,-999.0,0,0.0,0.077
1969-12-31 22:19:36.438000,11976438,0.0,27.4,1029.9,0.0,-999.0,0,0.0,0.079
1969-12-31 22:19:38.438000,11978438,0.0,27.4,1030.3,0.0,-999.0,0,0.0,0.077
1969-12-31 22:19:40.438000,11980438,0.0,27.4,1029.9,0.0,-999.0,0,0.1,0.082
1969-12-31 22:19:42.438000,11982438,0.0,27.5,1029.7,0.0,-999.0,0,0.0,0.081
1969-12-31 22:19:44.438000,11984438,0.0,27.4,1029.6,0.0,-999.0,0,0.0,0.073
1969-12-31 22:19:46.438000,11986438,0.0,27.4,1030.4,0.0,-999.0,0,0.0,0.077
1969-12-31 22:19:48.438000,11988438,0.0,27.4,1029.6,0.0,-999.0,0,0.0,0.074
1969-12-31 22:19:50.438000,11990438,0.0,27.4,1029.9,0.0,-999.0,0,0.0,0.073
1969-12-31 22:19:52.438000,11992438,0.0,27.4,1029.9,0.0,-999.0,0,0.0,0.076
1969-12-31 22:19:54.438000,11994438,0.0,27.4,1030.4,0.0,-999.0,0,0.1,0.082
1969-12-31 22:19:56.438000,11996438,0.0,27.4,1030.5,0.0,-999.0,0,0.0,0.075
1969-12-31 22:19:58.438000,11998438,0.0,27.4,1030.5,0.0,-999.0,0,0.0,0.079
1969-12-31 22:20:00.438000,12000438,0.0,27.4,1030.7,0.0,-999.0,0,0.0,0.077
1969-12-31 22:20:02.438000,12002438,0.0,27.4,1030.0,0.0,-999.0,0,0.0,0.076
1969-12-31 22:20:04.438000,12004438,0.0,27.4,1030.4,0.0,-999.0,0,0.0,0.068
1969-12-31 22:20:06.438000,12006438,0.0,27.4,1030.3,0.0,-999.0,0,0.0,0.075
1969-12-31 22:20:08.438000,12008438,0.0,27.4,1030.5,0.0,-999.0,0,0.0,0.081
1969-12-31 22:20:10.438000,12010438,0.0,27.4,1030.5,0.0,-999.0,0,0.0,0.081
1969-12-31 22:20:12.438000,12012438,0.0,27.4,1030.5,0.0,-999.0,0,0.0,0.072
1969-12-31 22:20:14.438000,12014438,0.0,27.4,1030.3,0.0,-999.0,0,0.0,0.078
1969-12-31 22:20:16.438000,12016438,0.0,27.4,1030.5,0.0,-999.0,0,0.0,0.077
1969-12-31 22:20:18.438000,12018438,0.0,27.4,1030.4,0.0,-999.0,0,0.0,0.073
1969-12-31 22:20:20.438000,12020438,0.0,27.4,1030.5,0.0,-999.0,0,0.0,0.071
1969-12-31 22:20:22.438000,12022438,0.0,27.4,1030.3,0.0,-999.0,0,0.0,0.076
1969-12-31 22:20:24.438000,12024438,0.0,27.4,1030.3,0.0,-999.0,0,0.0,0.077
1969-12-31 22:20:26.438000,12026438,0.0,27.4,1030.3,0.0,-999.0,0,0.0,0.079
1969-12-31 22:20:28.438000,12028438,0.0,27.4,1030.7,0.0,-999.0,0,0.0,0.078
1969-12-31 22:20:30.438000,12030438,0.0,27.4,1030.1,0.0,-999.0,0,0.0,0.081
1969-12-31 22:20:32.438000,12032438,0.0,27.4,1030.5,0.0,-999.0,0,0.0,0.077
1969-12-31 22:20:34.438000,12034438,0.0,27.4,1030.5,0.0,-999.0,0,0.0,0.077
1969-12-31 22:20:36.438000,12036438,0.0,27.4,1030.7,0.0,-999.0,0,0.0,0.07
1969-12-31 22:20:38.438000,12038438,0.0,27.4,1030.5,0.0,-999.0,0,0.0,0.07
1969-12-31 22:20:40.439000,12040439,0.0,27.4,1030.3,0.0,-999.0,0,0.0,0.073
1969-12-31 22:20:42.438000,12042438,0.0,27.4,1030.1,0.0,-999.0,0,0.0,0.077
1969-12-31 22:20:44.438000,12044438,0.0,27.4,1030.4,0.0,-999.0,0,0.0,0.081
1969-12-31 22:20:46.438000,12046438,0.0,27.4,1029.9,0.0,-999.0,0,0.0,0.079
1969-12-31 22:20:48.438000,12048438,0.0,27.4,1030.0,0.0,-999.0,0,0.0,0.074
1969-12-31 22:20:50.438000,12050438,0.0,27.4,1030.1,0.0,-999.0,0,0.0,0.081
1969-12-31 22:20:52.438000,12052438,0.0,27.4,1030.5,0.0,-999.0,0,0.0,0.071
1969-12-31 22:20:54.438000,12054438,0.0,27.4,1030.3,0.0,-999.0,0,0.0,0.077
1969-12-31 22:20:56.438000,12056438,0.0,27.4,1030.5,0.0,-999.0,0,0.0,0.077
1969-12-31 22:20:58.438000,12058438,0.0,27.4,1030.4,0.0,-999.0,0,0.0,0.077
1969-12-31 22:21:00.438000,12060438,0.0,27.4,1030.0,0.0,-999.0,0,0.0,0.076
1969-12-31 22:21:02.438000,12062438,0.0,27.4,1030.5,0.0,-999.0,0,0.0,0.073
1969-12-31 22:21:04.438000,12064438,0.0,27.4,1030.5,0.0,-999.0,0,0.0,0.077
1969-12-31 22:21:06.438000,12066438,0.0,27.4,1030.0,0.0,-999.0,0,0.0,0.079
1969-12-31 22:21:08.438000,12068438,0.0,27.4,1030.3,0.0,-999.0,0,0.0,0.076
1969-12-31 22:21:10.438000,12070438,0.0,27.4,1029.7,0.0,-999.0,0,0.0,0.074
1969-12-31 22:21:12.438000,12072438,0.0,27.4,1030.4,0.0,-999.0,0,0.0,0.071
1969-12-31 22:21:14.438000,12074438,0.0,27.4,1030.7,0.0,-999.0,0,0.0,0.069
1969-12-31 22:21:16.438000,12076438,0.0,27.4,1030.3,0.0,-999.0,0,0.0,0.08
1969-12-31 22:21:18.438000,12078438,0.0,27.4,1030.4,0.0,-999.0,0,0.0,0.073
1969-12-31 22:21:20.438000,12080438,0.0,27.4,1030.7,0.0,-999.0,0,0.0,0.077
1969-12-31 22:21:22.438000,12082438,0.0,27.4,1030.5,0.0,-999.0,0,0.0,0.073
1969-12-31 22:21:24.438000,12084438,0.0,27.4,1029.9,0.0,-999.0,0,0.0,0.07
1969-12-31 22:21:26.438000,12086438,0.0,27.4,1030.3,0.0,-999.0,0,0.1,0.082
1969-12-31 22:21:28.438000,12088438,0.0,27.4,1030.3,0.0,-999.0,0,0.0,0.08
1969-12-31 22:21:30.438000,12090438,0.0,27.4,1030.3,0.0,-999.0,0,0.0,0.077
1969-12-31 22:21:32.438000,12092438,0.0,27.4,1030.5,0.0,-999.0,0,0.0,0.075
1969-12-31 22:21:34.438000,12094438,0.0,27.4,1030.7,0.0,-999.0,0,0.0,0.072
1969-12-31 22:21:36.439000,12096439,0.0,27.4,1030.5,0.0,-999.0,0,0.0,0.078
1969-12-31 22:21:38.438000,12098438,0.0,27.4,1030.3,0.0,-999.0,0,0.0,0.076
1969-12-31 22:21:40.438000,12100438,0.0,27.4,1030.5,0.0,-999.0,0,0.0,0.075
1969-12-31 22:21:42.438000,12102438,0.0,27.4,1030.4,0.0,-999.0,0,0.0,0.076
1969-12-31 22:21:44.438000,12104438,0.0,27.4,1030.5,0.0,-999.0,0,0.0,0.077
1969-12-31 22:21:46.438000,12106438,0.0,27.4,1030.4,0.0,-999.0,0,0.0,0.078
1969-12-31 22:21:48.438000,12108438,0.0,27.4,1030.7,0.0,-999.0,0,0.0,0.075
1969-12-31 22:21:50.438000,12110438,0.0,27.4,1030.5,0.0,-999.0,0,0.0,0.075
1969-12-31 22:21:52.438000,12112438,0.0,27.4,1030.7,0.0,-999.0,0,0.0,0.081
1969-12-31 22:21:54.438000,12114438,0.0,27.4,1030.1,0.0,-999.0,0,0.0,0.08
1969-12-31 22:21:56.438000,12116438,0.0,27.4,1030.7,0.0,-999.0,0,0.0,0.075
1969-12-31 22:21:58.438000,12118438,0.0,27.4,1030.4,0.0,-999.0,0,0.1,0.082
1969-12-31 22:22:00.438000,12120438,0.0,27.4,1030.5,0.0,-999.0,0,0.0,0.079
1969-12-31 22:22:02.438000,12122438,0.0,27.4,1029.9,0.0,-999.0,0,0.1,0.082
1969-12-31 22:22:04.438000,12124438,0.0,27.4,1029.9,0.0,-999.0,0,0.0,0.079
1969-12-31 22:22:06.438000,12126438,0.0,27.4,1030.7,0.0,-999.0,0,0.0,0.077
1969-12-31 22:22:08.438000,12128438,0.0,27.4,1030.5,0.0,-999.0,0,0.0,0.074
1969-12-31 22:22:10.438000,12130438,0.0,27.4,1030.5,0.0,-999.0,0,0.0,0.077
1969-12-31 22:22:12.438000,12132438,0.0,27.4,1030.3,0.0,-999.0,0,0.0,0.073
1969-12-31 22:22:14.438000,12134438,0.0,27.4,1030.0,0.0,-999.0,0,0.0,0.077
1969-12-31 22:22:16.438000,12136438,0.0,27.4,1030.0,0.0,-999.0,0,0.0,0.073
1969-12-31 22:22:18.438000,12138438,0.0,27.4,1030.0,0.0,-999.0,0,0.0,0.077
1969-12-31 22:22:20.438000,12140438,0.0,27.4,1030.3,0.0,-999.0,0,0.0,0.079
1969-12-31 22:22:22.438000,12142438,0.0,27.4,1029.9,0.0,-999.0,0,0.0,0.08
1969-12-31 22:22:24.438000,12144438,0.0,27.4,1030.4,0.0,-999.0,0,0.0,0.077
1969-12-31 22:22:26.438000,12146438,0.0,27.4,1030.3,0.0,-999.0,0,0.0,0.073
1969-12-31 22:22:28.438000,12148438,0.0,27.4,1030.7,0.0,-999.0,0,0.0,0.077
1969-12-31 22:22:30.438000,12150438,0.0,27.4,1030.4,0.0,-999.0,0,0.0,0.077
1969-12-31 22:22:32.438000,12152438,0.0,27.4,1030.3,0.0,-999.0,0,0.0,0.077
1969-12-31 22:22:34.438000,12154438,0.0,27.4,1030.5,0.0,-999.0,0,0.0,0.078
1969-12-31 22:22:36.438000,12156438,0.0,27.4,1030.3,0.0,-999.0,0,0.0,0.079
1969-12-31 22:22:38.438000,12158438,0.0,27.4,1030.5,0.0,-999.0,0,0.0,0.079
1969-12-31 22:22:40.438000,12160438,0.0,27.4,1030.5,0.0,-999.0,0,0.0,0.076
1969-12-31 22:22:42.438000,12162438,0.0,27.4,1030.4,0.0,-999.0,0,0.0,0.077
1969-12-31 22:22:44.438000,12164438,0.0,27.4,1030.5,0.0,-999.0,0,0.0,0.077
1969-12-31 22:22:46.438000,12166438,0.0,27.4,1030.4,0.0,-999.0,0,0.1,0.084
1969-12-31 22:22:48.438000,12168438,0.0,27.4,1030.1,0.0,-999.0,0,0.0,0.081
1969-12-31 22:22:50.438000,12170438,0.0,27.4,1030.0,0.0,-999.0,0,0.0,0.07
1969-12-31 22:22:52.438000,12172438,0.0,27.4,1030.7,0.0,-999.0,0,0.0,0.076
1969-12-31 22:22:54.438000,12174438,0.0,27.4,1030.4,0.0,-999.0,0,0.0,0.073
1969-12-31 22:22:56.438000,12176438,0.0,27.4,1030.5,0.0,-999.0,0,0.0,0.075
1969-12-31 22:22:58.438000,12178438,0.0,27.4,1030.5,0.0,-999.0,0,0.0,0.079
1969-12-31 22:23:00.438000,12180438,0.0,27.4,1030.3,0.0,-999.0,0,0.0,0.079
1969-12-31 22:23:02.438000,12182438,0.0,27.4,1030.4,0.0,-999.0,0,0.0,0.078
1969-12-31 22:23:04.438000,12184438,0.0,27.4,1030.3,0.0,-999.0,0,0.0,0.076
1969-12-31 22:23:06.438000,12186438,0.0,27.4,1030.5,0.0,-999.0,0,0.0,0.075
1969-12-31 22:23:08.438000,12188438,0.0,27.4,1030.5,0.0,-999.0,0,0.0,0.075
1969-12-31 22:23:10.438000,12190438,0.0,27.4,1030.5,0.0,-999.0,0,0.0,0.078
1969-12-31 22:23:12.438000,12192438,0.0,27.4,1029.9,0.0,-999.0,0,0.0,0.078
1969-12-31 22:23:14.438000,12194438,0.0,27.4,1030.3,0.0,-999.0,0,0.0,0.077
1969-12-31 22:23:16.438000,12196438,0.0,27.4,1030.1,0.0,-999.0,0,0.0,0.07
1969-12-31 22:23:18.438000,12198438,0.0,27.4,1030.7,0.0,-999.0,0,0.0,0.079
1969-12-31 22:23:20.438000,12200438,0.0,27.4,1030.5,0.0,-999.0,0,0.0,0.077
1969-12-31 22:23:22.438000,12202438,0.0,27.4,1030.0,0.0,-999.0,0,0.0,0.074
1969-12-31 22:23:24.438000,12204438,0.0,27.4,1030.1,0.0,-999.0,0,0.0,0.078
1969-12-31 22:23:26.438000,12206438,0.0,27.4,1030.7,0.0,-999.0,0,0.0,0.073
1969-12-31 22:23:28.438000,12208438,0.0,27.4,1029.6,0.0,-999.0,0,0.0,0.079
1969-12-31 22:23:30.438000,12210438,0.0,27.4,1030.1,0.0,-999.0,0,0.0,0.078
1969-12-31 22:23:32.438000,12212438,0.0,27.4,1030.0,0.0,-999.0,0,0.0,0.075
1969-12-31 22:23:34.438000,12214438,0.0,27.4,1030.4,0.0,-999.0,0,0.0,0.074
1969-12-31 22:23:36.438000,12216438,0.0,27.4,1030.3,0.0,-999.0,0,0.0,0.081
1969-12-31 22:23:38.438000,12218438,0.0,27.4,1030.4,0.0,-999.0,0,0.0,0.079
1969-12-31 22:23:40.438000,12220438,0.0,27.4,1029.9,0.0,-999.0,0,0.0,0.077
1969-12-31 22:23:42.438000,12222438,0.0,27.4,1030.0,0.0,-999.0,0,0.0,0.08
1969-12-31 22:23:44.438000,12224438,0.0,27.4,1030.4,0.0,-999.0,0,0.0,0.078
1969-12-31 22:23:46.438000,12226438,0.0,27.4,1030.4,0.0,-999.0,0,0.0,0.07
1969-12-31 22:23:48.438000,12228438,0.0,27.4,1030.3,0.0,-999.0,0,0.0,0.076
1969-12-31 22:23:50.438000,12230438,0.0,27.4,1030.4,0.0,-999.0,0,0.0,0.074
1969-12-31 22:23:52.438000,12232438,0.0,27.4,1030.5,0.0,-999.0,0,0.0,0.08
1969-12-31 22:23:54.438000,12234438,0.0,27.4,1030.3,0.0,-999.0,0,0.0,0.078
1969-12-31 22:23:56.438000,12236438,0.0,27.4,1030.7,0.0,-999.0,0,0.0,0.076
1969-12-31 22:23:58.438000,12238438,0.0,27.4,1030.7,0.0,-999.0,0,0.0,0.075
1969-12-31 22:24:00.438000,12240438,0.0,27.4,1030.5,0.0,-999.0,0,0.0,0.078
1969-12-31 22:24:02.438000,12242438,0.0,27.4,1030.3,0.0,-999.0,0,0.0,0.079
1969-12-31 22:24:04.438000,12244438,0.0,27.4,1030.1,0.0,-999.0,0,0.0,0.07
1969-12-31 22:24:06.438000,12246438,0.0,27.4,1029.9,0.0,-999.0,0,0.0,0.077
1969-12-31 22:24:08.438000,12248438,0.0,27.4,1030.5,0.0,-999.0,0,0.0,0.073
1969-12-31 22:24:10.438000,12250438,0.0,27.4,1030.1,0.0,-999.0,0,0.0,0.075
1969-12-31 22:24:12.438000,12252438,0.0,27.4,1030.5,0.0,-999.0,0,0.0,0.079
1969-12-31 22:24:14.438000,12254438,0.0,27.4,1030.3,0.0,-999.0,0,0.0,0.076
1969-12-31 22:24:16.438000,12256438,0.0,27.4,1030.4,0.0,-999.0,0,0.0,0.079
1969-12-31 22:24:18.438000,12258438,0.0,27.4,1030.5,0.0,-999.0,0,0.0,0.077
1969-12-31 22:24:20.438000,12260438,0.0,27.4,1030.5,0.0,-999.0,0,0.0,0.073
1969-12-31 22:24:22.438000,12262438,0.0,27.4,1029.7,0.0,-999.0,0,0.0,0.079
1969-12-31 22:24:24.438000,12264438,0.0,27.4,1030.5,0.0,-999.0,0,0.0,0.077
1969-12-31 22:24:26.438000,12266438,0.0,27.4,1030.5,0.0,-999.0,0,0.0,0.078
1969-12-31 22:24:28.438000,12268438,0.0,27.3,1030.3,0.0,-999.0,0,0.0,0.081
1969-12-31 22:24:30.438000,12270438,0.0,27.4,1030.4,0.0,-999.0,0,0.0,0.08
1969-12-31 22:24:32.438000,12272438,0.0,27.4,1030.3,0.0,-999.0,0,0.0,0.076
1969-12-31 22:24:34.438000,12274438,0.0,27.4,1030.5,0.0,-999.0,0,0.0,0.073
1969-12-31 22:24:36.438000,12276438,0.0,27.4,1030.4,0.0,-999.0,0,0.0,0.079
1969-12-31 22:24:38.438000,12278438,0.0,27.4,1030.1,0.0,-999.0,0,0.0,0.074
1969-12-31 22:24:40.438000,12280438,0.0,27.4,1030.7,0.0,-999.0,0,0.0,0.077
1969-12-31 22:24:42.438000,12282438,0.0,27.4,1030.5,0.0,-999.0,0,0.0,0.075
1969-12-31 22:24:44.439000,12284439,0.0,27.4,1030.4,0.0,-999.0,0,0.0,0.08
1969-12-31 22:24:46.438000,12286438,0.0,27.4,1030.0,0.0,-999.0,0,0.0,0.076
1969-12-31 22:24:48.438000,12288438,0.0,27.4,1029.9,0.0,-999.0,0,0.0,0.075
1969-12-31 22:24:50.438000,12290438,0.0,27.4,1030.0,0.0,-999.0,0,0.0,0.081
1969-12-31 22:24:52.438000,12292438,0.0,27.4,1030.4,0.0,-999.0,0,0.0,0.08
1969-12-31 22:24:54.438000,12294438,0.0,27.4,1030.0,0.0,-999.0,0,0.0,0.077
1969-12-31 22:24:56.438000,12296438,0.0,27.4,1030.4,0.0,-999.0,0,0.0,0.08
1969-12-31 22:24:58.438000,12298438,0.0,27.4,1030.3,0.0,-999.0,0,0.0,0.077
1969-12-31 22:25:00.438000,12300438,0.0,27.4,1030.3,0.0,-999.0,0,0.0,0.075
1969-12-31 22:25:02.438000,12302438,0.0,27.4,1030.3,0.0,-999.0,0,0.0,0.069
1969-12-31 22:25:04.438000,12304438,0.0,27.4,1030.3,0.0,-999.0,0,0.0,0.075
1969-12-31 22:25:06.438000,12306438,0.0,27.4,1030.4,0.0,-999.0,0,0.0,0.076
1969-12-31 22:25:08.438000,12308438,0.0,27.4,1030.0,0.0,-999.0,0,0.0,0.071
1969-12-31 22:25:10.438000,12310438,0.0,27.4,1030.5,0.0,-999.0,0,0.0,0.078
1969-12-31 22:25:12.438000,12312438,0.0,27.4,1030.0,0.0,-999.0,0,0.0,0.072
1969-12-31 22:25:14.438000,12314438,0.0,27.4,1030.4,0.0,-999.0,0,0.0,0.078
1969-12-31 22:25:16.438000,12316438,0.0,27.4,1030.7,0.0,-999.0,0,0.0,0.073
1969-12-31 22:25:18.438000,12318438,0.0,27.4,1030.5,0.0,-999.0,0,0.0,0.076
1969-12-31 22:25:20.438000,12320438,0.0,27.4,1029.7,0.0,-999.0,0,0.0,0.079
1969-12-31 22:25:22.438000,12322438,0.0,27.4,1030.5,0.0,-999.0,0,0.0,0.076
1969-12-31 22:25:24.438000,12324438,0.0,27.4,1030.1,0.0,-999.0,0,0.0,0.078
1969-12-31 22:25:26.438000,12326438,0.0,27.4,1030.5,0.0,-999.0,0,0.0,0.075
1969-12-31 22:25:28.438000,12328438,0.0,27.4,1030.4,0.0,-999.0,0,0.0,0.077
1969-12-31 22:25:30.438000,12330438,0.0,27.4,1030.5,0.0,-999.0,0,0.0,0.079
1969-12-31 22:25:32.438000,12332438,0.0,27.4,1030.4,0.0,-999.0,0,0.0,0.078
1969-12-31 22:25:34.438000,12334438,0.0,27.4,1030.4,0.0,-999.0,0,0.0,0.076
1969-12-31 22:25:36.438000,12336438,0.0,27.4,1030.5,0.0,-999.0,0,0.0,0.074
1969-12-31 22:25:38.438000,12338438,0.0,27.4,1030.5,0.0,-999.0,0,0.0,0.078
1969-12-31 22:25:40.438000,12340438,0.0,27.4,1030.0,0.0,-999.0,0,0.0,0.073
1969-12-31 22:25:42.438000,12342438,0.0,27.4,1030.3,0.0,-999.0,0,0.0,0.078
1969-12-31 22:25:44.438000,12344438,0.0,27.4,1030.4,0.0,-999.0,0,0.0,0.075
1969-12-31 22:25:46.438000,12346438,0.0,27.4,1030.4,0.0,-999.0,0,0.0,0.075
1969-12-31 22:25:48.438000,12348438,0.0,27.4,1029.7,0.0,-999.0,0,0.0,0.073
1969-12-31 22:25:50.438000,12350438,0.0,27.4,1030.5,0.0,-999.0,0,0.0,0.071
1969-12-31 22:25:52.438000,12352438,0.0,27.4,1030.0,0.0,-999.0,0,0.0,0.077
1969-12-31 22:25:54.438000,12354438,0.0,27.4,1030.3,0.0,-999.0,0,0.0,0.077
1969-12-31 22:25:56.438000,12356438,0.0,27.4,1030.3,0.0,-999.0,0,0.0,0.078
1969-12-31 22:25:58.438000,12358438,0.0,27.4,1030.3,0.0,-999.0,0,0.0,0.081
1969-12-31 22:26:00.438000,12360438,0.0,27.4,1030.4,0.0,-999.0,0,0.1,0.082
1969-12-31 22:26:02.438000,12362438,0.0,27.4,1030.1,0.0,-999.0,0,0.0,0.075
1969-12-31 22:26:04.438000,12364438,0.0,27.4,1030.3,0.0,-999.0,0,0.0,0.07
1969-12-31 22:26:06.438000,12366438,0.0,27.4,1030.5,0.0,-999.0,0,0.0,0.078
1969-12-31 22:26:08.438000,12368438,0.0,27.4,1030.5,0.0,-999.0,0,0.0,0.076
1969-12-31 22:26:10.438000,12370438,0.0,27.4,1030.3,0.0,-999.0,0,0.0,0.079
1969-12-31 22:26:12.438000,12372438,0.0,27.4,1030.0,0.0,-999.0,0,0.0,0.076
1969-12-31 22:26:14.438000,12374438,0.0,27.4,1030.1,0.0,-999.0,0,0.0,0.078
1969-12-31 22:26:16.438000,12376438,0.0,27.4,1030.3,0.0,-999.0,0,0.0,0.077
1969-12-31 22:26:18.438000,12378438,0.0,27.4,1029.7,0.0,-999.0,0,0.0,0.077
1969-12-31 22:26:20.438000,12380438,0.0,27.4,1030.1,0.0,-999.0,0,0.0,0.072
1969-12-31 22:26:22.438000,12382438,0.0,27.3,1030.5,0.0,-999.0,0,0.0,0.081
1969-12-31 22:26:24.438000,12384438,0.0,27.4,1030.5,0.0,-999.0,0,0.0,0.077
1969-12-31 22:26:26.438000,12386438,0.0,27.4,1030.3,0.0,-999.0,0,0.0,0.072
1969-12-31 22:26:28.438000,12388438,0.0,27.3,1030.0,0.0,-999.0,0,0.0,0.074
1969-12-31 22:26:30.438000,12390438,0.0,27.4,1030.0,0.0,-999.0,0,0.0,0.08
1969-12-31 22:26:32.438000,12392438,0.0,27.4,1030.5,0.0,-999.0,0,0.0,0.073
1969-12-31 22:26:34.438000,12394438,0.0,27.3,1030.3,0.0,-999.0,0,0.0,0.081
1969-12-31 22:26:36.438000,12396438,0.0,27.3,1030.5,0.0,-999.0,0,0.0,0.078
1969-12-31 22:26:38.438000,12398438,0.0,27.3,1030.7,0.0,-999.0,0,0.0,0.077
1969-12-31 22:26:40.438000,12400438,0.0,27.4,1030.3,0.0,-999.0,0,0.0,0.079
1969-12-31 22:26:42.438000,12402438,0.0,27.3,1030.5,0.0,-999.0,0,0.0,0.077
1969-12-31 22:26:44.448000,12404448,0.0,27.3,1030.0,0.0,-999.0,0,0.0,0.071
1969-12-31 22:26:46.448000,12406448,0.0,27.4,1030.1,0.0,-999.0,0,0.0,0.073
1969-12-31 22:26:48.528000,12408528,0.0,27.4,1030.1,0.0,-999.0,0,0.0,0.081
1969-12-31 22:26:50.438000,12410438,0.0,27.4,1030.5,0.0,-999.0,0,0.0,0.073
1969-12-31 22:26:52.448000,12412448,0.0,27.4,1030.0,0.0,-999.0,0,0.0,0.08
1969-12-31 22:26:54.448000,12414448,0.0,27.3,1030.4,0.0,-999.0,0,0.0,0.078
1969-12-31 22:26:56.448000,12416448,0.0,27.4,1030.1,0.0,-999.0,0,0.0,0.077
1969-12-31 22:26:58.448000,12418448,0.0,27.4,1030.3,0.0,-999.0,0,0.0,0.073
1969-12-31 22:27:00.448000,12420448,0.0,27.4,1030.4,0.0,-999.0,0,0.0,0.077
1969-12-31 22:27:02.448000,12422448,0.0,27.4,1030.5,0.0,-999.0,0,0.0,0.071
1969-12-31 22:27:04.448000,12424448,0.0,27.4,1030.3,0.0,-999.0,0,0.0,0.073
1969-12-31 22:27:06.448000,12426448,0.0,27.3,1030.5,0.0,-999.0,0,0.0,0.075
1969-12-31 22:27:08.448000,12428448,0.0,27.3,1030.5,0.0,-999.0,0,0.0,0.078
1969-12-31 22:27:10.448000,12430448,0.0,27.3,1030.3,0.0,-999.0,0,0.0,0.074
1969-12-31 22:27:12.448000,12432448,0.0,27.4,1030.4,0.0,-999.0,0,0.0,0.074
1969-12-31 22:27:14.448000,12434448,0.0,27.4,1030.4,0.0,-999.0,0,0.0,0.08
1969-12-31 22:27:16.448000,12436448,0.0,27.3,1030.3,0.0,-999.0,0,0.0,0.08
1969-12-31 22:27:18.448000,12438448,0.0,27.4,1030.0,0.0,-999.0,0,0.0,0.077
1969-12-31 22:27:20.448000,12440448,0.0,27.4,1030.4,0.0,-999.0,0,0.0,0.079
1969-12-31 22:27:22.448000,12442448,0.0,27.3,1030.1,0.0,-999.0,0,0.0,0.075
1969-12-31 22:27:24.448000,12444448,0.0,27.3,1029.9,0.0,-999.0,0,0.0,0.072
1969-12-31 22:27:26.448000,12446448,0.0,27.4,1030.5,0.0,-999.0,0,0.0,0.077
1969-12-31 22:27:28.448000,12448448,0.0,27.3,1030.3,0.0,-999.0,0,0.0,0.077
1969-12-31 22:27:30.448000,12450448,0.0,27.3,1030.3,0.0,-999.0,0,0.0,0.08
1969-12-31 22:27:32.448000,12452448,0.0,27.3,1030.0,0.0,-999.0,0,0.0,0.08
1969-12-31 22:27:34.448000,12454448,0.0,27.4,1030.3,0.0,-999.0,0,0.0,0.077
1969-12-31 22:27:36.448000,12456448,0.0,27.3,1030.4,0.0,-999.0,0,0.1,0.085
1969-12-31 22:27:38.448000,12458448,0.0,27.3,1030.5,0.0,-999.0,0,0.0,0.074
1969-12-31 22:27:40.448000,12460448,0.0,27.3,1030.3,0.0,-999.0,0,0.0,0.077
1969-12-31 22:27:42.448000,12462448,0.0,27.3,1030.4,0.0,-999.0,0,0.0,0.081
1969-12-31 22:27:44.448000,12464448,0.0,27.3,1030.5,0.0,-999.0,0,0.0,0.076
1969-12-31 22:27:46.448000,12466448,0.0,27.3,1030.5,0.0,-999.0,0,0.0,0.078
1969-12-31 22:27:48.448000,12468448,0.0,27.3,1030.4,0.0,-999.0,0,0.0,0.077
1969-12-31 22:27:50.448000,12470448,0.0,27.3,1030.3,0.0,-999.0,0,0.0,0.073
1969-12-31 22:27:52.448000,12472448,0.0,27.3,1030.1,0.0,-999.0,0,0.0,0.081
1969-12-31 22:27:54.448000,12474448,0.0,27.3,1030.5,0.0,-999.0,0,0.0,0.077
1969-12-31 22:27:56.448000,12476448,0.0,27.3,1030.4,0.0,-999.0,0,0.0,0.073
1969-12-31 22:27:58.448000,12478448,0.0,27.3,1030.5,0.0,-999.0,0,0.0,0.073
1969-12-31 22:28:00.448000,12480448,0.0,27.3,1030.4,0.0,-999.0,0,0.0,0.08
1969-12-31 22:28:02.448000,12482448,0.0,27.3,1030.0,0.0,-999.0,0,0.0,0.08
1969-12-31 22:28:04.448000,12484448,0.0,27.3,1030.5,0.0,-999.0,0,0.0,0.077
1969-12-31 22:28:06.448000,12486448,0.0,27.3,1030.3,0.0,-999.0,0,0.0,0.076
1969-12-31 22:28:08.448000,12488448,0.0,27.3,1030.3,0.0,-999.0,0,0.0,0.08
1969-12-31 22:28:10.448000,12490448,0.0,27.3,1030.4,0.0,-999.0,0,0.0,0.077
1969-12-31 22:28:12.448000,12492448,0.0,27.3,1030.4,0.0,-999.0,0,0.1,0.082
1969-12-31 22:28:14.448000,12494448,0.0,27.3,1030.4,0.0,-999.0,0,0.0,0.075
1969-12-31 22:28:16.448000,12496448,0.0,27.3,1030.5,0.0,-999.0,0,0.0,0.08
1969-12-31 22:28:18.448000,12498448,0.0,27.3,1030.3,0.0,-999.0,0,0.0,0.078
1969-12-31 22:28:20.448000,12500448,0.0,27.3,1030.4,0.0,-999.0,0,0.0,0.075
1969-12-31 22:28:22.448000,12502448,0.0,27.3,1030.4,0.0,-999.0,0,0.0,0.081
1969-12-31 22:28:24.448000,12504448,0.0,27.3,1030.7,0.0,-999.0,0,0.1,0.083
1969-12-31 22:28:26.448000,12506448,0.0,27.3,1030.4,0.0,-999.0,0,0.0,0.081
1969-12-31 22:28:28.448000,12508448,0.0,27.3,1030.0,0.0,-999.0,0,0.0,0.077
1969-12-31 22:28:30.448000,12510448,0.0,27.4,1030.4,0.0,-999.0,0,0.0,0.075
1969-12-31 22:28:32.448000,12512448,0.0,27.3,1030.3,0.0,-999.0,0,0.0,0.073
1969-12-31 22:28:34.448000,12514448,0.0,27.3,1029.7,0.0,-999.0,0,0.0,0.077
1969-12-31 22:28:36.448000,12516448,0.0,27.3,1029.9,0.0,-999.0,0,0.0,0.073
1969-12-31 22:28:38.448000,12518448,0.0,27.3,1030.5,0.0,-999.0,0,0.1,0.085
1969-12-31 22:28:40.448000,12520448,0.0,27.3,1030.0,0.0,-999.0,0,0.0,0.078
1969-12-31 22:28:42.448000,12522448,0.0,27.3,1030.3,0.0,-999.0,0,0.0,0.071
1969-12-31 22:28:44.448000,12524448,0.0,27.3,1030.1,0.0,-999.0,0,0.0,0.073
1969-12-31 22:28:46.448000,12526448,0.0,27.3,1030.5,0.0,-999.0,0,0.0,0.076
1969-12-31 22:28:48.448000,12528448,0.0,27.3,1030.1,0.0,-999.0,0,0.0,0.075
1969-12-31 22:28:50.448000,12530448,0.0,27.3,1030.3,0.0,-999.0,0,0.0,0.073
1969-12-31 22:28:52.448000,12532448,0.0,27.3,1030.3,0.0,-999.0,0,0.0,0.081
1969-12-31 22:28:54.448000,12534448,0.0,27.3,1030.5,0.0,-999.0,0,0.0,0.073
1969-12-31 22:28:56.448000,12536448,0.0,27.3,1030.0,0.0,-999.0,0,0.0,0.076
1969-12-31 22:28:58.448000,12538448,0.0,27.3,1030.0,0.0,-999.0,0,0.0,0.076
1969-12-31 22:29:00.448000,12540448,0.0,27.3,1030.3,0.0,-999.0,0,0.0,0.08
1969-12-31 22:29:02.448000,12542448,0.0,27.3,1030.3,0.0,-999.0,0,0.0,0.077
1969-12-31 22:29:04.448000,12544448,0.0,27.3,1030.5,0.0,-999.0,0,0.0,0.079
1969-12-31 22:29:06.448000,12546448,0.0,27.3,1030.3,0.0,-999.0,0,0.0,0.075
1969-12-31 22:29:08.448000,12548448,0.0,27.3,1030.0,0.0,-999.0,0,0.0,0.079
1969-12-31 22:29:10.448000,12550448,0.0,27.3,1030.1,0.0,-999.0,0,0.0,0.081
1969-12-31 22:29:12.448000,12552448,0.0,27.3,1030.5,0.0,-999.0,0,0.0,0.077
1969-12-31 22:29:14.448000,12554448,0.0,27.3,1030.5,0.0,-999.0,0,0.0,0.072
1969-12-31 22:29:16.448000,12556448,0.0,27.3,1030.3,0.0,-999.0,0,0.0,0.077
1969-12-31 22:29:18.448000,12558448,0.0,27.3,1030.4,0.0,-999.0,0,0.0,0.073
1969-12-31 22:29:20.448000,12560448,0.0,27.3,1030.0,0.0,-999.0,0,0.0,0.074
1969-12-31 22:29:22.448000,12562448,0.0,27.3,1030.5,0.0,-999.0,0,0.0,0.078
1969-12-31 22:29:24.448000,12564448,0.0,27.3,1030.4,0.0,-999.0,0,0.0,0.075
1969-12-31 22:29:26.448000,12566448,0.0,27.3,1030.0,0.0,-999.0,0,0.0,0.071
1969-12-31 22:29:28.448000,12568448,0.0,27.3,1030.5,0.0,-999.0,0,0.0,0.078
1969-12-31 22:29:30.448000,12570448,0.0,27.3,1030.4,0.0,-999.0,0,0.0,0.077
1969-12-31 22:29:32.448000,12572448,0.0,27.3,1030.5,0.0,-999.0,0,0.0,0.077
1969-12-31 22:29:34.448000,12574448,0.0,27.3,1030.5,0.0,-999.0,0,0.0,0.072
1969-12-31 22:29:36.448000,12576448,0.0,27.3,1030.4,0.0,-999.0,0,0.0,0.077
1969-12-31 22:29:38.448000,12578448,0.0,27.3,1030.4,0.0,-999.0,0,0.0,0.077
1969-12-31 22:29:40.448000,12580448,0.0,27.3,1030.4,0.0,-999.0,0,0.0,0.077
1969-12-31 22:29:42.448000,12582448,0.0,27.3,1030.5,0.0,-999.0,0,0.0,0.077
1969-12-31 22:29:44.448000,12584448,0.0,27.3,1030.3,0.0,-999.0,0,0.0,0.077
1969-12-31 22:29:46.448000,12586448,0.0,27.3,1030.0,0.0,-999.0,0,0.0,0.077
1969-12-31 22:29:48.448000,12588448,0.0,27.3,1030.5,0.0,-999.0,0,0.0,0.078
1969-12-31 22:29:50.448000,12590448,0.0,27.3,1030.3,0.0,-999.0,0,0.0,0.081
1969-12-31 22:29:52.448000,12592448,0.0,27.3,1030.4,0.0,-999.0,0,0.0,0.079
1969-12-31 22:29:54.448000,12594448,0.0,27.3,1030.3,0.0,-999.0,0,0.0,0.081
1969-12-31 22:29:56.448000,12596448,0.0,27.3,1030.5,0.0,-999.0,0,0.0,0.081
1969-12-31 22:29:58.448000,12598448,0.0,27.3,1030.5,0.0,-999.0,0,0.0,0.077
1969-12-31 22:30:00.448000,12600448,0.0,27.3,1030.4,0.0,-999.0,0,0.0,0.077
1969-12-31 22:30:02.448000,12602448,0.0,27.3,1030.4,0.0,-999.0,0,0.0,0.076
1969-12-31 22:30:04.448000,12604448,0.0,27.3,1030.4,0.0,-999.0,0,0.0,0.075
1969-12-31 22:30:06.448000,12606448,0.0,27.3,1030.3,0.0,-999.0,0,0.0,0.076
1969-12-31 22:30:08.448000,12608448,0.0,27.3,1030.5,0.0,-999.0,0,0.0,0.071
1969-12-31 22:30:10.448000,12610448,0.0,27.3,1030.3,0.0,-999.0,0,0.0,0.078
1969-12-31 22:30:12.448000,12612448,0.0,27.3,1030.5,0.0,-999.0,0,0.0,0.073
1969-12-31 22:30:14.448000,12614448,0.0,27.3,1030.0,0.0,-999.0,0,0.0,0.077
1969-12-31 22:30:16.448000,12616448,0.0,27.3,1030.5,0.0,-999.0,0,0.1,0.082
1969-12-31 22:30:18.448000,12618448,0.0,27.3,1030.5,0.0,-999.0,0,0.0,0.077
1969-12-31 22:30:20.448000,12620448,0.0,27.3,1030.0,0.0,-999.0,0,0.0,0.077
1969-12-31 22:30:22.448000,12622448,0.0,27.3,1030.4,0.0,-999.0,0,0.0,0.08
1969-12-31 22:30:24.448000,12624448,0.0,27.3,1030.4,0.0,-999.0,0,0.0,0.073
1969-12-31 22:30:26.448000,12626448,0.0,27.3,1030.4,0.0,-999.0,0,0.0,0.08
1969-12-31 22:30:28.448000,12628448,0.0,27.3,1030.3,0.0,-999.0,0,0.0,0.075
1969-12-31 22:30:30.448000,12630448,0.0,27.3,1029.6,0.0,-999.0,0,0.0,0.08
1969-12-31 22:30:32.448000,12632448,0.0,27.3,1029.7,0.0,-999.0,0,0.0,0.075
1969-12-31 22:30:34.448000,12634448,0.0,27.3,1030.1,0.0,-999.0,0,0.0,0.079
1969-12-31 22:30:36.448000,12636448,0.0,27.3,1030.5,0.0,-999.0,0,0.0,0.072
1969-12-31 22:30:38.448000,12638448,0.0,27.3,1030.7,0.0,-999.0,0,0.0,0.078
1969-12-31 22:30:40.448000,12640448,0.0,27.3,1029.7,0.0,-999.0,0,0.0,0.074
1969-12-31 22:30:42.448000,12642448,0.0,27.3,1030.3,0.0,-999.0,0,0.0,0.079
1969-12-31 22:30:44.448000,12644448,0.0,27.3,1030.3,0.0,-999.0,0,0.0,0.073
1969-12-31 22:30:46.448000,12646448,0.0,27.3,1030.3,0.0,-999.0,0,0.0,0.077
1969-12-31 22:30:48.448000,12648448,0.0,27.3,1030.0,0.0,-999.0,0,0.0,0.079
1969-12-31 22:30:50.448000,12650448,0.0,27.3,1029.9,0.0,-999.0,0,0.0,0.073
1969-12-31 22:30:52.448000,12652448,0.0,27.3,1030.4,0.0,-999.0,0,0.1,0.082
1969-12-31 22:30:54.448000,12654448,0.0,27.3,1030.3,0.0,-999.0,0,0.0,0.08
1969-12-31 22:30:56.448000,12656448,0.0,27.3,1030.3,0.0,-999.0,0,0.0,0.079
1969-12-31 22:30:58.448000,12658448,0.0,27.3,1030.3,0.0,-999.0,0,0.0,0.078
1969-12-31 22:31:00.448000,12660448,0.0,27.3,1030.3,0.0,-999.0,0,0.0,0.076
1969-12-31 22:31:02.448000,12662448,0.0,27.3,1030.3,0.0,-999.0,0,0.0,0.08
1969-12-31 22:31:04.448000,12664448,0.0,27.3,1030.3,0.0,-999.0,0,0.0,0.076
1969-12-31 22:31:06.448000,12666448,0.0,27.3,1030.5,0.0,-999.0,0,0.0,0.072
1969-12-31 22:31:08.448000,12668448,0.0,27.3,1030.3,0.0,-999.0,0,0.0,0.073
1969-12-31 22:31:10.448000,12670448,0.0,27.3,1030.1,0.0,-999.0,0,0.0,0.077
1969-12-31 22:31:12.448000,12672448,0.0,27.3,1030.4,0.0,-999.0,0,0.0,0.081
1969-12-31 22:31:14.448000,12674448,0.0,27.3,1030.5,0.0,-999.0,0,0.0,0.074
1969-12-31 22:31:16.448000,12676448,0.0,27.3,1030.5,0.0,-999.0,0,0.0,0.075
1969-12-31 22:31:18.448000,12678448,0.0,27.3,1030.3,0.0,-999.0,0,0.0,0.081
1969-12-31 22:31:20.448000,12680448,0.0,27.3,1030.4,0.0,-999.0,0,0.0,0.073
1969-12-31 22:31:22.448000,12682448,0.0,27.3,1030.3,0.0,-999.0,0,0.0,0.074
1969-12-31 22:31:24.448000,12684448,0.0,27.3,1030.5,0.0,-999.0,0,0.0,0.076
1969-12-31 22:31:26.448000,12686448,0.0,27.3,1030.7,0.0,-999.0,0,0.0,0.078
1969-12-31 22:31:28.448000,12688448,0.0,27.3,1030.3,0.0,-999.0,0,0.0,0.077
1969-12-31 22:31:30.448000,12690448,0.0,27.3,1030.0,0.0,-999.0,0,0.0,0.074
1969-12-31 22:31:32.448000,12692448,0.0,27.3,1030.5,0.0,-999.0,0,0.0,0.073
1969-12-31 22:31:34.448000,12694448,0.0,27.3,1029.7,0.0,-999.0,0,0.0,0.077
1969-12-31 22:31:36.448000,12696448,0.0,27.3,1030.4,0.0,-999.0,0,0.0,0.073
1969-12-31 22:31:38.448000,12698448,0.0,27.3,1030.5,0.0,-999.0,0,0.0,0.073
1969-12-31 22:31:40.448000,12700448,0.0,27.3,1030.1,0.0,-999.0,0,0.0,0.081
1969-12-31 22:31:42.448000,12702448,0.0,27.3,1030.5,0.0,-999.0,0,0.0,0.072
1969-12-31 22:31:44.448000,12704448,0.0,27.3,1030.4,0.0,-999.0,0,0.0,0.076
1969-12-31 22:31:46.448000,12706448,0.0,27.3,1030.3,0.0,-999.0,0,0.0,0.074
1969-12-31 22:31:48.448000,12708448,0.0,27.3,1030.3,0.0,-999.0,0,0.0,0.073
1969-12-31 22:31:50.448000,12710448,0.0,27.3,1030.0,0.0,-999.0,0,0.1,0.082
1969-12-31 22:31:52.448000,12712448,0.0,27.3,1030.0,0.0,-999.0,0,0.0,0.073
1969-12-31 22:31:54.448000,12714448,0.0,27.3,1029.2,0.0,-999.0,0,0.0,0.075
1969-12-31 22:31:56.448000,12716448,0.0,27.3,1030.5,0.0,-999.0,0,0.0,0.076
1969-12-31 22:31:58.448000,12718448,0.0,27.3,1029.6,0.0,-999.0,0,0.0,0.072
1969-12-31 22:32:00.448000,12720448,0.0,27.3,1030.7,0.0,-999.0,0,0.0,0.08
1969-12-31 22:32:02.448000,12722448,0.0,27.3,1030.4,0.0,-999.0,0,0.0,0.077
1969-12-31 22:32:04.448000,12724448,0.0,27.3,1030.5,0.0,-999.0,0,0.0,0.077
1969-12-31 22:32:06.448000,12726448,0.0,27.3,1030.1,0.0,-999.0,0,0.0,0.074
1969-12-31 22:32:08.448000,12728448,0.0,27.3,1029.9,0.0,-999.0,0,0.0,0.079
1969-12-31 22:32:10.448000,12730448,0.0,27.3,1030.4,0.0,-999.0,0,0.0,0.081
1969-12-31 22:32:12.448000,12732448,0.0,27.3,1029.9,0.0,-999.0,0,0.0,0.073
1969-12-31 22:32:14.448000,12734448,0.0,27.3,1030.0,0.0,-999.0,0,0.0,0.074
1969-12-31 22:32:16.448000,12736448,0.0,27.3,1030.1,0.0,-999.0,0,0.0,0.073
1969-12-31 22:32:18.448000,12738448,0.0,27.3,1030.5,0.0,-999.0,0,0.0,0.076
1969-12-31 22:32:20.449000,12740449,0.0,27.3,1030.4,0.0,-999.0,0,0.0,0.077
1969-12-31 22:32:22.448000,12742448,0.0,27.3,1030.7,0.0,-999.0,0,0.0,0.071
1969-12-31 22:32:24.448000,12744448,0.0,27.3,1030.3,0.0,-999.0,0,0.0,0.081
1969-12-31 22:32:26.448000,12746448,0.0,27.3,1030.5,0.0,-999.0,0,0.0,0.076
1969-12-31 22:32:28.448000,12748448,0.0,27.3,1029.9,0.0,-999.0,0,0.1,0.082
1969-12-31 22:32:30.448000,12750448,0.0,27.3,1029.7,0.0,-999.0,0,0.0,0.08
1969-12-31 22:32:32.448000,12752448,0.0,27.3,1030.0,0.0,-999.0,0,0.0,0.078
1969-12-31 22:32:34.448000,12754448,0.0,27.3,1029.3,0.0,-999.0,0,0.0,0.081
1969-12-31 22:32:36.448000,12756448,0.0,27.3,1029.9,0.0,-999.0,0,0.0,0.077
1969-12-31 22:32:38.448000,12758448,0.0,27.3,1029.9,0.0,-999.0,0,0.0,0.078
1969-12-31 22:32:40.448000,12760448,0.0,27.3,1029.2,0.0,-999.0,0,0.0,0.075
1969-12-31 22:32:42.448000,12762448,0.0,27.3,1030.1,0.0,-999.0,0,0.0,0.081
1969-12-31 22:32:44.448000,12764448,0.0,27.3,1029.2,0.0,-999.0,0,0.0,0.076
1969-12-31 22:32:46.448000,12766448,0.0,27.3,1030.7,0.0,-999.0,0,0.0,0.077
1969-12-31 22:32:48.448000,12768448,0.0,27.3,1030.7,0.0,-999.0,0,0.0,0.076
1969-12-31 22:32:50.448000,12770448,0.0,27.3,1030.7,0.0,-999.0,0,0.0,0.081
1969-12-31 22:32:52.448000,12772448,0.0,27.3,1030.0,0.0,-999.0,0,0.0,0.073
1969-12-31 22:32:54.448000,12774448,0.0,27.3,1029.6,0.0,-999.0,0,0.0,0.077
1969-12-31 22:32:56.448000,12776448,0.0,27.3,1030.3,0.0,-999.0,0,0.0,0.081
1969-12-31 22:32:58.448000,12778448,0.0,27.3,1030.0,0.0,-999.0,0,0.0,0.071
1969-12-31 22:33:00.448000,12780448,0.0,27.3,1029.3,0.0,-999.0,0,0.0,0.077
1969-12-31 22:33:02.448000,12782448,0.0,27.3,1030.4,0.0,-999.0,0,0.0,0.08
1969-12-31 22:33:04.448000,12784448,0.0,27.3,1029.9,0.0,-999.0,0,0.0,0.077
1969-12-31 22:33:06.448000,12786448,0.0,27.3,1030.0,0.0,-999.0,0,0.0,0.073
1969-12-31 22:33:08.448000,12788448,0.0,27.3,1030.3,0.0,-999.0,0,0.0,0.077
1969-12-31 22:33:10.448000,12790448,0.0,27.3,1030.7,0.0,-999.0,0,0.0,0.081
1969-12-31 22:33:12.448000,12792448,0.0,27.3,1030.5,0.0,-999.0,0,0.0,0.077
1969-12-31 22:33:14.448000,12794448,0.0,27.3,1030.0,0.0,-999.0,0,0.0,0.081
1969-12-31 22:33:16.448000,12796448,0.0,27.3,1030.1,0.0,-999.0,0,0.0,0.075
1969-12-31 22:33:18.448000,12798448,0.0,27.3,1030.4,0.0,-999.0,0,0.0,0.075
1969-12-31 22:33:20.448000,12800448,0.0,27.3,1030.0,0.0,-999.0,0,0.0,0.077
1969-12-31 22:33:22.448000,12802448,0.0,27.3,1030.4,0.0,-999.0,0,0.0,0.073
1969-12-31 22:33:24.448000,12804448,0.0,27.3,1028.9,0.0,-999.0,0,0.0,0.076
1969-12-31 22:33:26.448000,12806448,0.0,27.3,1030.1,0.0,-999.0,0,0.0,0.08
1969-12-31 22:33:28.448000,12808448,0.0,27.3,1030.3,0.0,-999.0,0,0.0,0.081
1969-12-31 22:33:30.448000,12810448,0.0,27.3,1029.7,0.0,-999.0,0,0.0,0.081
1969-12-31 22:33:32.448000,12812448,0.0,27.3,1029.7,0.0,-999.0,0,0.0,0.079
1969-12-31 22:33:34.448000,12814448,0.0,27.3,1030.4,0.0,-999.0,0,0.0,0.077
1969-12-31 22:33:36.448000,12816448,0.0,27.3,1030.1,0.0,-999.0,0,0.0,0.074
1969-12-31 22:33:38.448000,12818448,0.0,27.3,1030.0,0.0,-999.0,0,0.0,0.077
1969-12-31 22:33:40.448000,12820448,0.0,27.3,1029.7,0.0,-999.0,0,0.0,0.081
1969-12-31 22:33:42.448000,12822448,0.0,27.3,1030.4,0.0,-999.0,0,0.0,0.078
1969-12-31 22:33:44.448000,12824448,0.0,27.3,1030.4,0.0,-999.0,0,0.0,0.077
1969-12-31 22:33:46.448000,12826448,0.0,27.3,1030.1,0.0,-999.0,0,0.0,0.079
1969-12-31 22:33:48.448000,12828448,0.0,27.3,1030.5,0.0,-999.0,0,0.0,0.075
1969-12-31 22:33:50.448000,12830448,0.0,27.3,1030.3,0.0,-999.0,0,0.0,0.075
1969-12-31 22:33:52.448000,12832448,0.0,27.3,1030.3,0.0,-999.0,0,0.0,0.076
1969-12-31 22:33:54.448000,12834448,0.0,27.3,1030.0,0.0,-999.0,0,0.0,0.077
1969-12-31 22:33:56.448000,12836448,0.0,27.3,1030.0,0.0,-999.0,0,0.0,0.072
1969-12-31 22:33:58.448000,12838448,0.0,27.3,1030.5,0.0,-999.0,0,0.0,0.079
1969-12-31 22:34:00.448000,12840448,0.0,27.3,1030.5,0.0,-999.0,0,0.0,0.081
1969-12-31 22:34:02.448000,12842448,0.0,27.3,1030.3,0.0,-999.0,0,0.0,0.077
1969-12-31 22:34:04.448000,12844448,0.0,27.3,1030.1,0.0,-999.0,0,0.0,0.074
1969-12-31 22:34:06.448000,12846448,0.0,27.3,1029.9,0.0,-999.0,0,0.0,0.081
1969-12-31 22:34:08.448000,12848448,0.0,27.3,1030.1,0.0,-999.0,0,0.0,0.078
1969-12-31 22:34:10.448000,12850448,0.0,27.3,1030.1,0.0,-999.0,0,0.1,0.082
1969-12-31 22:34:12.448000,12852448,0.0,27.3,1030.3,0.0,-999.0,0,0.0,0.078
1969-12-31 22:34:14.448000,12854448,0.0,27.3,1030.3,0.0,-999.0,0,0.1,0.082
1969-12-31 22:34:16.448000,12856448,0.0,27.3,1030.3,0.0,-999.0,0,0.0,0.08
1969-12-31 22:34:18.448000,12858448,0.0,27.3,1030.5,0.0,-999.0,0,0.0,0.075
1969-12-31 22:34:20.448000,12860448,0.0,27.3,1030.0,0.0,-999.0,0,0.0,0.078
1969-12-31 22:34:22.448000,12862448,0.0,27.3,1030.3,0.0,-999.0,0,0.0,0.081
1969-12-31 22:34:24.448000,12864448,0.0,27.3,1030.3,0.0,-999.0,0,0.0,0.081
1969-12-31 22:34:26.448000,12866448,0.0,27.3,1030.4,0.0,-999.0,0,0.0,0.068
1969-12-31 22:34:28.448000,12868448,0.0,27.3,1029.7,0.0,-999.0,0,0.0,0.077
1969-12-31 22:34:30.448000,12870448,0.0,27.3,1030.7,0.0,-999.0,0,0.0,0.073
1969-12-31 22:34:32.448000,12872448,0.0,27.3,1030.4,0.0,-999.0,0,0.0,0.071
1969-12-31 22:34:34.448000,12874448,0.0,27.3,1030.4,0.0,-999.0,0,0.0,0.071
1969-12-31 22:34:36.448000,12876448,0.0,27.3,1030.0,0.0,-999.0,0,0.0,0.075
1969-12-31 22:34:38.448000,12878448,0.0,27.3,1030.1,0.0,-999.0,0,0.0,0.074
1969-12-31 22:34:40.448000,12880448,0.0,27.3,1029.9,0.0,-999.0,0,0.0,0.079
1969-12-31 22:34:42.448000,12882448,0.0,27.3,1030.1,0.0,-999.0,0,0.1,0.082
1969-12-31 22:34:44.448000,12884448,0.0,27.3,1030.4,0.0,-999.0,0,0.0,0.081
1969-12-31 22:34:46.448000,12886448,0.0,27.3,1029.7,0.0,-999.0,0,0.0,0.074
1969-12-31 22:34:48.448000,12888448,0.0,27.3,1030.0,0.0,-999.0,0,0.0,0.075
1969-12-31 22:34:50.448000,12890448,0.0,27.3,1030.5,0.0,-999.0,0,0.0,0.075
1969-12-31 22:34:52.448000,12892448,0.0,27.3,1030.4,0.0,-999.0,0,0.1,0.082
1969-12-31 22:34:54.448000,12894448,0.0,27.3,1030.3,0.0,-999.0,0,0.0,0.075
1969-12-31 22:34:56.448000,12896448,0.0,27.3,1030.3,0.0,-999.0,0,0.0,0.081
1969-12-31 22:34:58.448000,12898448,0.0,27.3,1030.5,0.0,-999.0,0,0.0,0.075
1969-12-31 22:35:00.448000,12900448,0.0,27.3,1030.4,0.0,-999.0,0,0.0,0.073
1969-12-31 22:35:02.458000,12902458,0.0,27.3,1030.3,0.0,-999.0,0,0.0,0.077
1969-12-31 22:35:04.448000,12904448,0.0,27.3,1030.5,0.0,-999.0,0,0.0,0.079
1969-12-31 22:35:06.448000,12906448,0.0,27.3,1030.0,0.0,-999.0,0,0.0,0.078
1969-12-31 22:35:08.448000,12908448,0.0,27.3,1030.3,0.0,-999.0,0,0.0,0.078
1969-12-31 22:35:10.448000,12910448,0.0,27.3,1030.5,0.0,-999.0,0,0.0,0.081
1969-12-31 22:35:12.458000,12912458,0.0,27.3,1030.0,0.0,-999.0,0,0.0,0.076
1969-12-31 22:35:14.458000,12914458,0.0,27.3,1030.5,0.0,-999.0,0,0.0,0.075
1969-12-31 22:35:16.458000,12916458,0.0,27.3,1030.3,0.0,-999.0,0,0.0,0.077
1969-12-31 22:35:18.458000,12918458,0.0,27.3,1030.1,0.0,-999.0,0,0.0,0.076
1969-12-31 22:35:20.448000,12920448,0.0,27.3,1030.3,0.0,-999.0,0,0.1,0.083
1969-12-31 22:35:22.458000,12922458,0.0,27.3,1029.7,0.0,-999.0,0,0.0,0.08
1969-12-31 22:35:24.458000,12924458,0.0,27.3,1030.3,0.0,-999.0,0,0.0,0.081
1969-12-31 22:35:26.458000,12926458,0.0,27.3,1030.3,0.0,-999.0,0,0.0,0.075
1969-12-31 22:35:28.458000,12928458,0.0,27.3,1030.5,0.0,-999.0,0,0.0,0.077
1969-12-31 22:35:30.458000,12930458,0.0,27.3,1030.4,0.0,-999.0,0,0.0,0.079
1969-12-31 22:35:32.458000,12932458,0.0,27.3,1030.3,0.0,-999.0,0,0.0,0.075
1969-12-31 22:35:34.458000,12934458,0.0,27.3,1030.3,0.0,-999.0,0,0.0,0.078
1969-12-31 22:35:36.458000,12936458,0.0,27.3,1030.3,0.0,-999.0,0,0.0,0.074
1969-12-31 22:35:38.458000,12938458,0.0,27.3,1030.3,0.0,-999.0,0,0.0,0.08
1969-12-31 22:35:40.458000,12940458,0.0,27.3,1030.3,0.0,-999.0,0,0.0,0.073
1969-12-31 22:35:42.458000,12942458,0.0,27.3,1030.0,0.0,-999.0,0,0.0,0.076
1969-12-31 22:35:44.458000,12944458,0.0,27.3,1030.4,0.0,-999.0,0,0.0,0.077
1969-12-31 22:35:46.458000,12946458,0.0,27.3,1030.5,0.0,-999.0,0,0.0,0.078
1969-12-31 22:35:48.458000,12948458,0.0,27.3,1030.0,0.0,-999.0,0,0.0,0.08
1969-12-31 22:35:50.458000,12950458,0.0,27.3,1030.5,0.0,-999.0,0,0.0,0.078
1969-12-31 22:35:52.458000,12952458,0.0,27.3,1030.5,0.0,-999.0,0,0.0,0.075
1969-12-31 22:35:54.458000,12954458,0.0,27.3,1030.3,0.0,-999.0,0,0.0,0.078
1969-12-31 22:35:56.458000,12956458,0.0,27.3,1030.4,0.0,-999.0,0,0.0,0.078
1969-12-31 22:35:58.458000,12958458,0.0,27.3,1030.1,0.0,-999.0,0,0.0,0.077
1969-12-31 22:36:00.458000,12960458,0.0,27.3,1030.5,0.0,-999.0,0,0.0,0.077
1969-12-31 22:36:02.458000,12962458,0.0,27.3,1030.4,0.0,-999.0,0,0.0,0.077
1969-12-31 22:36:04.458000,12964458,0.0,27.3,1030.5,0.0,-999.0,0,0.1,0.082
1969-12-31 22:36:06.458000,12966458,0.0,27.3,1030.1,0.0,-999.0,0,0.0,0.08
1969-12-31 22:36:08.458000,12968458,0.0,27.3,1030.1,0.0,-999.0,0,0.0,0.076
1969-12-31 22:36:10.458000,12970458,0.0,27.3,1029.5,0.0,-999.0,0,0.0,0.07
1969-12-31 22:36:12.458000,12972458,0.0,27.3,1030.3,0.0,-999.0,0,0.0,0.077
1969-12-31 22:36:14.458000,12974458,0.0,27.3,1029.7,0.0,-999.0,0,0.0,0.076
1969-12-31 22:36:16.458000,12976458,0.0,27.3,1030.1,0.0,-999.0,0,0.0,0.08
1969-12-31 22:36:18.458000,12978458,0.0,27.3,1030.3,0.0,-999.0,0,0.0,0.079
1969-12-31 22:36:20.458000,12980458,0.0,27.3,1030.4,0.0,-999.0,0,0.0,0.076
1969-12-31 22:36:22.458000,12982458,0.0,27.3,1030.3,0.0,-999.0,0,0.0,0.076
1969-12-31 22:36:24.458000,12984458,0.0,27.3,1030.1,0.0,-999.0,0,0.0,0.08
1969-12-31 22:36:26.458000,12986458,0.0,27.3,1030.0,0.0,-999.0,0,0.0,0.081
1969-12-31 22:36:28.458000,12988458,0.0,27.3,1029.9,0.0,-999.0,0,0.0,0.072
1969-12-31 22:36:30.458000,12990458,0.0,27.3,1030.3,0.0,-999.0,0,0.2,0.085
1969-12-31 22:36:32.458000,12992458,0.0,27.3,1029.9,0.0,-999.0,0,0.0,0.07
1969-12-31 22:36:34.458000,12994458,0.0,27.3,1030.3,0.0,-999.0,0,0.0,0.077
1969-12-31 22:36:36.458000,12996458,0.0,27.3,1030.4,0.0,-999.0,0,0.0,0.077
1969-12-31 22:36:38.458000,12998458,0.0,27.3,1030.0,0.0,-999.0,0,0.0,0.077
1969-12-31 22:36:40.458000,13000458,0.0,27.3,1029.5,0.0,-999.0,0,0.0,0.076
1969-12-31 22:36:42.458000,13002458,0.0,27.3,1029.9,0.0,-999.0,0,0.0,0.081
1969-12-31 22:36:44.458000,13004458,0.0,27.3,1030.1,0.0,-999.0,0,0.0,0.07
1969-12-31 22:36:46.458000,13006458,0.0,27.3,1029.2,0.0,-999.0,0,0.0,0.072
1969-12-31 22:36:48.458000,13008458,0.0,27.3,1030.1,0.0,-999.0,0,0.0,0.077
1969-12-31 22:36:50.458000,13010458,0.0,27.3,1030.4,0.0,-999.0,0,0.0,0.08
1969-12-31 22:36:52.458000,13012458,0.0,27.3,1030.1,0.0,-999.0,0,0.0,0.076
1969-12-31 22:36:54.458000,13014458,0.0,27.3,1030.3,0.0,-999.0,0,0.0,0.073
1969-12-31 22:36:56.458000,13016458,0.0,27.3,1030.3,0.0,-999.0,0,0.0,0.076
1969-12-31 22:36:58.458000,13018458,0.0,27.3,1030.3,0.0,-999.0,0,0.0,0.073
1969-12-31 22:37:00.458000,13020458,0.0,27.3,1030.3,0.0,-999.0,0,0.1,0.082
1969-12-31 22:37:02.458000,13022458,0.0,27.3,1030.1,0.0,-999.0,0,0.0,0.079
1969-12-31 22:37:04.458000,13024458,0.0,27.3,1030.3,0.0,-999.0,0,0.0,0.073
1969-12-31 22:37:06.458000,13026458,0.0,27.3,1029.7,0.0,-999.0,0,0.0,0.077
1969-12-31 22:37:08.458000,13028458,0.0,27.3,1029.7,0.0,-999.0,0,0.0,0.072
1969-12-31 22:37:10.458000,13030458,0.0,27.3,1030.0,0.0,-999.0,0,0.0,0.077
1969-12-31 22:37:12.458000,13032458,0.0,27.3,1029.9,0.0,-999.0,0,0.0,0.079
1969-12-31 22:37:14.458000,13034458,0.0,27.3,1030.4,0.0,-999.0,0,0.0,0.073
1969-12-31 22:37:16.458000,13036458,0.0,27.3,1030.0,0.0,-999.0,0,0.0,0.07
1969-12-31 22:37:18.458000,13038458,0.0,27.3,1030.1,0.0,-999.0,0,0.0,0.077
1969-12-31 22:37:20.458000,13040458,0.0,27.3,1030.4,0.0,-999.0,0,0.0,0.073
1969-12-31 22:37:22.458000,13042458,0.0,27.3,1030.4,0.0,-999.0,0,0.0,0.079
1969-12-31 22:37:24.458000,13044458,0.0,27.3,1029.9,0.0,-999.0,0,0.0,0.077
1969-12-31 22:37:26.458000,13046458,0.0,27.3,1030.4,0.0,-999.0,0,0.0,0.08
1969-12-31 22:37:28.458000,13048458,0.0,27.3,1029.7,0.0,-999.0,0,0.0,0.081
1969-12-31 22:37:30.458000,13050458,0.0,27.3,1030.3,0.0,-999.0,0,0.0,0.078
1969-12-31 22:37:32.458000,13052458,0.0,27.3,1030.1,0.0,-999.0,0,0.0,0.075
1969-12-31 22:37:34.458000,13054458,0.0,27.3,1030.0,0.0,-999.0,0,0.0,0.073
1969-12-31 22:37:36.458000,13056458,0.0,27.3,1030.4,0.0,-999.0,0,0.0,0.072
1969-12-31 22:37:38.458000,13058458,0.0,27.3,1030.3,0.0,-999.0,0,0.1,0.084
1969-12-31 22:37:40.458000,13060458,0.0,27.3,1030.0,0.0,-999.0,0,0.1,0.082
1969-12-31 22:37:42.458000,13062458,0.0,27.3,1030.1,0.0,-999.0,0,0.0,0.075
1969-12-31 22:37:44.458000,13064458,0.0,27.3,1030.3,0.0,-999.0,0,0.0,0.078
1969-12-31 22:37:46.458000,13066458,0.0,27.3,1030.0,0.0,-999.0,0,0.0,0.073
1969-12-31 22:37:48.458000,13068458,0.0,27.3,1030.3,0.0,-999.0,0,0.2,0.087
1969-12-31 22:37:50.458000,13070458,0.0,27.3,1030.3,0.0,-999.0,0,0.0,0.074
1969-12-31 22:37:52.458000,13072458,0.0,27.3,1030.4,0.0,-999.0,0,0.0,0.076
1969-12-31 22:37:54.458000,13074458,0.0,27.3,1030.0,0.0,-999.0,0,0.0,0.077
1969-12-31 22:37:56.458000,13076458,0.0,27.3,1030.0,0.0,-999.0,0,0.0,0.08
1969-12-31 22:37:58.459000,13078459,0.0,27.3,1030.5,0.0,-999.0,0,0.0,0.075
1969-12-31 22:38:00.458000,13080458,0.0,27.3,1030.1,0.0,-999.0,0,0.0,0.073
1969-12-31 22:38:02.458000,13082458,0.0,27.3,1030.3,0.0,-999.0,0,0.0,0.076
1969-12-31 22:38:04.458000,13084458,0.0,27.3,1030.0,0.0,-999.0,0,0.0,0.077
1969-12-31 22:38:06.458000,13086458,0.0,27.3,1030.5,0.0,-999.0,0,0.0,0.078
1969-12-31 22:38:08.458000,13088458,0.0,27.3,1030.3,0.0,-999.0,0,0.0,0.074
1969-12-31 22:38:10.458000,13090458,0.0,27.3,1030.4,0.0,-999.0,0,0.0,0.08
1969-12-31 22:38:12.458000,13092458,0.0,27.3,1030.0,0.0,-999.0,0,0.0,0.074
1969-12-31 22:38:14.458000,13094458,0.0,27.3,1030.0,0.0,-999.0,0,0.0,0.076
1969-12-31 22:38:16.458000,13096458,0.0,27.3,1029.7,0.0,-999.0,0,0.0,0.077
1969-12-31 22:38:18.458000,13098458,0.0,27.3,1030.0,0.0,-999.0,0,0.0,0.076
1969-12-31 22:38:20.458000,13100458,0.0,27.3,1029.7,0.0,-999.0,0,0.0,0.077
1969-12-31 22:38:22.458000,13102458,0.0,27.3,1030.1,0.0,-999.0,0,0.0,0.077
1969-12-31 22:38:24.458000,13104458,0.0,27.3,1030.4,0.0,-999.0,0,0.0,0.078
1969-12-31 22:38:26.458000,13106458,0.0,27.3,1030.3,0.0,-999.0,0,0.1,0.082
1969-12-31 22:38:28.458000,13108458,0.0,27.3,1029.9,0.0,-999.0,0,0.0,0.076
1969-12-31 22:38:30.458000,13110458,0.0,27.3,1030.5,0.0,-999.0,0,0.0,0.077
1969-12-31 22:38:32.458000,13112458,0.0,27.3,1030.3,0.0,-999.0,0,0.0,0.077
1969-12-31 22:38:34.458000,13114458,0.0,27.3,1030.4,0.0,-999.0,0,0.0,0.077
1969-12-31 22:38:36.458000,13116458,0.0,27.3,1030.0,0.0,-999.0,0,0.0,0.07
1969-12-31 22:38:38.458000,13118458,0.0,27.3,1030.4,0.0,-999.0,0,0.0,0.079
1969-12-31 22:38:40.458000,13120458,0.0,27.3,1030.3,0.0,-999.0,0,0.0,0.081
1969-12-31 22:38:42.458000,13122458,0.0,27.3,1030.3,0.0,-999.0,0,0.0,0.081
1969-12-31 22:38:44.458000,13124458,0.0,27.3,1030.4,0.0,-999.0,0,0.0,0.078
1969-12-31 22:38:46.458000,13126458,0.0,27.3,1030.1,0.0,-999.0,0,0.0,0.077
1969-12-31 22:38:48.458000,13128458,0.0,27.3,1030.0,0.0,-999.0,0,0.0,0.079
1969-12-31 22:38:50.458000,13130458,0.0,27.3,1030.3,0.0,-999.0,0,0.0,0.074
1969-12-31 22:38:52.458000,13132458,0.0,27.3,1029.7,0.0,-999.0,0,0.0,0.071
1969-12-31 22:38:54.458000,13134458,0.0,27.3,1030.0,0.0,-999.0,0,0.0,0.078
1969-12-31 22:38:56.458000,13136458,0.0,27.3,1030.1,0.0,-999.0,0,0.0,0.077
1969-12-31 22:38:58.458000,13138458,0.0,27.3,1030.3,0.0,-999.0,0,0.0,0.079
1969-12-31 22:39:00.458000,13140458,0.0,27.3,1030.4,0.0,-999.0,0,0.0,0.075
1969-12-31 22:39:02.458000,13142458,0.0,27.3,1030.1,0.0,-999.0,0,0.0,0.076
1969-12-31 22:39:04.458000,13144458,0.0,27.3,1030.3,0.0,-999.0,0,0.0,0.073
1969-12-31 22:39:06.458000,13146458,0.0,27.3,1029.9,0.0,-999.0,0,0.0,0.079
1969-12-31 22:39:08.458000,13148458,0.0,27.3,1030.3,0.0,-999.0,0,0.0,0.075
1969-12-31 22:39:10.458000,13150458,0.0,27.3,1030.4,0.0,-999.0,0,0.1,0.082
1969-12-31 22:39:12.458000,13152458,0.0,27.3,1030.3,0.0,-999.0,0,0.0,0.076
1969-12-31 22:39:14.458000,13154458,0.0,27.3,1030.0,0.0,-999.0,0,0.0,0.08
1969-12-31 22:39:16.458000,13156458,0.0,27.3,1030.5,0.0,-999.0,0,0.0,0.074
1969-12-31 22:39:18.458000,13158458,0.0,27.3,1030.1,0.0,-999.0,0,0.0,0.079
1969-12-31 22:39:20.458000,13160458,0.0,27.3,1030.3,0.0,-999.0,0,0.0,0.08
1969-12-31 22:39:22.458000,13162458,0.0,27.3,1029.9,0.0,-999.0,0,0.0,0.08
1969-12-31 22:39:24.458000,13164458,0.0,27.3,1030.3,0.0,-999.0,0,0.0,0.081
1969-12-31 22:39:26.458000,13166458,0.0,27.3,1030.1,0.0,-999.0,0,0.0,0.08
1969-12-31 22:39:28.458000,13168458,0.0,27.3,1030.3,0.0,-999.0,0,0.0,0.078
1969-12-31 22:39:30.458000,13170458,0.0,27.3,1030.3,0.0,-999.0,0,0.0,0.073
1969-12-31 22:39:32.458000,13172458,0.0,27.3,1030.4,0.0,-999.0,0,0.0,0.078
1969-12-31 22:39:34.458000,13174458,0.0,27.3,1030.4,0.0,-999.0,0,0.0,0.077
1969-12-31 22:39:36.458000,13176458,0.0,27.3,1030.3,0.0,-999.0,0,0.0,0.077
1969-12-31 22:39:38.458000,13178458,0.0,27.3,1030.1,0.0,-999.0,0,0.0,0.075
1969-12-31 22:39:40.458000,13180458,0.0,27.3,1030.3,0.0,-999.0,0,0.0,0.079
1969-12-31 22:39:42.458000,13182458,0.0,27.3,1030.3,0.0,-999.0,0,0.0,0.077
1969-12-31 22:39:44.458000,13184458,0.0,27.3,1030.1,0.0,-999.0,0,0.0,0.076
1969-12-31 22:39:46.458000,13186458,0.0,27.3,1030.4,0.0,-999.0,0,0.0,0.078
1969-12-31 22:39:48.458000,13188458,0.0,27.3,1030.1,0.0,-999.0,0,0.0,0.077
1969-12-31 22:39:50.458000,13190458,0.0,27.3,1030.0,0.0,-999.0,0,0.0,0.075
1969-12-31 22:39:52.458000,13192458,0.0,27.3,1030.3,0.0,-999.0,0,0.0,0.075
1969-12-31 22:39:54.458000,13194458,0.0,27.3,1030.5,0.0,-999.0,0,0.0,0.073
1969-12-31 22:39:56.458000,13196458,0.0,27.3,1030.5,0.0,-999.0,0,0.0,0.077
1969-12-31 22:39:58.458000,13198458,0.0,27.3,1030.4,0.0,-999.0,0,0.0,0.08
1969-12-31 22:40:00.458000,13200458,0.0,27.3,1030.3,0.0,-999.0,0,0.0,0.077
1969-12-31 22:40:02.458000,13202458,0.0,27.3,1029.9,0.0,-999.0,0,0.0,0.078
1969-12-31 22:40:04.458000,13204458,0.0,27.3,1030.3,0.0,-999.0,0,0.0,0.074
1969-12-31 22:40:06.458000,13206458,0.0,27.3,1030.5,0.0,-999.0,0,0.0,0.079
1969-12-31 22:40:08.458000,13208458,0.0,27.3,1030.3,0.0,-999.0,0,0.0,0.075
1969-12-31 22:40:10.458000,13210458,0.0,27.3,1030.5,0.0,-999.0,0,0.0,0.076
1969-12-31 22:40:12.458000,13212458,0.0,27.3,1030.0,0.0,-999.0,0,0.0,0.076
1969-12-31 22:40:14.458000,13214458,0.0,27.3,1030.0,0.0,-999.0,0,0.0,0.074
1969-12-31 22:40:16.458000,13216458,0.0,27.3,1030.5,0.0,-999.0,0,0.0,0.075
1969-12-31 22:40:18.458000,13218458,0.0,27.3,1030.1,0.0,-999.0,0,0.0,0.077
1969-12-31 22:40:20.458000,13220458,0.0,27.3,1030.0,0.0,-999.0,0,0.0,0.08
1969-12-31 22:40:22.458000,13222458,0.0,27.3,1030.0,0.0,-999.0,0,0.0,0.08
1969-12-31 22:40:24.458000,13224458,0.0,27.3,1030.5,0.0,-999.0,0,0.0,0.074
1969-12-31 22:40:26.458000,13226458,0.0,27.3,1030.3,0.0,-999.0,0,0.0,0.078
1969-12-31 22:40:28.458000,13228458,0.0,27.3,1030.1,0.0,-999.0,0,0.0,0.075
1969-12-31 22:40:30.458000,13230458,0.0,27.3,1030.3,0.0,-999.0,0,0.0,0.079
1969-12-31 22:40:32.458000,13232458,0.0,27.3,1030.4,0.0,-999.0,0,0.0,0.077
1969-12-31 22:40:34.458000,13234458,0.0,27.3,1030.3,0.0,-999.0,0,0.0,0.077
1969-12-31 22:40:36.458000,13236458,0.0,27.3,1029.9,0.0,-999.0,0,0.0,0.08
1969-12-31 22:40:38.458000,13238458,0.0,27.3,1030.4,0.0,-999.0,0,0.1,0.082
1969-12-31 22:40:40.458000,13240458,0.0,27.3,1030.5,0.0,-999.0,0,0.0,0.077
1969-12-31 22:40:42.458000,13242458,0.0,27.3,1030.5,0.0,-999.0,0,0.0,0.08
1969-12-31 22:40:44.458000,13244458,0.0,27.3,1030.3,0.0,-999.0,0,0.0,0.078
1969-12-31 22:40:46.458000,13246458,0.0,27.3,1030.3,0.0,-999.0,0,0.0,0.08
1969-12-31 22:40:48.458000,13248458,0.0,27.3,1030.0,0.0,-999.0,0,0.0,0.076
1969-12-31 22:40:50.458000,13250458,0.0,27.3,1030.0,0.0,-999.0,0,0.0,0.077
1969-12-31 22:40:52.458000,13252458,0.0,27.3,1029.9,0.0,-999.0,0,0.0,0.076
1969-12-31 22:40:54.458000,13254458,0.0,27.3,1030.4,0.0,-999.0,0,0.0,0.077
1969-12-31 22:40:56.458000,13256458,0.0,27.3,1030.1,0.0,-999.0,0,0.0,0.08
1969-12-31 22:40:58.458000,13258458,0.0,27.3,1030.1,0.0,-999.0,0,0.0,0.078
1969-12-31 22:41:00.458000,13260458,0.0,27.3,1030.3,0.0,-999.0,0,0.0,0.078
1969-12-31 22:41:02.458000,13262458,0.0,27.3,1030.4,0.0,-999.0,0,0.0,0.079
1969-12-31 22:41:04.458000,13264458,0.0,27.3,1030.3,0.0,-999.0,0,0.0,0.068
1969-12-31 22:41:06.458000,13266458,0.0,27.3,1030.1,0.0,-999.0,0,0.0,0.079
1969-12-31 22:41:08.458000,13268458,0.0,27.3,1030.1,0.0,-999.0,0,0.1,0.082
1969-12-31 22:41:10.458000,13270458,0.0,27.3,1030.3,0.0,-999.0,0,0.0,0.079
1969-12-31 22:41:12.458000,13272458,0.0,27.3,1030.3,0.0,-999.0,0,0.0,0.077
1969-12-31 22:41:14.458000,13274458,0.0,27.3,1030.4,0.0,-999.0,0,0.0,0.077
1969-12-31 22:41:16.458000,13276458,0.0,27.3,1030.5,0.0,-999.0,0,0.0,0.079
1969-12-31 22:41:18.458000,13278458,0.0,27.3,1030.3,0.0,-999.0,0,0.0,0.079
1969-12-31 22:41:20.458000,13280458,0.0,27.3,1030.0,0.0,-999.0,0,0.0,0.076
1969-12-31 22:41:22.458000,13282458,0.0,27.3,1030.5,0.0,-999.0,0,0.1,0.084
1969-12-31 22:41:24.458000,13284458,0.0,27.3,1030.4,0.0,-999.0,0,0.0,0.078
1969-12-31 22:41:26.458000,13286458,0.0,27.3,1030.4,0.0,-999.0,0,0.0,0.079
1969-12-31 22:41:28.458000,13288458,0.0,27.3,1030.0,0.0,-999.0,0,0.1,0.085
1969-12-31 22:41:30.458000,13290458,0.0,27.3,1030.5,0.0,-999.0,0,0.0,0.077
1969-12-31 22:41:32.458000,13292458,0.0,27.3,1030.4,0.0,-999.0,0,0.0,0.08
1969-12-31 22:41:34.458000,13294458,0.0,27.3,1030.4,0.0,-999.0,0,0.0,0.074
1969-12-31 22:41:36.458000,13296458,0.0,27.3,1030.4,0.0,-999.0,0,0.0,0.079
1969-12-31 22:41:38.458000,13298458,0.0,27.3,1030.1,0.0,-999.0,0,0.0,0.075
1969-12-31 22:41:40.458000,13300458,0.0,27.3,1030.3,0.0,-999.0,0,0.0,0.078
1969-12-31 22:41:42.458000,13302458,0.0,27.3,1030.3,0.0,-999.0,0,0.0,0.078
1969-12-31 22:41:44.458000,13304458,0.0,27.3,1030.4,0.0,-999.0,0,0.0,0.076
1969-12-31 22:41:46.458000,13306458,0.0,27.3,1030.4,0.0,-999.0,0,0.0,0.075
1969-12-31 22:41:48.458000,13308458,0.0,27.3,1030.3,0.0,-999.0,0,0.0,0.077
1969-12-31 22:41:50.458000,13310458,0.0,27.3,1030.1,0.0,-999.0,0,0.0,0.073
1969-12-31 22:41:52.458000,13312458,0.0,27.3,1030.3,0.0,-999.0,0,0.0,0.081
1969-12-31 22:41:54.458000,13314458,0.0,27.3,1030.5,0.0,-999.0,0,0.0,0.076
1969-12-31 22:41:56.458000,13316458,0.0,27.3,1030.4,0.0,-999.0,0,0.0,0.077
1969-12-31 22:41:58.458000,13318458,0.0,27.3,1030.1,0.0,-999.0,0,0.0,0.074
1969-12-31 22:42:00.458000,13320458,0.0,27.3,1030.1,0.0,-999.0,0,0.0,0.076
1969-12-31 22:42:02.458000,13322458,0.0,27.3,1029.7,0.0,-999.0,0,0.0,0.078
1969-12-31 22:42:04.458000,13324458,0.0,27.3,1030.3,0.0,-999.0,0,0.0,0.073
1969-12-31 22:42:06.458000,13326458,0.0,27.3,1030.5,0.0,-999.0,0,0.0,0.078
1969-12-31 22:42:08.458000,13328458,0.0,27.3,1030.4,0.0,-999.0,0,0.0,0.075
1969-12-31 22:42:10.458000,13330458,0.0,27.3,1030.3,0.0,-999.0,0,0.0,0.078
1969-12-31 22:42:12.458000,13332458,0.0,27.3,1030.5,0.0,-999.0,0,0.0,0.078
1969-12-31 22:42:14.458000,13334458,0.0,27.3,1030.0,0.0,-999.0,0,0.0,0.08
1969-12-31 22:42:16.458000,13336458,0.0,27.3,1030.3,0.0,-999.0,0,0.0,0.079
1969-12-31 22:42:18.458000,13338458,0.0,27.3,1030.5,0.0,-999.0,0,0.0,0.074
1969-12-31 22:42:20.458000,13340458,0.0,27.3,1029.7,0.0,-999.0,0,0.0,0.078
1969-12-31 22:42:22.458000,13342458,0.0,27.3,1030.5,0.0,-999.0,0,0.0,0.079
1969-12-31 22:42:24.458000,13344458,0.0,27.3,1030.3,0.0,-999.0,0,0.0,0.073
1969-12-31 22:42:26.458000,13346458,0.0,27.3,1030.5,0.0,-999.0,0,0.0,0.078
1969-12-31 22:42:28.458000,13348458,0.0,27.3,1030.3,0.0,-999.0,0,0.1,0.085
1969-12-31 22:42:30.458000,13350458,0.0,27.3,1030.4,0.0,-999.0,0,0.0,0.079
1969-12-31 22:42:32.458000,13352458,0.0,27.3,1029.9,0.0,-999.0,0,0.0,0.08
1969-12-31 22:42:34.458000,13354458,0.0,27.3,1030.4,0.0,-999.0,0,0.0,0.08
1969-12-31 22:42:36.458000,13356458,0.0,27.3,1030.3,0.0,-999.0,0,0.0,0.072
1969-12-31 22:42:38.458000,13358458,0.0,27.3,1030.3,0.0,-999.0,0,0.0,0.078
1969-12-31 22:42:40.458000,13360458,0.0,27.3,1030.5,0.0,-999.0,0,0.0,0.073
1969-12-31 22:42:42.458000,13362458,0.0,27.3,1030.5,0.0,-999.0,0,0.0,0.08
1969-12-31 22:42:44.458000,13364458,0.0,27.3,1030.0,0.0,-999.0,0,0.0,0.076
1969-12-31 22:42:46.458000,13366458,0.0,27.3,1030.3,0.0,-999.0,0,0.0,0.078
1969-12-31 22:42:48.458000,13368458,0.0,27.3,1030.4,0.0,-999.0,0,0.0,0.081
1969-12-31 22:42:50.458000,13370458,0.0,27.3,1030.7,0.0,-999.0,0,0.0,0.079
1969-12-31 22:42:52.458000,13372458,0.0,27.3,1030.4,0.0,-999.0,0,0.0,0.077
1969-12-31 22:42:54.458000,13374458,0.0,27.3,1030.0,0.0,-999.0,0,0.0,0.079
1969-12-31 22:42:56.458000,13376458,0.0,27.3,1030.4,0.0,-999.0,0,0.0,0.076
1969-12-31 22:42:58.458000,13378458,0.0,27.3,1030.3,0.0,-999.0,0,0.0,0.078
1969-12-31 22:43:00.458000,13380458,0.0,27.3,1030.5,0.0,-999.0,0,0.0,0.075
1969-12-31 22:43:02.458000,13382458,0.0,27.3,1029.6,0.0,-999.0,0,0.0,0.074
1969-12-31 22:43:04.458000,13384458,0.0,27.3,1030.1,0.0,-999.0,0,0.0,0.078
1969-12-31 22:43:06.458000,13386458,0.0,27.3,1030.1,0.0,-999.0,0,0.0,0.078
1969-12-31 22:43:08.458000,13388458,0.0,27.3,1030.4,0.0,-999.0,0,0.0,0.076
1969-12-31 22:43:10.458000,13390458,0.0,27.3,1030.4,0.0,-999.0,0,0.0,0.075
1969-12-31 22:43:12.458000,13392458,0.0,27.3,1030.1,0.0,-999.0,0,0.0,0.073
1969-12-31 22:43:14.458000,13394458,0.0,27.3,1029.6,0.0,-999.0,0,0.0,0.081
1969-12-31 22:43:16.458000,13396458,0.0,27.3,1030.3,0.0,-999.0,0,0.0,0.078
1969-12-31 22:43:18.458000,13398458,0.0,27.3,1030.5,0.0,-999.0,0,0.0,0.076
1969-12-31 22:43:20.458000,13400458,0.0,27.3,1030.3,0.0,-999.0,0,0.0,0.073
1969-12-31 22:43:22.458000,13402458,0.0,27.3,1030.3,0.0,-999.0,0,0.0,0.076
1969-12-31 22:43:24.458000,13404458,0.0,27.3,1030.4,0.0,-999.0,0,0.0,0.079
1969-12-31 22:43:26.458000,13406458,0.0,27.3,1030.1,0.0,-999.0,0,0.0,0.073
1969-12-31 22:43:28.458000,13408458,0.0,27.3,1030.0,0.0,-999.0,0,0.0,0.076
1969-12-31 22:43:30.458000,13410458,0.0,27.3,1030.3,0.0,-999.0,0,0.0,0.073
1969-12-31 22:43:32.458000,13412458,0.0,27.3,1030.5,0.0,-999.0,0,0.0,0.079
1969-12-31 22:43:34.468000,13414468,0.0,27.3,1030.4,0.0,-999.0,0,0.2,0.086
1969-12-31 22:43:36.468000,13416468,0.0,27.3,1030.3,0.0,-999.0,0,0.0,0.073
1969-12-31 22:43:38.458000,13418458,0.0,27.3,1030.5,0.0,-999.0,0,0.0,0.077
1969-12-31 22:43:40.458000,13420458,0.0,27.3,1030.0,0.0,-999.0,0,0.0,0.076
1969-12-31 22:43:42.468000,13422468,0.0,27.3,1030.3,0.0,-999.0,0,0.0,0.081
1969-12-31 22:43:44.468000,13424468,0.0,27.3,1030.4,0.0,-999.0,0,0.0,0.078
1969-12-31 22:43:46.468000,13426468,0.0,27.3,1030.5,0.0,-999.0,0,0.0,0.079
1969-12-31 22:43:48.468000,13428468,0.0,27.3,1030.5,0.0,-999.0,0,0.0,0.074
1969-12-31 22:43:50.468000,13430468,0.0,27.3,1030.0,0.0,-999.0,0,0.0,0.08
1969-12-31 22:43:52.468000,13432468,0.0,27.3,1030.5,0.0,-999.0,0,0.0,0.077
1969-12-31 22:43:54.468000,13434468,0.0,27.3,1029.9,0.0,-999.0,0,0.1,0.082
1969-12-31 22:43:56.468000,13436468,0.0,27.3,1030.0,0.0,-999.0,0,0.0,0.079
1969-12-31 22:43:58.468000,13438468,0.0,27.3,1030.0,0.0,-999.0,0,0.0,0.077
1969-12-31 22:44:00.468000,13440468,0.0,27.3,1030.1,0.0,-999.0,0,0.0,0.073
1969-12-31 22:44:02.468000,13442468,0.0,27.3,1030.3,0.0,-999.0,0,0.0,0.079
1969-12-31 22:44:04.468000,13444468,0.0,27.3,1030.5,0.0,-999.0,0,0.0,0.075
1969-12-31 22:44:06.468000,13446468,0.0,27.3,1030.3,0.0,-999.0,0,0.0,0.076
1969-12-31 22:44:08.468000,13448468,0.0,27.3,1030.5,0.0,-999.0,0,0.0,0.079
1969-12-31 22:44:10.468000,13450468,0.0,27.3,1030.3,0.0,-999.0,0,0.0,0.075
1969-12-31 22:44:12.468000,13452468,0.0,27.3,1030.4,0.0,-999.0,0,0.0,0.075
1969-12-31 22:44:14.468000,13454468,0.0,27.3,1030.1,0.0,-999.0,0,0.0,0.076
1969-12-31 22:44:16.468000,13456468,0.0,27.3,1030.3,0.0,-999.0,0,0.0,0.077
1969-12-31 22:44:18.468000,13458468,0.0,27.3,1030.4,0.0,-999.0,0,0.0,0.076
1969-12-31 22:44:20.468000,13460468,0.0,27.3,1030.0,0.0,-999.0,0,0.0,0.067
1969-12-31 22:44:22.468000,13462468,0.0,27.3,1030.4,0.0,-999.0,0,0.0,0.081
1969-12-31 22:44:24.468000,13464468,0.0,27.3,1030.4,0.0,-999.0,0,0.0,0.08
1969-12-31 22:44:26.468000,13466468,0.0,27.3,1030.3,0.0,-999.0,0,0.0,0.078
1969-12-31 22:44:28.468000,13468468,0.0,27.3,1030.3,0.0,-999.0,0,0.0,0.073
1969-12-31 22:44:30.468000,13470468,0.0,27.3,1030.5,0.0,-999.0,0,0.0,0.073
1969-12-31 22:44:32.468000,13472468,0.0,27.3,1030.0,0.0,-999.0,0,0.0,0.079
1969-12-31 22:44:34.468000,13474468,0.0,27.3,1030.4,0.0,-999.0,0,0.0,0.073
1969-12-31 22:44:36.468000,13476468,0.0,27.3,1030.3,0.0,-999.0,0,0.0,0.077
1969-12-31 22:44:38.468000,13478468,0.0,27.3,1029.7,0.0,-999.0,0,0.0,0.072
1969-12-31 22:44:40.468000,13480468,0.0,27.3,1029.6,0.0,-999.0,0,0.0,0.079
1969-12-31 22:44:42.468000,13482468,0.0,27.3,1030.5,0.0,-999.0,0,0.0,0.071
1969-12-31 22:44:44.468000,13484468,0.0,27.3,1030.5,0.0,-999.0,0,0.0,0.081
1969-12-31 22:44:46.468000,13486468,0.0,27.3,1030.0,0.0,-999.0,0,0.0,0.077
1969-12-31 22:44:48.468000,13488468,0.0,27.3,1030.0,0.0,-999.0,0,0.0,0.081
1969-12-31 22:44:50.468000,13490468,0.0,27.3,1030.4,0.0,-999.0,0,0.0,0.073
1969-12-31 22:44:52.468000,13492468,0.0,27.3,1030.5,0.0,-999.0,0,0.0,0.077
1969-12-31 22:44:54.468000,13494468,0.0,27.3,1030.5,0.0,-999.0,0,0.0,0.078
1969-12-31 22:44:56.468000,13496468,0.0,27.3,1030.4,0.0,-999.0,0,0.0,0.077
1969-12-31 22:44:58.468000,13498468,0.0,27.3,1030.3,0.0,-999.0,0,0.0,0.08
1969-12-31 22:45:00.468000,13500468,0.0,27.3,1030.0,0.0,-999.0,0,0.0,0.08
1969-12-31 22:45:02.468000,13502468,0.0,27.3,1030.1,0.0,-999.0,0,0.0,0.072
1969-12-31 22:45:04.468000,13504468,0.0,27.3,1030.3,0.0,-999.0,0,0.0,0.077
1969-12-31 22:45:06.468000,13506468,0.0,27.3,1030.0,0.0,-999.0,0,0.0,0.077
1969-12-31 22:45:08.468000,13508468,0.0,27.3,1030.4,0.0,-999.0,0,0.1,0.083
1969-12-31 22:45:10.468000,13510468,0.0,27.3,1030.4,0.0,-999.0,0,0.0,0.076
1969-12-31 22:45:12.468000,13512468,0.0,27.3,1030.1,0.0,-999.0,0,0.0,0.076
1969-12-31 22:45:14.468000,13514468,0.0,27.3,1030.3,0.0,-999.0,0,0.0,0.074
1969-12-31 22:45:16.468000,13516468,0.0,27.3,1030.3,0.0,-999.0,0,0.0,0.078
1969-12-31 22:45:18.468000,13518468,0.0,27.3,1030.5,0.0,-999.0,0,0.0,0.074
1969-12-31 22:45:20.468000,13520468,0.0,27.3,1030.5,0.0,-999.0,0,0.0,0.08
1969-12-31 22:45:22.468000,13522468,0.0,27.3,1029.7,0.0,-999.0,0,0.0,0.08
1969-12-31 22:45:24.468000,13524468,0.0,27.3,1030.5,0.0,-999.0,0,0.0,0.076
1969-12-31 22:45:26.468000,13526468,0.0,27.3,1030.4,0.0,-999.0,0,0.0,0.075
1969-12-31 22:45:28.468000,13528468,0.0,27.3,1030.0,0.0,-999.0,0,0.0,0.073
1969-12-31 22:45:30.468000,13530468,0.0,27.3,1030.4,0.0,-999.0,0,0.0,0.078
1969-12-31 22:45:32.468000,13532468,0.0,27.3,1030.5,0.0,-999.0,0,0.0,0.078
1969-12-31 22:45:34.468000,13534468,0.0,27.3,1030.4,0.0,-999.0,0,0.0,0.077
1969-12-31 22:45:36.468000,13536468,0.0,27.3,1029.6,0.0,-999.0,0,0.1,0.083
1969-12-31 22:45:38.468000,13538468,0.0,27.3,1030.1,0.0,-999.0,0,0.0,0.075
1969-12-31 22:45:40.468000,13540468,0.0,27.3,1030.7,0.0,-999.0,0,0.0,0.075
1969-12-31 22:45:42.468000,13542468,0.0,27.3,1030.5,0.0,-999.0,0,0.0,0.079
1969-12-31 22:45:44.468000,13544468,0.0,27.3,1030.0,0.0,-999.0,0,0.0,0.076
1969-12-31 22:45:46.468000,13546468,0.0,27.3,1030.4,0.0,-999.0,0,0.0,0.071
1969-12-31 22:45:48.468000,13548468,0.0,27.3,1030.4,0.0,-999.0,0,0.0,0.073
1969-12-31 22:45:50.468000,13550468,0.0,27.3,1030.4,0.0,-999.0,0,0.0,0.079
1969-12-31 22:45:52.468000,13552468,0.0,27.3,1030.5,0.0,-999.0,0,0.0,0.079
1969-12-31 22:45:54.468000,13554468,0.0,27.3,1030.0,0.0,-999.0,0,0.0,0.079
1969-12-31 22:45:56.468000,13556468,0.0,27.3,1030.4,0.0,-999.0,0,0.0,0.077
1969-12-31 22:45:58.468000,13558468,0.0,27.3,1030.5,0.0,-999.0,0,0.0,0.074
1969-12-31 22:46:00.468000,13560468,0.0,27.3,1030.5,0.0,-999.0,0,0.0,0.074
1969-12-31 22:46:02.468000,13562468,0.0,27.3,1030.4,0.0,-999.0,0,0.0,0.08
1969-12-31 22:46:04.468000,13564468,0.0,27.3,1030.3,0.0,-999.0,0,0.0,0.081
1969-12-31 22:46:06.468000,13566468,0.0,27.3,1030.0,0.0,-999.0,0,0.0,0.081
1969-12-31 22:46:08.468000,13568468,0.0,27.3,1029.9,0.0,-999.0,0,0.0,0.077
1969-12-31 22:46:10.468000,13570468,0.0,27.3,1030.5,0.0,-999.0,0,0.0,0.074
1969-12-31 22:46:12.468000,13572468,0.0,27.3,1030.1,0.0,-999.0,0,0.0,0.081
1969-12-31 22:46:14.468000,13574468,0.0,27.3,1030.5,0.0,-999.0,0,0.0,0.075
1969-12-31 22:46:16.468000,13576468,0.0,27.3,1030.5,0.0,-999.0,0,0.0,0.08
1969-12-31 22:46:18.468000,13578468,0.0,27.3,1030.4,0.0,-999.0,0,0.0,0.073
1969-12-31 22:46:20.468000,13580468,0.0,27.3,1030.3,0.0,-999.0,0,0.0,0.078
1969-12-31 22:46:22.468000,13582468,0.0,27.3,1030.5,0.0,-999.0,0,0.0,0.081
1969-12-31 22:46:24.468000,13584468,0.0,27.3,1030.4,0.0,-999.0,0,0.0,0.079
1969-12-31 22:46:26.468000,13586468,0.0,27.3,1029.9,0.0,-999.0,0,0.0,0.075
1969-12-31 22:46:28.468000,13588468,0.0,27.3,1030.4,0.0,-999.0,0,0.0,0.074
1969-12-31 22:46:30.468000,13590468,0.0,27.3,1030.0,0.0,-999.0,0,0.0,0.078
1969-12-31 22:46:32.468000,13592468,0.0,27.3,1029.6,0.0,-999.0,0,0.1,0.082
1969-12-31 22:46:34.468000,13594468,0.0,27.3,1029.6,0.0,-999.0,0,0.0,0.073
1969-12-31 22:46:36.468000,13596468,0.0,27.3,1030.1,0.0,-999.0,0,0.0,0.073
1969-12-31 22:46:38.468000,13598468,0.0,27.3,1030.3,0.0,-999.0,0,0.0,0.073
1969-12-31 22:46:40.468000,13600468,0.0,27.3,1030.0,0.0,-999.0,0,0.0,0.078
1969-12-31 22:46:42.468000,13602468,0.0,27.3,1030.3,0.0,-999.0,0,0.0,0.078
1969-12-31 22:46:44.468000,13604468,0.0,27.3,1030.4,0.0,-999.0,0,0.0,0.077
1969-12-31 22:46:46.468000,13606468,0.0,27.3,1030.0,0.0,-999.0,0,0.0,0.074
1969-12-31 22:46:48.468000,13608468,0.0,27.3,1030.4,0.0,-999.0,0,0.0,0.074
1969-12-31 22:46:50.468000,13610468,0.0,27.3,1029.6,0.0,-999.0,0,0.0,0.077
1969-12-31 22:46:52.468000,13612468,0.0,27.3,1030.0,0.0,-999.0,0,0.0,0.076
1969-12-31 22:46:54.468000,13614468,0.0,27.3,1030.3,0.0,-999.0,0,0.0,0.077
1969-12-31 22:46:56.468000,13616468,0.0,27.3,1029.2,0.0,-999.0,0,0.0,0.077
1969-12-31 22:46:58.468000,13618468,0.0,27.3,1030.3,0.0,-999.0,0,0.0,0.073
1969-12-31 22:47:00.468000,13620468,0.0,27.3,1030.0,0.0,-999.0,0,0.0,0.077
1969-12-31 22:47:02.468000,13622468,0.0,27.3,1029.7,0.0,-999.0,0,0.0,0.074
1969-12-31 22:47:04.468000,13624468,0.0,27.3,1029.9,0.0,-999.0,0,0.0,0.077
1969-12-31 22:47:06.468000,13626468,0.0,27.3,1030.5,0.0,-999.0,0,0.0,0.079
1969-12-31 22:47:08.468000,13628468,0.0,27.3,1030.1,0.0,-999.0,0,0.0,0.077
1969-12-31 22:47:10.468000,13630468,0.0,27.3,1030.3,0.0,-999.0,0,0.0,0.077
1969-12-31 22:47:12.468000,13632468,0.0,27.3,1030.7,0.0,-999.0,0,0.0,0.081
1969-12-31 22:47:14.468000,13634468,0.0,27.3,1030.3,0.0,-999.0,0,0.0,0.078
1969-12-31 22:47:16.468000,13636468,0.0,27.3,1030.3,0.0,-999.0,0,0.0,0.071
1969-12-31 22:47:18.468000,13638468,0.0,27.3,1029.7,0.0,-999.0,0,0.0,0.079
1969-12-31 22:47:20.468000,13640468,0.0,27.3,1030.5,0.0,-999.0,0,0.0,0.076
1969-12-31 22:47:22.468000,13642468,0.0,27.3,1030.0,0.0,-999.0,0,0.0,0.075
1969-12-31 22:47:24.468000,13644468,0.0,27.3,1030.1,0.0,-999.0,0,0.0,0.078
1969-12-31 22:47:26.468000,13646468,0.0,27.3,1030.3,0.0,-999.0,0,0.0,0.07
1969-12-31 22:47:28.468000,13648468,0.0,27.3,1030.4,0.0,-999.0,0,0.0,0.077
1969-12-31 22:47:30.468000,13650468,0.0,27.3,1030.5,0.0,-999.0,0,0.0,0.073
1969-12-31 22:47:32.468000,13652468,0.0,27.3,1030.5,0.0,-999.0,0,0.0,0.073
1969-12-31 22:47:34.468000,13654468,0.0,27.3,1030.5,0.0,-999.0,0,0.0,0.074
1969-12-31 22:47:36.468000,13656468,0.0,27.3,1030.3,0.0,-999.0,0,0.0,0.077
1969-12-31 22:47:38.468000,13658468,0.0,27.3,1030.4,0.0,-999.0,0,0.0,0.076
1969-12-31 22:47:40.468000,13660468,0.0,27.3,1029.9,0.0,-999.0,0,0.0,0.079
1969-12-31 22:47:42.468000,13662468,0.0,27.3,1030.4,0.0,-999.0,0,0.0,0.073
1969-12-31 22:47:44.468000,13664468,0.0,27.3,1030.3,0.0,-999.0,0,0.0,0.074
1969-12-31 22:47:46.468000,13666468,0.0,27.3,1030.1,0.0,-999.0,0,0.0,0.079
1969-12-31 22:47:48.468000,13668468,0.0,27.3,1030.5,0.0,-999.0,0,0.0,0.074
1969-12-31 22:47:50.468000,13670468,0.0,27.3,1029.9,0.0,-999.0,0,0.0,0.077
1969-12-31 22:47:52.468000,13672468,0.0,27.3,1030.4,0.0,-999.0,0,0.0,0.072
1969-12-31 22:47:54.468000,13674468,0.0,27.3,1030.3,0.0,-999.0,0,0.0,0.073
1969-12-31 22:47:56.468000,13676468,0.0,27.3,1030.4,0.0,-999.0,0,0.0,0.074
1969-12-31 22:47:58.468000,13678468,0.0,27.3,1030.4,0.0,-999.0,0,0.0,0.073
1969-12-31 22:48:00.468000,13680468,0.0,27.3,1030.0,0.0,-999.0,0,0.0,0.074
1969-12-31 22:48:02.468000,13682468,0.0,27.3,1030.1,0.0,-999.0,0,0.0,0.077
1969-12-31 22:48:04.468000,13684468,0.0,27.3,1030.7,0.0,-999.0,0,0.0,0.077
1969-12-31 22:48:06.468000,13686468,0.0,27.3,1030.3,0.0,-999.0,0,0.0,0.077
1969-12-31 22:48:08.468000,13688468,0.0,27.3,1030.4,0.0,-999.0,0,0.0,0.075
1969-12-31 22:48:10.468000,13690468,0.0,27.3,1030.3,0.0,-999.0,0,0.0,0.077
1969-12-31 22:48:12.468000,13692468,0.0,27.3,1030.3,0.0,-999.0,0,0.0,0.073
1969-12-31 22:48:14.468000,13694468,0.0,27.3,1030.0,0.0,-999.0,0,0.0,0.076
1969-12-31 22:48:16.468000,13696468,0.0,27.3,1030.4,0.0,-999.0,0,0.0,0.077
1969-12-31 22:48:18.468000,13698468,0.0,27.3,1030.4,0.0,-999.0,0,0.0,0.077
1969-12-31 22:48:20.468000,13700468,0.0,27.3,1030.3,0.0,-999.0,0,0.0,0.076
1969-12-31 22:48:22.468000,13702468,0.0,27.3,1030.4,0.0,-999.0,0,0.0,0.077
1969-12-31 22:48:24.468000,13704468,0.0,27.3,1030.4,0.0,-999.0,0,0.0,0.075
1969-12-31 22:48:26.468000,13706468,0.0,27.3,1030.5,0.0,-999.0,0,0.0,0.078
1969-12-31 22:48:28.468000,13708468,0.0,27.3,1030.5,0.0,-999.0,0,0.0,0.078
1969-12-31 22:48:30.468000,13710468,0.0,27.3,1030.5,0.0,-999.0,0,0.0,0.073
1969-12-31 22:48:32.468000,13712468,0.0,27.3,1030.5,0.0,-999.0,0,0.0,0.076
1969-12-31 22:48:34.468000,13714468,0.0,27.3,1030.5,0.0,-999.0,0,0.0,0.078
1969-12-31 22:48:36.468000,13716468,0.0,27.3,1030.4,0.0,-999.0,0,0.0,0.081
1969-12-31 22:48:38.468000,13718468,0.0,27.3,1030.3,0.0,-999.0,0,0.0,0.077
1969-12-31 22:48:40.468000,13720468,0.0,27.3,1030.5,0.0,-999.0,0,0.0,0.078
1969-12-31 22:48:42.468000,13722468,0.0,27.3,1030.4,0.0,-999.0,0,0.0,0.077
1969-12-31 22:48:44.468000,13724468,0.0,27.3,1029.9,0.0,-999.0,0,0.0,0.073
1969-12-31 22:48:46.468000,13726468,0.0,27.3,1030.5,0.0,-999.0,0,0.0,0.077
1969-12-31 22:48:48.468000,13728468,0.0,27.3,1030.5,0.0,-999.0,0,0.0,0.076
1969-12-31 22:48:50.468000,13730468,0.0,27.3,1030.3,0.0,-999.0,0,0.0,0.079
1969-12-31 22:48:52.468000,13732468,0.0,27.3,1030.3,0.0,-999.0,0,0.0,0.079
1969-12-31 22:48:54.468000,13734468,0.0,27.3,1030.1,0.0,-999.0,0,0.0,0.077
1969-12-31 22:48:56.468000,13736468,0.0,27.3,1030.3,0.0,-999.0,0,0.0,0.077
1969-12-31 22:48:58.468000,13738468,0.0,27.3,1029.7,0.0,-999.0,0,0.0,0.075
1969-12-31 22:49:00.468000,13740468,0.0,27.3,1030.0,0.0,-999.0,0,0.0,0.069
1969-12-31 22:49:02.468000,13742468,0.0,27.3,1029.9,0.0,-999.0,0,0.0,0.077
1969-12-31 22:49:04.468000,13744468,0.0,27.3,1029.9,0.0,-999.0,0,0.0,0.077
1969-12-31 22:49:06.468000,13746468,0.0,27.3,1030.3,0.0,-999.0,0,0.0,0.076
1969-12-31 22:49:08.468000,13748468,0.0,27.3,1030.3,0.0,-999.0,0,0.0,0.073
1969-12-31 22:49:10.468000,13750468,0.0,27.3,1030.4,0.0,-999.0,0,0.0,0.073
1969-12-31 22:49:12.468000,13752468,0.0,27.3,1029.9,0.0,-999.0,0,0.0,0.077
1969-12-31 22:49:14.468000,13754468,0.0,27.3,1030.3,0.0,-999.0,0,0.0,0.075
1969-12-31 22:49:16.468000,13756468,0.0,27.3,1030.5,0.0,-999.0,0,0.0,0.075
1969-12-31 22:49:18.468000,13758468,0.0,27.3,1029.9,0.0,-999.0,0,0.0,0.079
1969-12-31 22:49:20.468000,13760468,0.0,27.3,1030.4,0.0,-999.0,0,0.0,0.074
1969-12-31 22:49:22.468000,13762468,0.0,27.3,1030.0,0.0,-999.0,0,0.0,0.073
1969-12-31 22:49:24.468000,13764468,0.0,27.3,1030.3,0.0,-999.0,0,0.0,0.073
1969-12-31 22:49:26.468000,13766468,0.0,27.3,1030.4,0.0,-999.0,0,0.0,0.081
1969-12-31 22:49:28.468000,13768468,0.0,27.3,1030.4,0.0,-999.0,0,0.0,0.081
1969-12-31 22:49:30.468000,13770468,0.0,27.3,1030.0,0.0,-999.0,0,0.0,0.071
1969-12-31 22:49:32.468000,13772468,0.0,27.3,1030.3,0.0,-999.0,0,0.0,0.079
1969-12-31 22:49:34.468000,13774468,0.0,27.3,1030.1,0.0,-999.0,0,0.0,0.071
1969-12-31 22:49:36.468000,13776468,0.0,27.3,1030.5,0.0,-999.0,0,0.0,0.079
1969-12-31 22:49:38.468000,13778468,0.0,27.3,1030.5,0.0,-999.0,0,0.0,0.081
1969-12-31 22:49:40.468000,13780468,0.0,27.3,1030.1,0.0,-999.0,0,0.0,0.079
1969-12-31 22:49:42.468000,13782468,0.0,27.3,1030.5,0.0,-999.0,0,0.0,0.077
1969-12-31 22:49:44.468000,13784468,0.0,27.3,1030.4,0.0,-999.0,0,0.0,0.078
1969-12-31 22:49:46.468000,13786468,0.0,27.3,1030.4,0.0,-999.0,0,0.0,0.068
1969-12-31 22:49:48.468000,13788468,0.0,27.3,1030.4,0.0,-999.0,0,0.0,0.08
1969-12-31 22:49:50.468000,13790468,0.0,27.3,1030.5,0.0,-999.0,0,0.0,0.078
1969-12-31 22:49:52.468000,13792468,0.0,27.3,1030.5,0.0,-999.0,0,0.0,0.072
1969-12-31 22:49:54.468000,13794468,0.0,27.3,1030.1,0.0,-999.0,0,0.0,0.075
1969-12-31 22:49:56.468000,13796468,0.0,27.3,1030.5,0.0,-999.0,0,0.1,0.083
1969-12-31 22:49:58.468000,13798468,0.0,27.3,1030.4,0.0,-999.0,0,0.0,0.08
1969-12-31 22:50:00.468000,13800468,0.0,27.3,1030.0,0.0,-999.0,0,0.0,0.074
1969-12-31 22:50:02.468000,13802468,0.0,27.3,1029.7,0.0,-999.0,0,0.0,0.076
1969-12-31 22:50:04.468000,13804468,0.0,27.3,1030.3,0.0,-999.0,0,0.0,0.078
1969-12-31 22:50:06.468000,13806468,0.0,27.3,1030.3,0.0,-999.0,0,0.0,0.076
1969-12-31 22:50:08.468000,13808468,0.0,27.3,1030.3,0.0,-999.0,0,0.0,0.078
1969-12-31 22:50:10.468000,13810468,0.0,27.3,1030.0,0.0,-999.0,0,0.0,0.073
1969-12-31 22:50:12.468000,13812468,0.0,27.3,1030.5,0.0,-999.0,0,0.0,0.077
1969-12-31 22:50:14.468000,13814468,0.0,27.3,1030.5,0.0,-999.0,0,0.0,0.078
1969-12-31 22:50:16.468000,13816468,0.0,27.3,1030.5,0.0,-999.0,0,0.0,0.079
1969-12-31 22:50:18.468000,13818468,0.0,27.3,1030.3,0.0,-999.0,0,0.0,0.078
1969-12-31 22:50:20.468000,13820468,0.0,27.3,1030.1,0.0,-999.0,0,0.0,0.079
1969-12-31 22:50:22.468000,13822468,0.0,27.3,1029.7,0.0,-999.0,0,0.0,0.073
1969-12-31 22:50:24.468000,13824468,0.0,27.3,1030.1,0.0,-999.0,0,0.0,0.076
1969-12-31 22:50:26.468000,13826468,0.0,27.3,1030.4,0.0,-999.0,0,0.0,0.075
1969-12-31 22:50:28.468000,13828468,0.0,27.3,1030.4,0.0,-999.0,0,0.0,0.079
1969-12-31 22:50:30.468000,13830468,0.0,27.3,1030.3,0.0,-999.0,0,0.0,0.077
1969-12-31 22:50:32.468000,13832468,0.0,27.3,1030.4,0.0,-999.0,0,0.0,0.077
1969-12-31 22:50:34.468000,13834468,0.0,27.3,1030.4,0.0,-999.0,0,0.0,0.076
1969-12-31 22:50:36.468000,13836468,0.0,27.3,1030.1,0.0,-999.0,0,0.0,0.075
1969-12-31 22:50:38.468000,13838468,0.0,27.3,1029.9,0.0,-999.0,0,0.0,0.077
1969-12-31 22:50:40.468000,13840468,0.0,27.3,1030.3,0.0,-999.0,0,0.0,0.078
1969-12-31 22:50:42.468000,13842468,0.0,27.3,1030.5,0.0,-999.0,0,0.0,0.077
1969-12-31 22:50:44.468000,13844468,0.0,27.3,1030.3,0.0,-999.0,0,0.0,0.073
1969-12-31 22:50:46.468000,13846468,0.0,27.3,1030.1,0.0,-999.0,0,0.0,0.074
1969-12-31 22:50:48.468000,13848468,0.0,27.3,1030.3,0.0,-999.0,0,0.0,0.078
1969-12-31 22:50:50.468000,13850468,0.0,27.3,1030.3,0.0,-999.0,0,0.0,0.073
1969-12-31 22:50:52.468000,13852468,0.0,27.3,1030.1,0.0,-999.0,0,0.0,0.079
1969-12-31 22:50:54.468000,13854468,0.0,27.3,1029.9,0.0,-999.0,0,0.0,0.077
1969-12-31 22:50:56.468000,13856468,0.0,27.3,1030.3,0.0,-999.0,0,0.0,0.077
1969-12-31 22:50:58.468000,13858468,0.0,27.3,1030.1,0.0,-999.0,0,0.0,0.074
1969-12-31 22:51:00.468000,13860468,0.0,27.3,1030.4,0.0,-999.0,0,0.0,0.075
1969-12-31 22:51:02.468000,13862468,0.0,27.3,1030.3,0.0,-999.0,0,0.0,0.077
1969-12-31 22:51:04.468000,13864468,0.0,27.3,1030.1,0.0,-999.0,0,0.0,0.074
1969-12-31 22:51:06.468000,13866468,0.0,27.3,1030.3,0.0,-999.0,0,0.0,0.073
1969-12-31 22:51:08.468000,13868468,0.0,27.3,1029.7,0.0,-999.0,0,0.0,0.079
1969-12-31 22:51:10.468000,13870468,0.0,27.3,1030.0,0.0,-999.0,0,0.0,0.075
1969-12-31 22:51:12.469000,13872469,0.0,27.3,1030.5,0.0,-999.0,0,0.0,0.078
1969-12-31 22:51:14.468000,13874468,0.0,27.3,1030.3,0.0,-999.0,0,0.0,0.075
1969-12-31 22:51:16.468000,13876468,0.0,27.3,1030.1,0.0,-999.0,0,0.0,0.076
1969-12-31 22:51:18.468000,13878468,0.0,27.3,1030.0,0.0,-999.0,0,0.0,0.078
1969-12-31 22:51:20.468000,13880468,0.0,27.3,1030.3,0.0,-999.0,0,0.0,0.074
1969-12-31 22:51:22.468000,13882468,0.0,27.3,1029.7,0.0,-999.0,0,0.0,0.072
1969-12-31 22:51:24.468000,13884468,0.0,27.3,1030.4,0.0,-999.0,0,0.0,0.075
1969-12-31 22:51:26.468000,13886468,0.0,27.3,1030.3,0.0,-999.0,0,0.0,0.077
1969-12-31 22:51:28.468000,13888468,0.0,27.3,1030.4,0.0,-999.0,0,0.0,0.078
1969-12-31 22:51:30.468000,13890468,0.0,27.3,1029.7,0.0,-999.0,0,0.0,0.08
1969-12-31 22:51:32.468000,13892468,0.0,27.3,1030.1,0.0,-999.0,0,0.0,0.077
1969-12-31 22:51:34.468000,13894468,0.0,27.3,1030.1,0.0,-999.0,0,0.0,0.08
1969-12-31 22:51:36.468000,13896468,0.0,27.3,1030.4,0.0,-999.0,0,0.0,0.069
1969-12-31 22:51:38.468000,13898468,0.0,27.3,1030.5,0.0,-999.0,0,0.0,0.078
1969-12-31 22:51:40.468000,13900468,0.0,27.3,1030.4,0.0,-999.0,0,0.1,0.084
1969-12-31 22:51:42.468000,13902468,0.0,27.3,1030.1,0.0,-999.0,0,0.0,0.077
1969-12-31 22:51:44.468000,13904468,0.0,27.3,1030.3,0.0,-999.0,0,0.0,0.073
1969-12-31 22:51:46.468000,13906468,0.0,27.3,1030.3,0.0,-999.0,0,0.0,0.077
1969-12-31 22:51:48.468000,13908468,0.0,27.3,1030.3,0.0,-999.0,0,0.0,0.076
1969-12-31 22:51:50.468000,13910468,0.0,27.3,1030.4,0.0,-999.0,0,0.0,0.075
1969-12-31 22:51:52.468000,13912468,0.0,27.3,1030.0,0.0,-999.0,0,0.0,0.07
1969-12-31 22:51:54.478000,13914478,0.0,27.3,1030.1,0.0,-999.0,0,0.0,0.079
1969-12-31 22:51:56.468000,13916468,0.0,27.3,1030.1,0.0,-999.0,0,0.0,0.077
1969-12-31 22:51:58.468000,13918468,0.0,27.3,1030.1,0.0,-999.0,0,0.1,0.082
1969-12-31 22:52:00.468000,13920468,0.0,27.3,1029.7,0.0,-999.0,0,0.0,0.075
1969-12-31 22:52:02.478000,13922478,0.0,27.3,1029.7,0.0,-999.0,0,0.0,0.073
1969-12-31 22:52:04.478000,13924478,0.0,27.3,1030.4,0.0,-999.0,0,0.0,0.076
1969-12-31 22:52:06.478000,13926478,0.0,27.3,1030.1,0.0,-999.0,0,0.0,0.077
1969-12-31 22:52:08.478000,13928478,0.0,27.3,1030.4,0.0,-999.0,0,0.0,0.077
1969-12-31 22:52:10.478000,13930478,0.0,27.3,1030.4,0.0,-999.0,0,0.0,0.077
1969-12-31 22:52:12.478000,13932478,0.0,27.3,1029.9,0.0,-999.0,0,0.0,0.077
1969-12-31 22:52:14.478000,13934478,0.0,27.3,1030.4,0.0,-999.0,0,0.0,0.079
1969-12-31 22:52:16.478000,13936478,0.0,27.3,1030.3,0.0,-999.0,0,0.0,0.077
1969-12-31 22:52:18.478000,13938478,0.0,27.3,1030.1,0.0,-999.0,0,0.0,0.074
1969-12-31 22:52:20.478000,13940478,0.0,27.3,1030.1,0.0,-999.0,0,0.0,0.077
1969-12-31 22:52:22.478000,13942478,0.0,27.3,1030.3,0.0,-999.0,0,0.0,0.079
1969-12-31 22:52:24.478000,13944478,0.0,27.3,1030.4,0.0,-999.0,0,0.0,0.073
1969-12-31 22:52:26.478000,13946478,0.0,27.3,1030.4,0.0,-999.0,0,0.0,0.079
1969-12-31 22:52:28.478000,13948478,0.0,27.3,1030.3,0.0,-999.0,0,0.0,0.081
1969-12-31 22:52:30.478000,13950478,0.0,27.3,1030.4,0.0,-999.0,0,0.0,0.077
1969-12-31 22:52:32.478000,13952478,0.0,27.3,1029.2,0.0,-999.0,0,0.0,0.076
1969-12-31 22:52:34.478000,13954478,0.0,27.3,1030.3,0.0,-999.0,0,0.0,0.076
1969-12-31 22:52:36.478000,13956478,0.0,27.3,1030.3,0.0,-999.0,0,0.0,0.075
1969-12-31 22:52:38.478000,13958478,0.0,27.3,1030.0,0.0,-999.0,0,0.0,0.077
1969-12-31 22:52:40.478000,13960478,0.0,27.3,1030.4,0.0,-999.0,0,0.0,0.077
1969-12-31 22:52:42.478000,13962478,0.0,27.3,1030.5,0.0,-999.0,0,0.0,0.08
1969-12-31 22:52:44.478000,13964478,0.0,27.3,1030.1,0.0,-999.0,0,0.0,0.077
1969-12-31 22:52:46.478000,13966478,0.0,27.3,1030.0,0.0,-999.0,0,0.0,0.076
1969-12-31 22:52:48.478000,13968478,0.0,27.3,1029.9,0.0,-999.0,0,0.0,0.073
1969-12-31 22:52:50.478000,13970478,0.0,27.3,1030.3,0.0,-999.0,0,0.0,0.077
1969-12-31 22:52:52.478000,13972478,0.0,27.3,1030.0,0.0,-999.0,0,0.0,0.075
1969-12-31 22:52:54.478000,13974478,0.0,27.3,1029.7,0.0,-999.0,0,0.0,0.08
1969-12-31 22:52:56.478000,13976478,0.0,27.3,1030.0,0.0,-999.0,0,0.0,0.079
1969-12-31 22:52:58.478000,13978478,0.0,27.3,1030.5,0.0,-999.0,0,0.0,0.077
1969-12-31 22:53:00.478000,13980478,0.0,27.3,1030.3,0.0,-999.0,0,0.0,0.069
1969-12-31 22:53:02.478000,13982478,0.0,27.3,1030.0,0.0,-999.0,0,0.0,0.078
1969-12-31 22:53:04.478000,13984478,0.0,27.3,1030.4,0.0,-999.0,0,0.0,0.074
1969-12-31 22:53:06.478000,13986478,0.0,27.3,1030.3,0.0,-999.0,0,0.0,0.078
1969-12-31 22:53:08.478000,13988478,0.0,27.3,1030.1,0.0,-999.0,0,0.1,0.082
1969-12-31 22:53:10.478000,13990478,0.0,27.3,1029.6,0.0,-999.0,0,0.1,0.082
1969-12-31 22:53:12.478000,13992478,0.0,27.3,1030.4,0.0,-999.0,0,0.0,0.079
1969-12-31 22:53:14.478000,13994478,0.0,27.3,1030.0,0.0,-999.0,0,0.0,0.08
1969-12-31 22:53:16.478000,13996478,0.0,27.3,1030.3,0.0,-999.0,0,0.0,0.077
1969-12-31 22:53:18.478000,13998478,0.0,27.3,1030.1,0.0,-999.0,0,0.0,0.075
1969-12-31 22:53:20.478000,14000478,0.0,27.3,1030.3,0.0,-999.0,0,0.0,0.075
1969-12-31 22:53:22.478000,14002478,0.0,27.3,1030.4,0.0,-999.0,0,0.0,0.073
1969-12-31 22:53:24.478000,14004478,0.0,27.3,1029.6,0.0,-999.0,0,0.0,0.077
1969-12-31 22:53:26.478000,14006478,0.0,27.3,1030.1,0.0,-999.0,0,0.0,0.073
1969-12-31 22:53:28.478000,14008478,0.0,27.3,1030.1,0.0,-999.0,0,0.0,0.073
1969-12-31 22:53:30.478000,14010478,0.0,27.3,1030.1,0.0,-999.0,0,0.0,0.075
1969-12-31 22:53:32.478000,14012478,0.0,27.3,1030.1,0.0,-999.0,0,0.0,0.077
1969-12-31 22:53:34.478000,14014478,0.0,27.3,1030.4,0.0,-999.0,0,0.0,0.076
1969-12-31 22:53:36.478000,14016478,0.0,27.3,1030.3,0.0,-999.0,0,0.0,0.074
1969-12-31 22:53:38.478000,14018478,0.0,27.3,1029.6,0.0,-999.0,0,0.0,0.078
1969-12-31 22:53:40.478000,14020478,0.0,27.3,1030.3,0.0,-999.0,0,0.0,0.069
1969-12-31 22:53:42.478000,14022478,0.0,27.3,1029.6,0.0,-999.0,0,0.0,0.078
1969-12-31 22:53:44.478000,14024478,0.0,27.3,1030.0,0.0,-999.0,0,0.0,0.076
1969-12-31 22:53:46.478000,14026478,0.0,27.3,1030.1,0.0,-999.0,0,0.0,0.075
1969-12-31 22:53:48.478000,14028478,0.0,27.3,1030.3,0.0,-999.0,0,0.0,0.08
1969-12-31 22:53:50.478000,14030478,0.0,27.3,1030.3,0.0,-999.0,0,0.0,0.073
1969-12-31 22:53:52.478000,14032478,0.0,27.3,1030.3,0.0,-999.0,0,0.0,0.081
1969-12-31 22:53:54.478000,14034478,0.0,27.3,1030.0,0.0,-999.0,0,0.0,0.073
1969-12-31 22:53:56.478000,14036478,0.0,27.3,1029.6,0.0,-999.0,0,0.0,0.073
1969-12-31 22:53:58.478000,14038478,0.0,27.3,1030.4,0.0,-999.0,0,0.0,0.079
1969-12-31 22:54:00.478000,14040478,0.0,27.3,1029.3,0.0,-999.0,0,0.0,0.081
1969-12-31 22:54:02.478000,14042478,0.0,27.3,1029.7,0.0,-999.0,0,0.0,0.079
1969-12-31 22:54:04.478000,14044478,0.0,27.3,1029.5,0.0,-999.0,0,0.0,0.079
1969-12-31 22:54:06.478000,14046478,0.0,27.3,1030.3,0.0,-999.0,0,0.0,0.077
1969-12-31 22:54:08.478000,14048478,0.0,27.3,1030.4,0.0,-999.0,0,0.0,0.078
1969-12-31 22:54:10.478000,14050478,0.0,27.3,1029.7,0.0,-999.0,0,0.0,0.076
1969-12-31 22:54:12.478000,14052478,0.0,27.3,1029.6,0.0,-999.0,0,0.0,0.075
1969-12-31 22:54:14.478000,14054478,0.0,27.3,1029.9,0.0,-999.0,0,0.0,0.081
1969-12-31 22:54:16.478000,14056478,0.0,27.3,1030.4,0.0,-999.0,0,0.0,0.077
1969-12-31 22:54:18.478000,14058478,0.0,27.3,1030.3,0.0,-999.0,0,0.0,0.077
1969-12-31 22:54:20.478000,14060478,0.0,27.3,1029.3,0.0,-999.0,0,0.0,0.071
1969-12-31 22:54:22.478000,14062478,0.0,27.3,1030.4,0.0,-999.0,0,0.0,0.073
1969-12-31 22:54:24.478000,14064478,0.0,27.3,1029.7,0.0,-999.0,0,0.0,0.075
1969-12-31 22:54:26.478000,14066478,0.0,27.3,1030.5,0.0,-999.0,0,0.0,0.076
1969-12-31 22:54:28.478000,14068478,0.0,27.3,1030.3,0.0,-999.0,0,0.0,0.076
1969-12-31 22:54:30.478000,14070478,0.0,27.3,1030.5,0.0,-999.0,0,0.0,0.068
1969-12-31 22:54:32.478000,14072478,0.0,27.3,1030.5,0.0,-999.0,0,0.0,0.079
1969-12-31 22:54:34.478000,14074478,0.0,27.3,1030.3,0.0,-999.0,0,0.0,0.077
1969-12-31 22:54:36.478000,14076478,0.0,27.3,1030.5,0.0,-999.0,0,0.0,0.075
1969-12-31 22:54:38.478000,14078478,0.0,27.3,1030.3,0.0,-999.0,0,0.0,0.073
1969-12-31 22:54:40.478000,14080478,0.0,27.3,1029.5,0.0,-999.0,0,0.0,0.075
1969-12-31 22:54:42.478000,14082478,0.0,27.3,1029.9,0.0,-999.0,0,0.0,0.08
1969-12-31 22:54:44.478000,14084478,0.0,27.3,1029.9,0.0,-999.0,0,0.0,0.078
1969-12-31 22:54:46.478000,14086478,0.0,27.3,1030.3,0.0,-999.0,0,0.0,0.075
1969-12-31 22:54:48.478000,14088478,0.0,27.3,1030.5,0.0,-999.0,0,0.0,0.075
1969-12-31 22:54:50.478000,14090478,0.0,27.3,1030.0,0.0,-999.0,0,0.0,0.078
1969-12-31 22:54:52.478000,14092478,0.0,27.3,1030.3,0.0,-999.0,0,0.0,0.076
1969-12-31 22:54:54.478000,14094478,0.0,27.3,1030.3,0.0,-999.0,0,0.0,0.078
1969-12-31 22:54:56.478000,14096478,0.0,27.3,1030.3,0.0,-999.0,0,0.0,0.077
1969-12-31 22:54:58.478000,14098478,0.0,27.3,1030.5,0.0,-999.0,0,0.0,0.081
1969-12-31 22:55:00.478000,14100478,0.0,27.3,1030.4,0.0,-999.0,0,0.0,0.074
1969-12-31 22:55:02.478000,14102478,0.0,27.3,1030.4,0.0,-999.0,0,0.0,0.078
1969-12-31 22:55:04.478000,14104478,0.0,27.3,1030.4,0.0,-999.0,0,0.0,0.08
1969-12-31 22:55:06.478000,14106478,0.0,27.3,1030.1,0.0,-999.0,0,0.0,0.077
1969-12-31 22:55:08.478000,14108478,0.0,27.3,1030.4,0.0,-999.0,0,0.0,0.075
1969-12-31 22:55:10.478000,14110478,0.0,27.3,1030.3,0.0,-999.0,0,0.0,0.079
1969-12-31 22:55:12.478000,14112478,0.0,27.3,1030.1,0.0,-999.0,0,0.0,0.08
1969-12-31 22:55:14.478000,14114478,0.0,27.3,1030.4,0.0,-999.0,0,0.0,0.078
1969-12-31 22:55:16.478000,14116478,0.0,27.3,1030.4,0.0,-999.0,0,0.0,0.078
1969-12-31 22:55:18.478000,14118478,0.0,27.3,1030.1,0.0,-999.0,0,0.0,0.075
1969-12-31 22:55:20.478000,14120478,0.0,27.3,1030.3,0.0,-999.0,0,0.0,0.077
1969-12-31 22:55:22.478000,14122478,0.0,27.3,1030.0,0.0,-999.0,0,0.0,0.076
1969-12-31 22:55:24.478000,14124478,0.0,27.3,1030.3,0.0,-999.0,0,0.0,0.078
1969-12-31 22:55:26.478000,14126478,0.0,27.3,1030.0,0.0,-999.0,0,0.0,0.08
1969-12-31 22:55:28.478000,14128478,0.0,27.3,1030.0,0.0,-999.0,0,0.0,0.075
1969-12-31 22:55:30.478000,14130478,0.0,27.3,1030.5,0.0,-999.0,0,0.0,0.077
1969-12-31 22:55:32.478000,14132478,0.0,27.3,1030.3,0.0,-999.0,0,0.0,0.075
1969-12-31 22:55:34.478000,14134478,0.0,27.3,1030.3,0.0,-999.0,0,0.0,0.077
1969-12-31 22:55:36.478000,14136478,0.0,27.3,1030.4,0.0,-999.0,0,0.0,0.08
1969-12-31 22:55:38.478000,14138478,0.0,27.3,1030.4,0.0,-999.0,0,0.0,0.074
1969-12-31 22:55:40.478000,14140478,0.0,27.3,1030.3,0.0,-999.0,0,0.0,0.081
1969-12-31 22:55:42.478000,14142478,0.0,27.3,1030.5,0.0,-999.0,0,0.0,0.079
1969-12-31 22:55:44.478000,14144478,0.0,27.3,1030.3,0.0,-999.0,0,0.0,0.077
1969-12-31 22:55:46.478000,14146478,0.0,27.3,1030.5,0.0,-999.0,0,0.0,0.078
1969-12-31 22:55:48.478000,14148478,0.0,27.3,1029.9,0.0,-999.0,0,0.0,0.076
1969-12-31 22:55:50.478000,14150478,0.0,27.3,1030.0,0.0,-999.0,0,0.0,0.075
1969-12-31 22:55:52.478000,14152478,0.0,27.3,1030.3,0.0,-999.0,0,0.0,0.08
1969-12-31 22:55:54.478000,14154478,0.0,27.3,1029.9,0.0,-999.0,0,0.0,0.081
1969-12-31 22:55:56.478000,14156478,0.0,27.3,1030.3,0.0,-999.0,0,0.0,0.078
1969-12-31 22:55:58.478000,14158478,0.0,27.3,1030.5,0.0,-999.0,0,0.0,0.071
1969-12-31 22:56:00.478000,14160478,0.0,27.3,1030.5,0.0,-999.0,0,0.0,0.081
1969-12-31 22:56:02.478000,14162478,0.0,27.3,1030.0,0.0,-999.0,0,0.0,0.071
1969-12-31 22:56:04.478000,14164478,0.0,27.3,1030.0,0.0,-999.0,0,0.0,0.075
1969-12-31 22:56:06.478000,14166478,0.0,27.3,1030.3,0.0,-999.0,0,0.0,0.073
1969-12-31 22:56:08.478000,14168478,0.0,27.3,1030.3,0.0,-999.0,0,0.0,0.074
1969-12-31 22:56:10.478000,14170478,0.0,27.3,1030.1,0.0,-999.0,0,0.0,0.077
1969-12-31 22:56:12.479000,14172479,0.0,27.3,1030.3,0.0,-999.0,0,0.0,0.076
1969-12-31 22:56:14.478000,14174478,0.0,27.3,1030.5,0.0,-999.0,0,0.0,0.078
1969-12-31 22:56:16.478000,14176478,0.0,27.3,1030.3,0.0,-999.0,0,0.0,0.076
1969-12-31 22:56:18.478000,14178478,0.0,27.3,1030.3,0.0,-999.0,0,0.0,0.077
1969-12-31 22:56:20.478000,14180478,0.0,27.3,1030.3,0.0,-999.0,0,0.0,0.077
1969-12-31 22:56:22.478000,14182478,0.0,27.3,1030.3,0.0,-999.0,0,0.0,0.08
1969-12-31 22:56:24.478000,14184478,0.0,27.3,1030.1,0.0,-999.0,0,0.0,0.073
1969-12-31 22:56:26.478000,14186478,0.0,27.3,1029.9,0.0,-999.0,0,0.0,0.073
1969-12-31 22:56:28.478000,14188478,0.0,27.3,1030.3,0.0,-999.0,0,0.0,0.073
1969-12-31 22:56:30.478000,14190478,0.0,27.3,1030.4,0.0,-999.0,0,0.0,0.077
1969-12-31 22:56:32.478000,14192478,0.0,27.3,1030.0,0.0,-999.0,0,0.0,0.076
1969-12-31 22:56:34.478000,14194478,0.0,27.3,1030.5,0.0,-999.0,0,0.0,0.076
1969-12-31 22:56:36.478000,14196478,0.0,27.3,1030.5,0.0,-999.0,0,0.0,0.081
1969-12-31 22:56:38.478000,14198478,0.0,27.3,1030.5,0.0,-999.0,0,0.0,0.075
1969-12-31 22:56:40.478000,14200478,0.0,27.3,1029.6,0.0,-999.0,0,0.0,0.073
1969-12-31 22:56:42.478000,14202478,0.0,27.3,1030.4,0.0,-999.0,0,0.0,0.077
1969-12-31 22:56:44.478000,14204478,0.0,27.3,1029.7,0.0,-999.0,0,0.0,0.073
1969-12-31 22:56:46.558000,14206558,0.0,27.3,1030.5,0.0,-999.0,0,0.0,0.081
1969-12-31 22:56:48.478000,14208478,0.0,27.3,1030.1,0.0,-999.0,0,0.0,0.075
1969-12-31 22:56:50.478000,14210478,0.0,27.3,1030.3,0.0,-999.0,0,0.0,0.079
1969-12-31 22:56:52.478000,14212478,0.0,27.3,1030.4,0.0,-999.0,0,0.0,0.076
1969-12-31 22:56:54.478000,14214478,0.0,27.3,1030.5,0.0,-999.0,0,0.0,0.08
1969-12-31 22:56:56.478000,14216478,0.0,27.3,1030.5,0.0,-999.0,0,0.0,0.077
1969-12-31 22:56:58.478000,14218478,0.0,27.3,1030.7,0.0,-999.0,0,0.0,0.073
1969-12-31 22:57:00.478000,14220478,0.0,27.3,1030.7,0.0,-999.0,0,0.0,0.081
1969-12-31 22:57:02.478000,14222478,0.0,27.3,1030.0,0.0,-999.0,0,0.0,0.081
1969-12-31 22:57:04.478000,14224478,0.0,27.3,1030.3,0.0,-999.0,0,0.0,0.077
1969-12-31 22:57:06.478000,14226478,0.0,27.3,1030.3,0.0,-999.0,0,0.0,0.078
1969-12-31 22:57:08.478000,14228478,0.0,27.3,1030.4,0.0,-999.0,0,0.0,0.077
1969-12-31 22:57:10.478000,14230478,0.0,27.3,1030.5,0.0,-999.0,0,0.0,0.073
1969-12-31 22:57:12.478000,14232478,0.0,27.3,1030.1,0.0,-999.0,0,0.0,0.078
1969-12-31 22:57:14.478000,14234478,0.0,27.3,1030.5,0.0,-999.0,0,0.0,0.075
1969-12-31 22:57:16.478000,14236478,0.0,27.3,1030.5,0.0,-999.0,0,0.0,0.077
1969-12-31 22:57:18.478000,14238478,0.0,27.3,1030.0,0.0,-999.0,0,0.0,0.075
1969-12-31 22:57:20.478000,14240478,0.0,27.3,1030.4,0.0,-999.0,0,0.0,0.075
1969-12-31 22:57:22.478000,14242478,0.0,27.3,1030.1,0.0,-999.0,0,0.0,0.075
1969-12-31 22:57:24.478000,14244478,0.0,27.3,1030.4,0.0,-999.0,0,0.0,0.077
1969-12-31 22:57:26.478000,14246478,0.0,27.3,1030.5,0.0,-999.0,0,0.0,0.077
1969-12-31 22:57:28.478000,14248478,0.0,27.3,1029.6,0.0,-999.0,0,0.0,0.073
1969-12-31 22:57:30.478000,14250478,0.0,27.3,1030.4,0.0,-999.0,0,0.0,0.073
1969-12-31 22:57:32.478000,14252478,0.0,27.3,1030.4,0.0,-999.0,0,0.0,0.073
1969-12-31 22:57:34.478000,14254478,0.0,27.3,1030.1,0.0,-999.0,0,0.0,0.075
1969-12-31 22:57:36.478000,14256478,0.0,27.3,1030.3,0.0,-999.0,0,0.0,0.08
1969-12-31 22:57:38.478000,14258478,0.0,27.3,1030.5,0.0,-999.0,0,0.0,0.074
1969-12-31 22:57:40.478000,14260478,0.0,27.3,1030.3,0.0,-999.0,0,0.0,0.081
1969-12-31 22:57:42.478000,14262478,0.0,27.3,1030.1,0.0,-999.0,0,0.0,0.077
1969-12-31 22:57:44.478000,14264478,0.0,27.3,1030.3,0.0,-999.0,0,0.1,0.082
1969-12-31 22:57:46.478000,14266478,0.0,27.3,1029.6,0.0,-999.0,0,0.0,0.073
1969-12-31 22:57:48.478000,14268478,0.0,27.3,1030.4,0.0,-999.0,0,0.0,0.074
1969-12-31 22:57:50.478000,14270478,0.0,27.3,1030.3,0.0,-999.0,0,0.0,0.077
1969-12-31 22:57:52.478000,14272478,0.0,27.3,1030.7,0.0,-999.0,0,0.0,0.075
1969-12-31 22:57:54.478000,14274478,0.0,27.3,1030.3,0.0,-999.0,0,0.0,0.075
1969-12-31 22:57:56.478000,14276478,0.0,27.3,1030.1,0.0,-999.0,0,0.0,0.077
1969-12-31 22:57:58.478000,14278478,0.0,27.3,1030.1,0.0,-999.0,0,0.0,0.077
1969-12-31 22:58:00.478000,14280478,0.0,27.3,1029.6,0.0,-999.0,0,0.0,0.08
1969-12-31 22:58:02.478000,14282478,0.0,27.3,1030.5,0.0,-999.0,0,0.0,0.081
1969-12-31 22:58:04.478000,14284478,0.0,27.3,1030.5,0.0,-999.0,0,0.0,0.079
1969-12-31 22:58:06.478000,14286478,0.0,27.3,1030.5,0.0,-999.0,0,0.0,0.073
1969-12-31 22:58:08.478000,14288478,0.0,27.3,1030.4,0.0,-999.0,0,0.0,0.077
1969-12-31 22:58:10.479000,14290479,0.0,27.3,1030.5,0.0,-999.0,0,0.0,0.078
1969-12-31 22:58:12.478000,14292478,0.0,27.3,1030.5,0.0,-999.0,0,0.0,0.076
1969-12-31 22:58:14.478000,14294478,0.0,27.3,1030.4,0.0,-999.0,0,0.0,0.078
1969-12-31 22:58:16.478000,14296478,0.0,27.3,1030.4,0.0,-999.0,0,0.0,0.074
1969-12-31 22:58:18.478000,14298478,0.0,27.3,1030.5,0.0,-999.0,0,0.0,0.075
1969-12-31 22:58:20.478000,14300478,0.0,27.3,1030.0,0.0,-999.0,0,0.0,0.075
1969-12-31 22:58:22.478000,14302478,0.0,27.3,1030.3,0.0,-999.0,0,0.0,0.074
1969-12-31 22:58:24.478000,14304478,0.0,27.3,1030.5,0.0,-999.0,0,0.0,0.077
1969-12-31 22:58:26.478000,14306478,0.0,27.3,1030.3,0.0,-999.0,0,0.0,0.078
1969-12-31 22:58:28.478000,14308478,0.0,27.3,1030.5,0.0,-999.0,0,0.0,0.077
1969-12-31 22:58:30.478000,14310478,0.0,27.3,1030.3,0.0,-999.0,0,0.0,0.078
1969-12-31 22:58:32.478000,14312478,0.0,27.3,1030.1,0.0,-999.0,0,0.1,0.083
1969-12-31 22:58:34.478000,14314478,0.0,27.3,1030.4,0.0,-999.0,0,0.0,0.081
1969-12-31 22:58:36.478000,14316478,0.0,27.3,1030.5,0.0,-999.0,0,0.0,0.077
1969-12-31 22:58:38.478000,14318478,0.0,27.3,1030.4,0.0,-999.0,0,0.0,0.08
1969-12-31 22:58:40.478000,14320478,0.0,27.3,1030.5,0.0,-999.0,0,0.0,0.073
1969-12-31 22:58:42.478000,14322478,0.0,27.3,1030.4,0.0,-999.0,0,0.0,0.073
1969-12-31 22:58:44.478000,14324478,0.0,27.3,1030.1,0.0,-999.0,0,0.0,0.078
1969-12-31 22:58:46.478000,14326478,0.0,27.3,1030.5,0.0,-999.0,0,0.0,0.072
1969-12-31 22:58:48.478000,14328478,0.0,27.3,1030.7,0.0,-999.0,0,0.0,0.076
1969-12-31 22:58:50.478000,14330478,0.0,27.3,1030.5,0.0,-999.0,0,0.0,0.073
1969-12-31 22:58:52.478000,14332478,0.0,27.3,1030.0,0.0,-999.0,0,0.0,0.074
1969-12-31 22:58:54.478000,14334478,0.0,27.3,1030.5,0.0,-999.0,0,0.0,0.079
1969-12-31 22:58:56.478000,14336478,0.0,27.3,1030.5,0.0,-999.0,0,0.0,0.075
1969-12-31 22:58:58.478000,14338478,0.0,27.3,1030.5,0.0,-999.0,0,0.0,0.077
1969-12-31 22:59:00.478000,14340478,0.0,27.3,1030.3,0.0,-999.0,0,0.0,0.077
1969-12-31 22:59:02.478000,14342478,0.0,27.3,1030.1,0.0,-999.0,0,0.0,0.079
1969-12-31 22:59:04.478000,14344478,0.0,27.3,1030.5,0.0,-999.0,0,0.0,0.076
1969-12-31 22:59:06.478000,14346478,0.0,27.3,1030.3,0.0,-999.0,0,0.0,0.08
1969-12-31 22:59:08.478000,14348478,0.0,27.3,1030.5,0.0,-999.0,0,0.0,0.079
1969-12-31 22:59:10.478000,14350478,0.0,27.3,1030.5,0.0,-999.0,0,0.0,0.077
1969-12-31 22:59:12.478000,14352478,0.0,27.3,1030.5,0.0,-999.0,0,0.0,0.079
1969-12-31 22:59:14.478000,14354478,0.0,27.3,1030.0,0.0,-999.0,0,0.0,0.076
1969-12-31 22:59:16.478000,14356478,0.0,27.3,1030.3,0.0,-999.0,0,0.0,0.08
1969-12-31 22:59:18.478000,14358478,0.0,27.3,1030.5,0.0,-999.0,0,0.0,0.075
1969-12-31 22:59:20.478000,14360478,0.0,27.3,1030.0,0.0,-999.0,0,0.0,0.077
1969-12-31 22:59:22.478000,14362478,0.0,27.3,1030.7,0.0,-999.0,0,0.0,0.076
1969-12-31 22:59:24.478000,14364478,0.0,27.3,1030.3,0.0,-999.0,0,0.0,0.075
1969-12-31 22:59:26.478000,14366478,0.0,27.3,1030.7,0.0,-999.0,0,0.0,0.077
1969-12-31 22:59:28.478000,14368478,0.0,27.3,1030.1,0.0,-999.0,0,0.0,0.076
1969-12-31 22:59:30.478000,14370478,0.0,27.3,1030.1,0.0,-999.0,0,0.0,0.074
1969-12-31 22:59:32.478000,14372478,0.0,27.3,1030.3,0.0,-999.0,0,0.0,0.077
1969-12-31 22:59:34.478000,14374478,0.0,27.3,1030.0,0.0,-999.0,0,0.0,0.073
1969-12-31 22:59:36.478000,14376478,0.0,27.3,1029.7,0.0,-999.0,0,0.0,0.078
1969-12-31 22:59:38.478000,14378478,0.0,27.3,1030.4,0.0,-999.0,0,0.0,0.079
1969-12-31 22:59:40.478000,14380478,0.0,27.3,1030.5,0.0,-999.0,0,0.0,0.078
1969-12-31 22:59:42.478000,14382478,0.0,27.3,1030.5,0.0,-999.0,0,0.0,0.076
1969-12-31 22:59:44.478000,14384478,0.0,27.3,1030.0,0.0,-999.0,0,0.0,0.077
1969-12-31 22:59:46.478000,14386478,0.0,27.3,1030.4,0.0,-999.0,0,0.0,0.071
1969-12-31 22:59:48.478000,14388478,0.0,27.3,1030.3,0.0,-999.0,0,0.0,0.076
1969-12-31 22:59:50.478000,14390478,0.0,27.3,1030.3,0.0,-999.0,0,0.0,0.077
1969-12-31 22:59:52.478000,14392478,0.0,27.3,1030.3,0.0,-999.0,0,0.0,0.076
1969-12-31 22:59:54.478000,14394478,0.0,27.3,1030.0,0.0,-999.0,0,0.0,0.076
1969-12-31 22:59:56.478000,14396478,0.0,27.3,1030.5,0.0,-999.0,0,0.0,0.072
1969-12-31 22:59:58.478000,14398478,0.0,27.3,1030.5,0.0,-999.0,0,0.0,0.077
1969-12-31 23:00:00.478000,14400478,0.0,27.3,1030.5,0.0,-999.0,0,0.0,0.073
1969-12-31 23:00:02.478000,14402478,0.0,27.3,1030.1,0.0,-999.0,0,0.0,0.077
1969-12-31 23:00:04.478000,14404478,0.0,27.3,1030.4,0.0,-999.0,0,0.0,0.078
1969-12-31 23:00:06.478000,14406478,0.0,27.3,1030.4,0.0,-999.0,0,0.0,0.081
1969-12-31 23:00:08.478000,14408478,0.0,27.3,1030.5,0.0,-999.0,0,0.0,0.077
1969-12-31 23:00:10.478000,14410478,0.0,27.3,1030.3,0.0,-999.0,0,0.0,0.075
1969-12-31 23:00:12.478000,14412478,0.0,27.3,1030.4,0.0,-999.0,0,0.0,0.077
1969-12-31 23:00:14.478000,14414478,0.0,27.3,1030.5,0.0,-999.0,0,0.0,0.081
1969-12-31 23:00:16.478000,14416478,0.0,27.3,1030.4,0.0,-999.0,0,0.0,0.081
1969-12-31 23:00:18.478000,14418478,0.0,27.3,1030.5,0.0,-999.0,0,0.0,0.077
1969-12-31 23:00:20.488000,14420488,0.0,27.3,1029.6,0.0,-999.0,0,0.0,0.076
1969-12-31 23:00:22.488000,14422488,0.0,27.3,1030.4,0.0,-999.0,0,0.0,0.075
1969-12-31 23:00:24.488000,14424488,0.0,27.3,1030.3,0.0,-999.0,0,0.0,0.078
1969-12-31 23:00:26.488000,14426488,0.0,27.3,1030.7,0.0,-999.0,0,0.0,0.075
1969-12-31 23:00:28.478000,14428478,0.0,27.3,1030.4,0.0,-999.0,0,0.0,0.076
1969-12-31 23:00:30.478000,14430478,0.0,27.3,1030.4,0.0,-999.0,0,0.0,0.075
1969-12-31 23:00:32.488000,14432488,0.0,27.3,1030.4,0.0,-999.0,0,0.0,0.077
1969-12-31 23:00:34.488000,14434488,0.0,27.3,1030.5,0.0,-999.0,0,0.0,0.077
1969-12-31 23:00:36.488000,14436488,0.0,27.3,1030.1,0.0,-999.0,0,0.0,0.073
1969-12-31 23:00:38.488000,14438488,0.0,27.3,1030.7,0.0,-999.0,0,0.0,0.076
1969-12-31 23:00:40.488000,14440488,0.0,27.3,1030.7,0.0,-999.0,0,0.0,0.081
1969-12-31 23:00:42.488000,14442488,0.0,27.3,1030.3,0.0,-999.0,0,0.1,0.084
1969-12-31 23:00:44.488000,14444488,0.0,27.3,1030.4,0.0,-999.0,0,0.0,0.073
1969-12-31 23:00:46.488000,14446488,0.0,27.3,1030.4,0.0,-999.0,0,0.0,0.077
1969-12-31 23:00:48.488000,14448488,0.0,27.3,1030.7,0.0,-999.0,0,0.0,0.07
1969-12-31 23:00:50.488000,14450488,0.0,27.3,1030.1,0.0,-999.0,0,0.0,0.079
1969-12-31 23:00:52.488000,14452488,0.0,27.3,1029.9,0.0,-999.0,0,0.0,0.077
1969-12-31 23:00:54.488000,14454488,0.0,27.3,1030.4,0.0,-999.0,0,0.0,0.077
1969-12-31 23:00:56.488000,14456488,0.0,27.3,1030.7,0.0,-999.0,0,0.0,0.076
1969-12-31 23:00:58.488000,14458488,0.0,27.3,1030.5,0.0,-999.0,0,0.0,0.077
1969-12-31 23:01:00.488000,14460488,0.0,27.3,1030.5,0.0,-999.0,0,0.0,0.073
1969-12-31 23:01:02.488000,14462488,0.0,27.3,1030.5,0.0,-999.0,0,0.0,0.078
1969-12-31 23:01:04.488000,14464488,0.0,27.3,1030.0,0.0,-999.0,0,0.0,0.079
1969-12-31 23:01:06.488000,14466488,0.0,27.3,1030.3,0.0,-999.0,0,0.0,0.076
1969-12-31 23:01:08.488000,14468488,0.0,27.3,1030.5,0.0,-999.0,0,0.0,0.076
1969-12-31 23:01:10.488000,14470488,0.0,27.3,1030.1,0.0,-999.0,0,0.0,0.081
1969-12-31 23:01:12.488000,14472488,0.0,27.3,1030.7,0.0,-999.0,0,0.0,0.08
1969-12-31 23:01:14.488000,14474488,0.0,27.3,1030.5,0.0,-999.0,0,0.0,0.079
1969-12-31 23:01:16.488000,14476488,0.0,27.3,1030.1,0.0,-999.0,0,0.0,0.078
1969-12-31 23:01:18.488000,14478488,0.0,27.3,1030.5,0.0,-999.0,0,0.0,0.08
1969-12-31 23:01:20.488000,14480488,0.0,27.3,1029.7,0.0,-999.0,0,0.0,0.078
1969-12-31 23:01:22.488000,14482488,0.0,27.3,1030.4,0.0,-999.0,0,0.0,0.076
1969-12-31 23:01:24.488000,14484488,0.0,27.3,1030.4,0.0,-999.0,0,0.0,0.08
1969-12-31 23:01:26.488000,14486488,0.0,27.3,1030.7,0.0,-999.0,0,0.0,0.074
1969-12-31 23:01:28.488000,14488488,0.0,27.3,1030.7,0.0,-999.0,0,0.0,0.072
1969-12-31 23:01:30.488000,14490488,0.0,27.3,1030.1,0.0,-999.0,0,0.1,0.082
1969-12-31 23:01:32.488000,14492488,0.0,27.3,1030.1,0.0,-999.0,0,0.0,0.069
1969-12-31 23:01:34.488000,14494488,0.0,27.3,1030.4,0.0,-999.0,0,0.0,0.075
1969-12-31 23:01:36.488000,14496488,0.0,27.3,1030.4,0.0,-999.0,0,0.0,0.081
1969-12-31 23:01:38.488000,14498488,0.0,27.3,1030.3,0.0,-999.0,0,0.0,0.077
1969-12-31 23:01:40.488000,14500488,0.0,27.3,1030.5,0.0,-999.0,0,0.0,0.078
1969-12-31 23:01:42.488000,14502488,0.0,27.3,1030.3,0.0,-999.0,0,0.0,0.073
1969-12-31 23:01:44.488000,14504488,0.0,27.3,1030.7,0.0,-999.0,0,0.0,0.073
1969-12-31 23:01:46.488000,14506488,0.0,27.3,1030.7,0.0,-999.0,0,0.0,0.078
1969-12-31 23:01:48.488000,14508488,0.0,27.3,1030.0,0.0,-999.0,0,0.0,0.081
1969-12-31 23:01:50.488000,14510488,0.0,27.3,1030.7,0.0,-999.0,0,0.0,0.077
1969-12-31 23:01:52.488000,14512488,0.0,27.3,1030.0,0.0,-999.0,0,0.0,0.077
1969-12-31 23:01:54.488000,14514488,0.0,27.3,1030.5,0.0,-999.0,0,0.0,0.076
1969-12-31 23:01:56.488000,14516488,0.0,27.3,1030.5,0.0,-999.0,0,0.0,0.073
1969-12-31 23:01:58.488000,14518488,0.0,27.3,1029.6,0.0,-999.0,0,0.0,0.074
1969-12-31 23:02:00.488000,14520488,0.0,27.3,1029.6,0.0,-999.0,0,0.0,0.077
1969-12-31 23:02:02.488000,14522488,0.0,27.3,1030.0,0.0,-999.0,0,0.0,0.073
1969-12-31 23:02:04.488000,14524488,0.0,27.3,1030.3,0.0,-999.0,0,0.0,0.081
1969-12-31 23:02:06.488000,14526488,0.0,27.3,1030.5,0.0,-999.0,0,0.0,0.078
1969-12-31 23:02:08.488000,14528488,0.0,27.3,1030.4,0.0,-999.0,0,0.0,0.077
1969-12-31 23:02:10.488000,14530488,0.0,27.3,1030.5,0.0,-999.0,0,0.0,0.081
1969-12-31 23:02:12.488000,14532488,0.0,27.3,1030.1,0.0,-999.0,0,0.0,0.073
1969-12-31 23:02:14.488000,14534488,0.0,27.3,1030.3,0.0,-999.0,0,0.0,0.076
1969-12-31 23:02:16.488000,14536488,0.0,27.3,1030.5,0.0,-999.0,0,0.0,0.076
1969-12-31 23:02:18.488000,14538488,0.0,27.3,1030.5,0.0,-999.0,0,0.0,0.074
1969-12-31 23:02:20.488000,14540488,0.0,27.3,1030.4,0.0,-999.0,0,0.0,0.075
1969-12-31 23:02:22.488000,14542488,0.0,27.3,1030.5,0.0,-999.0,0,0.0,0.077
1969-12-31 23:02:24.488000,14544488,0.0,27.3,1030.7,0.0,-999.0,0,0.0,0.074
1969-12-31 23:02:26.488000,14546488,0.0,27.3,1030.0,0.0,-999.0,0,0.0,0.075
1969-12-31 23:02:28.488000,14548488,0.0,27.3,1030.5,0.0,-999.0,0,0.0,0.077
1969-12-31 23:02:30.488000,14550488,0.0,27.3,1030.5,0.0,-999.0,0,0.0,0.077
1969-12-31 23:02:32.488000,14552488,0.0,27.3,1030.5,0.0,-999.0,0,0.0,0.073
1969-12-31 23:02:34.488000,14554488,0.0,27.3,1030.4,0.0,-999.0,0,0.0,0.077
1969-12-31 23:02:36.488000,14556488,0.0,27.3,1030.7,0.0,-999.0,0,0.0,0.08
1969-12-31 23:02:38.488000,14558488,0.0,27.3,1030.0,0.0,-999.0,0,0.0,0.079
1969-12-31 23:02:40.488000,14560488,0.0,27.3,1030.1,0.0,-999.0,0,0.0,0.076
1969-12-31 23:02:42.488000,14562488,0.0,27.3,1030.7,0.0,-999.0,0,0.0,0.08
1969-12-31 23:02:44.488000,14564488,0.0,27.3,1030.1,0.0,-999.0,0,0.0,0.076
1969-12-31 23:02:46.488000,14566488,0.0,27.3,1030.4,0.0,-999.0,0,0.0,0.077
1969-12-31 23:02:48.488000,14568488,0.0,27.3,1030.5,0.0,-999.0,0,0.0,0.077
1969-12-31 23:02:50.488000,14570488,0.0,27.3,1030.0,0.0,-999.0,0,0.0,0.075
1969-12-31 23:02:52.488000,14572488,0.0,27.3,1030.7,0.0,-999.0,0,0.0,0.073
1969-12-31 23:02:54.488000,14574488,0.0,27.3,1030.4,0.0,-999.0,0,0.0,0.078
1969-12-31 23:02:56.488000,14576488,0.0,27.3,1029.2,0.0,-999.0,0,0.0,0.074
1969-12-31 23:02:58.488000,14578488,0.0,27.3,1030.5,0.0,-999.0,0,0.0,0.076
1969-12-31 23:03:00.488000,14580488,0.0,27.3,1030.3,0.0,-999.0,0,0.0,0.071
1969-12-31 23:03:02.488000,14582488,0.0,27.3,1030.3,0.0,-999.0,0,0.0,0.078
1969-12-31 23:03:04.488000,14584488,0.0,27.3,1030.3,0.0,-999.0,0,0.0,0.08
1969-12-31 23:03:06.488000,14586488,0.0,27.3,1030.4,0.0,-999.0,0,0.0,0.075
1969-12-31 23:03:08.488000,14588488,0.0,27.3,1030.3,0.0,-999.0,0,0.0,0.077
1969-12-31 23:03:10.488000,14590488,0.0,27.3,1030.4,0.0,-999.0,0,0.0,0.077
1969-12-31 23:03:12.488000,14592488,0.0,27.3,1030.5,0.0,-999.0,0,0.0,0.077
1969-12-31 23:03:14.488000,14594488,0.0,27.3,1029.9,0.0,-999.0,0,0.0,0.078
1969-12-31 23:03:16.488000,14596488,0.0,27.3,1030.5,0.0,-999.0,0,0.0,0.079
1969-12-31 23:03:18.488000,14598488,0.0,27.3,1030.7,0.0,-999.0,0,0.0,0.078
1969-12-31 23:03:20.488000,14600488,0.0,27.3,1030.5,0.0,-999.0,0,0.0,0.077
1969-12-31 23:03:22.488000,14602488,0.0,27.3,1030.5,0.0,-999.0,0,0.0,0.078
1969-12-31 23:03:24.488000,14604488,0.0,27.3,1030.5,0.0,-999.0,0,0.0,0.081
1969-12-31 23:03:26.488000,14606488,0.0,27.3,1030.5,0.0,-999.0,0,0.0,0.08
1969-12-31 23:03:28.488000,14608488,0.0,27.3,1030.1,0.0,-999.0,0,0.0,0.078
1969-12-31 23:03:30.488000,14610488,0.0,27.3,1030.4,0.0,-999.0,0,0.0,0.074
1969-12-31 23:03:32.488000,14612488,0.0,27.3,1029.9,0.0,-999.0,0,0.0,0.081
1969-12-31 23:03:34.488000,14614488,0.0,27.3,1030.7,0.0,-999.0,0,0.0,0.075
1969-12-31 23:03:36.488000,14616488,0.0,27.3,1030.0,0.0,-999.0,0,0.0,0.077
1969-12-31 23:03:38.488000,14618488,0.0,27.3,1030.5,0.0,-999.0,0,0.0,0.077
1969-12-31 23:03:40.488000,14620488,0.0,27.3,1030.5,0.0,-999.0,0,0.1,0.084
1969-12-31 23:03:42.488000,14622488,0.0,27.3,1030.5,0.0,-999.0,0,0.0,0.079
1969-12-31 23:03:44.488000,14624488,0.0,27.3,1030.0,0.0,-999.0,0,0.0,0.077
1969-12-31 23:03:46.488000,14626488,0.0,27.3,1030.5,0.0,-999.0,0,0.0,0.076
1969-12-31 23:03:48.489000,14628489,0.0,27.3,1030.7,0.0,-999.0,0,0.0,0.078
1969-12-31 23:03:50.488000,14630488,0.0,27.3,1030.4,0.0,-999.0,0,0.0,0.077
1969-12-31 23:03:52.488000,14632488,0.0,27.3,1030.3,0.0,-999.0,0,0.0,0.076
1969-12-31 23:03:54.488000,14634488,0.0,27.3,1030.5,0.0,-999.0,0,0.0,0.077
1969-12-31 23:03:56.488000,14636488,0.0,27.3,1029.9,0.0,-999.0,0,0.0,0.075
1969-12-31 23:03:58.488000,14638488,0.0,27.3,1030.7,0.0,-999.0,0,0.0,0.076
1969-12-31 23:04:00.488000,14640488,0.0,27.3,1030.4,0.0,-999.0,0,0.0,0.076
1969-12-31 23:04:02.488000,14642488,0.0,27.3,1029.9,0.0,-999.0,0,0.0,0.078
1969-12-31 23:04:04.488000,14644488,0.0,27.3,1029.5,0.0,-999.0,0,0.0,0.077
1969-12-31 23:04:06.488000,14646488,0.0,27.3,1030.3,0.0,-999.0,0,0.0,0.079
1969-12-31 23:04:08.488000,14648488,0.0,27.3,1030.4,0.0,-999.0,0,0.1,0.082
1969-12-31 23:04:10.488000,14650488,0.0,27.3,1029.9,0.0,-999.0,0,0.0,0.077
1969-12-31 23:04:12.488000,14652488,0.0,27.3,1030.7,0.0,-999.0,0,0.0,0.077
1969-12-31 23:04:14.488000,14654488,0.0,27.3,1030.3,0.0,-999.0,0,0.0,0.071
1969-12-31 23:04:16.488000,14656488,0.0,27.3,1030.5,0.0,-999.0,0,0.0,0.076
1969-12-31 23:04:18.488000,14658488,0.0,27.3,1030.7,0.0,-999.0,0,0.0,0.079
1969-12-31 23:04:20.488000,14660488,0.0,27.3,1030.5,0.0,-999.0,0,0.0,0.073
1969-12-31 23:04:22.488000,14662488,0.0,27.3,1030.5,0.0,-999.0,0,0.0,0.076
1969-12-31 23:04:24.488000,14664488,0.0,27.3,1030.7,0.0,-999.0,0,0.0,0.077
1969-12-31 23:04:26.488000,14666488,0.0,27.3,1030.0,0.0,-999.0,0,0.1,0.083
1969-12-31 23:04:28.488000,14668488,0.0,27.3,1030.3,0.0,-999.0,0,0.0,0.074
1969-12-31 23:04:30.488000,14670488,0.0,27.3,1030.3,0.0,-999.0,0,0.0,0.081
1969-12-31 23:04:32.488000,14672488,0.0,27.3,1030.4,0.0,-999.0,0,0.0,0.073
1969-12-31 23:04:34.488000,14674488,0.0,27.3,1030.0,0.0,-999.0,0,0.0,0.078
1969-12-31 23:04:36.488000,14676488,0.0,27.3,1030.5,0.0,-999.0,0,0.0,0.076
1969-12-31 23:04:38.488000,14678488,0.0,27.3,1030.1,0.0,-999.0,0,0.0,0.078
1969-12-31 23:04:40.488000,14680488,0.0,27.3,1030.5,0.0,-999.0,0,0.0,0.081
1969-12-31 23:04:42.488000,14682488,0.0,27.3,1030.3,0.0,-999.0,0,0.0,0.078
1969-12-31 23:04:44.489000,14684489,0.0,27.3,1030.5,0.0,-999.0,0,0.0,0.076
1969-12-31 23:04:46.488000,14686488,0.0,27.3,1030.5,0.0,-999.0,0,0.0,0.073
1969-12-31 23:04:48.488000,14688488,0.0,27.3,1030.3,0.0,-999.0,0,0.0,0.079
1969-12-31 23:04:50.488000,14690488,0.0,27.3,1030.0,0.0,-999.0,0,0.0,0.081
1969-12-31 23:04:52.488000,14692488,0.0,27.3,1029.9,0.0,-999.0,0,0.0,0.076
1969-12-31 23:04:54.488000,14694488,0.0,27.3,1030.5,0.0,-999.0,0,0.0,0.074
1969-12-31 23:04:56.488000,14696488,0.0,27.3,1030.4,0.0,-999.0,0,0.0,0.076
1969-12-31 23:04:58.488000,14698488,0.0,27.3,1029.9,0.0,-999.0,0,0.0,0.077
1969-12-31 23:05:00.488000,14700488,0.0,27.3,1029.9,0.0,-999.0,0,0.0,0.072
1969-12-31 23:05:02.488000,14702488,0.0,27.3,1030.4,0.0,-999.0,0,0.0,0.076
1969-12-31 23:05:04.488000,14704488,0.0,27.3,1030.3,0.0,-999.0,0,0.0,0.079
1969-12-31 23:05:06.488000,14706488,0.0,27.3,1030.4,0.0,-999.0,0,0.0,0.077
1969-12-31 23:05:08.488000,14708488,0.0,27.3,1030.7,0.0,-999.0,0,0.0,0.075
1969-12-31 23:05:10.488000,14710488,0.0,27.3,1030.7,0.0,-999.0,0,0.0,0.076
1969-12-31 23:05:12.488000,14712488,0.0,27.3,1030.3,0.0,-999.0,0,0.0,0.077
1969-12-31 23:05:14.488000,14714488,0.0,27.3,1030.4,0.0,-999.0,0,0.0,0.071
1969-12-31 23:05:16.488000,14716488,0.0,27.3,1029.9,0.0,-999.0,0,0.2,0.088
1969-12-31 23:05:18.488000,14718488,0.0,27.3,1029.5,0.0,-999.0,0,0.0,0.07
1969-12-31 23:05:20.488000,14720488,0.0,27.3,1029.9,0.0,-999.0,0,0.0,0.077
1969-12-31 23:05:22.488000,14722488,0.0,27.3,1029.7,0.0,-999.0,0,0.0,0.076
1969-12-31 23:05:24.488000,14724488,0.0,27.3,1029.9,0.0,-999.0,0,0.0,0.08
1969-12-31 23:05:26.488000,14726488,0.0,27.3,1030.1,0.0,-999.0,0,0.0,0.079
1969-12-31 23:05:28.488000,14728488,0.0,27.3,1030.3,0.0,-999.0,0,0.0,0.074
1969-12-31 23:05:30.488000,14730488,0.0,27.3,1030.1,0.0,-999.0,0,0.0,0.077
1969-12-31 23:05:32.488000,14732488,0.0,27.3,1030.1,0.0,-999.0,0,0.0,0.08
1969-12-31 23:05:34.488000,14734488,0.0,27.3,1030.5,0.0,-999.0,0,0.0,0.079
1969-12-31 23:05:36.488000,14736488,0.0,27.3,1030.5,0.0,-999.0,0,0.0,0.081
1969-12-31 23:05:38.488000,14738488,0.0,27.3,1030.3,0.0,-999.0,0,0.0,0.079
1969-12-31 23:05:40.488000,14740488,0.0,27.3,1030.4,0.0,-999.0,0,0.0,0.077
1969-12-31 23:05:42.488000,14742488,0.0,27.3,1030.0,0.0,-999.0,0,0.0,0.079
1969-12-31 23:05:44.488000,14744488,0.0,27.3,1030.5,0.0,-999.0,0,0.0,0.078
1969-12-31 23:05:46.488000,14746488,0.0,27.3,1030.4,0.0,-999.0,0,0.0,0.077
1969-12-31 23:05:48.488000,14748488,0.0,27.3,1030.5,0.0,-999.0,0,0.0,0.078
1969-12-31 23:05:50.488000,14750488,0.0,27.3,1030.0,0.0,-999.0,0,0.0,0.074
1969-12-31 23:05:52.488000,14752488,0.0,27.3,1030.0,0.0,-999.0,0,0.0,0.073
1969-12-31 23:05:54.488000,14754488,0.0,27.3,1030.4,0.0,-999.0,0,0.0,0.076
1969-12-31 23:05:56.488000,14756488,0.0,27.3,1030.1,0.0,-999.0,0,0.0,0.081
1969-12-31 23:05:58.488000,14758488,0.0,27.3,1029.7,0.0,-999.0,0,0.0,0.079
1969-12-31 23:06:00.488000,14760488,0.0,27.3,1029.5,0.0,-999.0,0,0.0,0.078
1969-12-31 23:06:02.488000,14762488,0.0,27.3,1030.7,0.0,-999.0,0,0.0,0.074
1969-12-31 23:06:04.488000,14764488,0.0,27.3,1030.7,0.0,-999.0,0,0.0,0.077
1969-12-31 23:06:06.488000,14766488,0.0,27.3,1029.9,0.0,-999.0,0,0.0,0.078
1969-12-31 23:06:08.488000,14768488,0.0,27.3,1030.7,0.0,-999.0,0,0.0,0.074
1969-12-31 23:06:10.488000,14770488,0.0,27.3,1030.7,0.0,-999.0,0,0.0,0.079
1969-12-31 23:06:12.488000,14772488,0.0,27.3,1030.4,0.0,-999.0,0,0.0,0.078
1969-12-31 23:06:14.488000,14774488,0.0,27.3,1029.9,0.0,-999.0,0,0.0,0.077
1969-12-31 23:06:16.488000,14776488,0.0,27.3,1029.5,0.0,-999.0,0,0.0,0.081
1969-12-31 23:06:18.488000,14778488,0.0,27.3,1030.4,0.0,-999.0,0,0.0,0.078
1969-12-31 23:06:20.488000,14780488,0.0,27.3,1030.1,0.0,-999.0,0,0.0,0.076
1969-12-31 23:06:22.488000,14782488,0.0,27.3,1030.1,0.0,-999.0,0,0.0,0.07
1969-12-31 23:06:24.488000,14784488,0.0,27.3,1030.0,0.0,-999.0,0,0.0,0.075
1969-12-31 23:06:26.488000,14786488,0.0,27.3,1030.1,0.0,-999.0,0,0.0,0.074
1969-12-31 23:06:28.488000,14788488,0.0,27.3,1030.7,0.0,-999.0,0,0.0,0.071
1969-12-31 23:06:30.488000,14790488,0.0,27.3,1030.3,0.0,-999.0,0,0.0,0.076
1969-12-31 23:06:32.488000,14792488,0.0,27.3,1030.5,0.0,-999.0,0,0.0,0.077
1969-12-31 23:06:34.488000,14794488,0.0,27.3,1030.5,0.0,-999.0,0,0.0,0.077
1969-12-31 23:06:36.488000,14796488,0.0,27.3,1030.4,0.0,-999.0,0,0.0,0.081
1969-12-31 23:06:38.488000,14798488,0.0,27.3,1030.7,0.0,-999.0,0,0.0,0.081
1969-12-31 23:06:40.488000,14800488,0.0,27.3,1030.3,0.0,-999.0,0,0.0,0.08
1969-12-31 23:06:42.488000,14802488,0.0,27.3,1030.0,0.0,-999.0,0,0.0,0.073
1969-12-31 23:06:44.488000,14804488,0.0,27.3,1030.5,0.0,-999.0,0,0.0,0.081
1969-12-31 23:06:46.488000,14806488,0.0,27.3,1029.9,0.0,-999.0,0,0.0,0.077
1969-12-31 23:06:48.488000,14808488,0.0,27.3,1030.3,0.0,-999.0,0,0.0,0.074
1969-12-31 23:06:50.488000,14810488,0.0,27.3,1030.4,0.0,-999.0,0,0.1,0.082
1969-12-31 23:06:52.488000,14812488,0.0,27.3,1030.5,0.0,-999.0,0,0.0,0.079
1969-12-31 23:06:54.488000,14814488,0.0,27.3,1029.9,0.0,-999.0,0,0.1,0.082
1969-12-31 23:06:56.488000,14816488,0.0,27.3,1029.9,0.0,-999.0,0,0.0,0.077
1969-12-31 23:06:58.488000,14818488,0.0,27.3,1030.3,0.0,-999.0,0,0.0,0.077
1969-12-31 23:07:00.488000,14820488,0.0,27.3,1030.4,0.0,-999.0,0,0.0,0.071
1969-12-31 23:07:02.488000,14822488,0.0,27.3,1029.9,0.0,-999.0,0,0.0,0.078
1969-12-31 23:07:04.488000,14824488,0.0,27.3,1030.7,0.0,-999.0,0,0.0,0.073
1969-12-31 23:07:06.488000,14826488,0.0,27.3,1030.1,0.0,-999.0,0,0.0,0.081
1969-12-31 23:07:08.488000,14828488,0.0,27.3,1030.4,0.0,-999.0,0,0.0,0.076
1969-12-31 23:07:10.488000,14830488,0.0,27.3,1030.4,0.0,-999.0,0,0.0,0.07
1969-12-31 23:07:12.488000,14832488,0.0,27.3,1030.0,0.0,-999.0,0,0.0,0.077
1969-12-31 23:07:14.488000,14834488,0.0,27.3,1030.5,0.0,-999.0,0,0.0,0.075
1969-12-31 23:07:16.488000,14836488,0.0,27.3,1030.4,0.0,-999.0,0,0.0,0.075
1969-12-31 23:07:18.488000,14838488,0.0,27.3,1030.7,0.0,-999.0,0,0.0,0.073
1969-12-31 23:07:20.488000,14840488,0.0,27.3,1030.4,0.0,-999.0,0,0.1,0.082
1969-12-31 23:07:22.488000,14842488,0.0,27.3,1030.1,0.0,-999.0,0,0.0,0.076
1969-12-31 23:07:24.488000,14844488,0.0,27.3,1030.1,0.0,-999.0,0,0.0,0.073
1969-12-31 23:07:26.488000,14846488,0.0,27.3,1030.5,0.0,-999.0,0,0.0,0.077
1969-12-31 23:07:28.488000,14848488,0.0,27.3,1030.5,0.0,-999.0,0,0.0,0.072
1969-12-31 23:07:30.488000,14850488,0.0,27.3,1030.7,0.0,-999.0,0,0.0,0.073
1969-12-31 23:07:32.488000,14852488,0.0,27.3,1030.5,0.0,-999.0,0,0.0,0.077
1969-12-31 23:07:34.488000,14854488,0.0,27.3,1030.4,0.0,-999.0,0,0.0,0.074
1969-12-31 23:07:36.488000,14856488,0.0,27.3,1029.9,0.0,-999.0,0,0.0,0.081
1969-12-31 23:07:38.488000,14858488,0.0,27.3,1030.0,0.0,-999.0,0,0.0,0.073
1969-12-31 23:07:40.488000,14860488,0.0,27.3,1030.7,0.0,-999.0,0,0.0,0.078
1969-12-31 23:07:42.488000,14862488,0.0,27.3,1030.4,0.0,-999.0,0,0.0,0.075
1969-12-31 23:07:44.488000,14864488,0.0,27.3,1030.3,0.0,-999.0,0,0.0,0.078
1969-12-31 23:07:46.488000,14866488,0.0,27.3,1030.3,0.0,-999.0,0,0.0,0.081
1969-12-31 23:07:48.488000,14868488,0.0,27.3,1030.5,0.0,-999.0,0,0.0,0.077
1969-12-31 23:07:50.488000,14870488,0.0,27.3,1030.1,0.0,-999.0,0,0.0,0.08
1969-12-31 23:07:52.489000,14872489,0.0,27.3,1030.4,0.0,-999.0,0,0.0,0.069
1969-12-31 23:07:54.488000,14874488,0.0,27.3,1030.4,0.0,-999.0,0,0.0,0.081
1969-12-31 23:07:56.488000,14876488,0.0,27.3,1029.6,0.0,-999.0,0,0.0,0.079
1969-12-31 23:07:58.488000,14878488,0.0,27.3,1029.7,0.0,-999.0,0,0.0,0.079
1969-12-31 23:08:00.488000,14880488,0.0,27.3,1030.1,0.0,-999.0,0,0.0,0.079
1969-12-31 23:08:02.488000,14882488,0.0,27.3,1030.1,0.0,-999.0,0,0.0,0.077
1969-12-31 23:08:04.488000,14884488,0.0,27.3,1030.3,0.0,-999.0,0,0.0,0.078
1969-12-31 23:08:06.488000,14886488,0.0,27.3,1030.5,0.0,-999.0,0,0.0,0.077
1969-12-31 23:08:08.488000,14888488,0.0,27.3,1030.7,0.0,-999.0,0,0.0,0.072
1969-12-31 23:08:10.488000,14890488,0.0,27.3,1030.7,0.0,-999.0,0,0.0,0.074
1969-12-31 23:08:12.488000,14892488,0.0,27.3,1030.3,0.0,-999.0,0,0.0,0.079
1969-12-31 23:08:14.488000,14894488,0.0,27.3,1030.4,0.0,-999.0,0,0.1,0.082
1969-12-31 23:08:16.488000,14896488,0.0,27.3,1030.4,0.0,-999.0,0,0.0,0.076
1969-12-31 23:08:18.488000,14898488,0.0,27.3,1030.4,0.0,-999.0,0,0.0,0.073
1969-12-31 23:08:20.488000,14900488,0.0,27.3,1030.7,0.0,-999.0,0,0.0,0.081
1969-12-31 23:08:22.498000,14902498,0.0,27.3,1030.5,0.0,-999.0,0,0.0,0.074
1969-12-31 23:08:24.488000,14904488,0.0,27.3,1030.4,0.0,-999.0,0,0.0,0.079
1969-12-31 23:08:26.488000,14906488,0.0,27.3,1029.6,0.0,-999.0,0,0.0,0.079
1969-12-31 23:08:28.488000,14908488,0.0,27.3,1029.5,0.0,-999.0,0,0.0,0.08
1969-12-31 23:08:30.488000,14910488,0.0,27.3,1030.0,0.0,-999.0,0,0.0,0.076
1969-12-31 23:08:32.488000,14912488,0.0,27.3,1029.9,0.0,-999.0,0,0.0,0.073
1969-12-31 23:08:34.488000,14914488,0.0,27.3,1030.1,0.0,-999.0,0,0.0,0.077
1969-12-31 23:08:36.488000,14916488,0.0,27.3,1029.6,0.0,-999.0,0,0.1,0.083
1969-12-31 23:08:38.488000,14918488,0.0,27.3,1029.6,0.0,-999.0,0,0.0,0.078
1969-12-31 23:08:40.488000,14920488,0.0,27.3,1029.9,0.0,-999.0,0,0.0,0.074
1969-12-31 23:08:42.498000,14922498,0.0,27.3,1029.7,0.0,-999.0,0,0.0,0.079
1969-12-31 23:08:44.488000,14924488,0.0,27.3,1030.3,0.0,-999.0,0,0.0,0.079
1969-12-31 23:08:46.488000,14926488,0.0,27.3,1030.1,0.0,-999.0,0,0.2,0.085
1969-12-31 23:08:48.488000,14928488,0.0,27.3,1030.3,0.0,-999.0,0,0.0,0.08
1969-12-31 23:08:50.488000,14930488,0.0,27.3,1030.1,0.0,-999.0,0,0.0,0.078
1969-12-31 23:08:52.498000,14932498,0.0,27.3,1029.9,0.0,-999.0,0,0.0,0.072
1969-12-31 23:08:54.498000,14934498,0.0,27.3,1030.1,0.0,-999.0,0,0.0,0.074
1969-12-31 23:08:56.498000,14936498,0.0,27.3,1030.1,0.0,-999.0,0,0.0,0.07
1969-12-31 23:08:58.498000,14938498,0.0,27.3,1029.6,0.0,-999.0,0,0.0,0.074
1969-12-31 23:09:00.498000,14940498,0.0,27.3,1030.1,0.0,-999.0,0,0.0,0.077
1969-12-31 23:09:02.498000,14942498,0.0,27.3,1029.6,0.0,-999.0,0,0.0,0.081
1969-12-31 23:09:04.498000,14944498,0.0,27.3,1029.9,0.0,-999.0,0,0.0,0.081
1969-12-31 23:09:06.498000,14946498,0.0,27.3,1029.7,0.0,-999.0,0,0.0,0.075
1969-12-31 23:09:08.498000,14948498,0.0,27.3,1030.4,0.0,-999.0,0,0.0,0.077
1969-12-31 23:09:10.498000,14950498,0.0,27.3,1029.6,0.0,-999.0,0,0.0,0.077
1969-12-31 23:09:12.498000,14952498,0.0,27.3,1030.7,0.0,-999.0,0,0.0,0.077
1969-12-31 23:09:14.498000,14954498,0.0,27.3,1029.6,0.0,-999.0,0,0.0,0.075
1969-12-31 23:09:16.498000,14956498,0.0,27.3,1030.4,0.0,-999.0,0,0.0,0.075
1969-12-31 23:09:18.498000,14958498,0.0,27.3,1030.1,0.0,-999.0,0,0.0,0.08
1969-12-31 23:09:20.498000,14960498,0.0,27.3,1029.6,0.0,-999.0,0,0.0,0.08
1969-12-31 23:09:22.498000,14962498,0.0,27.3,1029.2,0.0,-999.0,0,0.0,0.077
1969-12-31 23:09:24.498000,14964498,0.0,27.3,1030.0,0.0,-999.0,0,0.1,0.083
1969-12-31 23:09:26.498000,14966498,0.0,27.3,1030.4,0.0,-999.0,0,0.0,0.073
1969-12-31 23:09:28.498000,14968498,0.0,27.3,1030.0,0.0,-999.0,0,0.0,0.079
1969-12-31 23:09:30.498000,14970498,0.0,27.3,1030.1,0.0,-999.0,0,0.0,0.077
1969-12-31 23:09:32.498000,14972498,0.0,27.3,1030.7,0.0,-999.0,0,0.0,0.079
1969-12-31 23:09:34.498000,14974498,0.0,27.3,1030.1,0.0,-999.0,0,0.0,0.078
1969-12-31 23:09:36.498000,14976498,0.0,27.3,1030.0,0.0,-999.0,0,0.0,0.078
1969-12-31 23:09:38.498000,14978498,0.0,27.3,1029.3,0.0,-999.0,0,0.0,0.079
1969-12-31 23:09:40.498000,14980498,0.0,27.3,1029.9,0.0,-999.0,0,0.0,0.077
1969-12-31 23:09:42.498000,14982498,0.0,27.3,1029.7,0.0,-999.0,0,0.0,0.076
1969-12-31 23:09:44.498000,14984498,0.0,27.3,1030.4,0.0,-999.0,0,0.0,0.075
1969-12-31 23:09:46.498000,14986498,0.0,27.3,1029.5,0.0,-999.0,0,0.0,0.077
1969-12-31 23:09:48.498000,14988498,0.0,27.3,1030.1,0.0,-999.0,0,0.0,0.077
1969-12-31 23:09:50.498000,14990498,0.0,27.3,1029.7,0.0,-999.0,0,0.0,0.08
1969-12-31 23:09:52.498000,14992498,0.0,27.3,1030.3,0.0,-999.0,0,0.0,0.077
1969-12-31 23:09:54.498000,14994498,0.0,27.3,1029.9,0.0,-999.0,0,0.0,0.078
1969-12-31 23:09:56.498000,14996498,0.0,27.3,1030.7,0.0,-999.0,0,0.0,0.074
1969-12-31 23:09:58.498000,14998498,0.0,27.3,1030.4,0.0,-999.0,0,0.0,0.077
1969-12-31 23:10:00.498000,15000498,0.0,27.3,1030.4,0.0,-999.0,0,0.0,0.069
1969-12-31 23:10:02.498000,15002498,0.0,27.3,1030.7,0.0,-999.0,0,0.0,0.075
1969-12-31 23:10:04.498000,15004498,0.0,27.3,1029.1,0.0,-999.0,0,0.0,0.073
1969-12-31 23:10:06.498000,15006498,0.0,27.3,1030.1,0.0,-999.0,0,0.0,0.077
1969-12-31 23:10:08.498000,15008498,0.0,27.3,1030.1,0.0,-999.0,0,0.0,0.077
1969-12-31 23:10:10.498000,15010498,0.0,27.3,1030.1,0.0,-999.0,0,0.0,0.077
1969-12-31 23:10:12.498000,15012498,0.0,27.3,1030.4,0.0,-999.0,0,0.0,0.074
1969-12-31 23:10:14.498000,15014498,0.0,27.3,1029.7,0.0,-999.0,0,0.1,0.083
1969-12-31 23:10:16.498000,15016498,0.0,27.3,1030.4,0.0,-999.0,0,0.0,0.073
1969-12-31 23:10:18.498000,15018498,0.0,27.3,1030.3,0.0,-999.0,0,0.0,0.076
1969-12-31 23:10:20.498000,15020498,0.0,27.3,1030.0,0.0,-999.0,0,0.0,0.077
1969-12-31 23:10:22.498000,15022498,0.0,27.3,1030.1,0.0,-999.0,0,0.0,0.08
1969-12-31 23:10:24.498000,15024498,0.0,27.3,1030.1,0.0,-999.0,0,0.1,0.082
1969-12-31 23:10:26.498000,15026498,0.0,27.3,1030.4,0.0,-999.0,0,0.1,0.082
1969-12-31 23:10:28.498000,15028498,0.0,27.3,1030.0,0.0,-999.0,0,0.0,0.073
1969-12-31 23:10:30.498000,15030498,0.0,27.3,1030.1,0.0,-999.0,0,0.0,0.079
1969-12-31 23:10:32.498000,15032498,0.0,27.3,1029.9,0.0,-999.0,0,0.0,0.074
1969-12-31 23:10:34.498000,15034498,0.0,27.3,1030.1,0.0,-999.0,0,0.0,0.081
1969-12-31 23:10:36.498000,15036498,0.0,27.3,1030.4,0.0,-999.0,0,0.0,0.077
1969-12-31 23:10:38.498000,15038498,0.0,27.3,1030.4,0.0,-999.0,0,0.0,0.079
1969-12-31 23:10:40.498000,15040498,0.0,27.3,1030.0,0.0,-999.0,0,0.0,0.079
1969-12-31 23:10:42.498000,15042498,0.0,27.3,1030.7,0.0,-999.0,0,0.0,0.075
1969-12-31 23:10:44.498000,15044498,0.0,27.3,1030.7,0.0,-999.0,0,0.0,0.079
1969-12-31 23:10:46.498000,15046498,0.0,27.3,1030.5,0.0,-999.0,0,0.0,0.077
1969-12-31 23:10:48.498000,15048498,0.0,27.3,1030.3,0.0,-999.0,0,0.0,0.081
1969-12-31 23:10:50.498000,15050498,0.0,27.3,1030.7,0.0,-999.0,0,0.0,0.075
1969-12-31 23:10:52.498000,15052498,0.0,27.3,1030.7,0.0,-999.0,0,0.0,0.077
1969-12-31 23:10:54.498000,15054498,0.0,27.3,1030.7,0.0,-999.0,0,0.0,0.075
1969-12-31 23:10:56.498000,15056498,0.0,27.3,1030.1,0.0,-999.0,0,0.0,0.073
1969-12-31 23:10:58.498000,15058498,0.0,27.3,1030.7,0.0,-999.0,0,0.0,0.077
1969-12-31 23:11:00.498000,15060498,0.0,27.3,1030.1,0.0,-999.0,0,0.0,0.073
1969-12-31 23:11:02.498000,15062498,0.0,27.3,1030.1,0.0,-999.0,0,0.0,0.077
1969-12-31 23:11:04.498000,15064498,0.0,27.3,1030.7,0.0,-999.0,0,0.0,0.077
1969-12-31 23:11:06.498000,15066498,0.0,27.3,1030.7,0.0,-999.0,0,0.0,0.073
1969-12-31 23:11:08.498000,15068498,0.0,27.3,1030.4,0.0,-999.0,0,0.0,0.078
1969-12-31 23:11:10.498000,15070498,0.0,27.3,1030.1,0.0,-999.0,0,0.0,0.078
1969-12-31 23:11:12.498000,15072498,0.0,27.3,1030.5,0.0,-999.0,0,0.0,0.075
1969-12-31 23:11:14.498000,15074498,0.0,27.3,1029.7,0.0,-999.0,0,0.0,0.072
1969-12-31 23:11:16.498000,15076498,0.0,27.3,1030.7,0.0,-999.0,0,0.0,0.075
1969-12-31 23:11:18.498000,15078498,0.0,27.3,1030.7,0.0,-999.0,0,0.0,0.077
1969-12-31 23:11:20.498000,15080498,0.0,27.3,1030.3,0.0,-999.0,0,0.0,0.077
1969-12-31 23:11:22.498000,15082498,0.0,27.3,1029.7,0.0,-999.0,0,0.0,0.077
1969-12-31 23:11:24.498000,15084498,0.0,27.3,1029.6,0.0,-999.0,0,0.0,0.078
1969-12-31 23:11:26.498000,15086498,0.0,27.3,1030.1,0.0,-999.0,0,0.0,0.073
1969-12-31 23:11:28.498000,15088498,0.0,27.3,1030.1,0.0,-999.0,0,0.0,0.072
1969-12-31 23:11:30.498000,15090498,0.0,27.3,1030.5,0.0,-999.0,0,0.0,0.078
1969-12-31 23:11:32.498000,15092498,0.0,27.3,1030.4,0.0,-999.0,0,0.0,0.078
1969-12-31 23:11:34.498000,15094498,0.0,27.3,1030.4,0.0,-999.0,0,0.0,0.077
1969-12-31 23:11:36.498000,15096498,0.0,27.3,1030.1,0.0,-999.0,0,0.0,0.074
1969-12-31 23:11:38.498000,15098498,0.0,27.3,1030.0,0.0,-999.0,0,0.0,0.073
1969-12-31 23:11:40.498000,15100498,0.0,27.3,1030.0,0.0,-999.0,0,0.0,0.074
1969-12-31 23:11:42.498000,15102498,0.0,27.3,1030.1,0.0,-999.0,0,0.0,0.078
1969-12-31 23:11:44.498000,15104498,0.0,27.3,1030.1,0.0,-999.0,0,0.0,0.073
1969-12-31 23:11:46.498000,15106498,0.0,27.3,1029.9,0.0,-999.0,0,0.0,0.074
1969-12-31 23:11:48.498000,15108498,0.0,27.3,1030.4,0.0,-999.0,0,0.0,0.074
1969-12-31 23:11:50.498000,15110498,0.0,27.3,1030.1,0.0,-999.0,0,0.0,0.068
1969-12-31 23:11:52.498000,15112498,0.0,27.3,1030.0,0.0,-999.0,0,0.0,0.078
1969-12-31 23:11:54.498000,15114498,0.0,27.3,1030.4,0.0,-999.0,0,0.0,0.07
1969-12-31 23:11:56.499000,15116499,0.0,27.3,1030.1,0.0,-999.0,0,0.0,0.076
1969-12-31 23:11:58.498000,15118498,0.0,27.3,1030.3,0.0,-999.0,0,0.0,0.081
1969-12-31 23:12:00.498000,15120498,0.0,27.3,1029.1,0.0,-999.0,0,0.0,0.073
1969-12-31 23:12:02.498000,15122498,0.0,27.3,1029.9,0.0,-999.0,0,0.1,0.084
1969-12-31 23:12:04.498000,15124498,0.0,27.3,1030.5,0.0,-999.0,0,0.0,0.077
1969-12-31 23:12:06.498000,15126498,0.0,27.3,1030.4,0.0,-999.0,0,0.0,0.077
1969-12-31 23:12:08.498000,15128498,0.0,27.3,1030.4,0.0,-999.0,0,0.0,0.076
1969-12-31 23:12:10.498000,15130498,0.0,27.3,1030.7,0.0,-999.0,0,0.0,0.08
1969-12-31 23:12:12.498000,15132498,0.0,27.3,1030.7,0.0,-999.0,0,0.0,0.073
1969-12-31 23:12:14.498000,15134498,0.0,27.3,1030.4,0.0,-999.0,0,0.0,0.074
1969-12-31 23:12:16.498000,15136498,0.0,27.3,1030.3,0.0,-999.0,0,0.0,0.074
1969-12-31 23:12:18.498000,15138498,0.0,27.3,1029.9,0.0,-999.0,0,0.0,0.078
1969-12-31 23:12:20.498000,15140498,0.0,27.3,1030.0,0.0,-999.0,0,0.0,0.078
1969-12-31 23:12:22.498000,15142498,0.0,27.3,1029.3,0.0,-999.0,0,0.0,0.079
1969-12-31 23:12:24.498000,15144498,0.0,27.3,1029.9,0.0,-999.0,0,0.0,0.073
1969-12-31 23:12:26.498000,15146498,0.0,27.3,1029.5,0.0,-999.0,0,0.0,0.077
1969-12-31 23:12:28.498000,15148498,0.0,27.3,1029.1,0.0,-999.0,0,0.0,0.076
1969-12-31 23:12:30.498000,15150498,0.0,27.3,1030.4,0.0,-999.0,0,0.0,0.079
1969-12-31 23:12:32.498000,15152498,0.0,27.3,1029.3,0.0,-999.0,0,0.0,0.081
1969-12-31 23:12:34.498000,15154498,0.0,27.3,1029.3,0.0,-999.0,0,0.0,0.074
1969-12-31 23:12:36.498000,15156498,0.0,27.3,1030.3,0.0,-999.0,0,0.0,0.076
1969-12-31 23:12:38.498000,15158498,0.0,27.3,1029.3,0.0,-999.0,0,0.0,0.074
1969-12-31 23:12:40.498000,15160498,0.0,27.3,1028.7,0.0,-999.0,0,0.0,0.078
1969-12-31 23:12:42.498000,15162498,0.0,27.3,1028.9,0.0,-999.0,0,0.0,0.075
1969-12-31 23:12:44.498000,15164498,0.0,27.3,1029.9,0.0,-999.0,0,0.0,0.081
1969-12-31 23:12:46.498000,15166498,0.0,27.3,1028.8,0.0,-999.0,0,0.0,0.08
1969-12-31 23:12:48.498000,15168498,0.0,27.3,1030.3,0.0,-999.0,0,0.0,0.079
1969-12-31 23:12:50.498000,15170498,0.0,27.3,1029.3,0.0,-999.0,0,0.0,0.073
1969-12-31 23:12:52.498000,15172498,0.0,27.3,1028.9,0.0,-999.0,0,0.0,0.077
1969-12-31 23:12:54.498000,15174498,0.0,27.3,1028.8,0.0,-999.0,0,0.0,0.074
1969-12-31 23:12:56.498000,15176498,0.0,27.3,1027.6,0.0,-999.0,0,0.0,0.077
1969-12-31 23:12:58.498000,15178498,0.0,27.3,1029.6,0.0,-999.0,0,0.0,0.075
1969-12-31 23:13:00.498000,15180498,0.0,27.3,1029.6,0.0,-999.0,0,0.0,0.073
1969-12-31 23:13:02.498000,15182498,0.0,27.3,1029.2,0.0,-999.0,0,0.0,0.073
1969-12-31 23:13:04.498000,15184498,0.0,27.3,1028.7,0.0,-999.0,0,0.0,0.077
1969-12-31 23:13:06.498000,15186498,0.0,27.3,1029.1,0.0,-999.0,0,0.0,0.073
1969-12-31 23:13:08.498000,15188498,0.0,27.3,1028.3,0.0,-999.0,0,0.0,0.077
1969-12-31 23:13:10.498000,15190498,0.0,27.3,1028.8,0.0,-999.0,0,0.0,0.073
1969-12-31 23:13:12.498000,15192498,0.0,27.3,1028.1,0.0,-999.0,0,0.0,0.077
1969-12-31 23:13:14.498000,15194498,0.0,27.3,1030.1,0.0,-999.0,0,0.0,0.076
1969-12-31 23:13:16.498000,15196498,0.0,27.3,1029.5,0.0,-999.0,0,0.0,0.08
1969-12-31 23:13:18.498000,15198498,0.0,27.3,1029.7,0.0,-999.0,0,0.0,0.073
1969-12-31 23:13:20.498000,15200498,0.0,27.3,1028.3,0.0,-999.0,0,0.0,0.078
1969-12-31 23:13:22.498000,15202498,0.0,27.3,1029.9,0.0,-999.0,0,0.0,0.076
1969-12-31 23:13:24.498000,15204498,0.0,27.3,1030.4,0.0,-999.0,0,0.0,0.076
1969-12-31 23:13:26.498000,15206498,0.0,27.3,1029.1,0.0,-999.0,0,0.0,0.072
1969-12-31 23:13:28.498000,15208498,0.0,27.3,1029.5,0.0,-999.0,0,0.0,0.074
1969-12-31 23:13:30.498000,15210498,0.0,27.3,1030.3,0.0,-999.0,0,0.0,0.077
1969-12-31 23:13:32.498000,15212498,0.0,27.3,1030.5,0.0,-999.0,0,0.0,0.075
1969-12-31 23:13:34.498000,15214498,0.0,27.3,1029.1,0.0,-999.0,0,0.0,0.077
1969-12-31 23:13:36.498000,15216498,0.0,27.3,1028.7,0.0,-999.0,0,0.0,0.075
1969-12-31 23:13:38.498000,15218498,0.0,27.3,1028.4,0.0,-999.0,0,0.0,0.078
1969-12-31 23:13:40.498000,15220498,0.0,27.3,1029.3,0.0,-999.0,0,0.0,0.072
1969-12-31 23:13:42.498000,15222498,0.0,27.3,1030.1,0.0,-999.0,0,0.1,0.082
1969-12-31 23:13:44.498000,15224498,0.0,27.3,1029.9,0.0,-999.0,0,0.0,0.075
1969-12-31 23:13:46.498000,15226498,0.0,27.3,1029.1,0.0,-999.0,0,0.0,0.078
1969-12-31 23:13:48.498000,15228498,0.0,27.3,1029.2,0.0,-999.0,0,0.0,0.075
1969-12-31 23:13:50.498000,15230498,0.0,27.3,1029.1,0.0,-999.0,0,0.0,0.074
1969-12-31 23:13:52.498000,15232498,0.0,27.3,1028.8,0.0,-999.0,0,0.0,0.078
1969-12-31 23:13:54.498000,15234498,0.0,27.3,1029.7,0.0,-999.0,0,0.0,0.076
1969-12-31 23:13:56.498000,15236498,0.0,27.3,1029.5,0.0,-999.0,0,0.0,0.079
1969-12-31 23:13:58.498000,15238498,0.0,27.3,1029.5,0.0,-999.0,0,0.0,0.077
1969-12-31 23:14:00.498000,15240498,0.0,27.3,1029.2,0.0,-999.0,0,0.0,0.078
1969-12-31 23:14:02.498000,15242498,0.0,27.3,1030.7,0.0,-999.0,0,0.0,0.078
1969-12-31 23:14:04.498000,15244498,0.0,27.3,1028.4,0.0,-999.0,0,0.0,0.073
1969-12-31 23:14:06.498000,15246498,0.0,27.3,1029.5,0.0,-999.0,0,0.0,0.077
1969-12-31 23:14:08.498000,15248498,0.0,27.3,1028.8,0.0,-999.0,0,0.0,0.076
1969-12-31 23:14:10.498000,15250498,0.0,27.3,1030.0,0.0,-999.0,0,0.0,0.076
1969-12-31 23:14:12.498000,15252498,0.0,27.3,1029.3,0.0,-999.0,0,0.0,0.077
1969-12-31 23:14:14.498000,15254498,0.0,27.3,1028.3,0.0,-999.0,0,0.0,0.077
1969-12-31 23:14:16.498000,15256498,0.0,27.3,1028.9,0.0,-999.0,0,0.0,0.076
1969-12-31 23:14:18.498000,15258498,0.0,27.3,1029.2,0.0,-999.0,0,0.0,0.077
1969-12-31 23:14:20.498000,15260498,0.0,27.3,1030.1,0.0,-999.0,0,0.0,0.079
1969-12-31 23:14:22.498000,15262498,0.0,27.3,1029.9,0.0,-999.0,0,0.0,0.075
1969-12-31 23:14:24.498000,15264498,0.0,27.3,1029.7,0.0,-999.0,0,0.0,0.073
1969-12-31 23:14:26.498000,15266498,0.0,27.3,1028.8,0.0,-999.0,0,0.0,0.076
1969-12-31 23:14:28.498000,15268498,0.0,27.3,1029.9,0.0,-999.0,0,0.0,0.078
1969-12-31 23:14:30.498000,15270498,0.0,27.3,1030.4,0.0,-999.0,0,0.0,0.074
1969-12-31 23:14:32.498000,15272498,0.0,27.3,1028.8,0.0,-999.0,0,0.0,0.077
1969-12-31 23:14:34.498000,15274498,0.0,27.3,1029.2,0.0,-999.0,0,0.0,0.08
1969-12-31 23:14:36.498000,15276498,0.0,27.3,1028.3,0.0,-999.0,0,0.0,0.077
1969-12-31 23:14:38.498000,15278498,0.0,27.3,1028.7,0.0,-999.0,0,0.0,0.077
1969-12-31 23:14:40.498000,15280498,0.0,27.3,1028.5,0.0,-999.0,0,0.0,0.078
1969-12-31 23:14:42.498000,15282498,0.0,27.3,1028.5,0.0,-999.0,0,0.0,0.077
1969-12-31 23:14:44.498000,15284498,0.0,27.3,1028.8,0.0,-999.0,0,0.0,0.075
1969-12-31 23:14:46.498000,15286498,0.0,27.3,1028.4,0.0,-999.0,0,0.0,0.076
1969-12-31 23:14:48.498000,15288498,0.0,27.3,1028.8,0.0,-999.0,0,0.0,0.077
1969-12-31 23:14:50.498000,15290498,0.0,27.3,1029.5,0.0,-999.0,0,0.0,0.081
1969-12-31 23:14:52.498000,15292498,0.0,27.3,1029.2,0.0,-999.0,0,0.0,0.079
1969-12-31 23:14:54.498000,15294498,0.0,27.3,1028.9,0.0,-999.0,0,0.0,0.073
1969-12-31 23:14:56.498000,15296498,0.0,27.3,1029.9,0.0,-999.0,0,0.0,0.077
1969-12-31 23:14:58.498000,15298498,0.0,27.3,1028.5,0.0,-999.0,0,0.0,0.078
1969-12-31 23:15:00.498000,15300498,0.0,27.3,1029.2,0.0,-999.0,0,0.0,0.077
1969-12-31 23:15:02.498000,15302498,0.0,27.3,1028.4,0.0,-999.0,0,0.0,0.077
1969-12-31 23:15:04.498000,15304498,0.0,27.3,1028.5,0.0,-999.0,0,0.0,0.079
1969-12-31 23:15:06.498000,15306498,0.0,27.3,1030.0,0.0,-999.0,0,0.0,0.08
1969-12-31 23:15:08.498000,15308498,0.0,27.3,1029.5,0.0,-999.0,0,0.0,0.079
1969-12-31 23:15:10.498000,15310498,0.0,27.3,1029.2,0.0,-999.0,0,0.0,0.077
1969-12-31 23:15:12.498000,15312498,0.0,27.3,1027.7,0.0,-999.0,0,0.0,0.078
1969-12-31 23:15:14.498000,15314498,0.0,27.3,1027.5,0.0,-999.0,0,0.0,0.077
1969-12-31 23:15:16.498000,15316498,0.0,27.3,1028.8,0.0,-999.0,0,0.0,0.074
1969-12-31 23:15:18.498000,15318498,0.0,27.3,1029.2,0.0,-999.0,0,0.0,0.073
1969-12-31 23:15:20.498000,15320498,0.0,27.3,1028.4,0.0,-999.0,0,0.0,0.074
1969-12-31 23:15:22.498000,15322498,0.0,27.3,1027.7,0.0,-999.0,0,0.0,0.081
1969-12-31 23:15:24.498000,15324498,0.0,27.3,1028.7,0.0,-999.0,0,0.0,0.077
1969-12-31 23:15:26.498000,15326498,0.0,27.3,1029.3,0.0,-999.0,0,0.1,0.082
1969-12-31 23:15:28.498000,15328498,0.0,27.3,1028.4,0.0,-999.0,0,0.0,0.077
1969-12-31 23:15:30.498000,15330498,0.0,27.3,1027.7,0.0,-999.0,0,0.0,0.077
1969-12-31 23:15:32.498000,15332498,0.0,27.3,1027.1,0.0,-999.0,0,0.0,0.075
1969-12-31 23:15:34.498000,15334498,0.0,27.3,1028.7,0.0,-999.0,0,0.0,0.081
1969-12-31 23:15:36.498000,15336498,0.0,27.3,1028.7,0.0,-999.0,0,0.0,0.077
1969-12-31 23:15:38.498000,15338498,0.0,27.3,1029.6,0.0,-999.0,0,0.1,0.084
1969-12-31 23:15:40.498000,15340498,0.0,27.3,1030.0,0.0,-999.0,0,0.0,0.081
1969-12-31 23:15:42.498000,15342498,0.0,27.3,1030.1,0.0,-999.0,0,0.0,0.078
1969-12-31 23:15:44.498000,15344498,0.0,27.3,1030.0,0.0,-999.0,0,0.0,0.074
1969-12-31 23:15:46.498000,15346498,0.0,27.3,1029.3,0.0,-999.0,0,0.0,0.074
1969-12-31 23:15:48.498000,15348498,0.0,27.3,1029.3,0.0,-999.0,0,0.1,0.082
1969-12-31 23:15:50.498000,15350498,0.0,27.3,1028.1,0.0,-999.0,0,0.0,0.075
1969-12-31 23:15:52.498000,15352498,0.0,27.3,1028.7,0.0,-999.0,0,0.0,0.076
1969-12-31 23:15:54.498000,15354498,0.0,27.3,1028.5,0.0,-999.0,0,0.0,0.076
1969-12-31 23:15:56.498000,15356498,0.0,27.3,1027.9,0.0,-999.0,0,0.0,0.073
1969-12-31 23:15:58.498000,15358498,0.0,27.3,1027.2,0.0,-999.0,0,0.0,0.075
1969-12-31 23:16:00.498000,15360498,0.0,27.3,1028.7,0.0,-999.0,0,0.0,0.081
1969-12-31 23:16:02.498000,15362498,0.0,27.3,1028.5,0.0,-999.0,0,0.0,0.078
1969-12-31 23:16:04.498000,15364498,0.0,27.3,1028.1,0.0,-999.0,0,0.0,0.075
1969-12-31 23:16:06.498000,15366498,0.0,27.3,1029.7,0.0,-999.0,0,0.0,0.075
1969-12-31 23:16:08.498000,15368498,0.0,27.3,1029.5,0.0,-999.0,0,0.0,0.078
1969-12-31 23:16:10.498000,15370498,0.0,27.3,1028.4,0.0,-999.0,0,0.0,0.079
1969-12-31 23:16:12.498000,15372498,0.0,27.3,1028.5,0.0,-999.0,0,0.1,0.082
1969-12-31 23:16:14.498000,15374498,0.0,27.3,1028.8,0.0,-999.0,0,0.0,0.077
1969-12-31 23:16:16.498000,15376498,0.0,27.3,1030.4,0.0,-999.0,0,0.0,0.077
1969-12-31 23:16:18.498000,15378498,0.0,27.3,1029.5,0.0,-999.0,0,0.0,0.079
1969-12-31 23:16:20.498000,15380498,0.0,27.3,1029.3,0.0,-999.0,0,0.0,0.077
1969-12-31 23:16:22.498000,15382498,0.0,27.3,1028.8,0.0,-999.0,0,0.0,0.075
1969-12-31 23:16:24.498000,15384498,0.0,27.3,1026.8,0.0,-999.0,0,0.1,0.082
1969-12-31 23:16:26.498000,15386498,0.0,27.3,1029.6,0.0,-999.0,0,0.0,0.077
1969-12-31 23:16:28.498000,15388498,0.0,27.3,1028.3,0.0,-999.0,0,0.0,0.077
1969-12-31 23:16:30.498000,15390498,0.0,27.3,1028.9,0.0,-999.0,0,0.0,0.073
1969-12-31 23:16:32.498000,15392498,0.0,27.3,1027.7,0.0,-999.0,0,0.0,0.077
1969-12-31 23:16:34.498000,15394498,0.0,27.3,1027.7,0.0,-999.0,0,0.0,0.078
1969-12-31 23:16:36.498000,15396498,0.0,27.3,1028.7,0.0,-999.0,0,0.0,0.076
1969-12-31 23:16:38.498000,15398498,0.0,27.3,1028.9,0.0,-999.0,0,0.0,0.075
1969-12-31 23:16:40.498000,15400498,0.0,27.3,1028.8,0.0,-999.0,0,0.0,0.076
1969-12-31 23:16:42.498000,15402498,0.0,27.3,1028.4,0.0,-999.0,0,0.0,0.077
1969-12-31 23:16:44.498000,15404498,0.0,27.3,1028.8,0.0,-999.0,0,0.0,0.08
1969-12-31 23:16:46.498000,15406498,0.0,27.3,1029.1,0.0,-999.0,0,0.0,0.079
1969-12-31 23:16:48.498000,15408498,0.0,27.3,1027.5,0.0,-999.0,0,0.0,0.077
1969-12-31 23:16:50.498000,15410498,0.0,27.3,1028.7,0.0,-999.0,0,0.0,0.076
1969-12-31 23:16:52.498000,15412498,0.0,27.3,1027.5,0.0,-999.0,0,0.0,0.074
1969-12-31 23:16:54.498000,15414498,0.0,27.3,1027.1,0.0,-999.0,0,0.0,0.078
1969-12-31 23:16:56.498000,15416498,0.0,27.3,1028.7,0.0,-999.0,0,0.0,0.077
1969-12-31 23:16:58.498000,15418498,0.0,27.3,1028.4,0.0,-999.0,0,0.0,0.077
1969-12-31 23:17:00.498000,15420498,0.0,27.3,1028.5,0.0,-999.0,0,0.0,0.075
1969-12-31 23:17:02.498000,15422498,0.0,27.3,1028.0,0.0,-999.0,0,0.0,0.073
1969-12-31 23:17:04.498000,15424498,0.0,27.3,1027.9,0.0,-999.0,0,0.0,0.073
1969-12-31 23:17:06.498000,15426498,0.0,27.3,1028.4,0.0,-999.0,0,0.0,0.076
1969-12-31 23:17:08.498000,15428498,0.0,27.3,1028.5,0.0,-999.0,0,0.0,0.077
1969-12-31 23:17:10.498000,15430498,0.0,27.3,1028.4,0.0,-999.0,0,0.0,0.079
1969-12-31 23:17:12.508000,15432508,0.0,27.3,1029.9,0.0,-999.0,0,0.0,0.075
1969-12-31 23:17:14.498000,15434498,0.0,27.3,1028.0,0.0,-999.0,0,0.0,0.075
1969-12-31 23:17:16.498000,15436498,0.0,27.3,1028.1,0.0,-999.0,0,0.0,0.077
1969-12-31 23:17:18.508000,15438508,0.0,27.3,1028.1,0.0,-999.0,0,0.0,0.081
1969-12-31 23:17:20.508000,15440508,0.0,27.3,1027.2,0.0,-999.0,0,0.0,0.073
1969-12-31 23:17:22.508000,15442508,0.0,27.3,1027.2,0.0,-999.0,0,0.0,0.078
1969-12-31 23:17:24.508000,15444508,0.0,27.3,1026.9,0.0,-999.0,0,0.0,0.075
1969-12-31 23:17:26.508000,15446508,0.0,27.3,1027.3,0.0,-999.0,0,0.0,0.077
1969-12-31 23:17:28.508000,15448508,0.0,27.3,1028.5,0.0,-999.0,0,0.0,0.073
1969-12-31 23:17:30.508000,15450508,0.0,27.3,1027.3,0.0,-999.0,0,0.0,0.078
1969-12-31 23:17:32.508000,15452508,0.0,27.3,1028.4,0.0,-999.0,0,0.0,0.071
1969-12-31 23:17:34.508000,15454508,0.0,27.3,1027.3,0.0,-999.0,0,0.0,0.077
1969-12-31 23:17:36.508000,15456508,0.0,27.3,1027.2,0.0,-999.0,0,0.0,0.081
1969-12-31 23:17:38.508000,15458508,0.0,27.3,1027.5,0.0,-999.0,0,0.0,0.075
1969-12-31 23:17:40.508000,15460508,0.0,27.3,1027.3,0.0,-999.0,0,0.0,0.077
1969-12-31 23:17:42.508000,15462508,0.0,27.3,1026.9,0.0,-999.0,0,0.0,0.077
1969-12-31 23:17:44.508000,15464508,0.0,27.3,1027.6,0.0,-999.0,0,0.0,0.077
1969-12-31 23:17:46.508000,15466508,0.0,27.3,1027.1,0.0,-999.0,0,0.0,0.077
1969-12-31 23:17:48.508000,15468508,0.0,27.3,1027.2,0.0,-999.0,0,0.0,0.081
1969-12-31 23:17:50.508000,15470508,0.0,27.3,1027.5,0.0,-999.0,0,0.0,0.077
1969-12-31 23:17:52.508000,15472508,0.0,27.3,1027.1,0.0,-999.0,0,0.0,0.076
1969-12-31 23:17:54.508000,15474508,0.0,27.3,1027.2,0.0,-999.0,0,0.0,0.081
1969-12-31 23:17:56.508000,15476508,0.0,27.3,1027.2,0.0,-999.0,0,0.0,0.074
1969-12-31 23:17:58.508000,15478508,0.0,27.3,1027.5,0.0,-999.0,0,0.0,0.072
1969-12-31 23:18:00.508000,15480508,0.0,27.3,1026.9,0.0,-999.0,0,0.0,0.078
1969-12-31 23:18:02.508000,15482508,0.0,27.3,1027.3,0.0,-999.0,0,0.0,0.072
1969-12-31 23:18:04.508000,15484508,0.0,27.3,1028.0,0.0,-999.0,0,0.0,0.08
1969-12-31 23:18:06.508000,15486508,0.0,27.3,1027.5,0.0,-999.0,0,0.0,0.079
1969-12-31 23:18:08.508000,15488508,0.0,27.3,1027.2,0.0,-999.0,0,0.1,0.082
1969-12-31 23:18:10.508000,15490508,0.0,27.3,1027.7,0.0,-999.0,0,0.0,0.077
1969-12-31 23:18:12.508000,15492508,0.0,27.3,1027.9,0.0,-999.0,0,0.0,0.075
1969-12-31 23:18:14.508000,15494508,0.0,27.3,1027.2,0.0,-999.0,0,0.0,0.077
1969-12-31 23:18:16.508000,15496508,0.0,27.3,1027.1,0.0,-999.0,0,0.0,0.078
1969-12-31 23:18:18.508000,15498508,0.0,27.3,1029.2,0.0,-999.0,0,0.0,0.081
1969-12-31 23:18:20.508000,15500508,0.0,27.3,1027.7,0.0,-999.0,0,0.0,0.08
1969-12-31 23:18:22.508000,15502508,0.0,27.3,1027.1,0.0,-999.0,0,0.0,0.079
1969-12-31 23:18:24.508000,15504508,0.0,27.3,1028.9,0.0,-999.0,0,0.0,0.077
1969-12-31 23:18:26.508000,15506508,0.0,27.3,1027.5,0.0,-999.0,0,0.0,0.081
1969-12-31 23:18:28.508000,15508508,0.0,27.3,1027.3,0.0,-999.0,0,0.0,0.079
1969-12-31 23:18:30.508000,15510508,0.0,27.3,1027.3,0.0,-999.0,0,0.0,0.077
1969-12-31 23:18:32.508000,15512508,0.0,27.3,1028.1,0.0,-999.0,0,0.0,0.068
1969-12-31 23:18:34.508000,15514508,0.0,27.3,1027.6,0.0,-999.0,0,0.0,0.078
1969-12-31 23:18:36.508000,15516508,0.0,27.3,1027.6,0.0,-999.0,0,0.0,0.079
1969-12-31 23:18:38.508000,15518508,0.0,27.3,1027.5,0.0,-999.0,0,0.0,0.077
1969-12-31 23:18:40.508000,15520508,0.0,27.3,1026.9,0.0,-999.0,0,0.1,0.084
1969-12-31 23:18:42.508000,15522508,0.0,27.3,1027.1,0.0,-999.0,0,0.0,0.074
1969-12-31 23:18:44.508000,15524508,0.0,27.3,1027.6,0.0,-999.0,0,0.0,0.075
1969-12-31 23:18:46.508000,15526508,0.0,27.3,1028.0,0.0,-999.0,0,0.0,0.073
1969-12-31 23:18:48.508000,15528508,0.0,27.3,1027.5,0.0,-999.0,0,0.0,0.077
1969-12-31 23:18:50.508000,15530508,0.0,27.3,1028.1,0.0,-999.0,0,0.0,0.078
1969-12-31 23:18:52.508000,15532508,0.0,27.3,1028.8,0.0,-999.0,0,0.0,0.076
1969-12-31 23:18:54.508000,15534508,0.0,27.3,1028.9,0.0,-999.0,0,0.0,0.073
1969-12-31 23:18:56.508000,15536508,0.0,27.3,1028.5,0.0,-999.0,0,0.0,0.077
1969-12-31 23:18:58.508000,15538508,0.0,27.3,1026.9,0.0,-999.0,0,0.0,0.077
1969-12-31 23:19:00.508000,15540508,0.0,27.3,1027.2,0.0,-999.0,0,0.0,0.077
1969-12-31 23:19:02.508000,15542508,0.0,27.3,1027.5,0.0,-999.0,0,0.0,0.074
1969-12-31 23:19:04.508000,15544508,0.0,27.3,1027.1,0.0,-999.0,0,0.0,0.073
1969-12-31 23:19:06.508000,15546508,0.0,27.3,1027.1,0.0,-999.0,0,0.0,0.077
1969-12-31 23:19:08.508000,15548508,0.0,27.3,1026.9,0.0,-999.0,0,0.0,0.079
1969-12-31 23:19:10.508000,15550508,0.0,27.3,1027.9,0.0,-999.0,0,0.0,0.077
1969-12-31 23:19:12.508000,15552508,0.0,27.3,1027.7,0.0,-999.0,0,0.0,0.074
1969-12-31 23:19:14.508000,15554508,0.0,27.3,1027.3,0.0,-999.0,0,0.0,0.074
1969-12-31 23:19:16.508000,15556508,0.0,27.3,1027.9,0.0,-999.0,0,0.0,0.077
1969-12-31 23:19:18.508000,15558508,0.0,27.3,1027.2,0.0,-999.0,0,0.0,0.073
1969-12-31 23:19:20.508000,15560508,0.0,27.3,1027.9,0.0,-999.0,0,0.0,0.073
1969-12-31 23:19:22.508000,15562508,0.0,27.3,1027.3,0.0,-999.0,0,0.0,0.078
1969-12-31 23:19:24.508000,15564508,0.0,27.3,1027.6,0.0,-999.0,0,0.0,0.079
1969-12-31 23:19:26.508000,15566508,0.0,27.3,1027.3,0.0,-999.0,0,0.0,0.077
1969-12-31 23:19:28.508000,15568508,0.0,27.3,1027.3,0.0,-999.0,0,0.0,0.08
1969-12-31 23:19:30.508000,15570508,0.0,27.3,1027.3,0.0,-999.0,0,0.0,0.076
1969-12-31 23:19:32.508000,15572508,0.0,27.3,1027.2,0.0,-999.0,0,0.0,0.08
1969-12-31 23:19:34.508000,15574508,0.0,27.3,1027.2,0.0,-999.0,0,0.1,0.084
1969-12-31 23:19:36.508000,15576508,0.0,27.3,1027.6,0.0,-999.0,0,0.0,0.075
1969-12-31 23:19:38.508000,15578508,0.0,27.3,1027.3,0.0,-999.0,0,0.0,0.077
1969-12-31 23:19:40.508000,15580508,0.0,27.3,1027.2,0.0,-999.0,0,0.0,0.079
1969-12-31 23:19:42.508000,15582508,0.0,27.3,1027.3,0.0,-999.0,0,0.0,0.078
1969-12-31 23:19:44.508000,15584508,0.0,27.3,1027.2,0.0,-999.0,0,0.0,0.078
1969-12-31 23:19:46.508000,15586508,0.0,27.3,1027.1,0.0,-999.0,0,0.0,0.073
1969-12-31 23:19:48.508000,15588508,0.0,27.3,1027.2,0.0,-999.0,0,0.0,0.076
1969-12-31 23:19:50.508000,15590508,0.0,27.3,1027.2,0.0,-999.0,0,0.0,0.075
1969-12-31 23:19:52.508000,15592508,0.0,27.3,1027.3,0.0,-999.0,0,0.0,0.077
1969-12-31 23:19:54.508000,15594508,0.0,27.3,1027.3,0.0,-999.0,0,0.0,0.077
1969-12-31 23:19:56.508000,15596508,0.0,27.3,1027.6,0.0,-999.0,0,0.0,0.073
1969-12-31 23:19:58.508000,15598508,0.0,27.3,1027.3,0.0,-999.0,0,0.0,0.081
1969-12-31 23:20:00.508000,15600508,0.0,27.3,1027.1,0.0,-999.0,0,0.0,0.074
1969-12-31 23:20:02.508000,15602508,0.0,27.3,1027.5,0.0,-999.0,0,0.0,0.079
1969-12-31 23:20:04.508000,15604508,0.0,27.3,1027.5,0.0,-999.0,0,0.0,0.081
1969-12-31 23:20:06.508000,15606508,0.0,27.3,1027.2,0.0,-999.0,0,0.0,0.074
1969-12-31 23:20:08.508000,15608508,0.0,27.3,1027.3,0.0,-999.0,0,0.0,0.078
1969-12-31 23:20:10.508000,15610508,0.0,27.3,1026.9,0.0,-999.0,0,0.0,0.081
1969-12-31 23:20:12.508000,15612508,0.0,27.3,1028.1,0.0,-999.0,0,0.0,0.073
1969-12-31 23:20:14.508000,15614508,0.0,27.3,1028.4,0.0,-999.0,0,0.0,0.077
1969-12-31 23:20:16.508000,15616508,0.0,27.3,1027.1,0.0,-999.0,0,0.0,0.075
1969-12-31 23:20:18.508000,15618508,0.0,27.3,1027.5,0.0,-999.0,0,0.0,0.079
1969-12-31 23:20:20.508000,15620508,0.0,27.3,1027.1,0.0,-999.0,0,0.0,0.077
1969-12-31 23:20:22.508000,15622508,0.0,27.3,1027.7,0.0,-999.0,0,0.0,0.073
1969-12-31 23:20:24.508000,15624508,0.0,27.3,1027.2,0.0,-999.0,0,0.0,0.073
1969-12-31 23:20:26.508000,15626508,0.0,27.3,1027.5,0.0,-999.0,0,0.0,0.076
1969-12-31 23:20:28.508000,15628508,0.0,27.3,1027.1,0.0,-999.0,0,0.0,0.078
1969-12-31 23:20:30.508000,15630508,0.0,27.3,1027.5,0.0,-999.0,0,0.0,0.073
1969-12-31 23:20:32.508000,15632508,0.0,27.3,1027.2,0.0,-999.0,0,0.0,0.077
1969-12-31 23:20:34.508000,15634508,0.0,27.3,1027.1,0.0,-999.0,0,0.0,0.077
1969-12-31 23:20:36.508000,15636508,0.0,27.3,1027.5,0.0,-999.0,0,0.0,0.078
1969-12-31 23:20:38.508000,15638508,0.0,27.3,1027.1,0.0,-999.0,0,0.0,0.078
1969-12-31 23:20:40.508000,15640508,0.0,27.3,1027.3,0.0,-999.0,0,0.0,0.075
1969-12-31 23:20:42.508000,15642508,0.0,27.3,1027.5,0.0,-999.0,0,0.0,0.076
1969-12-31 23:20:44.508000,15644508,0.0,27.3,1027.6,0.0,-999.0,0,0.0,0.079
1969-12-31 23:20:46.508000,15646508,0.0,27.3,1027.3,0.0,-999.0,0,0.0,0.077
1969-12-31 23:20:48.508000,15648508,0.0,27.3,1027.3,0.0,-999.0,0,0.0,0.08
1969-12-31 23:20:50.508000,15650508,0.0,27.3,1027.1,0.0,-999.0,0,0.0,0.073
1969-12-31 23:20:52.508000,15652508,0.0,27.3,1027.3,0.0,-999.0,0,0.0,0.073
1969-12-31 23:20:54.508000,15654508,0.0,27.3,1027.5,0.0,-999.0,0,0.0,0.081
1969-12-31 23:20:56.508000,15656508,0.0,27.3,1027.3,0.0,-999.0,0,0.0,0.076
1969-12-31 23:20:58.508000,15658508,0.0,27.3,1027.3,0.0,-999.0,0,0.0,0.081
1969-12-31 23:21:00.508000,15660508,0.0,27.3,1027.1,0.0,-999.0,0,0.1,0.083
1969-12-31 23:21:02.508000,15662508,0.0,27.3,1027.1,0.0,-999.0,0,0.1,0.082
1969-12-31 23:21:04.508000,15664508,0.0,27.3,1027.3,0.0,-999.0,0,0.0,0.073
1969-12-31 23:21:06.508000,15666508,0.0,27.3,1027.1,0.0,-999.0,0,0.0,0.079
1969-12-31 23:21:08.508000,15668508,0.0,27.3,1027.2,0.0,-999.0,0,0.0,0.074
1969-12-31 23:21:10.508000,15670508,0.0,27.3,1027.1,0.0,-999.0,0,0.0,0.074
1969-12-31 23:21:12.508000,15672508,0.0,27.3,1027.1,0.0,-999.0,0,0.0,0.073
1969-12-31 23:21:14.508000,15674508,0.0,27.3,1027.1,0.0,-999.0,0,0.0,0.075
1969-12-31 23:21:16.508000,15676508,0.0,27.3,1026.9,0.0,-999.0,0,0.0,0.077
1969-12-31 23:21:18.508000,15678508,0.0,27.3,1027.3,0.0,-999.0,0,0.0,0.079
1969-12-31 23:21:20.508000,15680508,0.0,27.3,1027.3,0.0,-999.0,0,0.0,0.073
1969-12-31 23:21:22.508000,15682508,0.0,27.3,1027.2,0.0,-999.0,0,0.0,0.073
1969-12-31 23:21:24.508000,15684508,0.0,27.3,1027.1,0.0,-999.0,0,0.0,0.077
1969-12-31 23:21:26.508000,15686508,0.0,27.3,1027.1,0.0,-999.0,0,0.0,0.078
1969-12-31 23:21:28.508000,15688508,0.0,27.3,1027.1,0.0,-999.0,0,0.0,0.081
1969-12-31 23:21:30.508000,15690508,0.0,27.3,1027.3,0.0,-999.0,0,0.0,0.077
1969-12-31 23:21:32.508000,15692508,0.0,27.3,1027.1,0.0,-999.0,0,0.0,0.074
1969-12-31 23:21:34.508000,15694508,0.0,27.3,1026.9,0.0,-999.0,0,0.0,0.074
1969-12-31 23:21:36.508000,15696508,0.0,27.3,1027.5,0.0,-999.0,0,0.0,0.076
1969-12-31 23:21:38.508000,15698508,0.0,27.3,1027.1,0.0,-999.0,0,0.0,0.077
1969-12-31 23:21:40.508000,15700508,0.0,27.3,1027.1,0.0,-999.0,0,0.0,0.076
1969-12-31 23:21:42.508000,15702508,0.0,27.3,1027.2,0.0,-999.0,0,0.0,0.079
1969-12-31 23:21:44.508000,15704508,0.0,27.3,1027.2,0.0,-999.0,0,0.0,0.08
1969-12-31 23:21:46.508000,15706508,0.0,27.3,1027.1,0.0,-999.0,0,0.0,0.081
1969-12-31 23:21:48.508000,15708508,0.0,27.3,1027.1,0.0,-999.0,0,0.0,0.079
1969-12-31 23:21:50.508000,15710508,0.0,27.3,1027.2,0.0,-999.0,0,0.0,0.08
1969-12-31 23:21:52.508000,15712508,0.0,27.3,1027.2,0.0,-999.0,0,0.0,0.071
1969-12-31 23:21:54.508000,15714508,0.0,27.3,1027.3,0.0,-999.0,0,0.0,0.074
1969-12-31 23:21:56.508000,15716508,0.0,27.3,1027.1,0.0,-999.0,0,0.0,0.076
1969-12-31 23:21:58.508000,15718508,0.0,27.3,1027.3,0.0,-999.0,0,0.0,0.074
1969-12-31 23:22:00.508000,15720508,0.0,27.3,1027.1,0.0,-999.0,0,0.0,0.077
1969-12-31 23:22:02.508000,15722508,0.0,27.3,1027.1,0.0,-999.0,0,0.0,0.076
1969-12-31 23:22:04.508000,15724508,0.0,27.3,1027.1,0.0,-999.0,0,0.0,0.079
1969-12-31 23:22:06.508000,15726508,0.0,27.3,1027.1,0.0,-999.0,0,0.0,0.077
1969-12-31 23:22:08.508000,15728508,0.0,27.3,1026.9,0.0,-999.0,0,0.0,0.079
1969-12-31 23:22:10.508000,15730508,0.0,27.3,1027.1,0.0,-999.0,0,0.1,0.083
1969-12-31 23:22:12.508000,15732508,0.0,27.3,1027.2,0.0,-999.0,0,0.0,0.077
1969-12-31 23:22:14.508000,15734508,0.0,27.3,1026.9,0.0,-999.0,0,0.0,0.076
1969-12-31 23:22:16.508000,15736508,0.0,27.3,1026.9,0.0,-999.0,0,0.0,0.075
1969-12-31 23:22:18.508000,15738508,0.0,27.3,1027.3,0.0,-999.0,0,0.0,0.08
1969-12-31 23:22:20.508000,15740508,0.0,27.3,1027.2,0.0,-999.0,0,0.0,0.073
1969-12-31 23:22:22.508000,15742508,0.0,27.3,1027.1,0.0,-999.0,0,0.0,0.081
1969-12-31 23:22:24.508000,15744508,0.0,27.3,1027.1,0.0,-999.0,0,0.0,0.07
1969-12-31 23:22:26.508000,15746508,0.0,27.3,1027.1,0.0,-999.0,0,0.0,0.077
1969-12-31 23:22:28.508000,15748508,0.0,27.3,1026.8,0.0,-999.0,0,0.0,0.072
1969-12-31 23:22:30.508000,15750508,0.0,27.3,1026.9,0.0,-999.0,0,0.0,0.077
1969-12-31 23:22:32.508000,15752508,0.0,27.3,1027.9,0.0,-999.0,0,0.0,0.077
1969-12-31 23:22:34.508000,15754508,0.0,27.3,1027.1,0.0,-999.0,0,0.0,0.08
1969-12-31 23:22:36.508000,15756508,0.0,27.3,1026.9,0.0,-999.0,0,0.0,0.077
1969-12-31 23:22:38.508000,15758508,0.0,27.3,1027.1,0.0,-999.0,0,0.0,0.077
1969-12-31 23:22:40.508000,15760508,0.0,27.3,1026.9,0.0,-999.0,0,0.0,0.077
1969-12-31 23:22:42.508000,15762508,0.0,27.3,1027.2,0.0,-999.0,0,0.0,0.074
1969-12-31 23:22:44.508000,15764508,0.0,27.3,1027.1,0.0,-999.0,0,0.0,0.077
1969-12-31 23:22:46.508000,15766508,0.0,27.3,1027.2,0.0,-999.0,0,0.0,0.076
1969-12-31 23:22:48.508000,15768508,0.0,27.3,1027.2,0.0,-999.0,0,0.0,0.074
1969-12-31 23:22:50.508000,15770508,0.0,27.3,1027.1,0.0,-999.0,0,0.0,0.081
1969-12-31 23:22:52.508000,15772508,0.0,27.3,1027.1,0.0,-999.0,0,0.0,0.077
1969-12-31 23:22:54.508000,15774508,0.0,27.3,1027.1,0.0,-999.0,0,0.0,0.08
1969-12-31 23:22:56.508000,15776508,0.0,27.3,1027.1,0.0,-999.0,0,0.0,0.077
1969-12-31 23:22:58.508000,15778508,0.0,27.3,1027.1,0.0,-999.0,0,0.0,0.081
1969-12-31 23:23:00.508000,15780508,0.0,27.3,1027.1,0.0,-999.0,0,0.0,0.079
1969-12-31 23:23:02.508000,15782508,0.0,27.3,1027.1,0.0,-999.0,0,0.0,0.078
1969-12-31 23:23:04.508000,15784508,0.0,27.3,1027.1,0.0,-999.0,0,0.0,0.077
1969-12-31 23:23:06.508000,15786508,0.0,27.3,1027.1,0.0,-999.0,0,0.0,0.078
1969-12-31 23:23:08.508000,15788508,0.0,27.3,1027.2,0.0,-999.0,0,0.0,0.079
1969-12-31 23:23:10.508000,15790508,0.0,27.3,1027.5,0.0,-999.0,0,0.0,0.072
1969-12-31 23:23:12.508000,15792508,0.0,27.3,1026.9,0.0,-999.0,0,0.0,0.081
1969-12-31 23:23:14.508000,15794508,0.0,27.3,1027.1,0.0,-999.0,0,0.0,0.074
1969-12-31 23:23:16.508000,15796508,0.0,27.3,1027.3,0.0,-999.0,0,0.0,0.077
1969-12-31 23:23:18.508000,15798508,0.0,27.3,1027.2,0.0,-999.0,0,0.0,0.075
1969-12-31 23:23:20.508000,15800508,0.0,27.3,1026.9,0.0,-999.0,0,0.0,0.077
1969-12-31 23:23:22.508000,15802508,0.0,27.3,1027.1,0.0,-999.0,0,0.0,0.081
1969-12-31 23:23:24.508000,15804508,0.0,27.3,1027.1,0.0,-999.0,0,0.0,0.071
1969-12-31 23:23:26.508000,15806508,0.0,27.3,1026.9,0.0,-999.0,0,0.0,0.081
1969-12-31 23:23:28.508000,15808508,0.0,27.3,1027.2,0.0,-999.0,0,0.0,0.076
1969-12-31 23:23:30.508000,15810508,0.0,27.3,1027.2,0.0,-999.0,0,0.0,0.076
1969-12-31 23:23:32.508000,15812508,0.0,27.3,1027.1,0.0,-999.0,0,0.0,0.08
1969-12-31 23:23:34.508000,15814508,0.0,27.3,1027.2,0.0,-999.0,0,0.0,0.077
1969-12-31 23:23:36.509000,15816509,0.0,27.3,1027.6,0.0,-999.0,0,0.0,0.071
1969-12-31 23:23:38.508000,15818508,0.0,27.3,1027.2,0.0,-999.0,0,0.0,0.077
1969-12-31 23:23:40.508000,15820508,0.0,27.3,1027.3,0.0,-999.0,0,0.0,0.073
1969-12-31 23:23:42.508000,15822508,0.0,27.3,1026.9,0.0,-999.0,0,0.0,0.072
1969-12-31 23:23:44.508000,15824508,0.0,27.3,1027.2,0.0,-999.0,0,0.0,0.073
1969-12-31 23:23:46.508000,15826508,0.0,27.3,1027.3,0.0,-999.0,0,0.0,0.072
1969-12-31 23:23:48.508000,15828508,0.0,27.3,1027.1,0.0,-999.0,0,0.0,0.077
1969-12-31 23:23:50.508000,15830508,0.0,27.3,1027.3,0.0,-999.0,0,0.0,0.077
1969-12-31 23:23:52.508000,15832508,0.0,27.3,1027.2,0.0,-999.0,0,0.0,0.073
1969-12-31 23:23:54.508000,15834508,0.0,27.3,1027.5,0.0,-999.0,0,0.0,0.076
1969-12-31 23:23:56.508000,15836508,0.0,27.3,1027.2,0.0,-999.0,0,0.0,0.078
1969-12-31 23:23:58.508000,15838508,0.0,27.3,1026.9,0.0,-999.0,0,0.0,0.073
1969-12-31 23:24:00.508000,15840508,0.0,27.3,1027.2,0.0,-999.0,0,0.0,0.076
1969-12-31 23:24:02.508000,15842508,0.0,27.3,1026.9,0.0,-999.0,0,0.0,0.078
1969-12-31 23:24:04.508000,15844508,0.0,27.3,1027.1,0.0,-999.0,0,0.0,0.078
1969-12-31 23:24:06.508000,15846508,0.0,27.3,1026.9,0.0,-999.0,0,0.0,0.077
1969-12-31 23:24:08.508000,15848508,0.0,27.3,1027.1,0.0,-999.0,0,0.0,0.073
1969-12-31 23:24:10.508000,15850508,0.0,27.3,1027.1,0.0,-999.0,0,0.0,0.078
1969-12-31 23:24:12.508000,15852508,0.0,27.3,1027.1,0.0,-999.0,0,0.0,0.075
1969-12-31 23:24:14.508000,15854508,0.0,27.3,1027.1,0.0,-999.0,0,0.0,0.077
1969-12-31 23:24:16.508000,15856508,0.0,27.3,1026.9,0.0,-999.0,0,0.0,0.081
1969-12-31 23:24:18.508000,15858508,0.0,27.3,1027.1,0.0,-999.0,0,0.0,0.078
1969-12-31 23:24:20.508000,15860508,0.0,27.3,1026.9,0.0,-999.0,0,0.0,0.078
1969-12-31 23:24:22.508000,15862508,0.0,27.3,1026.9,0.0,-999.0,0,0.0,0.077
1969-12-31 23:24:24.508000,15864508,0.0,27.3,1026.8,0.0,-999.0,0,0.0,0.07
1969-12-31 23:24:26.508000,15866508,0.0,27.3,1026.9,0.0,-999.0,0,0.0,0.081
1969-12-31 23:24:28.508000,15868508,0.0,27.3,1026.9,0.0,-999.0,0,0.0,0.08
1969-12-31 23:24:30.508000,15870508,0.0,27.3,1026.9,0.0,-999.0,0,0.0,0.079
1969-12-31 23:24:32.508000,15872508,0.0,27.3,1027.2,0.0,-999.0,0,0.0,0.076
1969-12-31 23:24:34.508000,15874508,0.0,27.3,1027.1,0.0,-999.0,0,0.1,0.082
1969-12-31 23:24:36.508000,15876508,0.0,27.3,1026.9,0.0,-999.0,0,0.0,0.077
1969-12-31 23:24:38.508000,15878508,0.0,27.3,1026.9,0.0,-999.0,0,0.0,0.075
1969-12-31 23:24:40.508000,15880508,0.0,27.3,1027.1,0.0,-999.0,0,0.0,0.077
1969-12-31 23:24:42.508000,15882508,0.0,27.3,1026.9,0.0,-999.0,0,0.0,0.079
1969-12-31 23:24:44.508000,15884508,0.0,27.3,1026.9,0.0,-999.0,0,0.0,0.072
1969-12-31 23:24:46.508000,15886508,0.0,27.3,1027.1,0.0,-999.0,0,0.0,0.074
1969-12-31 23:24:48.508000,15888508,0.0,27.3,1026.9,0.0,-999.0,0,0.0,0.074
1969-12-31 23:24:50.508000,15890508,0.0,27.3,1027.1,0.0,-999.0,0,0.0,0.077
1969-12-31 23:24:52.508000,15892508,0.0,27.3,1026.9,0.0,-999.0,0,0.0,0.076
1969-12-31 23:24:54.508000,15894508,0.0,27.3,1026.9,0.0,-999.0,0,0.0,0.075
1969-12-31 23:24:56.508000,15896508,0.0,27.3,1027.1,0.0,-999.0,0,0.0,0.077
1969-12-31 23:24:58.508000,15898508,0.0,27.3,1026.9,0.0,-999.0,0,0.0,0.08
1969-12-31 23:25:00.508000,15900508,0.0,27.3,1027.1,0.0,-999.0,0,0.0,0.073
1969-12-31 23:25:02.508000,15902508,0.0,27.3,1026.9,0.0,-999.0,0,0.0,0.077
1969-12-31 23:25:04.508000,15904508,0.0,27.3,1026.9,0.0,-999.0,0,0.0,0.077
1969-12-31 23:25:06.508000,15906508,0.0,27.3,1026.9,0.0,-999.0,0,0.0,0.073
1969-12-31 23:25:08.508000,15908508,0.0,27.3,1026.9,0.0,-999.0,0,0.0,0.077
1969-12-31 23:25:10.508000,15910508,0.0,27.3,1026.9,0.0,-999.0,0,0.0,0.079
1969-12-31 23:25:12.508000,15912508,0.0,27.3,1026.9,0.0,-999.0,0,0.0,0.074
1969-12-31 23:25:14.508000,15914508,0.0,27.3,1026.9,0.0,-999.0,0,0.0,0.081
1969-12-31 23:25:16.508000,15916508,0.0,27.3,1026.9,0.0,-999.0,0,0.0,0.074
1969-12-31 23:25:18.508000,15918508,0.0,27.3,1026.9,0.0,-999.0,0,0.0,0.076
1969-12-31 23:25:20.508000,15920508,0.0,27.3,1027.1,0.0,-999.0,0,0.0,0.081
1969-12-31 23:25:22.508000,15922508,0.0,27.3,1027.1,0.0,-999.0,0,0.0,0.077
1969-12-31 23:25:24.508000,15924508,0.0,27.3,1027.1,0.0,-999.0,0,0.0,0.077
1969-12-31 23:25:26.508000,15926508,0.0,27.3,1026.9,0.0,-999.0,0,0.0,0.077
1969-12-31 23:25:28.508000,15928508,0.0,27.3,1027.1,0.0,-999.0,0,0.0,0.075
1969-12-31 23:25:30.508000,15930508,0.0,27.3,1026.9,0.0,-999.0,0,0.1,0.082
1969-12-31 23:25:32.508000,15932508,0.0,27.3,1026.9,0.0,-999.0,0,0.0,0.076
1969-12-31 23:25:34.508000,15934508,0.0,27.3,1027.1,0.0,-999.0,0,0.0,0.08
1969-12-31 23:25:36.508000,15936508,0.0,27.3,1026.8,0.0,-999.0,0,0.0,0.073
1969-12-31 23:25:38.508000,15938508,0.0,27.3,1026.8,0.0,-999.0,0,0.0,0.078
1969-12-31 23:25:40.518000,15940518,0.0,27.3,1026.8,0.0,-999.0,0,0.0,0.077
1969-12-31 23:25:42.518000,15942518,0.0,27.3,1026.8,0.0,-999.0,0,0.0,0.077
1969-12-31 23:25:44.518000,15944518,0.0,27.3,1026.9,0.0,-999.0,0,0.0,0.073
1969-12-31 23:25:46.518000,15946518,0.0,27.3,1026.8,0.0,-999.0,0,0.0,0.078
1969-12-31 23:25:48.508000,15948508,0.0,27.3,1026.9,0.0,-999.0,0,0.0,0.075
1969-12-31 23:25:50.518000,15950518,0.0,27.3,1026.9,0.0,-999.0,0,0.0,0.066
1969-12-31 23:25:52.518000,15952518,0.0,27.3,1026.9,0.0,-999.0,0,0.0,0.073
1969-12-31 23:25:54.518000,15954518,0.0,27.3,1026.9,0.0,-999.0,0,0.0,0.079
1969-12-31 23:25:56.518000,15956518,0.0,27.3,1027.2,0.0,-999.0,0,0.0,0.075
1969-12-31 23:25:58.518000,15958518,0.0,27.3,1026.9,0.0,-999.0,0,0.0,0.08
1969-12-31 23:26:00.518000,15960518,0.0,27.3,1026.9,0.0,-999.0,0,0.0,0.077
1969-12-31 23:26:02.518000,15962518,0.0,27.3,1026.9,0.0,-999.0,0,0.0,0.072
1969-12-31 23:26:04.518000,15964518,0.0,27.3,1026.9,0.0,-999.0,0,0.0,0.08
1969-12-31 23:26:06.518000,15966518,0.0,27.3,1027.1,0.0,-999.0,0,0.0,0.076
1969-12-31 23:26:08.518000,15968518,0.0,27.3,1026.9,0.0,-999.0,0,0.0,0.073
1969-12-31 23:26:10.518000,15970518,0.0,27.3,1026.9,0.0,-999.0,0,0.0,0.078
1969-12-31 23:26:12.518000,15972518,0.0,27.3,1026.8,0.0,-999.0,0,0.0,0.073
1969-12-31 23:26:14.518000,15974518,0.0,27.3,1027.1,0.0,-999.0,0,0.0,0.076
1969-12-31 23:26:16.518000,15976518,0.0,27.3,1027.1,0.0,-999.0,0,0.0,0.076
1969-12-31 23:26:18.518000,15978518,0.0,27.3,1026.9,0.0,-999.0,0,0.0,0.075
1969-12-31 23:26:20.518000,15980518,0.0,27.3,1026.9,0.0,-999.0,0,0.0,0.076
1969-12-31 23:26:22.518000,15982518,0.0,27.3,1027.2,0.0,-999.0,0,0.0,0.075
1969-12-31 23:26:24.518000,15984518,0.0,27.3,1027.1,0.0,-999.0,0,0.0,0.073
1969-12-31 23:26:26.518000,15986518,0.0,27.3,1026.9,0.0,-999.0,0,0.0,0.076
1969-12-31 23:26:28.518000,15988518,0.0,27.3,1026.8,0.0,-999.0,0,0.0,0.077
1969-12-31 23:26:30.518000,15990518,0.0,27.3,1027.1,0.0,-999.0,0,0.0,0.074
1969-12-31 23:26:32.518000,15992518,0.0,27.3,1026.8,0.0,-999.0,0,0.0,0.076
1969-12-31 23:26:34.518000,15994518,0.0,27.3,1027.1,0.0,-999.0,0,0.0,0.08
1969-12-31 23:26:36.518000,15996518,0.0,27.3,1027.1,0.0,-999.0,0,0.0,0.077
1969-12-31 23:26:38.518000,15998518,0.0,27.3,1026.8,0.0,-999.0,0,0.0,0.08
1969-12-31 23:26:40.518000,16000518,0.0,27.3,1026.9,0.0,-999.0,0,0.0,0.08
1969-12-31 23:26:42.518000,16002518,0.0,27.3,1026.8,0.0,-999.0,0,0.0,0.077
1969-12-31 23:26:44.598000,16004598,0.0,27.3,1026.8,0.0,-999.0,0,0.0,0.079
1969-12-31 23:26:46.518000,16006518,0.0,27.3,1026.9,0.0,-999.0,0,0.0,0.078
1969-12-31 23:26:48.518000,16008518,0.0,27.3,1026.8,0.0,-999.0,0,0.0,0.075
1969-12-31 23:26:50.518000,16010518,0.0,27.3,1026.9,0.0,-999.0,0,0.0,0.075
1969-12-31 23:26:52.518000,16012518,0.0,27.3,1026.9,0.0,-999.0,0,0.0,0.078
1969-12-31 23:26:54.518000,16014518,0.0,27.3,1026.9,0.0,-999.0,0,0.0,0.076
1969-12-31 23:26:56.518000,16016518,0.0,27.3,1026.9,0.0,-999.0,0,0.0,0.08
1969-12-31 23:26:58.518000,16018518,0.0,27.3,1026.9,0.0,-999.0,0,0.0,0.073
1969-12-31 23:27:00.518000,16020518,0.0,27.3,1026.8,0.0,-999.0,0,0.0,0.079
1969-12-31 23:27:02.518000,16022518,0.0,27.3,1026.9,0.0,-999.0,0,0.0,0.08
1969-12-31 23:27:04.518000,16024518,0.0,27.3,1027.2,0.0,-999.0,0,0.0,0.077
1969-12-31 23:27:06.518000,16026518,0.0,27.3,1026.9,0.0,-999.0,0,0.0,0.079
1969-12-31 23:27:08.518000,16028518,0.0,27.3,1026.9,0.0,-999.0,0,0.0,0.075
1969-12-31 23:27:10.518000,16030518,0.0,27.3,1026.9,0.0,-999.0,0,0.0,0.071
1969-12-31 23:27:12.518000,16032518,0.0,27.3,1026.9,0.0,-999.0,0,0.0,0.071
1969-12-31 23:27:14.518000,16034518,0.0,27.3,1026.9,0.0,-999.0,0,0.0,0.077
1969-12-31 23:27:16.518000,16036518,0.0,27.3,1027.2,0.0,-999.0,0,0.0,0.077
1969-12-31 23:27:18.518000,16038518,0.0,27.3,1026.8,0.0,-999.0,0,0.0,0.078
1969-12-31 23:27:20.518000,16040518,0.0,27.3,1026.8,0.0,-999.0,0,0.0,0.075
1969-12-31 23:27:22.518000,16042518,0.0,27.3,1026.9,0.0,-999.0,0,0.0,0.081
1969-12-31 23:27:24.518000,16044518,0.0,27.3,1026.9,0.0,-999.0,0,0.0,0.07
1969-12-31 23:27:26.518000,16046518,0.0,27.3,1026.9,0.0,-999.0,0,0.0,0.076
1969-12-31 23:27:28.518000,16048518,0.0,27.3,1026.9,0.0,-999.0,0,0.0,0.073
1969-12-31 23:27:30.518000,16050518,0.0,27.3,1026.9,0.0,-999.0,0,0.0,0.079
1969-12-31 23:27:32.518000,16052518,0.0,27.3,1026.8,0.0,-999.0,0,0.0,0.073
1969-12-31 23:27:34.518000,16054518,0.0,27.3,1026.9,0.0,-999.0,0,0.0,0.077
1969-12-31 23:27:36.518000,16056518,0.0,27.3,1026.9,0.0,-999.0,0,0.0,0.076
1969-12-31 23:27:38.518000,16058518,0.0,27.3,1026.8,0.0,-999.0,0,0.0,0.079
1969-12-31 23:27:40.518000,16060518,0.0,27.3,1026.9,0.0,-999.0,0,0.0,0.076
1969-12-31 23:27:42.518000,16062518,0.0,27.3,1026.8,0.0,-999.0,0,0.0,0.071
1969-12-31 23:27:44.518000,16064518,0.0,27.3,1026.9,0.0,-999.0,0,0.0,0.075
1969-12-31 23:27:46.518000,16066518,0.0,27.3,1026.8,0.0,-999.0,0,0.0,0.077
1969-12-31 23:27:48.518000,16068518,0.0,27.3,1026.9,0.0,-999.0,0,0.0,0.077
1969-12-31 23:27:50.518000,16070518,0.0,27.3,1026.8,0.0,-999.0,0,0.0,0.077
1969-12-31 23:27:52.518000,16072518,0.0,27.3,1027.1,0.0,-999.0,0,0.0,0.077
1969-12-31 23:27:54.518000,16074518,0.0,27.3,1027.2,0.0,-999.0,0,0.0,0.08
1969-12-31 23:27:56.518000,16076518,0.0,27.3,1026.9,0.0,-999.0,0,0.0,0.08
1969-12-31 23:27:58.518000,16078518,0.0,27.3,1026.9,0.0,-999.0,0,0.0,0.079
1969-12-31 23:28:00.518000,16080518,0.0,27.3,1026.9,0.0,-999.0,0,0.0,0.073
1969-12-31 23:28:02.518000,16082518,0.0,27.3,1027.1,0.0,-999.0,0,0.1,0.085
1969-12-31 23:28:04.518000,16084518,0.0,27.3,1027.1,0.0,-999.0,0,0.0,0.078
1969-12-31 23:28:06.518000,16086518,0.0,27.3,1027.1,0.0,-999.0,0,0.0,0.081
1969-12-31 23:28:08.518000,16088518,0.0,27.3,1026.9,0.0,-999.0,0,0.0,0.081
1969-12-31 23:28:10.518000,16090518,0.0,27.3,1027.1,0.0,-999.0,0,0.0,0.072
1969-12-31 23:28:12.518000,16092518,0.0,27.3,1027.1,0.0,-999.0,0,0.0,0.077
1969-12-31 23:28:14.518000,16094518,0.0,27.3,1027.1,0.0,-999.0,0,0.0,0.074
1969-12-31 23:28:16.518000,16096518,0.0,27.3,1027.1,0.0,-999.0,0,0.0,0.077
1969-12-31 23:28:18.518000,16098518,0.0,27.3,1027.1,0.0,-999.0,0,0.0,0.078
1969-12-31 23:28:20.518000,16100518,0.0,27.3,1026.9,0.0,-999.0,0,0.0,0.078
1969-12-31 23:28:22.518000,16102518,0.0,27.3,1026.9,0.0,-999.0,0,0.0,0.079
1969-12-31 23:28:24.518000,16104518,0.0,27.3,1027.2,0.0,-999.0,0,0.0,0.074
1969-12-31 23:28:26.518000,16106518,0.0,27.3,1027.1,0.0,-999.0,0,0.0,0.077
1969-12-31 23:28:28.518000,16108518,0.0,27.3,1026.9,0.0,-999.0,0,0.0,0.073
1969-12-31 23:28:30.518000,16110518,0.0,27.3,1026.9,0.0,-999.0,0,0.0,0.078
1969-12-31 23:28:32.518000,16112518,0.0,27.3,1026.9,0.0,-999.0,0,0.0,0.077
1969-12-31 23:28:34.518000,16114518,0.0,27.3,1027.1,0.0,-999.0,0,0.0,0.081
1969-12-31 23:28:36.518000,16116518,0.0,27.3,1026.9,0.0,-999.0,0,0.0,0.08
1969-12-31 23:28:38.518000,16118518,0.0,27.3,1027.1,0.0,-999.0,0,0.0,0.073
1969-12-31 23:28:40.518000,16120518,0.0,27.3,1026.9,0.0,-999.0,0,0.0,0.074
1969-12-31 23:28:42.518000,16122518,0.0,27.3,1027.1,0.0,-999.0,0,0.0,0.078
1969-12-31 23:28:44.518000,16124518,0.0,27.3,1026.9,0.0,-999.0,0,0.0,0.075
1969-12-31 23:28:46.518000,16126518,0.0,27.3,1026.8,0.0,-999.0,0,0.0,0.072
1969-12-31 23:28:48.518000,16128518,0.0,27.3,1026.9,0.0,-999.0,0,0.0,0.073
1969-12-31 23:28:50.518000,16130518,0.0,27.3,1026.8,0.0,-999.0,0,0.0,0.079
1969-12-31 23:28:52.518000,16132518,0.0,27.3,1026.9,0.0,-999.0,0,0.0,0.077
1969-12-31 23:28:54.518000,16134518,0.0,27.3,1026.9,0.0,-999.0,0,0.0,0.077
1969-12-31 23:28:56.518000,16136518,0.0,27.3,1026.9,0.0,-999.0,0,0.0,0.074
1969-12-31 23:28:58.518000,16138518,0.0,27.3,1026.8,0.0,-999.0,0,0.0,0.074
1969-12-31 23:29:00.518000,16140518,0.0,27.3,1026.9,0.0,-999.0,0,0.0,0.076
1969-12-31 23:29:02.518000,16142518,0.0,27.3,1026.8,0.0,-999.0,0,0.0,0.081
1969-12-31 23:29:04.518000,16144518,0.0,27.3,1026.9,0.0,-999.0,0,0.0,0.078
1969-12-31 23:29:06.518000,16146518,0.0,27.3,1026.9,0.0,-999.0,0,0.0,0.081
1969-12-31 23:29:08.518000,16148518,0.0,27.3,1026.9,0.0,-999.0,0,0.0,0.074
1969-12-31 23:29:10.518000,16150518,0.0,27.3,1027.3,0.0,-999.0,0,0.0,0.079
1969-12-31 23:29:12.518000,16152518,0.0,27.3,1026.8,0.0,-999.0,0,0.0,0.076
1969-12-31 23:29:14.518000,16154518,0.0,27.3,1026.9,0.0,-999.0,0,0.0,0.079
1969-12-31 23:29:16.518000,16156518,0.0,27.3,1026.9,0.0,-999.0,0,0.0,0.073
1969-12-31 23:29:18.518000,16158518,0.0,27.3,1026.9,0.0,-999.0,0,0.0,0.077
1969-12-31 23:29:20.518000,16160518,0.0,27.3,1026.9,0.0,-999.0,0,0.1,0.082
1969-12-31 23:29:22.518000,16162518,0.0,27.3,1026.9,0.0,-999.0,0,0.0,0.079
1969-12-31 23:29:24.518000,16164518,0.0,27.3,1027.1,0.0,-999.0,0,0.0,0.073
1969-12-31 23:29:26.518000,16166518,0.0,27.3,1027.1,0.0,-999.0,0,0.0,0.074
1969-12-31 23:29:28.518000,16168518,0.0,27.3,1026.8,0.0,-999.0,0,0.0,0.076
1969-12-31 23:29:30.518000,16170518,0.0,27.3,1026.8,0.0,-999.0,0,0.0,0.077
1969-12-31 23:29:32.518000,16172518,0.0,27.3,1027.1,0.0,-999.0,0,0.0,0.08
1969-12-31 23:29:34.518000,16174518,0.0,27.3,1026.8,0.0,-999.0,0,0.0,0.074
1969-12-31 23:29:36.518000,16176518,0.0,27.3,1026.9,0.0,-999.0,0,0.0,0.078
1969-12-31 23:29:38.518000,16178518,0.0,27.3,1026.9,0.0,-999.0,0,0.0,0.077
1969-12-31 23:29:40.518000,16180518,0.0,27.3,1026.9,0.0,-999.0,0,0.0,0.077
1969-12-31 23:29:42.518000,16182518,0.0,27.3,1026.9,0.0,-999.0,0,0.0,0.077
1969-12-31 23:29:44.518000,16184518,0.0,27.3,1026.9,0.0,-999.0,0,0.0,0.076
1969-12-31 23:29:46.518000,16186518,0.0,27.3,1026.9,0.0,-999.0,0,0.0,0.076
1969-12-31 23:29:48.518000,16188518,0.0,27.3,1026.7,0.0,-999.0,0,0.0,0.078
1969-12-31 23:29:50.518000,16190518,0.0,27.3,1026.9,0.0,-999.0,0,0.0,0.081
1969-12-31 23:29:52.518000,16192518,0.0,27.3,1026.8,0.0,-999.0,0,0.0,0.074
1969-12-31 23:29:54.518000,16194518,0.0,27.3,1026.9,0.0,-999.0,0,0.0,0.078
1969-12-31 23:29:56.518000,16196518,0.0,27.3,1026.8,0.0,-999.0,0,0.0,0.073
1969-12-31 23:29:58.518000,16198518,0.0,27.3,1026.9,0.0,-999.0,0,0.0,0.079
1969-12-31 23:30:00.518000,16200518,0.0,27.3,1026.8,0.0,-999.0,0,0.0,0.074
1969-12-31 23:30:02.518000,16202518,0.0,27.3,1027.2,0.0,-999.0,0,0.0,0.081
1969-12-31 23:30:04.518000,16204518,0.0,27.3,1026.9,0.0,-999.0,0,0.0,0.075
1969-12-31 23:30:06.518000,16206518,0.0,27.3,1027.1,0.0,-999.0,0,0.0,0.077
1969-12-31 23:30:08.518000,16208518,0.0,27.3,1027.1,0.0,-999.0,0,0.0,0.073
1969-12-31 23:30:10.518000,16210518,0.0,27.3,1027.1,0.0,-999.0,0,0.0,0.073
1969-12-31 23:30:12.518000,16212518,0.0,27.3,1027.2,0.0,-999.0,0,0.0,0.073
1969-12-31 23:30:14.518000,16214518,0.0,27.3,1026.9,0.0,-999.0,0,0.0,0.079
1969-12-31 23:30:16.518000,16216518,0.0,27.3,1027.2,0.0,-999.0,0,0.0,0.077
1969-12-31 23:30:18.518000,16218518,0.0,27.3,1027.1,0.0,-999.0,0,0.1,0.082
1969-12-31 23:30:20.518000,16220518,0.0,27.3,1026.9,0.0,-999.0,0,0.0,0.073
1969-12-31 23:30:22.518000,16222518,0.0,27.3,1027.1,0.0,-999.0,0,0.0,0.081
1969-12-31 23:30:24.518000,16224518,0.0,27.3,1026.9,0.0,-999.0,0,0.0,0.079
1969-12-31 23:30:26.518000,16226518,0.0,27.3,1026.8,0.0,-999.0,0,0.0,0.08
1969-12-31 23:30:28.518000,16228518,0.0,27.3,1026.8,0.0,-999.0,0,0.0,0.077
1969-12-31 23:30:30.518000,16230518,0.0,27.3,1027.1,0.0,-999.0,0,0.0,0.076
1969-12-31 23:30:32.518000,16232518,0.0,27.3,1026.9,0.0,-999.0,0,0.0,0.073
1969-12-31 23:30:34.518000,16234518,0.0,27.3,1026.9,0.0,-999.0,0,0.0,0.076
1969-12-31 23:30:36.518000,16236518,0.0,27.3,1026.8,0.0,-999.0,0,0.0,0.069
1969-12-31 23:30:38.518000,16238518,0.0,27.3,1027.1,0.0,-999.0,0,0.0,0.076
1969-12-31 23:30:40.518000,16240518,0.0,27.3,1027.1,0.0,-999.0,0,0.0,0.079
1969-12-31 23:30:42.518000,16242518,0.0,27.3,1026.9,0.0,-999.0,0,0.0,0.075
1969-12-31 23:30:44.518000,16244518,0.0,27.3,1026.9,0.0,-999.0,0,0.0,0.073
1969-12-31 23:30:46.518000,16246518,0.0,27.3,1026.9,0.0,-999.0,0,0.0,0.078
1969-12-31 23:30:48.518000,16248518,0.0,27.3,1026.9,0.0,-999.0,0,0.0,0.077
1969-12-31 23:30:50.518000,16250518,0.0,27.3,1026.9,0.0,-999.0,0,0.0,0.077
1969-12-31 23:30:52.518000,16252518,0.0,27.3,1026.8,0.0,-999.0,0,0.0,0.078
1969-12-31 23:30:54.518000,16254518,0.0,27.3,1026.9,0.0,-999.0,0,0.0,0.073
1969-12-31 23:30:56.518000,16256518,0.0,27.3,1027.1,0.0,-999.0,0,0.0,0.077
1969-12-31 23:30:58.518000,16258518,0.0,27.3,1026.8,0.0,-999.0,0,0.0,0.078
1969-12-31 23:31:00.518000,16260518,0.0,27.3,1026.9,0.0,-999.0,0,0.0,0.074
1969-12-31 23:31:02.518000,16262518,0.0,27.3,1026.9,0.0,-999.0,0,0.1,0.083
1969-12-31 23:31:04.518000,16264518,0.0,27.3,1026.9,0.0,-999.0,0,0.0,0.079
1969-12-31 23:31:06.518000,16266518,0.0,27.3,1026.9,0.0,-999.0,0,0.0,0.074
1969-12-31 23:31:08.518000,16268518,0.0,27.3,1027.1,0.0,-999.0,0,0.0,0.077
1969-12-31 23:31:10.518000,16270518,0.0,27.3,1026.9,0.0,-999.0,0,0.0,0.079
1969-12-31 23:31:12.518000,16272518,0.0,27.3,1027.1,0.0,-999.0,0,0.0,0.073
1969-12-31 23:31:14.518000,16274518,0.0,27.3,1026.9,0.0,-999.0,0,0.0,0.077
1969-12-31 23:31:16.518000,16276518,0.0,27.3,1027.1,0.0,-999.0,0,0.0,0.081
1969-12-31 23:31:18.518000,16278518,0.0,27.3,1027.1,0.0,-999.0,0,0.0,0.077
1969-12-31 23:31:20.518000,16280518,0.0,27.3,1026.9,0.0,-999.0,0,0.0,0.073
1969-12-31 23:31:22.518000,16282518,0.0,27.3,1026.9,0.0,-999.0,0,0.0,0.076
1969-12-31 23:31:24.518000,16284518,0.0,27.3,1026.9,0.0,-999.0,0,0.0,0.078
1969-12-31 23:31:26.518000,16286518,0.0,27.3,1026.9,0.0,-999.0,0,0.0,0.071
1969-12-31 23:31:28.518000,16288518,0.0,27.3,1026.9,0.0,-999.0,0,0.0,0.075
1969-12-31 23:31:30.518000,16290518,0.0,27.3,1027.1,0.0,-999.0,0,0.0,0.076
1969-12-31 23:31:32.518000,16292518,0.0,27.3,1027.3,0.0,-999.0,0,0.0,0.079
1969-12-31 23:31:34.518000,16294518,0.0,27.3,1026.9,0.0,-999.0,0,0.0,0.079
1969-12-31 23:31:36.518000,16296518,0.0,27.3,1027.1,0.0,-999.0,0,0.0,0.077
1969-12-31 23:31:38.518000,16298518,0.0,27.3,1026.8,0.0,-999.0,0,0.0,0.069
1969-12-31 23:31:40.518000,16300518,0.0,27.3,1027.1,0.0,-999.0,0,0.0,0.081
1969-12-31 23:31:42.518000,16302518,0.0,27.3,1027.1,0.0,-999.0,0,0.1,0.082
1969-12-31 23:31:44.518000,16304518,0.0,27.3,1027.1,0.0,-999.0,0,0.0,0.08
1969-12-31 23:31:46.518000,16306518,0.0,27.3,1027.2,0.0,-999.0,0,0.0,0.077
1969-12-31 23:31:48.518000,16308518,0.0,27.3,1026.9,0.0,-999.0,0,0.0,0.077
1969-12-31 23:31:50.518000,16310518,0.0,27.3,1026.9,0.0,-999.0,0,0.0,0.076
1969-12-31 23:31:52.518000,16312518,0.0,27.3,1027.2,0.0,-999.0,0,0.0,0.081
1969-12-31 23:31:54.518000,16314518,0.0,27.3,1026.9,0.0,-999.0,0,0.0,0.074
1969-12-31 23:31:56.518000,16316518,0.0,27.3,1026.9,0.0,-999.0,0,0.0,0.077
1969-12-31 23:31:58.518000,16318518,0.0,27.3,1027.1,0.0,-999.0,0,0.0,0.079
1969-12-31 23:32:00.518000,16320518,0.0,27.3,1026.9,0.0,-999.0,0,0.0,0.075
1969-12-31 23:32:02.518000,16322518,0.0,27.3,1027.1,0.0,-999.0,0,0.0,0.075
1969-12-31 23:32:04.518000,16324518,0.0,27.3,1026.8,0.0,-999.0,0,0.0,0.077
1969-12-31 23:32:06.518000,16326518,0.0,27.3,1027.1,0.0,-999.0,0,0.0,0.078
1969-12-31 23:32:08.518000,16328518,0.0,27.3,1027.1,0.0,-999.0,0,0.0,0.077
1969-12-31 23:32:10.518000,16330518,0.0,27.3,1027.3,0.0,-999.0,0,0.0,0.076
1969-12-31 23:32:12.518000,16332518,0.0,27.3,1027.2,0.0,-999.0,0,0.0,0.077
1969-12-31 23:32:14.518000,16334518,0.0,27.3,1027.1,0.0,-999.0,0,0.0,0.078
1969-12-31 23:32:16.518000,16336518,0.0,27.3,1027.1,0.0,-999.0,0,0.0,0.073
1969-12-31 23:32:18.518000,16338518,0.0,27.3,1027.1,0.0,-999.0,0,0.0,0.079
1969-12-31 23:32:20.518000,16340518,0.0,27.3,1026.9,0.0,-999.0,0,0.0,0.081
1969-12-31 23:32:22.518000,16342518,0.0,27.3,1027.1,0.0,-999.0,0,0.0,0.079
1969-12-31 23:32:24.518000,16344518,0.0,27.3,1026.9,0.0,-999.0,0,0.0,0.079
1969-12-31 23:32:26.518000,16346518,0.0,27.3,1027.1,0.0,-999.0,0,0.0,0.081
1969-12-31 23:32:28.518000,16348518,0.0,27.3,1026.9,0.0,-999.0,0,0.0,0.081
1969-12-31 23:32:30.518000,16350518,0.0,27.3,1027.1,0.0,-999.0,0,0.0,0.073
1969-12-31 23:32:32.518000,16352518,0.0,27.3,1026.9,0.0,-999.0,0,0.0,0.077
1969-12-31 23:32:34.518000,16354518,0.0,27.3,1027.2,0.0,-999.0,0,0.0,0.073
1969-12-31 23:32:36.518000,16356518,0.0,27.3,1027.2,0.0,-999.0,0,0.0,0.073
1969-12-31 23:32:38.518000,16358518,0.0,27.3,1027.1,0.0,-999.0,0,0.0,0.07
1969-12-31 23:32:40.518000,16360518,0.0,27.3,1027.3,0.0,-999.0,0,0.0,0.073
1969-12-31 23:32:42.518000,16362518,0.0,27.3,1027.1,0.0,-999.0,0,0.0,0.08
1969-12-31 23:32:44.518000,16364518,0.0,27.3,1026.9,0.0,-999.0,0,0.0,0.077
1969-12-31 23:32:46.518000,16366518,0.0,27.3,1027.2,0.0,-999.0,0,0.0,0.072
1969-12-31 23:32:48.518000,16368518,0.0,27.3,1026.9,0.0,-999.0,0,0.0,0.074
1969-12-31 23:32:50.518000,16370518,0.0,27.3,1027.1,0.0,-999.0,0,0.0,0.076
1969-12-31 23:32:52.518000,16372518,0.0,27.3,1027.2,0.0,-999.0,0,0.0,0.081
1969-12-31 23:32:54.518000,16374518,0.0,27.3,1027.1,0.0,-999.0,0,0.0,0.074
1969-12-31 23:32:56.518000,16376518,0.0,27.3,1027.1,0.0,-999.0,0,0.1,0.083
1969-12-31 23:32:58.518000,16378518,0.0,27.3,1027.1,0.0,-999.0,0,0.0,0.081
1969-12-31 23:33:00.518000,16380518,0.0,27.3,1027.1,0.0,-999.0,0,0.0,0.073
1969-12-31 23:33:02.518000,16382518,0.0,27.3,1027.1,0.0,-999.0,0,0.0,0.079
1969-12-31 23:33:04.518000,16384518,0.0,27.3,1027.1,0.0,-999.0,0,0.0,0.074
1969-12-31 23:33:06.518000,16386518,0.0,27.3,1027.1,0.0,-999.0,0,0.0,0.072
1969-12-31 23:33:08.518000,16388518,0.0,27.3,1026.9,0.0,-999.0,0,0.0,0.081
1969-12-31 23:33:10.518000,16390518,0.0,27.3,1026.9,0.0,-999.0,0,0.0,0.079
1969-12-31 23:33:12.518000,16392518,0.0,27.3,1027.1,0.0,-999.0,0,0.0,0.074
1969-12-31 23:33:14.518000,16394518,0.0,27.3,1027.3,0.0,-999.0,0,0.0,0.08
1969-12-31 23:33:16.518000,16396518,0.0,27.3,1027.1,0.0,-999.0,0,0.0,0.077
1969-12-31 23:33:18.518000,16398518,0.0,27.3,1026.9,0.0,-999.0,0,0.1,0.085
1969-12-31 23:33:20.518000,16400518,0.0,27.3,1027.1,0.0,-999.0,0,0.0,0.077
1969-12-31 23:33:22.518000,16402518,0.0,27.3,1026.9,0.0,-999.0,0,0.0,0.078
1969-12-31 23:33:24.518000,16404518,0.0,27.3,1027.1,0.0,-999.0,0,0.0,0.074
1969-12-31 23:33:26.518000,16406518,0.0,27.3,1027.1,0.0,-999.0,0,0.0,0.081
1969-12-31 23:33:28.518000,16408518,0.0,27.3,1026.9,0.0,-999.0,0,0.0,0.078
1969-12-31 23:33:30.518000,16410518,0.0,27.3,1026.9,0.0,-999.0,0,0.0,0.077
1969-12-31 23:33:32.518000,16412518,0.0,27.3,1026.9,0.0,-999.0,0,0.0,0.077
1969-12-31 23:33:34.518000,16414518,0.0,27.3,1026.8,0.0,-999.0,0,0.0,0.077
1969-12-31 23:33:36.518000,16416518,0.0,27.3,1026.8,0.0,-999.0,0,0.0,0.076
1969-12-31 23:33:38.518000,16418518,0.0,27.3,1027.1,0.0,-999.0,0,0.0,0.077
1969-12-31 23:33:40.518000,16420518,0.0,27.3,1026.9,0.0,-999.0,0,0.0,0.076
1969-12-31 23:33:42.518000,16422518,0.0,27.3,1027.2,0.0,-999.0,0,0.0,0.075
1969-12-31 23:33:44.518000,16424518,0.0,27.3,1027.1,0.0,-999.0,0,0.0,0.079
1969-12-31 23:33:46.518000,16426518,0.0,27.3,1026.8,0.0,-999.0,0,0.0,0.081
1969-12-31 23:33:48.518000,16428518,0.0,27.3,1026.9,0.0,-999.0,0,0.0,0.081
1969-12-31 23:33:50.518000,16430518,0.0,27.3,1026.9,0.0,-999.0,0,0.0,0.08
1969-12-31 23:33:52.518000,16432518,0.0,27.3,1026.9,0.0,-999.0,0,0.0,0.072
1969-12-31 23:33:54.518000,16434518,0.0,27.3,1026.9,0.0,-999.0,0,0.0,0.081
1969-12-31 23:33:56.518000,16436518,0.0,27.3,1026.9,0.0,-999.0,0,0.0,0.078
1969-12-31 23:33:58.518000,16438518,0.0,27.3,1026.9,0.0,-999.0,0,0.0,0.077
1969-12-31 23:34:00.528000,16440528,0.0,27.3,1026.9,0.0,-999.0,0,0.0,0.073
1969-12-31 23:34:02.528000,16442528,0.0,27.3,1026.9,0.0,-999.0,0,0.0,0.078
1969-12-31 23:34:04.518000,16444518,0.0,27.3,1026.9,0.0,-999.0,0,0.1,0.083
1969-12-31 23:34:06.518000,16446518,0.0,27.3,1026.9,0.0,-999.0,0,0.0,0.077
1969-12-31 23:34:08.528000,16448528,0.0,27.3,1026.9,0.0,-999.0,0,0.0,0.08
1969-12-31 23:34:10.528000,16450528,0.0,27.3,1026.9,0.0,-999.0,0,0.0,0.078
1969-12-31 23:34:12.528000,16452528,0.0,27.3,1027.2,0.0,-999.0,0,0.0,0.073
1969-12-31 23:34:14.528000,16454528,0.0,27.3,1027.1,0.0,-999.0,0,0.0,0.073
1969-12-31 23:34:16.528000,16456528,0.0,27.3,1026.9,0.0,-999.0,0,0.1,0.083
1969-12-31 23:34:18.528000,16458528,0.0,27.3,1026.9,0.0,-999.0,0,0.0,0.077
1969-12-31 23:34:20.528000,16460528,0.0,27.3,1026.9,0.0,-999.0,0,0.0,0.074
1969-12-31 23:34:22.528000,16462528,0.0,27.3,1027.1,0.0,-999.0,0,0.0,0.076
1969-12-31 23:34:24.528000,16464528,0.0,27.3,1026.9,0.0,-999.0,0,0.0,0.076
1969-12-31 23:34:26.528000,16466528,0.0,27.3,1027.1,0.0,-999.0,0,0.0,0.076
1969-12-31 23:34:28.528000,16468528,0.0,27.3,1026.8,0.0,-999.0,0,0.0,0.081
1969-12-31 23:34:30.528000,16470528,0.0,27.3,1027.1,0.0,-999.0,0,0.0,0.077
1969-12-31 23:34:32.528000,16472528,0.0,27.3,1026.9,0.0,-999.0,0,0.1,0.082
1969-12-31 23:34:34.528000,16474528,0.0,27.3,1026.9,0.0,-999.0,0,0.0,0.077
1969-12-31 23:34:36.528000,16476528,0.0,27.3,1026.8,0.0,-999.0,0,0.0,0.077
1969-12-31 23:34:38.528000,16478528,0.0,27.3,1026.9,0.0,-999.0,0,0.0,0.074
1969-12-31 23:34:40.528000,16480528,0.0,27.3,1026.9,0.0,-999.0,0,0.0,0.077
1969-12-31 23:34:42.528000,16482528,0.0,27.3,1026.9,0.0,-999.0,0,0.0,0.081
1969-12-31 23:34:44.528000,16484528,0.0,27.3,1027.1,0.0,-999.0,0,0.0,0.081
1969-12-31 23:34:46.528000,16486528,0.0,27.3,1027.1,0.0,-999.0,0,0.0,0.074
1969-12-31 23:34:48.528000,16488528,0.0,27.3,1026.9,0.0,-999.0,0,0.0,0.081
1969-12-31 23:34:50.528000,16490528,0.0,27.3,1026.9,0.0,-999.0,0,0.0,0.072
1969-12-31 23:34:52.528000,16492528,0.0,27.3,1026.9,0.0,-999.0,0,0.0,0.076
1969-12-31 23:34:54.528000,16494528,0.0,27.3,1027.2,0.0,-999.0,0,0.0,0.075
1969-12-31 23:34:56.528000,16496528,0.0,27.3,1027.1,0.0,-999.0,0,0.0,0.078
1969-12-31 23:34:58.528000,16498528,0.0,27.3,1026.9,0.0,-999.0,0,0.1,0.083
1969-12-31 23:35:00.528000,16500528,0.0,27.3,1026.9,0.0,-999.0,0,0.0,0.074
1969-12-31 23:35:02.528000,16502528,0.0,27.3,1027.2,0.0,-999.0,0,0.1,0.084
1969-12-31 23:35:04.528000,16504528,0.0,27.3,1026.9,0.0,-999.0,0,0.0,0.074
1969-12-31 23:35:06.528000,16506528,0.0,27.3,1027.1,0.0,-999.0,0,0.0,0.073
1969-12-31 23:35:08.528000,16508528,0.0,27.3,1027.1,0.0,-999.0,0,0.0,0.077
1969-12-31 23:35:10.528000,16510528,0.0,27.3,1027.1,0.0,-999.0,0,0.0,0.077
1969-12-31 23:35:12.528000,16512528,0.0,27.3,1026.9,0.0,-999.0,0,0.0,0.079
1969-12-31 23:35:14.528000,16514528,0.0,27.3,1026.9,0.0,-999.0,0,0.0,0.073
1969-12-31 23:35:16.528000,16516528,0.0,27.3,1026.8,0.0,-999.0,0,0.0,0.077
1969-12-31 23:35:18.528000,16518528,0.0,27.3,1026.9,0.0,-999.0,0,0.0,0.08
1969-12-31 23:35:20.528000,16520528,0.0,27.3,1027.1,0.0,-999.0,0,0.0,0.081
1969-12-31 23:35:22.528000,16522528,0.0,27.3,1027.1,0.0,-999.0,0,0.0,0.075
1969-12-31 23:35:24.528000,16524528,0.0,27.3,1027.1,0.0,-999.0,0,0.0,0.077
1969-12-31 23:35:26.528000,16526528,0.0,27.3,1026.9,0.0,-999.0,0,0.0,0.075
1969-12-31 23:35:28.528000,16528528,0.0,27.3,1027.1,0.0,-999.0,0,0.0,0.077
1969-12-31 23:35:30.528000,16530528,0.0,27.3,1026.9,0.0,-999.0,0,0.0,0.077
1969-12-31 23:35:32.528000,16532528,0.0,27.3,1026.9,0.0,-999.0,0,0.0,0.075
1969-12-31 23:35:34.528000,16534528,0.0,27.3,1027.1,0.0,-999.0,0,0.0,0.07
1969-12-31 23:35:36.528000,16536528,0.0,27.3,1026.8,0.0,-999.0,0,0.0,0.073
1969-12-31 23:35:38.528000,16538528,0.0,27.3,1026.9,0.0,-999.0,0,0.0,0.068
1969-12-31 23:35:40.528000,16540528,0.0,27.3,1027.2,0.0,-999.0,0,0.0,0.072
1969-12-31 23:35:42.528000,16542528,0.0,27.3,1026.9,0.0,-999.0,0,0.0,0.077
1969-12-31 23:35:44.528000,16544528,0.0,27.3,1027.1,0.0,-999.0,0,0.0,0.078
1969-12-31 23:35:46.528000,16546528,0.0,27.3,1027.1,0.0,-999.0,0,0.0,0.079
1969-12-31 23:35:48.528000,16548528,0.0,27.3,1026.9,0.0,-999.0,0,0.0,0.074
1969-12-31 23:35:50.528000,16550528,0.0,27.3,1027.1,0.0,-999.0,0,0.0,0.078
1969-12-31 23:35:52.528000,16552528,0.0,27.3,1026.8,0.0,-999.0,0,0.0,0.075
1969-12-31 23:35:54.528000,16554528,0.0,27.3,1027.1,0.0,-999.0,0,0.0,0.078
1969-12-31 23:35:56.528000,16556528,0.0,27.3,1026.9,0.0,-999.0,0,0.0,0.077
1969-12-31 23:35:58.528000,16558528,0.0,27.3,1027.1,0.0,-999.0,0,0.0,0.074
1969-12-31 23:36:00.528000,16560528,0.0,27.3,1027.1,0.0,-999.0,0,0.0,0.079
1969-12-31 23:36:02.528000,16562528,0.0,27.3,1026.9,0.0,-999.0,0,0.0,0.075
1969-12-31 23:36:04.528000,16564528,0.0,27.3,1026.8,0.0,-999.0,0,0.0,0.074
1969-12-31 23:36:06.528000,16566528,0.0,27.3,1027.1,0.0,-999.0,0,0.0,0.078
1969-12-31 23:36:08.528000,16568528,0.0,27.3,1026.9,0.0,-999.0,0,0.0,0.076
1969-12-31 23:36:10.528000,16570528,0.0,27.3,1026.9,0.0,-999.0,0,0.0,0.078
1969-12-31 23:36:12.528000,16572528,0.0,27.3,1027.1,0.0,-999.0,0,0.0,0.079
1969-12-31 23:36:14.528000,16574528,0.0,27.3,1026.9,0.0,-999.0,0,0.0,0.079
1969-12-31 23:36:16.528000,16576528,0.0,27.3,1027.1,0.0,-999.0,0,0.0,0.073
1969-12-31 23:36:18.528000,16578528,0.0,27.3,1027.1,0.0,-999.0,0,0.0,0.077
1969-12-31 23:36:20.528000,16580528,0.0,27.3,1026.9,0.0,-999.0,0,0.0,0.076
1969-12-31 23:36:22.528000,16582528,0.0,27.3,1027.1,0.0,-999.0,0,0.0,0.075
1969-12-31 23:36:24.528000,16584528,0.0,27.3,1026.9,0.0,-999.0,0,0.0,0.081
1969-12-31 23:36:26.528000,16586528,0.0,27.3,1027.1,0.0,-999.0,0,0.0,0.078
1969-12-31 23:36:28.528000,16588528,0.0,27.3,1026.9,0.0,-999.0,0,0.1,0.084
1969-12-31 23:36:30.528000,16590528,0.0,27.3,1026.9,0.0,-999.0,0,0.0,0.074
1969-12-31 23:36:32.528000,16592528,0.0,27.3,1026.9,0.0,-999.0,0,0.0,0.071
1969-12-31 23:36:34.528000,16594528,0.0,27.3,1026.9,0.0,-999.0,0,0.0,0.079
1969-12-31 23:36:36.528000,16596528,0.0,27.3,1026.8,0.0,-999.0,0,0.0,0.079
1969-12-31 23:36:38.528000,16598528,0.0,27.3,1026.9,0.0,-999.0,0,0.0,0.07
1969-12-31 23:36:40.528000,16600528,0.0,27.3,1026.9,0.0,-999.0,0,0.0,0.077
1969-12-31 23:36:42.528000,16602528,0.0,27.3,1026.9,0.0,-999.0,0,0.0,0.077
1969-12-31 23:36:44.528000,16604528,0.0,27.3,1026.9,0.0,-999.0,0,0.0,0.077
1969-12-31 23:36:46.528000,16606528,0.0,27.3,1026.9,0.0,-999.0,0,0.0,0.074
1969-12-31 23:36:48.528000,16608528,0.0,27.3,1027.1,0.0,-999.0,0,0.0,0.076
1969-12-31 23:36:50.529000,16610529,0.0,27.3,1026.9,0.0,-999.0,0,0.0,0.077
1969-12-31 23:36:52.528000,16612528,0.0,27.3,1026.9,0.0,-999.0,0,0.0,0.079
1969-12-31 23:36:54.528000,16614528,0.0,27.3,1026.9,0.0,-999.0,0,0.0,0.073
1969-12-31 23:36:56.528000,16616528,0.0,27.3,1026.9,0.0,-999.0,0,0.0,0.08
1969-12-31 23:36:58.528000,16618528,0.0,27.3,1026.9,0.0,-999.0,0,0.0,0.073
1969-12-31 23:37:00.528000,16620528,0.0,27.3,1027.2,0.0,-999.0,0,0.1,0.082
1969-12-31 23:37:02.528000,16622528,0.0,27.3,1026.9,0.0,-999.0,0,0.0,0.078
1969-12-31 23:37:04.528000,16624528,0.0,27.3,1026.8,0.0,-999.0,0,0.0,0.073
1969-12-31 23:37:06.528000,16626528,0.0,27.3,1027.1,0.0,-999.0,0,0.0,0.07
1969-12-31 23:37:08.528000,16628528,0.0,27.3,1026.9,0.0,-999.0,0,0.0,0.078
1969-12-31 23:37:10.528000,16630528,0.0,27.3,1026.9,0.0,-999.0,0,0.0,0.079
1969-12-31 23:37:12.528000,16632528,0.0,27.3,1026.9,0.0,-999.0,0,0.0,0.077
1969-12-31 23:37:14.528000,16634528,0.0,27.3,1027.1,0.0,-999.0,0,0.0,0.076
1969-12-31 23:37:16.528000,16636528,0.0,27.3,1026.8,0.0,-999.0,0,0.0,0.073
1969-12-31 23:37:18.528000,16638528,0.0,27.3,1026.8,0.0,-999.0,0,0.0,0.068
1969-12-31 23:37:20.528000,16640528,0.0,27.3,1026.8,0.0,-999.0,0,0.0,0.074
1969-12-31 23:37:22.528000,16642528,0.0,27.3,1026.9,0.0,-999.0,0,0.0,0.074
1969-12-31 23:37:24.528000,16644528,0.0,27.3,1026.9,0.0,-999.0,0,0.0,0.072
1969-12-31 23:37:26.528000,16646528,0.0,27.3,1027.2,0.0,-999.0,0,0.1,0.082
1969-12-31 23:37:28.528000,16648528,0.0,27.3,1027.1,0.0,-999.0,0,0.0,0.077
1969-12-31 23:37:30.528000,16650528,0.0,27.3,1027.1,0.0,-999.0,0,0.0,0.076
1969-12-31 23:37:32.528000,16652528,0.0,27.3,1026.9,0.0,-999.0,0,0.0,0.076
1969-12-31 23:37:34.528000,16654528,0.0,27.3,1027.1,0.0,-999.0,0,0.0,0.077
1969-12-31 23:37:36.528000,16656528,0.0,27.3,1026.8,0.0,-999.0,0,0.0,0.079
1969-12-31 23:37:38.528000,16658528,0.0,27.3,1026.8,0.0,-999.0,0,0.0,0.074
1969-12-31 23:37:40.528000,16660528,0.0,27.3,1026.9,0.0,-999.0,0,0.0,0.08
1969-12-31 23:37:42.528000,16662528,0.0,27.3,1026.9,0.0,-999.0,0,0.0,0.077
1969-12-31 23:37:44.528000,16664528,0.0,27.3,1027.1,0.0,-999.0,0,0.0,0.077
1969-12-31 23:37:46.529000,16666529,0.0,27.3,1027.1,0.0,-999.0,0,0.0,0.073
1969-12-31 23:37:48.528000,16668528,0.0,27.3,1027.1,0.0,-999.0,0,0.0,0.081
1969-12-31 23:37:50.528000,16670528,0.0,27.3,1027.1,0.0,-999.0,0,0.0,0.077
1969-12-31 23:37:52.528000,16672528,0.0,27.3,1026.9,0.0,-999.0,0,0.0,0.077
1969-12-31 23:37:54.528000,16674528,0.0,27.3,1027.2,0.0,-999.0,0,0.1,0.083
1969-12-31 23:37:56.528000,16676528,0.0,27.3,1027.1,0.0,-999.0,0,0.0,0.077
1969-12-31 23:37:58.528000,16678528,0.0,27.3,1027.1,0.0,-999.0,0,0.1,0.082
1969-12-31 23:38:00.528000,16680528,0.0,27.3,1026.9,0.0,-999.0,0,0.0,0.074
1969-12-31 23:38:02.528000,16682528,0.0,27.3,1026.9,0.0,-999.0,0,0.0,0.079
1969-12-31 23:38:04.528000,16684528,0.0,27.3,1027.1,0.0,-999.0,0,0.0,0.076
1969-12-31 23:38:06.528000,16686528,0.0,27.3,1026.9,0.0,-999.0,0,0.0,0.073
1969-12-31 23:38:08.528000,16688528,0.0,27.3,1027.1,0.0,-999.0,0,0.0,0.08
1969-12-31 23:38:10.528000,16690528,0.0,27.3,1026.9,0.0,-999.0,0,0.0,0.081
1969-12-31 23:38:12.528000,16692528,0.0,27.3,1026.8,0.0,-999.0,0,0.0,0.074
1969-12-31 23:38:14.528000,16694528,0.0,27.3,1026.9,0.0,-999.0,0,0.0,0.073
1969-12-31 23:38:16.528000,16696528,0.0,27.3,1026.9,0.0,-999.0,0,0.0,0.074
1969-12-31 23:38:18.528000,16698528,0.0,27.3,1026.9,0.0,-999.0,0,0.0,0.07
1969-12-31 23:38:20.528000,16700528,0.0,27.3,1026.8,0.0,-999.0,0,0.0,0.077
1969-12-31 23:38:22.528000,16702528,0.0,27.3,1026.9,0.0,-999.0,0,0.0,0.079
1969-12-31 23:38:24.528000,16704528,0.0,27.3,1027.1,0.0,-999.0,0,0.0,0.076
1969-12-31 23:38:26.528000,16706528,0.0,27.3,1027.1,0.0,-999.0,0,0.0,0.071
1969-12-31 23:38:28.528000,16708528,0.0,27.3,1026.8,0.0,-999.0,0,0.0,0.078
1969-12-31 23:38:30.528000,16710528,0.0,27.3,1026.9,0.0,-999.0,0,0.0,0.078
1969-12-31 23:38:32.528000,16712528,0.0,27.3,1026.8,0.0,-999.0,0,0.1,0.085
1969-12-31 23:38:34.528000,16714528,0.0,27.3,1027.1,0.0,-999.0,0,0.0,0.076
1969-12-31 23:38:36.528000,16716528,0.0,27.3,1026.9,0.0,-999.0,0,0.0,0.078
1969-12-31 23:38:38.528000,16718528,0.0,27.3,1026.9,0.0,-999.0,0,0.0,0.074
1969-12-31 23:38:40.528000,16720528,0.0,27.3,1026.8,0.0,-999.0,0,0.0,0.076
1969-12-31 23:38:42.528000,16722528,0.0,27.3,1026.8,0.0,-999.0,0,0.0,0.075
1969-12-31 23:38:44.528000,16724528,0.0,27.3,1026.9,0.0,-999.0,0,0.1,0.085
1969-12-31 23:38:46.528000,16726528,0.0,27.3,1026.9,0.0,-999.0,0,0.0,0.081
1969-12-31 23:38:48.528000,16728528,0.0,27.3,1026.8,0.0,-999.0,0,0.0,0.076
1969-12-31 23:38:50.528000,16730528,0.0,27.3,1026.9,0.0,-999.0,0,0.0,0.077
1969-12-31 23:38:52.528000,16732528,0.0,27.3,1026.9,0.0,-999.0,0,0.0,0.078
1969-12-31 23:38:54.528000,16734528,0.0,27.3,1026.9,0.0,-999.0,0,0.0,0.078
1969-12-31 23:38:56.528000,16736528,0.0,27.3,1026.9,0.0,-999.0,0,0.0,0.081
1969-12-31 23:38:58.528000,16738528,0.0,27.3,1026.9,0.0,-999.0,0,0.0,0.077
1969-12-31 23:39:00.528000,16740528,0.0,27.3,1027.1,0.0,-999.0,0,0.1,0.083
1969-12-31 23:39:02.528000,16742528,0.0,27.3,1026.9,0.0,-999.0,0,0.0,0.077
1969-12-31 23:39:04.528000,16744528,0.0,27.3,1026.7,0.0,-999.0,0,0.0,0.076
1969-12-31 23:39:06.528000,16746528,0.0,27.3,1026.9,0.0,-999.0,0,0.0,0.08
1969-12-31 23:39:08.528000,16748528,0.0,27.3,1027.1,0.0,-999.0,0,0.0,0.079
1969-12-31 23:39:10.528000,16750528,0.0,27.3,1027.1,0.0,-999.0,0,0.0,0.076
1969-12-31 23:39:12.528000,16752528,0.0,27.3,1026.9,0.0,-999.0,0,0.0,0.078
1969-12-31 23:39:14.528000,16754528,0.0,27.3,1027.1,0.0,-999.0,0,0.1,0.082
1969-12-31 23:39:16.528000,16756528,0.0,27.3,1026.9,0.0,-999.0,0,0.0,0.077
1969-12-31 23:39:18.528000,16758528,0.0,27.3,1026.9,0.0,-999.0,0,0.0,0.079
1969-12-31 23:39:20.528000,16760528,0.0,27.3,1026.8,0.0,-999.0,0,0.0,0.073
1969-12-31 23:39:22.528000,16762528,0.0,27.3,1026.8,0.0,-999.0,0,0.0,0.076
1969-12-31 23:39:24.528000,16764528,0.0,27.3,1026.8,0.0,-999.0,0,0.0,0.077
1969-12-31 23:39:26.528000,16766528,0.0,27.3,1026.9,0.0,-999.0,0,0.0,0.073
1969-12-31 23:39:28.528000,16768528,0.0,27.3,1026.8,0.0,-999.0,0,0.0,0.08
1969-12-31 23:39:30.528000,16770528,0.0,27.3,1026.9,0.0,-999.0,0,0.0,0.073
1969-12-31 23:39:32.528000,16772528,0.0,27.3,1026.8,0.0,-999.0,0,0.0,0.081
1969-12-31 23:39:34.528000,16774528,0.0,27.3,1026.9,0.0,-999.0,0,0.0,0.077
1969-12-31 23:39:36.528000,16776528,0.0,27.3,1026.8,0.0,-999.0,0,0.0,0.077
1969-12-31 23:39:38.528000,16778528,0.0,27.3,1026.8,0.0,-999.0,0,0.0,0.077
1969-12-31 23:39:40.528000,16780528,0.0,27.3,1026.8,0.0,-999.0,0,0.0,0.08
1969-12-31 23:39:42.528000,16782528,0.0,27.3,1026.9,0.0,-999.0,0,0.0,0.078
1969-12-31 23:39:44.528000,16784528,0.0,27.3,1026.9,0.0,-999.0,0,0.0,0.07
1969-12-31 23:39:46.528000,16786528,0.0,27.3,1026.9,0.0,-999.0,0,0.0,0.08
1969-12-31 23:39:48.528000,16788528,0.0,27.3,1026.9,0.0,-999.0,0,0.0,0.08
1969-12-31 23:39:50.528000,16790528,0.0,27.3,1027.1,0.0,-999.0,0,0.0,0.079
1969-12-31 23:39:52.528000,16792528,0.0,27.3,1026.8,0.0,-999.0,0,0.0,0.081
1969-12-31 23:39:54.528000,16794528,0.0,27.3,1026.8,0.0,-999.0,0,0.0,0.072
1969-12-31 23:39:56.528000,16796528,0.0,27.3,1026.8,0.0,-999.0,0,0.0,0.077
1969-12-31 23:39:58.528000,16798528,0.0,27.3,1026.8,0.0,-999.0,0,0.0,0.08
1969-12-31 23:40:00.528000,16800528,0.0,27.3,1026.9,0.0,-999.0,0,0.0,0.077
1969-12-31 23:40:02.528000,16802528,0.0,27.3,1026.8,0.0,-999.0,0,0.0,0.076
1969-12-31 23:40:04.528000,16804528,0.0,27.3,1026.9,0.0,-999.0,0,0.0,0.077
1969-12-31 23:40:06.528000,16806528,0.0,27.3,1026.8,0.0,-999.0,0,0.0,0.077
1969-12-31 23:40:08.528000,16808528,0.0,27.3,1026.8,0.0,-999.0,0,0.1,0.082
1969-12-31 23:40:10.528000,16810528,0.0,27.3,1026.9,0.0,-999.0,0,0.0,0.077
1969-12-31 23:40:12.528000,16812528,0.0,27.3,1026.8,0.0,-999.0,0,0.0,0.077
1969-12-31 23:40:14.528000,16814528,0.0,27.3,1026.9,0.0,-999.0,0,0.0,0.072
1969-12-31 23:40:16.528000,16816528,0.0,27.3,1026.9,0.0,-999.0,0,0.0,0.081
1969-12-31 23:40:18.528000,16818528,0.0,27.3,1027.1,0.0,-999.0,0,0.0,0.081
1969-12-31 23:40:20.528000,16820528,0.0,27.3,1026.9,0.0,-999.0,0,0.0,0.072
1969-12-31 23:40:22.528000,16822528,0.0,27.3,1026.8,0.0,-999.0,0,0.0,0.079
1969-12-31 23:40:24.528000,16824528,0.0,27.3,1026.9,0.0,-999.0,0,0.0,0.073
1969-12-31 23:40:26.528000,16826528,0.0,27.3,1026.9,0.0,-999.0,0,0.0,0.081
1969-12-31 23:40:28.528000,16828528,0.0,27.3,1026.9,0.0,-999.0,0,0.0,0.077
1969-12-31 23:40:30.528000,16830528,0.0,27.3,1026.8,0.0,-999.0,0,0.0,0.077
1969-12-31 23:40:32.528000,16832528,0.0,27.3,1026.9,0.0,-999.0,0,0.0,0.073
1969-12-31 23:40:34.528000,16834528,0.0,27.3,1026.8,0.0,-999.0,0,0.0,0.08
1969-12-31 23:40:36.528000,16836528,0.0,27.3,1026.8,0.0,-999.0,0,0.0,0.076
1969-12-31 23:40:38.528000,16838528,0.0,27.3,1026.9,0.0,-999.0,0,0.1,0.082
1969-12-31 23:40:40.528000,16840528,0.0,27.3,1026.7,0.0,-999.0,0,0.0,0.08
1969-12-31 23:40:42.528000,16842528,0.0,27.3,1026.9,0.0,-999.0,0,0.0,0.077
1969-12-31 23:40:44.528000,16844528,0.0,27.3,1026.9,0.0,-999.0,0,0.0,0.07
1969-12-31 23:40:46.528000,16846528,0.0,27.3,1026.9,0.0,-999.0,0,0.0,0.077
1969-12-31 23:40:48.528000,16848528,0.0,27.3,1026.9,0.0,-999.0,0,0.0,0.074
1969-12-31 23:40:50.528000,16850528,0.0,27.3,1026.9,0.0,-999.0,0,0.0,0.071
1969-12-31 23:40:52.528000,16852528,0.0,27.3,1026.8,0.0,-999.0,0,0.0,0.071
1969-12-31 23:40:54.528000,16854528,0.0,27.3,1026.9,0.0,-999.0,0,0.0,0.077
1969-12-31 23:40:56.528000,16856528,0.0,27.3,1026.9,0.0,-999.0,0,0.0,0.077
1969-12-31 23:40:58.528000,16858528,0.0,27.3,1027.1,0.0,-999.0,0,0.0,0.077
1969-12-31 23:41:00.528000,16860528,0.0,27.3,1026.9,0.0,-999.0,0,0.0,0.075
1969-12-31 23:41:02.528000,16862528,0.0,27.3,1026.9,0.0,-999.0,0,0.0,0.081
1969-12-31 23:41:04.528000,16864528,0.0,27.3,1026.9,0.0,-999.0,0,0.0,0.075
1969-12-31 23:41:06.528000,16866528,0.0,27.3,1026.9,0.0,-999.0,0,0.0,0.077
1969-12-31 23:41:08.528000,16868528,0.0,27.3,1026.8,0.0,-999.0,0,0.0,0.075
1969-12-31 23:41:10.528000,16870528,0.0,27.3,1026.9,0.0,-999.0,0,0.0,0.075
1969-12-31 23:41:12.528000,16872528,0.0,27.3,1026.8,0.0,-999.0,0,0.0,0.08
1969-12-31 23:41:14.528000,16874528,0.0,27.3,1026.9,0.0,-999.0,0,0.0,0.071
1969-12-31 23:41:16.528000,16876528,0.0,27.3,1026.8,0.0,-999.0,0,0.0,0.077
1969-12-31 23:41:18.528000,16878528,0.0,27.3,1026.9,0.0,-999.0,0,0.0,0.081
1969-12-31 23:41:20.528000,16880528,0.0,27.3,1026.9,0.0,-999.0,0,0.0,0.078
1969-12-31 23:41:22.528000,16882528,0.0,27.3,1026.9,0.0,-999.0,0,0.0,0.077
1969-12-31 23:41:24.528000,16884528,0.0,27.3,1026.8,0.0,-999.0,0,0.0,0.081
1969-12-31 23:41:26.528000,16886528,0.0,27.3,1026.8,0.0,-999.0,0,0.0,0.073
1969-12-31 23:41:28.528000,16888528,0.0,27.3,1026.9,0.0,-999.0,0,0.0,0.079
1969-12-31 23:41:30.528000,16890528,0.0,27.3,1026.8,0.0,-999.0,0,0.0,0.079
1969-12-31 23:41:32.528000,16892528,0.0,27.3,1026.8,0.0,-999.0,0,0.0,0.077
1969-12-31 23:41:34.528000,16894528,0.0,27.3,1026.9,0.0,-999.0,0,0.0,0.072
1969-12-31 23:41:36.528000,16896528,0.0,27.3,1026.9,0.0,-999.0,0,0.0,0.073
1969-12-31 23:41:38.528000,16898528,0.0,27.3,1026.8,0.0,-999.0,0,0.0,0.079
1969-12-31 23:41:40.528000,16900528,0.0,27.3,1026.8,0.0,-999.0,0,0.0,0.076
1969-12-31 23:41:42.528000,16902528,0.0,27.3,1026.9,0.0,-999.0,0,0.0,0.067
1969-12-31 23:41:44.528000,16904528,0.0,27.3,1026.8,0.0,-999.0,0,0.0,0.075
1969-12-31 23:41:46.528000,16906528,0.0,27.3,1027.1,0.0,-999.0,0,0.0,0.079
1969-12-31 23:41:48.528000,16908528,0.0,27.3,1026.9,0.0,-999.0,0,0.0,0.073
1969-12-31 23:41:50.528000,16910528,0.0,27.3,1026.9,0.0,-999.0,0,0.0,0.072
1969-12-31 23:41:52.528000,16912528,0.0,27.3,1026.8,0.0,-999.0,0,0.1,0.082
1969-12-31 23:41:54.528000,16914528,0.0,27.3,1026.8,0.0,-999.0,0,0.0,0.077
1969-12-31 23:41:56.528000,16916528,0.0,27.3,1026.9,0.0,-999.0,0,0.0,0.081
1969-12-31 23:41:58.528000,16918528,0.0,27.3,1026.8,0.0,-999.0,0,0.0,0.077
1969-12-31 23:42:00.528000,16920528,0.0,27.3,1026.9,0.0,-999.0,0,0.0,0.077
1969-12-31 23:42:02.528000,16922528,0.0,27.3,1026.8,0.0,-999.0,0,0.0,0.073
1969-12-31 23:42:04.528000,16924528,0.0,27.3,1027.1,0.0,-999.0,0,0.0,0.076
1969-12-31 23:42:06.528000,16926528,0.0,27.3,1026.8,0.0,-999.0,0,0.0,0.073
1969-12-31 23:42:08.528000,16928528,0.0,27.3,1026.9,0.0,-999.0,0,0.0,0.077
1969-12-31 23:42:10.528000,16930528,0.0,27.3,1026.9,0.0,-999.0,0,0.0,0.079
1969-12-31 23:42:12.528000,16932528,0.0,27.3,1026.9,0.0,-999.0,0,0.0,0.077
1969-12-31 23:42:14.528000,16934528,0.0,27.3,1026.9,0.0,-999.0,0,0.0,0.075
1969-12-31 23:42:16.528000,16936528,0.0,27.3,1026.8,0.0,-999.0,0,0.0,0.075
1969-12-31 23:42:18.528000,16938528,0.0,27.3,1026.9,0.0,-999.0,0,0.0,0.081
1969-12-31 23:42:20.528000,16940528,0.0,27.3,1026.8,0.0,-999.0,0,0.0,0.077
1969-12-31 23:42:22.528000,16942528,0.0,27.3,1026.9,0.0,-999.0,0,0.0,0.072
1969-12-31 23:42:24.528000,16944528,0.0,27.3,1026.8,0.0,-999.0,0,0.0,0.073
1969-12-31 23:42:26.528000,16946528,0.0,27.3,1026.9,0.0,-999.0,0,0.0,0.075
1969-12-31 23:42:28.528000,16948528,0.0,27.3,1026.8,0.0,-999.0,0,0.0,0.077
1969-12-31 23:42:30.538000,16950538,0.0,27.3,1026.9,0.0,-999.0,0,0.0,0.08
1969-12-31 23:42:32.538000,16952538,0.0,27.3,1026.8,0.0,-999.0,0,0.0,0.076
1969-12-31 23:42:34.538000,16954538,0.0,27.3,1027.1,0.0,-999.0,0,0.0,0.075
1969-12-31 23:42:36.538000,16956538,0.0,27.3,1026.9,0.0,-999.0,0,0.0,0.079
1969-12-31 23:42:38.538000,16958538,0.0,27.3,1026.8,0.0,-999.0,0,0.0,0.072
1969-12-31 23:42:40.538000,16960538,0.0,27.3,1026.8,0.0,-999.0,0,0.0,0.073
1969-12-31 23:42:42.538000,16962538,0.0,27.3,1026.8,0.0,-999.0,0,0.0,0.074
1969-12-31 23:42:44.538000,16964538,0.0,27.3,1026.9,0.0,-999.0,0,0.0,0.075
1969-12-31 23:42:46.538000,16966538,0.0,27.3,1026.9,0.0,-999.0,0,0.0,0.077
1969-12-31 23:42:48.538000,16968538,0.0,27.3,1026.9,0.0,-999.0,0,0.0,0.073
1969-12-31 23:42:50.538000,16970538,0.0,27.3,1026.9,0.0,-999.0,0,0.0,0.079
1969-12-31 23:42:52.538000,16972538,0.0,27.3,1026.9,0.0,-999.0,0,0.0,0.077
1969-12-31 23:42:54.538000,16974538,0.0,27.3,1026.8,0.0,-999.0,0,0.0,0.073
1969-12-31 23:42:56.538000,16976538,0.0,27.3,1026.8,0.0,-999.0,0,0.0,0.08
1969-12-31 23:42:58.538000,16978538,0.0,27.3,1026.8,0.0,-999.0,0,0.0,0.081
1969-12-31 23:43:00.538000,16980538,0.0,27.3,1026.9,0.0,-999.0,0,0.0,0.072
1969-12-31 23:43:02.538000,16982538,0.0,27.3,1026.9,0.0,-999.0,0,0.0,0.078
1969-12-31 23:43:04.538000,16984538,0.0,27.3,1026.9,0.0,-999.0,0,0.0,0.081
1969-12-31 23:43:06.538000,16986538,0.0,27.3,1026.9,0.0,-999.0,0,0.0,0.078
1969-12-31 23:43:08.538000,16988538,0.0,27.3,1026.9,0.0,-999.0,0,0.0,0.08
1969-12-31 23:43:10.538000,16990538,0.0,27.3,1026.8,0.0,-999.0,0,0.0,0.075
1969-12-31 23:43:12.538000,16992538,0.0,27.3,1027.1,0.0,-999.0,0,0.0,0.081
1969-12-31 23:43:14.538000,16994538,0.0,27.3,1027.1,0.0,-999.0,0,0.0,0.077
1969-12-31 23:43:16.538000,16996538,0.0,27.3,1026.7,0.0,-999.0,0,0.0,0.077
1969-12-31 23:43:18.538000,16998538,0.0,27.3,1026.9,0.0,-999.0,0,0.0,0.077
1969-12-31 23:43:20.538000,17000538,0.0,27.3,1026.8,0.0,-999.0,0,0.0,0.073
1969-12-31 23:43:22.538000,17002538,0.0,27.3,1026.9,0.0,-999.0,0,0.0,0.075
1969-12-31 23:43:24.538000,17004538,0.0,27.3,1026.9,0.0,-999.0,0,0.0,0.081
1969-12-31 23:43:26.538000,17006538,0.0,27.3,1026.8,0.0,-999.0,0,0.0,0.076
1969-12-31 23:43:28.538000,17008538,0.0,27.3,1026.8,0.0,-999.0,0,0.0,0.072
1969-12-31 23:43:30.538000,17010538,0.0,27.3,1027.1,0.0,-999.0,0,0.0,0.077
1969-12-31 23:43:32.538000,17012538,0.0,27.3,1026.9,0.0,-999.0,0,0.0,0.071
1969-12-31 23:43:34.538000,17014538,0.0,27.3,1026.8,0.0,-999.0,0,0.0,0.076
1969-12-31 23:43:36.538000,17016538,0.0,27.3,1026.8,0.0,-999.0,0,0.0,0.076
1969-12-31 23:43:38.538000,17018538,0.0,27.3,1026.9,0.0,-999.0,0,0.0,0.077
1969-12-31 23:43:40.538000,17020538,0.0,27.3,1026.8,0.0,-999.0,0,0.0,0.077
1969-12-31 23:43:42.538000,17022538,0.0,27.3,1026.9,0.0,-999.0,0,0.1,0.082
1969-12-31 23:43:44.538000,17024538,0.0,27.3,1026.9,0.0,-999.0,0,0.0,0.077
1969-12-31 23:43:46.538000,17026538,0.0,27.3,1026.9,0.0,-999.0,0,0.0,0.075
1969-12-31 23:43:48.538000,17028538,0.0,27.3,1026.8,0.0,-999.0,0,0.0,0.07
1969-12-31 23:43:50.538000,17030538,0.0,27.3,1026.9,0.0,-999.0,0,0.1,0.083
1969-12-31 23:43:52.538000,17032538,0.0,27.3,1026.7,0.0,-999.0,0,0.0,0.081
1969-12-31 23:43:54.538000,17034538,0.0,27.3,1026.8,0.0,-999.0,0,0.0,0.076
1969-12-31 23:43:56.538000,17036538,0.0,27.3,1026.9,0.0,-999.0,0,0.0,0.073
1969-12-31 23:43:58.538000,17038538,0.0,27.3,1026.8,0.0,-999.0,0,0.0,0.074
1969-12-31 23:44:00.538000,17040538,0.0,27.3,1026.8,0.0,-999.0,0,0.0,0.072
1969-12-31 23:44:02.538000,17042538,0.0,27.3,1026.8,0.0,-999.0,0,0.0,0.075
1969-12-31 23:44:04.538000,17044538,0.0,27.3,1026.9,0.0,-999.0,0,0.1,0.082
1969-12-31 23:44:06.538000,17046538,0.0,27.3,1027.1,0.0,-999.0,0,0.0,0.077
1969-12-31 23:44:08.538000,17048538,0.0,27.3,1026.8,0.0,-999.0,0,0.0,0.076
1969-12-31 23:44:10.538000,17050538,0.0,27.3,1027.1,0.0,-999.0,0,0.0,0.076
1969-12-31 23:44:12.538000,17052538,0.0,27.3,1026.9,0.0,-999.0,0,0.0,0.081
1969-12-31 23:44:14.538000,17054538,0.0,27.3,1026.8,0.0,-999.0,0,0.0,0.078
1969-12-31 23:44:16.538000,17056538,0.0,27.3,1026.9,0.0,-999.0,0,0.0,0.073
1969-12-31 23:44:18.538000,17058538,0.0,27.3,1026.9,0.0,-999.0,0,0.0,0.081
1969-12-31 23:44:20.538000,17060538,0.0,27.3,1026.9,0.0,-999.0,0,0.0,0.076
1969-12-31 23:44:22.538000,17062538,0.0,27.3,1026.8,0.0,-999.0,0,0.0,0.076
1969-12-31 23:44:24.538000,17064538,0.0,27.3,1026.9,0.0,-999.0,0,0.0,0.077
1969-12-31 23:44:26.538000,17066538,0.0,27.3,1026.9,0.0,-999.0,0,0.0,0.076
1969-12-31 23:44:28.538000,17068538,0.0,27.3,1026.9,0.0,-999.0,0,0.0,0.074
1969-12-31 23:44:30.538000,17070538,0.0,27.3,1026.8,0.0,-999.0,0,0.0,0.075
1969-12-31 23:44:32.538000,17072538,0.0,27.3,1026.9,0.0,-999.0,0,0.0,0.081
1969-12-31 23:44:34.538000,17074538,0.0,27.3,1026.9,0.0,-999.0,0,0.0,0.079
1969-12-31 23:44:36.538000,17076538,0.0,27.3,1026.9,0.0,-999.0,0,0.0,0.072
1969-12-31 23:44:38.538000,17078538,0.0,27.3,1027.1,0.0,-999.0,0,0.0,0.08
1969-12-31 23:44:40.538000,17080538,0.0,27.3,1026.9,0.0,-999.0,0,0.0,0.078
1969-12-31 23:44:42.538000,17082538,0.0,27.3,1026.8,0.0,-999.0,0,0.0,0.076
1969-12-31 23:44:44.538000,17084538,0.0,27.3,1026.9,0.0,-999.0,0,0.0,0.073
1969-12-31 23:44:46.538000,17086538,0.0,27.3,1026.8,0.0,-999.0,0,0.0,0.079
1969-12-31 23:44:48.538000,17088538,0.0,27.3,1026.9,0.0,-999.0,0,0.0,0.076
1969-12-31 23:44:50.538000,17090538,0.0,27.3,1026.8,0.0,-999.0,0,0.0,0.069
1969-12-31 23:44:52.538000,17092538,0.0,27.3,1026.9,0.0,-999.0,0,0.0,0.076
1969-12-31 23:44:54.538000,17094538,0.0,27.3,1026.9,0.0,-999.0,0,0.0,0.081
1969-12-31 23:44:56.538000,17096538,0.0,27.3,1027.1,0.0,-999.0,0,0.0,0.081
1969-12-31 23:44:58.538000,17098538,0.0,27.3,1026.9,0.0,-999.0,0,0.0,0.076
1969-12-31 23:45:00.538000,17100538,0.0,27.3,1026.9,0.0,-999.0,0,0.0,0.071
1969-12-31 23:45:02.538000,17102538,0.0,27.3,1026.9,0.0,-999.0,0,0.0,0.079
1969-12-31 23:45:04.538000,17104538,0.0,27.3,1026.8,0.0,-999.0,0,0.0,0.076
1969-12-31 23:45:06.538000,17106538,0.0,27.3,1027.1,0.0,-999.0,0,0.0,0.074
1969-12-31 23:45:08.538000,17108538,0.0,27.3,1026.9,0.0,-999.0,0,0.0,0.08
1969-12-31 23:45:10.538000,17110538,0.0,27.3,1026.9,0.0,-999.0,0,0.1,0.082
1969-12-31 23:45:12.538000,17112538,0.0,27.3,1027.1,0.0,-999.0,0,0.0,0.075
1969-12-31 23:45:14.538000,17114538,0.0,27.3,1026.8,0.0,-999.0,0,0.0,0.079
1969-12-31 23:45:16.538000,17116538,0.0,27.3,1026.8,0.0,-999.0,0,0.0,0.078
1969-12-31 23:45:18.538000,17118538,0.0,27.3,1026.8,0.0,-999.0,0,0.0,0.077
1969-12-31 23:45:20.538000,17120538,0.0,27.3,1026.9,0.0,-999.0,0,0.0,0.081
1969-12-31 23:45:22.538000,17122538,0.0,27.3,1026.9,0.0,-999.0,0,0.0,0.077
1969-12-31 23:45:24.538000,17124538,0.0,27.3,1026.8,0.0,-999.0,0,0.0,0.075
1969-12-31 23:45:26.538000,17126538,0.0,27.3,1026.9,0.0,-999.0,0,0.0,0.08
1969-12-31 23:45:28.538000,17128538,0.0,27.3,1026.8,0.0,-999.0,0,0.0,0.077
1969-12-31 23:45:30.538000,17130538,0.0,27.3,1026.9,0.0,-999.0,0,0.0,0.077
1969-12-31 23:45:32.538000,17132538,0.0,27.3,1026.8,0.0,-999.0,0,0.0,0.074
1969-12-31 23:45:34.538000,17134538,0.0,27.3,1026.8,0.0,-999.0,0,0.0,0.076
1969-12-31 23:45:36.538000,17136538,0.0,27.3,1026.8,0.0,-999.0,0,0.0,0.08
1969-12-31 23:45:38.538000,17138538,0.0,27.3,1026.9,0.0,-999.0,0,0.0,0.077
1969-12-31 23:45:40.538000,17140538,0.0,27.3,1026.8,0.0,-999.0,0,0.1,0.085
1969-12-31 23:45:42.538000,17142538,0.0,27.3,1026.8,0.0,-999.0,0,0.0,0.081
1969-12-31 23:45:44.538000,17144538,0.0,27.3,1026.9,0.0,-999.0,0,0.0,0.077
1969-12-31 23:45:46.538000,17146538,0.0,27.3,1027.1,0.0,-999.0,0,0.0,0.074
1969-12-31 23:45:48.538000,17148538,0.0,27.3,1026.9,0.0,-999.0,0,0.0,0.074
1969-12-31 23:45:50.538000,17150538,0.0,27.3,1026.9,0.0,-999.0,0,0.0,0.079
1969-12-31 23:45:52.538000,17152538,0.0,27.3,1026.9,0.0,-999.0,0,0.0,0.073
1969-12-31 23:45:54.538000,17154538,0.0,27.3,1026.8,0.0,-999.0,0,0.0,0.078
1969-12-31 23:45:56.538000,17156538,0.0,27.3,1027.1,0.0,-999.0,0,0.0,0.076
1969-12-31 23:45:58.538000,17158538,0.0,27.3,1026.8,0.0,-999.0,0,0.1,0.084
1969-12-31 23:46:00.538000,17160538,0.0,27.3,1026.8,0.0,-999.0,0,0.0,0.075
1969-12-31 23:46:02.538000,17162538,0.0,27.3,1026.9,0.0,-999.0,0,0.0,0.075
1969-12-31 23:46:04.538000,17164538,0.0,27.3,1026.7,0.0,-999.0,0,0.0,0.076
1969-12-31 23:46:06.538000,17166538,0.0,27.3,1026.8,0.0,-999.0,0,0.0,0.074
1969-12-31 23:46:08.538000,17168538,0.0,27.3,1026.9,0.0,-999.0,0,0.0,0.081
1969-12-31 23:46:10.538000,17170538,0.0,27.3,1026.8,0.0,-999.0,0,0.0,0.077
1969-12-31 23:46:12.538000,17172538,0.0,27.3,1026.9,0.0,-999.0,0,0.0,0.075
1969-12-31 23:46:14.538000,17174538,0.0,27.3,1027.1,0.0,-999.0,0,0.0,0.077
1969-12-31 23:46:16.538000,17176538,0.0,27.3,1026.9,0.0,-999.0,0,0.0,0.073
1969-12-31 23:46:18.538000,17178538,0.0,27.3,1027.1,0.0,-999.0,0,0.0,0.076
1969-12-31 23:46:20.538000,17180538,0.0,27.3,1026.8,0.0,-999.0,0,0.0,0.077
1969-12-31 23:46:22.538000,17182538,0.0,27.3,1026.9,0.0,-999.0,0,0.0,0.077
1969-12-31 23:46:24.538000,17184538,0.0,27.3,1026.8,0.0,-999.0,0,0.0,0.075
1969-12-31 23:46:26.538000,17186538,0.0,27.3,1026.8,0.0,-999.0,0,0.0,0.075
1969-12-31 23:46:28.538000,17188538,0.0,27.3,1026.9,0.0,-999.0,0,0.0,0.071
1969-12-31 23:46:30.538000,17190538,0.0,27.3,1026.8,0.0,-999.0,0,0.0,0.078
1969-12-31 23:46:32.538000,17192538,0.0,27.3,1026.8,0.0,-999.0,0,0.0,0.076
1969-12-31 23:46:34.538000,17194538,0.0,27.3,1026.9,0.0,-999.0,0,0.1,0.084
1969-12-31 23:46:36.538000,17196538,0.0,27.3,1026.8,0.0,-999.0,0,0.0,0.078
1969-12-31 23:46:38.538000,17198538,0.0,27.3,1026.9,0.0,-999.0,0,0.0,0.08
1969-12-31 23:46:40.538000,17200538,0.0,27.3,1026.8,0.0,-999.0,0,0.0,0.074
1969-12-31 23:46:42.538000,17202538,0.0,27.3,1026.9,0.0,-999.0,0,0.0,0.076
1969-12-31 23:46:44.538000,17204538,0.0,27.3,1026.8,0.0,-999.0,0,0.0,0.075
1969-12-31 23:46:46.538000,17206538,0.0,27.3,1026.8,0.0,-999.0,0,0.0,0.077
1969-12-31 23:46:48.538000,17208538,0.0,27.3,1026.9,0.0,-999.0,0,0.0,0.077
1969-12-31 23:46:50.538000,17210538,0.0,27.3,1026.8,0.0,-999.0,0,0.0,0.077
1969-12-31 23:46:52.538000,17212538,0.0,27.3,1026.9,0.0,-999.0,0,0.1,0.082
1969-12-31 23:46:54.538000,17214538,0.0,27.3,1026.9,0.0,-999.0,0,0.0,0.078
1969-12-31 23:46:56.538000,17216538,0.0,27.3,1026.9,0.0,-999.0,0,0.0,0.077
1969-12-31 23:46:58.538000,17218538,0.0,27.3,1027.1,0.0,-999.0,0,0.0,0.073
1969-12-31 23:47:00.538000,17220538,0.0,27.3,1026.8,0.0,-999.0,0,0.0,0.081
1969-12-31 23:47:02.538000,17222538,0.0,27.3,1027.1,0.0,-999.0,0,0.0,0.078
1969-12-31 23:47:04.538000,17224538,0.0,27.3,1026.9,0.0,-999.0,0,0.0,0.081
1969-12-31 23:47:06.538000,17226538,0.0,27.3,1026.9,0.0,-999.0,0,0.0,0.077
1969-12-31 23:47:08.538000,17228538,0.0,27.3,1027.1,0.0,-999.0,0,0.0,0.075
1969-12-31 23:47:10.538000,17230538,0.0,27.3,1026.9,0.0,-999.0,0,0.0,0.075
1969-12-31 23:47:12.538000,17232538,0.0,27.3,1026.9,0.0,-999.0,0,0.0,0.077
1969-12-31 23:47:14.538000,17234538,0.0,27.3,1026.9,0.0,-999.0,0,0.0,0.079
1969-12-31 23:47:16.538000,17236538,0.0,27.3,1026.8,0.0,-999.0,0,0.0,0.079
1969-12-31 23:47:18.538000,17238538,0.0,27.3,1026.9,0.0,-999.0,0,0.0,0.074
1969-12-31 23:47:20.538000,17240538,0.0,27.3,1026.9,0.0,-999.0,0,0.0,0.071
1969-12-31 23:47:22.538000,17242538,0.0,27.3,1026.8,0.0,-999.0,0,0.0,0.076
1969-12-31 23:47:24.538000,17244538,0.0,27.3,1026.9,0.0,-999.0,0,0.0,0.081
1969-12-31 23:47:26.538000,17246538,0.0,27.3,1026.9,0.0,-999.0,0,0.0,0.079
1969-12-31 23:47:28.538000,17248538,0.0,27.3,1026.9,0.0,-999.0,0,0.0,0.081
1969-12-31 23:47:30.538000,17250538,0.0,27.3,1026.9,0.0,-999.0,0,0.0,0.077
1969-12-31 23:47:32.538000,17252538,0.0,27.3,1026.8,0.0,-999.0,0,0.0,0.08
1969-12-31 23:47:34.538000,17254538,0.0,27.3,1027.1,0.0,-999.0,0,0.0,0.074
1969-12-31 23:47:36.538000,17256538,0.0,27.3,1026.9,0.0,-999.0,0,0.0,0.08
1969-12-31 23:47:38.538000,17258538,0.0,27.3,1026.8,0.0,-999.0,0,0.0,0.077
1969-12-31 23:47:40.538000,17260538,0.0,27.3,1026.8,0.0,-999.0,0,0.0,0.076
1969-12-31 23:47:42.538000,17262538,0.0,27.3,1026.9,0.0,-999.0,0,0.0,0.077
1969-12-31 23:47:44.538000,17264538,0.0,27.3,1027.1,0.0,-999.0,0,0.0,0.077
1969-12-31 23:47:46.538000,17266538,0.0,27.3,1027.1,0.0,-999.0,0,0.0,0.077
1969-12-31 23:47:48.538000,17268538,0.0,27.3,1027.2,0.0,-999.0,0,0.0,0.076
1969-12-31 23:47:50.538000,17270538,0.0,27.3,1026.9,0.0,-999.0,0,0.0,0.074
1969-12-31 23:47:52.538000,17272538,0.0,27.3,1026.8,0.0,-999.0,0,0.0,0.074
1969-12-31 23:47:54.538000,17274538,0.0,27.3,1026.9,0.0,-999.0,0,0.0,0.072
1969-12-31 23:47:56.538000,17276538,0.0,27.3,1026.9,0.0,-999.0,0,0.0,0.079
1969-12-31 23:47:58.538000,17278538,0.0,27.3,1026.8,0.0,-999.0,0,0.0,0.077
1969-12-31 23:48:00.538000,17280538,0.0,27.3,1026.8,0.0,-999.0,0,0.0,0.077
1969-12-31 23:48:02.538000,17282538,0.0,27.3,1026.9,0.0,-999.0,0,0.0,0.08
1969-12-31 23:48:04.538000,17284538,0.0,27.3,1026.8,0.0,-999.0,0,0.2,0.085
1969-12-31 23:48:06.538000,17286538,0.0,27.3,1026.8,0.0,-999.0,0,0.0,0.077
1969-12-31 23:48:08.538000,17288538,0.0,27.3,1026.9,0.0,-999.0,0,0.0,0.074
1969-12-31 23:48:10.538000,17290538,0.0,27.3,1026.9,0.0,-999.0,0,0.0,0.075
1969-12-31 23:48:12.538000,17292538,0.0,27.3,1026.9,0.0,-999.0,0,0.0,0.072
1969-12-31 23:48:14.538000,17294538,0.0,27.3,1026.9,0.0,-999.0,0,0.0,0.077
1969-12-31 23:48:16.538000,17296538,0.0,27.3,1026.9,0.0,-999.0,0,0.0,0.077
1969-12-31 23:48:18.538000,17298538,0.0,27.3,1026.8,0.0,-999.0,0,0.0,0.081
1969-12-31 23:48:20.538000,17300538,0.0,27.3,1026.8,0.0,-999.0,0,0.0,0.072
1969-12-31 23:48:22.538000,17302538,0.0,27.3,1026.9,0.0,-999.0,0,0.0,0.08
1969-12-31 23:48:24.538000,17304538,0.0,27.3,1027.1,0.0,-999.0,0,0.0,0.081
1969-12-31 23:48:26.538000,17306538,0.0,27.3,1026.9,0.0,-999.0,0,0.0,0.08
1969-12-31 23:48:28.538000,17308538,0.0,27.3,1026.8,0.0,-999.0,0,0.0,0.077
1969-12-31 23:48:30.538000,17310538,0.0,27.3,1026.9,0.0,-999.0,0,0.0,0.079
1969-12-31 23:48:32.538000,17312538,0.0,27.3,1026.9,0.0,-999.0,0,0.0,0.079
1969-12-31 23:48:34.538000,17314538,0.0,27.3,1026.9,0.0,-999.0,0,0.0,0.076
1969-12-31 23:48:36.538000,17316538,0.0,27.3,1026.9,0.0,-999.0,0,0.0,0.076
1969-12-31 23:48:38.538000,17318538,0.0,27.3,1026.9,0.0,-999.0,0,0.0,0.073
1969-12-31 23:48:40.538000,17320538,0.0,27.3,1026.8,0.0,-999.0,0,0.0,0.081
1969-12-31 23:48:42.538000,17322538,0.0,27.3,1026.8,0.0,-999.0,0,0.0,0.08
1969-12-31 23:48:44.538000,17324538,0.0,27.3,1026.8,0.0,-999.0,0,0.0,0.074
1969-12-31 23:48:46.538000,17326538,0.0,27.3,1026.9,0.0,-999.0,0,0.0,0.079
1969-12-31 23:48:48.538000,17328538,0.0,27.3,1026.8,0.0,-999.0,0,0.1,0.083
1969-12-31 23:48:50.538000,17330538,0.0,27.3,1026.9,0.0,-999.0,0,0.0,0.077
1969-12-31 23:48:52.538000,17332538,0.0,27.3,1026.9,0.0,-999.0,0,0.0,0.079
1969-12-31 23:48:54.538000,17334538,0.0,27.3,1026.9,0.0,-999.0,0,0.1,0.084
1969-12-31 23:48:56.538000,17336538,0.0,27.3,1026.9,0.0,-999.0,0,0.0,0.078
1969-12-31 23:48:58.538000,17338538,0.0,27.3,1026.9,0.0,-999.0,0,0.0,0.076
1969-12-31 23:49:00.538000,17340538,0.0,27.3,1026.9,0.0,-999.0,0,0.0,0.07
1969-12-31 23:49:02.538000,17342538,0.0,27.3,1026.9,0.0,-999.0,0,0.0,0.078
1969-12-31 23:49:04.538000,17344538,0.0,27.3,1027.1,0.0,-999.0,0,0.0,0.077
1969-12-31 23:49:06.538000,17346538,0.0,27.3,1026.8,0.0,-999.0,0,0.0,0.081
1969-12-31 23:49:08.538000,17348538,0.0,27.3,1026.9,0.0,-999.0,0,0.0,0.066
1969-12-31 23:49:10.538000,17350538,0.0,27.3,1026.8,0.0,-999.0,0,0.1,0.082
1969-12-31 23:49:12.538000,17352538,0.0,27.3,1026.9,0.0,-999.0,0,0.0,0.073
1969-12-31 23:49:14.538000,17354538,0.0,27.3,1026.9,0.0,-999.0,0,0.0,0.074
1969-12-31 23:49:16.538000,17356538,0.0,27.3,1026.8,0.0,-999.0,0,0.0,0.071
1969-12-31 23:49:18.538000,17358538,0.0,27.3,1026.9,0.0,-999.0,0,0.0,0.078
1969-12-31 23:49:20.538000,17360538,0.0,27.3,1026.8,0.0,-999.0,0,0.0,0.077
1969-12-31 23:49:22.538000,17362538,0.0,27.3,1026.9,0.0,-999.0,0,0.0,0.073
1969-12-31 23:49:24.538000,17364538,0.0,27.3,1026.8,0.0,-999.0,0,0.0,0.075
1969-12-31 23:49:26.538000,17366538,0.0,27.3,1026.8,0.0,-999.0,0,0.0,0.077
1969-12-31 23:49:28.538000,17368538,0.0,27.3,1026.9,0.0,-999.0,0,0.0,0.081
1969-12-31 23:49:30.538000,17370538,0.0,27.3,1026.9,0.0,-999.0,0,0.0,0.081
1969-12-31 23:49:32.538000,17372538,0.0,27.3,1026.8,0.0,-999.0,0,0.0,0.081
1969-12-31 23:49:34.538000,17374538,0.0,27.3,1026.8,0.0,-999.0,0,0.0,0.072
1969-12-31 23:49:36.538000,17376538,0.0,27.3,1026.8,0.0,-999.0,0,0.0,0.08
1969-12-31 23:49:38.538000,17378538,0.0,27.3,1026.8,0.0,-999.0,0,0.0,0.073
1969-12-31 23:49:40.538000,17380538,0.0,27.3,1026.9,0.0,-999.0,0,0.0,0.078
1969-12-31 23:49:42.538000,17382538,0.0,27.3,1026.8,0.0,-999.0,0,0.0,0.081
1969-12-31 23:49:44.538000,17384538,0.0,27.3,1026.9,0.0,-999.0,0,0.0,0.073
1969-12-31 23:49:46.538000,17386538,0.0,27.3,1026.8,0.0,-999.0,0,0.0,0.074
1969-12-31 23:49:48.538000,17388538,0.0,27.3,1026.8,0.0,-999.0,0,0.0,0.077
1969-12-31 23:49:50.538000,17390538,0.0,27.3,1026.8,0.0,-999.0,0,0.0,0.073
1969-12-31 23:49:52.538000,17392538,0.0,27.3,1026.8,0.0,-999.0,0,0.0,0.075
1969-12-31 23:49:54.538000,17394538,0.0,27.3,1026.8,0.0,-999.0,0,0.0,0.078
1969-12-31 23:49:56.538000,17396538,0.0,27.3,1026.9,0.0,-999.0,0,0.0,0.077
1969-12-31 23:49:58.538000,17398538,0.0,27.3,1026.8,0.0,-999.0,0,0.0,0.08
1969-12-31 23:50:00.538000,17400538,0.0,27.3,1027.1,0.0,-999.0,0,0.0,0.073
1969-12-31 23:50:02.538000,17402538,0.0,27.3,1026.8,0.0,-999.0,0,0.0,0.076
1969-12-31 23:50:04.538000,17404538,0.0,27.3,1026.8,0.0,-999.0,0,0.0,0.078
1969-12-31 23:50:06.538000,17406538,0.0,27.3,1026.8,0.0,-999.0,0,0.0,0.073
1969-12-31 23:50:08.538000,17408538,0.0,27.3,1026.8,0.0,-999.0,0,0.0,0.068
1969-12-31 23:50:10.538000,17410538,0.0,27.3,1026.9,0.0,-999.0,0,0.0,0.077
1969-12-31 23:50:12.538000,17412538,0.0,27.3,1027.1,0.0,-999.0,0,0.0,0.072
1969-12-31 23:50:14.538000,17414538,0.0,27.3,1026.8,0.0,-999.0,0,0.0,0.074
1969-12-31 23:50:16.538000,17416538,0.0,27.3,1026.8,0.0,-999.0,0,0.0,0.074
1969-12-31 23:50:18.538000,17418538,0.0,27.3,1026.9,0.0,-999.0,0,0.0,0.073
1969-12-31 23:50:20.538000,17420538,0.0,27.3,1026.8,0.0,-999.0,0,0.0,0.074
1969-12-31 23:50:22.538000,17422538,0.0,27.3,1026.9,0.0,-999.0,0,0.0,0.081
1969-12-31 23:50:24.538000,17424538,0.0,27.3,1026.8,0.0,-999.0,0,0.0,0.076
1969-12-31 23:50:26.538000,17426538,0.0,27.3,1026.9,0.0,-999.0,0,0.0,0.08
1969-12-31 23:50:28.538000,17428538,0.0,27.3,1027.2,0.0,-999.0,0,0.0,0.081
1969-12-31 23:50:30.538000,17430538,0.0,27.3,1026.8,0.0,-999.0,0,0.0,0.077
1969-12-31 23:50:32.538000,17432538,0.0,27.3,1026.9,0.0,-999.0,0,0.0,0.077
1969-12-31 23:50:34.548000,17434548,0.0,27.3,1026.9,0.0,-999.0,0,0.0,0.072
1969-12-31 23:50:36.538000,17436538,0.0,27.3,1026.8,0.0,-999.0,0,0.0,0.074
1969-12-31 23:50:38.538000,17438538,0.0,27.3,1026.9,0.0,-999.0,0,0.0,0.081
1969-12-31 23:50:40.538000,17440538,0.0,27.3,1026.9,0.0,-999.0,0,0.0,0.079
1969-12-31 23:50:42.538000,17442538,0.0,27.3,1026.8,0.0,-999.0,0,0.0,0.08
1969-12-31 23:50:44.538000,17444538,0.0,27.3,1026.8,0.0,-999.0,0,0.1,0.082
1969-12-31 23:50:46.538000,17446538,0.0,27.3,1026.8,0.0,-999.0,0,0.0,0.077
1969-12-31 23:50:48.538000,17448538,0.0,27.3,1026.8,0.0,-999.0,0,0.0,0.075
1969-12-31 23:50:50.548000,17450548,0.0,27.3,1026.9,0.0,-999.0,0,0.0,0.078
1969-12-31 23:50:52.538000,17452538,0.0,27.3,1026.8,0.0,-999.0,0,0.0,0.076
1969-12-31 23:50:54.538000,17454538,0.0,27.3,1026.9,0.0,-999.0,0,0.0,0.081
1969-12-31 23:50:56.538000,17456538,0.0,27.3,1026.9,0.0,-999.0,0,0.0,0.072
1969-12-31 23:50:58.548000,17458548,0.0,27.3,1026.9,0.0,-999.0,0,0.0,0.072
1969-12-31 23:51:00.548000,17460548,0.0,27.3,1026.8,0.0,-999.0,0,0.0,0.075
1969-12-31 23:51:02.548000,17462548,0.0,27.3,1026.9,0.0,-999.0,0,0.0,0.071
1969-12-31 23:51:04.548000,17464548,0.0,27.3,1026.9,0.0,-999.0,0,0.0,0.075
1969-12-31 23:51:06.548000,17466548,0.0,27.3,1026.9,0.0,-999.0,0,0.0,0.072
1969-12-31 23:51:08.548000,17468548,0.0,27.3,1026.8,0.0,-999.0,0,0.0,0.076
1969-12-31 23:51:10.548000,17470548,0.0,27.3,1026.9,0.0,-999.0,0,0.1,0.082
1969-12-31 23:51:12.548000,17472548,0.0,27.3,1026.9,0.0,-999.0,0,0.0,0.077
1969-12-31 23:51:14.548000,17474548,0.0,27.3,1026.8,0.0,-999.0,0,0.0,0.073
1969-12-31 23:51:16.548000,17476548,0.0,27.3,1026.8,0.0,-999.0,0,0.0,0.073
1969-12-31 23:51:18.548000,17478548,0.0,27.3,1026.8,0.0,-999.0,0,0.0,0.073
1969-12-31 23:51:20.548000,17480548,0.0,27.3,1026.8,0.0,-999.0,0,0.0,0.075
1969-12-31 23:51:22.548000,17482548,0.0,27.3,1027.1,0.0,-999.0,0,0.0,0.079
1969-12-31 23:51:24.548000,17484548,0.0,27.3,1026.9,0.0,-999.0,0,0.0,0.075
1969-12-31 23:51:26.548000,17486548,0.0,27.3,1026.9,0.0,-999.0,0,0.0,0.081
1969-12-31 23:51:28.548000,17488548,0.0,27.3,1026.8,0.0,-999.0,0,0.0,0.079
1969-12-31 23:51:30.548000,17490548,0.0,27.3,1026.9,0.0,-999.0,0,0.0,0.077
1969-12-31 23:51:32.548000,17492548,0.0,27.3,1026.8,0.0,-999.0,0,0.0,0.077
1969-12-31 23:51:34.548000,17494548,0.0,27.3,1026.8,0.0,-999.0,0,0.0,0.077
1969-12-31 23:51:36.548000,17496548,0.0,27.3,1026.9,0.0,-999.0,0,0.1,0.082
1969-12-31 23:51:38.548000,17498548,0.0,27.3,1026.8,0.0,-999.0,0,0.0,0.074
1969-12-31 23:51:40.548000,17500548,0.0,27.3,1026.9,0.0,-999.0,0,0.0,0.081
1969-12-31 23:51:42.548000,17502548,0.0,27.3,1027.1,0.0,-999.0,0,0.0,0.075
1969-12-31 23:51:44.548000,17504548,0.0,27.3,1026.8,0.0,-999.0,0,0.0,0.074
1969-12-31 23:51:46.548000,17506548,0.0,27.3,1026.8,0.0,-999.0,0,0.0,0.073
1969-12-31 23:51:48.548000,17508548,0.0,27.3,1026.9,0.0,-999.0,0,0.0,0.08
1969-12-31 23:51:50.548000,17510548,0.0,27.3,1026.9,0.0,-999.0,0,0.0,0.075
1969-12-31 23:51:52.548000,17512548,0.0,27.3,1026.8,0.0,-999.0,0,0.0,0.079
1969-12-31 23:51:54.548000,17514548,0.0,27.3,1026.8,0.0,-999.0,0,0.0,0.078
1969-12-31 23:51:56.548000,17516548,0.0,27.3,1026.8,0.0,-999.0,0,0.0,0.081
1969-12-31 23:51:58.548000,17518548,0.0,27.3,1026.9,0.0,-999.0,0,0.0,0.078
1969-12-31 23:52:00.548000,17520548,0.0,27.3,1026.9,0.0,-999.0,0,0.0,0.077
1969-12-31 23:52:02.548000,17522548,0.0,27.3,1026.9,0.0,-999.0,0,0.0,0.073
1969-12-31 23:52:04.548000,17524548,0.0,27.3,1026.8,0.0,-999.0,0,0.0,0.074
1969-12-31 23:52:06.548000,17526548,0.0,27.3,1026.8,0.0,-999.0,0,0.0,0.077
1969-12-31 23:52:08.548000,17528548,0.0,27.3,1026.9,0.0,-999.0,0,0.0,0.076
1969-12-31 23:52:10.548000,17530548,0.0,27.3,1026.9,0.0,-999.0,0,0.0,0.077
1969-12-31 23:52:12.548000,17532548,0.0,27.3,1026.9,0.0,-999.0,0,0.0,0.079
1969-12-31 23:52:14.548000,17534548,0.0,27.3,1027.1,0.0,-999.0,0,0.0,0.081
1969-12-31 23:52:16.548000,17536548,0.0,27.3,1026.9,0.0,-999.0,0,0.0,0.076
1969-12-31 23:52:18.548000,17538548,0.0,27.3,1026.9,0.0,-999.0,0,0.0,0.081
1969-12-31 23:52:20.548000,17540548,0.0,27.3,1026.9,0.0,-999.0,0,0.1,0.083
1969-12-31 23:52:22.548000,17542548,0.0,27.3,1026.9,0.0,-999.0,0,0.0,0.074
1969-12-31 23:52:24.548000,17544548,0.0,27.3,1026.9,0.0,-999.0,0,0.0,0.078
1969-12-31 23:52:26.548000,17546548,0.0,27.3,1026.9,0.0,-999.0,0,0.0,0.073
1969-12-31 23:52:28.548000,17548548,0.0,27.3,1026.8,0.0,-999.0,0,0.0,0.076
1969-12-31 23:52:30.548000,17550548,0.0,27.3,1026.9,0.0,-999.0,0,0.0,0.079
1969-12-31 23:52:32.548000,17552548,0.0,27.3,1026.9,0.0,-999.0,0,0.0,0.079
1969-12-31 23:52:34.548000,17554548,0.0,27.3,1026.8,0.0,-999.0,0,0.0,0.079
1969-12-31 23:52:36.548000,17556548,0.0,27.3,1026.8,0.0,-999.0,0,0.0,0.081
1969-12-31 23:52:38.548000,17558548,0.0,27.3,1026.9,0.0,-999.0,0,0.0,0.075
1969-12-31 23:52:40.548000,17560548,0.0,27.3,1026.8,0.0,-999.0,0,0.0,0.075
1969-12-31 23:52:42.548000,17562548,0.0,27.3,1026.8,0.0,-999.0,0,0.0,0.073
1969-12-31 23:52:44.548000,17564548,0.0,27.3,1026.8,0.0,-999.0,0,0.0,0.081
1969-12-31 23:52:46.548000,17566548,0.0,27.3,1026.8,0.0,-999.0,0,0.0,0.077
1969-12-31 23:52:48.548000,17568548,0.0,27.3,1026.8,0.0,-999.0,0,0.0,0.08
1969-12-31 23:52:50.548000,17570548,0.0,27.3,1026.9,0.0,-999.0,0,0.0,0.074
1969-12-31 23:52:52.548000,17572548,0.0,27.3,1026.8,0.0,-999.0,0,0.0,0.079
1969-12-31 23:52:54.548000,17574548,0.0,27.3,1026.8,0.0,-999.0,0,0.0,0.077
1969-12-31 23:52:56.548000,17576548,0.0,27.3,1026.9,0.0,-999.0,0,0.0,0.079
1969-12-31 23:52:58.548000,17578548,0.0,27.3,1026.8,0.0,-999.0,0,0.0,0.079
1969-12-31 23:53:00.548000,17580548,0.0,27.3,1026.8,0.0,-999.0,0,0.0,0.073
1969-12-31 23:53:02.548000,17582548,0.0,27.3,1026.9,0.0,-999.0,0,0.0,0.077
1969-12-31 23:53:04.548000,17584548,0.0,27.3,1026.9,0.0,-999.0,0,0.1,0.082
1969-12-31 23:53:06.548000,17586548,0.0,27.3,1026.9,0.0,-999.0,0,0.0,0.075
1969-12-31 23:53:08.548000,17588548,0.0,27.3,1026.9,0.0,-999.0,0,0.0,0.075
1969-12-31 23:53:10.548000,17590548,0.0,27.3,1026.9,0.0,-999.0,0,0.0,0.081
1969-12-31 23:53:12.549000,17592549,0.0,27.3,1026.9,0.0,-999.0,0,0.0,0.069
1969-12-31 23:53:14.548000,17594548,0.0,27.3,1026.9,0.0,-999.0,0,0.1,0.083
1969-12-31 23:53:16.548000,17596548,0.0,27.3,1026.9,0.0,-999.0,0,0.0,0.076
1969-12-31 23:53:18.548000,17598548,0.0,27.3,1026.9,0.0,-999.0,0,0.0,0.077
1969-12-31 23:53:20.548000,17600548,0.0,27.3,1026.9,0.0,-999.0,0,0.0,0.077
1969-12-31 23:53:22.548000,17602548,0.0,27.3,1026.8,0.0,-999.0,0,0.0,0.08
1969-12-31 23:53:24.548000,17604548,0.0,27.3,1026.8,0.0,-999.0,0,0.0,0.078
1969-12-31 23:53:26.548000,17606548,0.0,27.3,1026.9,0.0,-999.0,0,0.0,0.079
1969-12-31 23:53:28.548000,17608548,0.0,27.3,1026.9,0.0,-999.0,0,0.0,0.081
1969-12-31 23:53:30.548000,17610548,0.0,27.3,1026.9,0.0,-999.0,0,0.0,0.078
1969-12-31 23:53:32.548000,17612548,0.0,27.3,1026.8,0.0,-999.0,0,0.0,0.078
1969-12-31 23:53:34.548000,17614548,0.0,27.3,1026.8,0.0,-999.0,0,0.0,0.073
1969-12-31 23:53:36.548000,17616548,0.0,27.3,1026.9,0.0,-999.0,0,0.0,0.074
1969-12-31 23:53:38.548000,17618548,0.0,27.3,1026.9,0.0,-999.0,0,0.0,0.081
1969-12-31 23:53:40.548000,17620548,0.0,27.3,1026.9,0.0,-999.0,0,0.0,0.077
1969-12-31 23:53:42.548000,17622548,0.0,27.3,1026.9,0.0,-999.0,0,0.0,0.076
1969-12-31 23:53:44.548000,17624548,0.0,27.3,1026.8,0.0,-999.0,0,0.0,0.075
1969-12-31 23:53:46.548000,17626548,0.0,27.3,1026.7,0.0,-999.0,0,0.0,0.079
1969-12-31 23:53:48.548000,17628548,0.0,27.3,1026.8,0.0,-999.0,0,0.0,0.077
1969-12-31 23:53:50.548000,17630548,0.0,27.3,1026.9,0.0,-999.0,0,0.0,0.08
1969-12-31 23:53:52.548000,17632548,0.0,27.3,1026.8,0.0,-999.0,0,0.0,0.08
1969-12-31 23:53:54.548000,17634548,0.0,27.3,1026.9,0.0,-999.0,0,0.0,0.08
1969-12-31 23:53:56.548000,17636548,0.0,27.3,1026.9,0.0,-999.0,0,0.0,0.079
1969-12-31 23:53:58.548000,17638548,0.0,27.3,1026.9,0.0,-999.0,0,0.0,0.077
1969-12-31 23:54:00.548000,17640548,0.0,27.3,1026.9,0.0,-999.0,0,0.0,0.079
1969-12-31 23:54:02.548000,17642548,0.0,27.3,1026.9,0.0,-999.0,0,0.0,0.077
1969-12-31 23:54:04.548000,17644548,0.0,27.3,1026.8,0.0,-999.0,0,0.0,0.077
1969-12-31 23:54:06.548000,17646548,0.0,27.3,1026.9,0.0,-999.0,0,0.0,0.079
1969-12-31 23:54:08.549000,17648549,0.0,27.3,1026.9,0.0,-999.0,0,0.0,0.078
1969-12-31 23:54:10.548000,17650548,0.0,27.3,1026.8,0.0,-999.0,0,0.0,0.076
1969-12-31 23:54:12.548000,17652548,0.0,27.3,1026.9,0.0,-999.0,0,0.0,0.075
1969-12-31 23:54:14.548000,17654548,0.0,27.3,1026.9,0.0,-999.0,0,0.0,0.073
1969-12-31 23:54:16.548000,17656548,0.0,27.3,1026.9,0.0,-999.0,0,0.0,0.074
1969-12-31 23:54:18.548000,17658548,0.0,27.3,1026.9,0.0,-999.0,0,0.0,0.08
1969-12-31 23:54:20.548000,17660548,0.0,27.3,1026.8,0.0,-999.0,0,0.0,0.073
1969-12-31 23:54:22.548000,17662548,0.0,27.3,1026.9,0.0,-999.0,0,0.0,0.075
1969-12-31 23:54:24.548000,17664548,0.0,27.3,1026.9,0.0,-999.0,0,0.0,0.077
1969-12-31 23:54:26.548000,17666548,0.0,27.3,1026.8,0.0,-999.0,0,0.0,0.073
1969-12-31 23:54:28.548000,17668548,0.0,27.3,1026.8,0.0,-999.0,0,0.0,0.073
1969-12-31 23:54:30.548000,17670548,0.0,27.3,1026.8,0.0,-999.0,0,0.0,0.076
1969-12-31 23:54:32.548000,17672548,0.0,27.3,1026.8,0.0,-999.0,0,0.0,0.073
1969-12-31 23:54:34.548000,17674548,0.0,27.3,1026.9,0.0,-999.0,0,0.0,0.08
1969-12-31 23:54:36.548000,17676548,0.0,27.3,1026.8,0.0,-999.0,0,0.0,0.081
1969-12-31 23:54:38.548000,17678548,0.0,27.3,1026.9,0.0,-999.0,0,0.0,0.078
1969-12-31 23:54:40.548000,17680548,0.0,27.3,1026.8,0.0,-999.0,0,0.0,0.073
1969-12-31 23:54:42.548000,17682548,0.0,27.3,1026.8,0.0,-999.0,0,0.0,0.077
1969-12-31 23:54:44.548000,17684548,0.0,27.3,1026.8,0.0,-999.0,0,0.0,0.077
1969-12-31 23:54:46.548000,17686548,0.0,27.3,1026.9,0.0,-999.0,0,0.0,0.077
1969-12-31 23:54:48.548000,17688548,0.0,27.3,1026.8,0.0,-999.0,0,0.0,0.076
1969-12-31 23:54:50.548000,17690548,0.0,27.3,1026.9,0.0,-999.0,0,0.0,0.073
1969-12-31 23:54:52.548000,17692548,0.0,27.3,1026.9,0.0,-999.0,0,0.0,0.08
1969-12-31 23:54:54.548000,17694548,0.0,27.3,1026.9,0.0,-999.0,0,0.0,0.077
1969-12-31 23:54:56.548000,17696548,0.0,27.3,1026.9,0.0,-999.0,0,0.0,0.081
1969-12-31 23:54:58.548000,17698548,0.0,27.3,1026.8,0.0,-999.0,0,0.0,0.072
1969-12-31 23:55:00.548000,17700548,0.0,27.3,1026.9,0.0,-999.0,0,0.0,0.077
1969-12-31 23:55:02.548000,17702548,0.0,27.3,1026.9,0.0,-999.0,0,0.0,0.077
1969-12-31 23:55:04.549000,17704549,0.0,27.3,1026.9,0.0,-999.0,0,0.0,0.074
1969-12-31 23:55:06.548000,17706548,0.0,27.3,1026.9,0.0,-999.0,0,0.0,0.074
1969-12-31 23:55:08.548000,17708548,0.0,27.3,1026.8,0.0,-999.0,0,0.0,0.077
1969-12-31 23:55:10.548000,17710548,0.0,27.3,1026.9,0.0,-999.0,0,0.0,0.077
1969-12-31 23:55:12.548000,17712548,0.0,27.3,1026.8,0.0,-999.0,0,0.0,0.073
1969-12-31 23:55:14.548000,17714548,0.0,27.3,1026.8,0.0,-999.0,0,0.0,0.077
1969-12-31 23:55:16.548000,17716548,0.0,27.3,1026.9,0.0,-999.0,0,0.0,0.081
1969-12-31 23:55:18.548000,17718548,0.0,27.3,1026.9,0.0,-999.0,0,0.0,0.077
1969-12-31 23:55:20.548000,17720548,0.0,27.3,1026.8,0.0,-999.0,0,0.0,0.077
1969-12-31 23:55:22.548000,17722548,0.0,27.3,1026.9,0.0,-999.0,0,0.0,0.075
1969-12-31 23:55:24.548000,17724548,0.0,27.3,1026.8,0.0,-999.0,0,0.0,0.077
1969-12-31 23:55:26.548000,17726548,0.0,27.3,1026.8,0.0,-999.0,0,0.0,0.079
1969-12-31 23:55:28.548000,17728548,0.0,27.3,1026.8,0.0,-999.0,0,0.0,0.076
1969-12-31 23:55:30.548000,17730548,0.0,27.3,1026.8,0.0,-999.0,0,0.0,0.073
1969-12-31 23:55:32.548000,17732548,0.0,27.3,1026.9,0.0,-999.0,0,0.0,0.076
1969-12-31 23:55:34.548000,17734548,0.0,27.3,1026.9,0.0,-999.0,0,0.0,0.077
1969-12-31 23:55:36.548000,17736548,0.0,27.3,1026.9,0.0,-999.0,0,0.0,0.078
1969-12-31 23:55:38.548000,17738548,0.0,27.3,1026.9,0.0,-999.0,0,0.0,0.074
1969-12-31 23:55:40.548000,17740548,0.0,27.3,1026.8,0.0,-999.0,0,0.0,0.081
1969-12-31 23:55:42.548000,17742548,0.0,27.3,1026.9,0.0,-999.0,0,0.1,0.084
1969-12-31 23:55:44.548000,17744548,0.0,27.3,1026.9,0.0,-999.0,0,0.0,0.077
1969-12-31 23:55:46.548000,17746548,0.0,27.3,1026.8,0.0,-999.0,0,0.0,0.08
1969-12-31 23:55:48.548000,17748548,0.0,27.3,1026.9,0.0,-999.0,0,0.0,0.077
1969-12-31 23:55:50.548000,17750548,0.0,27.3,1026.8,0.0,-999.0,0,0.0,0.081
1969-12-31 23:55:52.548000,17752548,0.0,27.3,1026.9,0.0,-999.0,0,0.0,0.077
1969-12-31 23:55:54.548000,17754548,0.0,27.3,1026.8,0.0,-999.0,0,0.0,0.075
1969-12-31 23:55:56.548000,17756548,0.0,27.3,1026.8,0.0,-999.0,0,0.0,0.078
1969-12-31 23:55:58.548000,17758548,0.0,27.3,1026.9,0.0,-999.0,0,0.1,0.083
1969-12-31 23:56:00.548000,17760548,0.0,27.3,1026.8,0.0,-999.0,0,0.0,0.08
1969-12-31 23:56:02.548000,17762548,0.0,27.3,1026.9,0.0,-999.0,0,0.1,0.082
1969-12-31 23:56:04.548000,17764548,0.0,27.3,1026.8,0.0,-999.0,0,0.0,0.073
1969-12-31 23:56:06.548000,17766548,0.0,27.3,1026.9,0.0,-999.0,0,0.0,0.079
1969-12-31 23:56:08.548000,17768548,0.0,27.3,1026.8,0.0,-999.0,0,0.1,0.082
1969-12-31 23:56:10.548000,17770548,0.0,27.3,1026.9,0.0,-999.0,0,0.0,0.08
1969-12-31 23:56:12.548000,17772548,0.0,27.3,1026.8,0.0,-999.0,0,0.0,0.072
1969-12-31 23:56:14.548000,17774548,0.0,27.3,1026.8,0.0,-999.0,0,0.0,0.078
1969-12-31 23:56:16.548000,17776548,0.0,27.3,1026.8,0.0,-999.0,0,0.0,0.079
1969-12-31 23:56:18.548000,17778548,0.0,27.3,1026.8,0.0,-999.0,0,0.0,0.074
1969-12-31 23:56:20.548000,17780548,0.0,27.3,1026.9,0.0,-999.0,0,0.1,0.082
1969-12-31 23:56:22.548000,17782548,0.0,27.3,1026.9,0.0,-999.0,0,0.0,0.079
1969-12-31 23:56:24.548000,17784548,0.0,27.3,1027.1,0.0,-999.0,0,0.0,0.076
1969-12-31 23:56:26.548000,17786548,0.0,27.3,1026.8,0.0,-999.0,0,0.0,0.077
1969-12-31 23:56:28.548000,17788548,0.0,27.3,1026.8,0.0,-999.0,0,0.0,0.074
1969-12-31 23:56:30.548000,17790548,0.0,27.3,1026.8,0.0,-999.0,0,0.0,0.077
1969-12-31 23:56:32.548000,17792548,0.0,27.3,1026.9,0.0,-999.0,0,0.0,0.077
1969-12-31 23:56:34.548000,17794548,0.0,27.3,1026.8,0.0,-999.0,0,0.0,0.077
1969-12-31 23:56:36.548000,17796548,0.0,27.3,1026.8,0.0,-999.0,0,0.0,0.077
1969-12-31 23:56:38.548000,17798548,0.0,27.3,1026.8,0.0,-999.0,0,0.1,0.084
1969-12-31 23:56:40.548000,17800548,0.0,27.3,1026.9,0.0,-999.0,0,0.0,0.079
1969-12-31 23:56:42.628000,17802628,0.0,27.3,1026.9,0.0,-999.0,0,0.0,0.074
1969-12-31 23:56:44.548000,17804548,0.0,27.3,1026.9,0.0,-999.0,0,0.0,0.078
1969-12-31 23:56:46.548000,17806548,0.0,27.3,1026.8,0.0,-999.0,0,0.0,0.077
1969-12-31 23:56:48.548000,17808548,0.0,27.3,1026.8,0.0,-999.0,0,0.0,0.073
1969-12-31 23:56:50.548000,17810548,0.0,27.3,1026.8,0.0,-999.0,0,0.0,0.076
1969-12-31 23:56:52.548000,17812548,0.0,27.3,1026.8,0.0,-999.0,0,0.0,0.075
1969-12-31 23:56:54.548000,17814548,0.0,27.3,1026.8,0.0,-999.0,0,0.0,0.081
1969-12-31 23:56:56.548000,17816548,0.0,27.3,1026.9,0.0,-999.0,0,0.0,0.076
1969-12-31 23:56:58.548000,17818548,0.0,27.3,1026.9,0.0,-999.0,0,0.0,0.078
1969-12-31 23:57:00.548000,17820548,0.0,27.3,1026.8,0.0,-999.0,0,0.0,0.077
1969-12-31 23:57:02.548000,17822548,0.0,27.3,1026.8,0.0,-999.0,0,0.0,0.073
1969-12-31 23:57:04.548000,17824548,0.0,27.3,1026.8,0.0,-999.0,0,0.0,0.08
1969-12-31 23:57:06.548000,17826548,0.0,27.3,1026.8,0.0,-999.0,0,0.0,0.077
1969-12-31 23:57:08.548000,17828548,0.0,27.3,1026.8,0.0,-999.0,0,0.0,0.078
1969-12-31 23:57:10.548000,17830548,0.0,27.3,1026.8,0.0,-999.0,0,0.0,0.074
1969-12-31 23:57:12.548000,17832548,0.0,27.3,1026.9,0.0,-999.0,0,0.0,0.077
1969-12-31 23:57:14.548000,17834548,0.0,27.3,1026.9,0.0,-999.0,0,0.0,0.08
1969-12-31 23:57:16.548000,17836548,0.0,27.3,1026.9,0.0,-999.0,0,0.0,0.078
1969-12-31 23:57:18.548000,17838548,0.0,27.3,1027.1,0.0,-999.0,0,0.0,0.079
1969-12-31 23:57:20.548000,17840548,0.0,27.3,1027.1,0.0,-999.0,0,0.0,0.078
1969-12-31 23:57:22.548000,17842548,0.0,27.3,1026.8,0.0,-999.0,0,0.0,0.077
1969-12-31 23:57:24.548000,17844548,0.0,27.3,1026.9,0.0,-999.0,0,0.0,0.075
1969-12-31 23:57:26.548000,17846548,0.0,27.3,1026.9,0.0,-999.0,0,0.0,0.078
1969-12-31 23:57:28.548000,17848548,0.0,27.3,1026.9,0.0,-999.0,0,0.0,0.077
1969-12-31 23:57:30.548000,17850548,0.0,27.3,1026.9,0.0,-999.0,0,0.0,0.076
1969-12-31 23:57:32.548000,17852548,0.0,27.3,1026.9,0.0,-999.0,0,0.0,0.077
1969-12-31 23:57:34.548000,17854548,0.0,27.3,1026.9,0.0,-999.0,0,0.0,0.075
1969-12-31 23:57:36.548000,17856548,0.0,27.3,1026.9,0.0,-999.0,0,0.0,0.072
1969-12-31 23:57:38.548000,17858548,0.0,27.3,1026.9,0.0,-999.0,0,0.0,0.073
1969-12-31 23:57:40.548000,17860548,0.0,27.3,1026.7,0.0,-999.0,0,0.0,0.074
1969-12-31 23:57:42.548000,17862548,0.0,27.3,1026.8,0.0,-999.0,0,0.0,0.074
1969-12-31 23:57:44.548000,17864548,0.0,27.3,1026.9,0.0,-999.0,0,0.0,0.076
1969-12-31 23:57:46.548000,17866548,0.0,27.3,1026.9,0.0,-999.0,0,0.0,0.076
1969-12-31 23:57:48.548000,17868548,0.0,27.3,1026.9,0.0,-999.0,0,0.0,0.077
1969-12-31 23:57:50.548000,17870548,0.0,27.3,1026.9,0.0,-999.0,0,0.0,0.08
1969-12-31 23:57:52.548000,17872548,0.0,27.3,1026.8,0.0,-999.0,0,0.0,0.076
1969-12-31 23:57:54.548000,17874548,0.0,27.3,1026.8,0.0,-999.0,0,0.0,0.076
1969-12-31 23:57:56.548000,17876548,0.0,27.3,1026.8,0.0,-999.0,0,0.0,0.077
1969-12-31 23:57:58.548000,17878548,0.0,27.3,1026.9,0.0,-999.0,0,0.0,0.072
1969-12-31 23:58:00.548000,17880548,0.0,27.3,1026.9,0.0,-999.0,0,0.0,0.068
1969-12-31 23:58:02.548000,17882548,0.0,27.3,1026.9,0.0,-999.0,0,0.0,0.073
1969-12-31 23:58:04.548000,17884548,0.0,27.3,1026.8,0.0,-999.0,0,0.0,0.077
1969-12-31 23:58:06.548000,17886548,0.0,27.3,1026.9,0.0,-999.0,0,0.0,0.073
1969-12-31 23:58:08.548000,17888548,0.0,27.3,1026.9,0.0,-999.0,0,0.0,0.074
1969-12-31 23:58:10.548000,17890548,0.0,27.3,1026.9,0.0,-999.0,0,0.0,0.078
1969-12-31 23:58:12.548000,17892548,0.0,27.3,1026.8,0.0,-999.0,0,0.0,0.078
1969-12-31 23:58:14.548000,17894548,0.0,27.3,1026.9,0.0,-999.0,0,0.0,0.076
1969-12-31 23:58:16.548000,17896548,0.0,27.3,1026.9,0.0,-999.0,0,0.0,0.075
1969-12-31 23:58:18.548000,17898548,0.0,27.3,1027.1,0.0,-999.0,0,0.0,0.081
1969-12-31 23:58:20.548000,17900548,0.0,27.3,1026.9,0.0,-999.0,0,0.0,0.076
1969-12-31 23:58:22.548000,17902548,0.0,27.3,1026.9,0.0,-999.0,0,0.0,0.079
1969-12-31 23:58:24.548000,17904548,0.0,27.3,1026.9,0.0,-999.0,0,0.0,0.077
1969-12-31 23:58:26.548000,17906548,0.0,27.3,1026.9,0.0,-999.0,0,0.1,0.082
1969-12-31 23:58:28.548000,17908548,0.0,27.3,1026.8,0.0,-999.0,0,0.0,0.075
1969-12-31 23:58:30.548000,17910548,0.0,27.3,1026.8,0.0,-999.0,0,0.0,0.075
1969-12-31 23:58:32.548000,17912548,0.0,27.3,1026.8,0.0,-999.0,0,0.0,0.077
1969-12-31 23:58:34.548000,17914548,0.0,27.3,1026.8,0.0,-999.0,0,0.0,0.073
1969-12-31 23:58:36.548000,17916548,0.0,27.3,1026.7,0.0,-999.0,0,0.2,0.085
1969-12-31 23:58:38.548000,17918548,0.0,27.3,1026.8,0.0,-999.0,0,0.0,0.073
1969-12-31 23:58:40.548000,17920548,0.0,27.3,1026.8,0.0,-999.0,0,0.0,0.075
1969-12-31 23:58:42.548000,17922548,0.0,27.3,1026.9,0.0,-999.0,0,0.0,0.073
1969-12-31 23:58:44.548000,17924548,0.0,27.3,1026.8,0.0,-999.0,0,0.0,0.073
1969-12-31 23:58:46.548000,17926548,0.0,27.3,1026.9,0.0,-999.0,0,0.0,0.077
1969-12-31 23:58:48.548000,17928548,0.0,27.3,1026.9,0.0,-999.0,0,0.0,0.078
1969-12-31 23:58:50.548000,17930548,0.0,27.3,1026.9,0.0,-999.0,0,0.0,0.077
1969-12-31 23:58:52.548000,17932548,0.0,27.3,1026.9,0.0,-999.0,0,0.2,0.086
1969-12-31 23:58:54.548000,17934548,0.0,27.3,1026.9,0.0,-999.0,0,0.0,0.07
1969-12-31 23:58:56.548000,17936548,0.0,27.3,1026.8,0.0,-999.0,0,0.0,0.073
1969-12-31 23:58:58.548000,17938548,0.0,27.3,1026.9,0.0,-999.0,0,0.0,0.075
1969-12-31 23:59:00.548000,17940548,0.0,27.3,1026.8,0.0,-999.0,0,0.0,0.073
1969-12-31 23:59:02.548000,17942548,0.0,27.3,1026.9,0.0,-999.0,0,0.0,0.077
1969-12-31 23:59:04.548000,17944548,0.0,27.3,1026.8,0.0,-999.0,0,0.0,0.076
1969-12-31 23:59:06.548000,17946548,0.0,27.3,1026.8,0.0,-999.0,0,0.0,0.078
1969-12-31 23:59:08.548000,17948548,0.0,27.3,1026.9,0.0,-999.0,0,0.0,0.077
1969-12-31 23:59:10.558000,17950558,0.0,27.3,1026.9,0.0,-999.0,0,0.0,0.074
1969-12-31 23:59:12.558000,17952558,0.0,27.3,1026.8,0.0,-999.0,0,0.0,0.081
1969-12-31 23:59:14.548000,17954548,0.0,27.3,1026.8,0.0,-999.0,0,0.0,0.073
1969-12-31 23:59:16.548000,17956548,0.0,27.3,1026.8,0.0,-999.0,0,0.0,0.076
1969-12-31 23:59:18.558000,17958558,0.0,27.3,1026.9,0.0,-999.0,0,0.0,0.076
1969-12-31 23:59:20.558000,17960558,0.0,27.3,1026.8,0.0,-999.0,0,0.0,0.077
1969-12-31 23:59:22.558000,17962558,0.0,27.3,1026.8,0.0,-999.0,0,0.0,0.077
1969-12-31 23:59:24.558000,17964558,0.0,27.3,1026.8,0.0,-999.0,0,0.0,0.074
1969-12-31 23:59:26.558000,17966558,0.0,27.3,1026.8,0.0,-999.0,0,0.0,0.078
1969-12-31 23:59:28.558000,17968558,0.0,27.3,1026.8,0.0,-999.0,0,0.0,0.075
1969-12-31 23:59:30.558000,17970558,0.0,27.3,1026.8,0.0,-999.0,0,0.0,0.071
1969-12-31 23:59:32.558000,17972558,0.0,27.3,1026.8,0.0,-999.0,0,0.0,0.081
1969-12-31 23:59:34.558000,17974558,0.0,27.3,1026.7,0.0,-999.0,0,0.0,0.078
1969-12-31 23:59:36.558000,17976558,0.0,27.3,1026.8,0.0,-999.0,0,0.0,0.075
1969-12-31 23:59:38.558000,17978558,0.0,27.3,1026.8,0.0,-999.0,0,0.0,0.076
1969-12-31 23:59:40.558000,17980558,0.0,27.3,1026.8,0.0,-999.0,0,0.0,0.081
1969-12-31 23:59:42.558000,17982558,0.0,27.3,1026.9,0.0,-999.0,0,0.0,0.079
1969-12-31 23:59:44.558000,17984558,0.0,27.3,1026.8,0.0,-999.0,0,0.0,0.076
1969-12-31 23:59:46.558000,17986558,0.0,27.3,1026.8,0.0,-999.0,0,0.0,0.073
1969-12-31 23:59:48.558000,17988558,0.0,27.3,1026.9,0.0,-999.0,0,0.0,0.081
1969-12-31 23:59:50.558000,17990558,0.0,27.3,1026.8,0.0,-999.0,0,0.0,0.076
1969-12-31 23:59:52.558000,17992558,0.0,27.3,1026.8,0.0,-999.0,0,0.0,0.073
1969-12-31 23:59:54.558000,17994558,0.0,27.3,1026.8,0.0,-999.0,0,0.1,0.083
1969-12-31 23:59:56.558000,17996558,0.0,27.3,1026.8,0.0,-999.0,0,0.0,0.077
1969-12-31 23:59:58.558000,17998558,0.0,27.3,1026.8,0.0,-999.0,0,0.0,0.073
1970-01-01 00:00:00.558000,18000558,0.0,27.3,1026.7,0.0,-999.0,0,0.0,0.081
1970-01-01 00:00:02.558000,18002558,0.0,27.3,1026.8,0.0,-999.0,0,0.0,0.072
1970-01-01 00:00:04.558000,18004558,0.0,27.3,1026.8,0.0,-999.0,0,0.0,0.081
1970-01-01 00:00:06.558000,18006558,0.0,27.3,1026.7,0.0,-999.0,0,0.0,0.077
1970-01-01 00:00:08.558000,18008558,0.0,27.3,1026.8,0.0,-999.0,0,0.0,0.072
1970-01-01 00:00:10.558000,18010558,0.0,27.3,1026.9,0.0,-999.0,0,0.0,0.078
1970-01-01 00:00:12.558000,18012558,0.0,27.3,1026.8,0.0,-999.0,0,0.0,0.076
1970-01-01 00:00:14.558000,18014558,0.0,27.3,1026.8,0.0,-999.0,0,0.0,0.073
1970-01-01 00:00:16.558000,18016558,0.0,27.3,1026.8,0.0,-999.0,0,0.0,0.078
1970-01-01 00:00:18.558000,18018558,0.0,27.3,1026.9,0.0,-999.0,0,0.0,0.08
1970-01-01 00:00:20.558000,18020558,0.0,27.3,1027.1,0.0,-999.0,0,0.0,0.075
1970-01-01 00:00:22.558000,18022558,0.0,27.3,1026.8,0.0,-999.0,0,0.0,0.079
1970-01-01 00:00:24.558000,18024558,0.0,27.3,1026.8,0.0,-999.0,0,0.0,0.078
1970-01-01 00:00:26.558000,18026558,0.0,27.3,1026.8,0.0,-999.0,0,0.0,0.077
1970-01-01 00:00:28.558000,18028558,0.0,27.3,1026.8,0.0,-999.0,0,0.0,0.073
1970-01-01 00:00:30.558000,18030558,0.0,27.3,1026.8,0.0,-999.0,0,0.0,0.077
1970-01-01 00:00:32.558000,18032558,0.0,27.3,1026.8,0.0,-999.0,0,0.0,0.074
1970-01-01 00:00:34.558000,18034558,0.0,27.3,1026.8,0.0,-999.0,0,0.0,0.076
1970-01-01 00:00:36.558000,18036558,0.0,27.3,1026.9,0.0,-999.0,0,0.0,0.075
1970-01-01 00:00:38.558000,18038558,0.0,27.3,1026.8,0.0,-999.0,0,0.0,0.073
1970-01-01 00:00:40.558000,18040558,0.0,27.3,1026.8,0.0,-999.0,0,0.0,0.078
1970-01-01 00:00:42.558000,18042558,0.0,27.3,1026.9,0.0,-999.0,0,0.0,0.081
1970-01-01 00:00:44.558000,18044558,0.0,27.3,1026.9,0.0,-999.0,0,0.0,0.078
1970-01-01 00:00:46.558000,18046558,0.0,27.3,1026.8,0.0,-999.0,0,0.0,0.077
1970-01-01 00:00:48.558000,18048558,0.0,27.3,1026.8,0.0,-999.0,0,0.0,0.081
1970-01-01 00:00:50.558000,18050558,0.0,27.3,1026.9,0.0,-999.0,0,0.0,0.077
1970-01-01 00:00:52.558000,18052558,0.0,27.3,1026.8,0.0,-999.0,0,0.0,0.077
1970-01-01 00:00:54.558000,18054558,0.0,27.3,1026.8,0.0,-999.0,0,0.0,0.076
1970-01-01 00:00:56.558000,18056558,0.0,27.3,1026.9,0.0,-999.0,0,0.0,0.079
1970-01-01 00:00:58.558000,18058558,0.0,27.3,1026.9,0.0,-999.0,0,0.0,0.077
1970-01-01 00:01:00.558000,18060558,0.0,27.3,1026.8,0.0,-999.0,0,0.0,0.076
1970-01-01 00:01:02.558000,18062558,0.0,27.3,1026.9,0.0,-999.0,0,0.0,0.079
1970-01-01 00:01:04.558000,18064558,0.0,27.3,1026.8,0.0,-999.0,0,0.0,0.078
1970-01-01 00:01:06.558000,18066558,0.0,27.3,1026.8,0.0,-999.0,0,0.0,0.074
1970-01-01 00:01:08.558000,18068558,0.0,27.3,1027.1,0.0,-999.0,0,0.0,0.081
1970-01-01 00:01:10.558000,18070558,0.0,27.3,1026.9,0.0,-999.0,0,0.0,0.081
1970-01-01 00:01:12.558000,18072558,0.0,27.3,1026.8,0.0,-999.0,0,0.0,0.081
1970-01-01 00:01:14.558000,18074558,0.0,27.3,1026.8,0.0,-999.0,0,0.0,0.07
1970-01-01 00:01:16.558000,18076558,0.0,27.3,1026.8,0.0,-999.0,0,0.0,0.075
1970-01-01 00:01:18.558000,18078558,0.0,27.3,1026.9,0.0,-999.0,0,0.0,0.072
1970-01-01 00:01:20.558000,18080558,0.0,27.3,1026.9,0.0,-999.0,0,0.0,0.073
1970-01-01 00:01:22.558000,18082558,0.0,27.3,1026.8,0.0,-999.0,0,0.1,0.085
1970-01-01 00:01:24.558000,18084558,0.0,27.3,1026.8,0.0,-999.0,0,0.0,0.081
1970-01-01 00:01:26.558000,18086558,0.0,27.3,1026.8,0.0,-999.0,0,0.0,0.074
1970-01-01 00:01:28.558000,18088558,0.0,27.3,1026.8,0.0,-999.0,0,0.0,0.076
1970-01-01 00:01:30.558000,18090558,0.0,27.3,1026.8,0.0,-999.0,0,0.0,0.073
1970-01-01 00:01:32.558000,18092558,0.0,27.3,1026.8,0.0,-999.0,0,0.0,0.072
1970-01-01 00:01:34.558000,18094558,0.0,27.3,1026.8,0.0,-999.0,0,0.0,0.071
1970-01-01 00:01:36.558000,18096558,0.0,27.3,1026.8,0.0,-999.0,0,0.0,0.071
1970-01-01 00:01:38.558000,18098558,0.0,27.3,1026.9,0.0,-999.0,0,0.0,0.078
1970-01-01 00:01:40.558000,18100558,0.0,27.3,1027.2,0.0,-999.0,0,0.0,0.077
1970-01-01 00:01:42.558000,18102558,0.0,27.3,1026.8,0.0,-999.0,0,0.0,0.075
1970-01-01 00:01:44.558000,18104558,0.0,27.3,1026.8,0.0,-999.0,0,0.0,0.077
1970-01-01 00:01:46.558000,18106558,0.0,27.3,1026.9,0.0,-999.0,0,0.0,0.077
1970-01-01 00:01:48.558000,18108558,0.0,27.3,1026.9,0.0,-999.0,0,0.0,0.078
1970-01-01 00:01:50.558000,18110558,0.0,27.3,1026.8,0.0,-999.0,0,0.0,0.072
1970-01-01 00:01:52.558000,18112558,0.0,27.3,1026.9,0.0,-999.0,0,0.1,0.083
1970-01-01 00:01:54.558000,18114558,0.0,27.3,1026.9,0.0,-999.0,0,0.0,0.081
1970-01-01 00:01:56.558000,18116558,0.0,27.3,1026.9,0.0,-999.0,0,0.0,0.077
1970-01-01 00:01:58.558000,18118558,0.0,27.3,1026.9,0.0,-999.0,0,0.0,0.079
1970-01-02 22:23:38.898000,185018898,-0.01,23.7,1005.2,0.0,-999.0,100,100.0,3.224
1970-01-02 22:23:40.898000,185020898,-0.01,23.5,1004.9,0.0,14.5,93,93.8,3.025
1970-01-02 22:23:42.898000,185022898,-0.01,23.4,1004.9,0.0,14.5,69,69.3,2.255
1970-01-02 22:23:44.898000,185024898,-0.01,23.4,1004.9,0.0,14.5,47,47.9,1.585
1970-01-02 22:23:46.898000,185026898,-0.01,23.4,1004.8,0.0,-999.0,40,40.3,1.347
1970-01-02 22:23:48.898000,185028898,-0.01,23.4,1004.9,0.0,14.4,19,19.3,0.685
1970-01-02 22:23:50.898000,185030898,-0.01,23.4,1004.9,0.0,-999.0,0,0.2,0.087
1970-01-02 22:23:52.898000,185032898,-0.01,23.4,1004.8,0.0,14.4,19,19.3,0.685
1970-01-02 22:23:54.898000,185034898,-0.01,23.4,1004.9,0.0,-999.0,25,25.4,0.879
1970-01-02 22:23:56.898000,185036898,-0.01,23.4,1004.8,0.0,14.4,14,14.0,0.521
1970-01-02 22:23:58.898000,185038898,-0.01,23.5,1004.8,0.0,-999.0,0,0.0,0.077
1970-01-02 22:24:00.898000,185040898,-0.01,23.4,1004.9,0.0,14.4,0,0.1,0.083
1970-01-02 22:24:02.898000,185042898,-0.01,23.5,1004.9,0.0,14.4,0,0.1,0.083
1970-01-02 22:24:04.898000,185044898,-0.01,23.5,1004.9,0.0,14.5,17,17.4,0.626
1970-01-02 22:24:06.898000,185046898,-0.01,23.5,1004.9,0.0,14.5,39,39.6,1.323
1970-01-02 22:24:08.898000,185048898,-0.01,23.5,1004.9,0.0,14.3,54,54.0,1.776
1970-01-02 22:24:10.898000,185050898,-0.01,23.5,1004.9,0.0,14.3,54,54.3,1.785
1970-01-02 22:24:12.898000,185052898,-0.01,23.5,1004.8,0.0,-999.0,60,60.4,1.977
1970-01-02 22:24:14.898000,185054898,-0.01,23.6,1004.8,0.0,14.4,82,82.4,2.667
1970-01-02 22:24:16.898000,185056898,-0.01,23.5,1004.9,0.0,-999.0,100,100.0,3.26
1970-01-02 22:24:18.898000,185058898,-0.01,23.6,1004.9,0.0,-999.0,100,100.0,3.26
1970-01-02 22:24:20.898000,185060898,-0.01,23.6,1004.8,0.0,14.4,100,100.0,3.261
1970-01-02 22:24:22.898000,185062898,-0.01,23.6,1004.8,0.0,14.5,100,100.0,3.257
1970-01-02 22:24:24.898000,185064898,-0.01,23.6,1004.8,0.0,14.4,100,100.0,3.272
1970-01-02 22:24:26.898000,185066898,-0.01,23.6,1004.8,0.0,-999.0,100,100.0,3.256
1970-01-02 22:24:28.898000,185068898,-0.01,23.6,1004.8,0.0,14.5,100,100.0,3.261
1970-01-02 22:24:30.898000,185070898,-0.01,23.7,1004.8,0.0,14.4,100,100.0,3.264
1970-01-02 22:24:32.898000,185072898,-0.01,23.7,1004.8,0.0,14.5,100,100.0,3.263
1970-01-02 22:24:34.898000,185074898,-0.01,23.7,1004.8,0.0,-999.0,100,100.0,3.267
1970-01-02 22:24:36.898000,185076898,-0.01,23.7,1004.9,0.0,14.5,100,100.0,3.256
1970-01-02 22:24:38.898000,185078898,-0.01,23.7,1004.8,0.0,14.4,100,100.0,3.265
1970-01-02 22:24:40.898000,185080898,-0.01,23.8,1004.8,0.0,14.5,100,100.0,3.262
1970-01-02 22:24:42.898000,185082898,-0.01,23.8,1004.8,0.0,14.2,100,100.0,3.267
1970-01-02 22:24:44.898000,185084898,-0.01,23.8,1004.8,0.0,14.4,100,100.0,3.26
1970-01-02 22:24:46.898000,185086898,-0.01,23.8,1005.5,0.0,14.4,100,100.0,3.263
1970-01-02 22:24:48.898000,185088898,-0.01,23.8,1008.0,0.0,14.5,100,100.0,3.259
1970-01-02 22:24:50.898000,185090898,-0.01,23.8,1007.7,0.0,14.4,100,100.0,3.258
1970-01-02 22:24:52.898000,185092898,0.0,23.8,1006.4,0.0,14.4,100,100.0,3.266
1970-01-02 22:24:54.898000,185094898,0.0,23.8,1008.4,0.0,14.4,100,100.0,3.265
1970-01-02 22:24:56.898000,185096898,0.0,23.8,1007.9,0.0,14.5,100,100.0,3.264
1970-01-02 22:24:58.898000,185098898,0.0,23.8,1006.7,0.0,14.4,100,100.0,3.262
1970-01-02 22:25:00.898000,185100898,0.0,23.8,1007.3,0.0,14.5,100,100.0,3.26
1970-01-02 22:25:02.898000,185102898,0.0,23.9,1006.7,0.0,14.4,100,100.0,3.262
1970-01-02 22:25:04.898000,185104898,0.0,23.9,1006.3,0.0,14.5,100,100.0,3.263
1970-01-02 22:25:06.898000,185106898,0.0,23.9,1006.3,0.0,14.5,100,100.0,3.262
1970-01-02 22:25:08.898000,185108898,0.0,23.9,1007.6,0.0,14.5,100,100.0,3.254
1970-01-02 22:25:10.898000,185110898,0.0,23.9,1006.5,0.0,-999.0,100,100.0,3.258
1970-01-02 22:25:12.898000,185112898,0.0,23.9,1006.9,0.0,14.5,100,100.0,3.266
1970-01-02 22:25:14.898000,185114898,0.0,23.9,1006.0,0.0,-999.0,100,100.0,3.261
1970-01-02 22:25:16.898000,185116898,0.0,23.9,1006.7,0.0,14.4,100,100.0,3.263
1970-01-02 22:25:18.898000,185118898,0.0,23.9,1006.4,0.0,-999.0,100,100.0,3.241
1970-01-02 22:25:20.898000,185120898,0.0,23.9,1006.7,0.0,14.4,100,100.0,3.259
1970-01-02 22:25:22.898000,185122898,0.0,23.9,1007.2,0.0,-999.0,100,100.0,3.267
1970-01-02 22:25:24.898000,185124898,0.0,23.9,1008.0,0.0,14.4,100,100.0,3.27
1970-01-02 22:25:26.898000,185126898,0.0,23.9,1008.3,0.0,-999.0,100,100.0,3.248
1970-01-02 22:25:28.898000,185128898,0.0,23.9,1008.5,0.0,14.3,100,100.0,3.261
1970-01-02 22:25:30.898000,185130898,0.0,23.9,1007.7,0.0,-999.0,100,100.0,3.251
1970-01-02 22:25:32.898000,185132898,0.0,23.9,1008.3,0.0,14.4,100,100.0,3.275
1970-01-02 22:25:34.898000,185134898,0.0,23.9,1007.7,0.0,-999.0,100,100.0,3.264
1970-01-02 22:25:36.898000,185136898,0.0,23.9,1007.5,0.0,14.5,100,100.0,3.264
1970-01-02 22:25:38.898000,185138898,0.0,23.9,1007.9,0.0,-999.0,100,100.0,3.264
1970-01-02 22:25:40.898000,185140898,0.0,23.9,1007.9,0.0,14.4,100,100.0,3.261
1970-01-02 22:25:42.898000,185142898,0.0,23.9,1008.0,0.0,14.5,100,100.0,3.275
1970-01-02 22:25:44.898000,185144898,0.0,23.9,1008.0,0.0,14.4,100,100.0,3.269
1970-01-02 22:25:46.899000,185146899,0.0,23.9,1007.7,0.0,14.5,100,100.0,3.256
1970-01-02 22:25:48.898000,185148898,0.0,23.9,1008.1,0.0,14.4,100,100.0,3.269
1970-01-02 22:25:50.898000,185150898,0.0,23.9,1008.4,0.0,-999.0,100,100.0,3.261
1970-01-02 22:25:52.898000,185152898,0.0,23.9,1008.5,0.0,14.4,100,100.0,3.267
1970-01-02 22:25:54.898000,185154898,0.0,23.9,1008.5,0.0,14.5,100,100.0,3.254
1970-01-02 22:25:56.898000,185156898,0.0,23.9,1008.8,0.0,14.4,100,100.0,3.263
1970-01-02 22:25:58.898000,185158898,0.0,23.9,1008.7,0.0,14.4,100,100.0,3.267
1970-01-02 22:26:00.898000,185160898,0.0,23.9,1008.8,0.0,14.5,100,100.0,3.269
1970-01-02 22:26:02.898000,185162898,0.0,23.9,1008.5,0.0,14.4,100,100.0,3.263
1970-01-02 22:26:04.898000,185164898,0.0,23.9,1008.8,0.0,14.4,100,100.0,3.265
1970-01-02 22:26:06.898000,185166898,0.0,23.9,1008.3,0.0,14.5,100,100.0,3.256
1970-01-02 22:26:08.898000,185168898,0.0,23.9,1008.7,0.0,14.4,100,100.0,3.259
1970-01-02 22:26:10.898000,185170898,0.0,23.9,1008.8,0.0,14.5,100,100.0,3.248
1970-01-02 22:26:12.898000,185172898,0.0,23.9,1008.8,0.0,14.3,100,100.0,3.265
1970-01-02 22:26:14.898000,185174898,0.0,23.9,1008.8,0.0,14.5,100,100.0,3.263
1970-01-02 22:26:16.898000,185176898,0.0,23.9,1008.9,0.0,14.4,100,100.0,3.257
1970-01-02 22:26:18.898000,185178898,0.0,23.9,1008.9,0.0,14.5,100,100.0,3.259
1970-01-02 22:26:20.898000,185180898,0.0,23.9,1008.8,0.0,-999.0,100,100.0,3.261
1970-01-02 22:26:22.898000,185182898,0.0,23.9,1008.5,0.0,14.5,100,100.0,3.269
1970-01-02 22:26:24.898000,185184898,0.0,23.9,1008.7,0.0,-999.0,100,100.0,3.268
1970-01-02 22:26:26.898000,185186898,0.0,23.9,1008.7,0.0,14.5,100,100.0,3.265
1970-01-02 22:26:28.898000,185188898,0.0,23.9,1008.9,0.0,14.5,100,100.0,3.267
1970-01-02 22:26:30.898000,185190898,0.0,23.9,1008.9,0.0,14.4,100,100.0,3.244
1970-01-02 22:26:32.898000,185192898,0.0,23.9,1008.8,0.0,14.4,100,100.0,3.265
1970-01-02 22:26:34.898000,185194898,0.0,23.9,1009.1,0.0,14.5,100,100.0,3.268
1970-01-02 22:26:36.898000,185196898,0.0,23.9,1008.8,0.0,14.5,100,100.0,3.255
1970-01-02 22:26:38.898000,185198898,0.0,23.9,1008.9,0.0,14.5,100,100.0,3.27
1970-01-02 22:26:40.898000,185200898,0.0,23.9,1008.9,0.0,14.5,100,100.0,3.267
1970-01-02 22:26:42.898000,185202898,0.0,23.9,1009.1,0.0,14.4,100,100.0,3.267
1970-01-02 22:26:44.898000,185204898,0.0,23.9,1011.1,0.0,-999.0,100,100.0,3.267
1970-01-02 22:26:46.897000,185206897,0.42,23.9,1010.9,0.0,-999.0,100,100.0,3.256
1970-01-02 22:26:48.898000,185208898,0.97,23.9,1010.9,0.0,14.2,100,100.0,3.268
1970-01-02 22:26:50.897000,185210897,0.96,23.9,1010.7,0.0,-999.0,100,100.0,3.281
1970-01-02 22:26:52.898000,185212898,0.95,23.9,1010.7,0.0,14.3,100,100.0,3.278
1970-01-02 22:26:54.897000,185214897,0.93,23.9,1010.9,0.0,-999.0,100,100.0,3.257
1970-01-02 22:26:56.897000,185216897,0.93,23.9,1010.9,0.0,-999.0,100,100.0,3.269
1970-01-02 22:26:58.898000,185218898,0.92,23.9,1010.9,0.0,-999.0,100,100.0,3.258
1970-01-02 22:27:00.897000,185220897,0.91,23.9,1010.5,0.0,-999.0,100,100.0,3.268
1970-01-02 22:27:02.897000,185222897,0.91,23.9,1010.8,0.0,-999.0,100,100.0,3.268
1970-01-02 22:27:04.898000,185224898,0.9,23.9,1010.7,0.0,14.2,100,100.0,3.27
1970-01-02 22:27:06.897000,185226897,0.9,23.9,1010.5,0.0,-999.0,100,100.0,3.281
1970-01-02 22:27:08.898000,185228898,0.89,23.9,1010.4,0.0,14.2,100,100.0,3.286
1970-01-02 22:27:10.907000,185230907,0.88,23.9,1008.4,0.0,-999.0,100,100.0,3.255
1970-01-02 22:27:12.908000,185232908,1.79,23.9,1008.4,0.0,14.0,100,100.0,3.243
1970-01-02 22:27:14.907000,185234907,1.94,23.9,1010.3,0.0,-999.0,100,100.0,3.264
1970-01-02 22:27:16.898000,185236898,0.92,23.9,1010.4,0.0,14.2,100,100.0,3.272
1970-01-02 22:27:18.907000,185238907,0.89,23.9,1010.4,0.0,-999.0,100,100.0,3.27
1970-01-02 22:27:20.907000,185240907,0.89,23.9,1010.4,0.0,14.4,100,100.0,3.262
1970-01-02 22:27:22.907000,185242907,0.89,23.9,1010.3,0.0,-999.0,100,100.0,3.279
1970-01-02 22:27:24.898000,185244898,0.88,23.9,1010.4,0.0,14.3,100,100.0,3.266
1970-01-02 22:27:26.908000,185246908,0.88,23.9,1010.3,0.0,-999.0,100,100.0,3.251
1970-01-02 22:27:28.907000,185248907,0.88,23.9,1010.1,0.0,14.4,100,100.0,3.246
1970-01-02 22:27:30.907000,185250907,0.87,23.9,1010.3,0.0,-999.0,100,100.0,3.269
1970-01-02 22:27:32.907000,185252907,0.87,23.9,1010.1,0.0,14.2,100,100.0,3.262
1970-01-02 22:27:34.907000,185254907,0.87,23.9,1010.3,0.0,-999.0,100,100.0,3.265
1970-01-02 22:27:36.907000,185256907,0.87,23.9,1010.3,0.0,14.2,100,100.0,3.269
1970-01-02 22:27:38.907000,185258907,0.86,23.9,1010.5,0.0,-999.0,100,100.0,3.273
1970-01-02 22:27:40.908000,185260908,0.86,23.9,1010.1,0.0,14.2,100,100.0,3.277
1970-01-02 22:27:42.907000,185262907,0.86,23.9,1010.4,0.0,-999.0,100,100.0,3.274
1970-01-02 22:27:44.907000,185264907,0.86,23.9,1010.3,0.0,14.1,100,100.0,3.285
1970-01-02 22:27:46.907000,185266907,0.86,23.9,1010.4,0.0,-999.0,100,100.0,3.268
1970-01-02 22:27:48.907000,185268907,0.86,23.9,1010.3,0.0,14.2,100,100.0,3.256
1970-01-02 22:27:50.907000,185270907,0.85,23.9,1010.5,0.0,14.2,100,100.0,3.269
1970-01-02 22:27:52.907000,185272907,0.85,23.9,1010.3,0.0,14.2,100,100.0,3.281
1970-01-02 22:27:54.907000,185274907,0.86,23.9,1010.3,0.0,-999.0,100,100.0,3.269
1970-01-02 22:27:56.907000,185276907,0.85,23.9,1010.5,0.0,14.2,100,100.0,3.266
1970-01-02 22:27:58.907000,185278907,0.85,23.9,1010.4,0.0,14.4,100,100.0,3.242
1970-01-02 22:28:00.907000,185280907,0.85,23.9,1010.3,0.0,14.2,100,100.0,3.261
1970-01-02 22:28:02.907000,185282907,0.85,23.9,1010.0,0.0,14.2,100,100.0,3.265
1970-01-02 22:28:04.907000,185284907,0.85,23.9,1010.3,0.0,14.2,100,100.0,3.271
1970-01-02 22:28:06.907000,185286907,0.84,23.9,1010.4,0.0,14.3,100,100.0,3.281
1970-01-02 22:28:08.908000,185288908,0.84,23.9,1010.1,0.0,14.2,100,100.0,3.275
1970-01-02 22:28:10.907000,185290907,0.84,23.9,1010.1,0.0,-999.0,100,100.0,3.256
1970-01-02 22:28:12.907000,185292907,0.84,23.9,1010.3,0.0,14.2,100,100.0,3.273
1970-01-02 22:28:14.907000,185294907,0.84,23.9,1009.1,0.0,-999.0,100,100.0,3.275
1970-01-02 22:28:16.907000,185296907,1.2,23.9,1009.1,0.0,13.6,100,100.0,3.253
1970-01-02 22:28:18.907000,185298907,1.82,23.9,1009.1,0.0,-999.0,100,100.0,3.28
1970-01-02 22:28:20.907000,185300907,1.84,23.9,1009.1,0.0,13.5,100,100.0,3.266
1970-01-02 22:28:22.908000,185302908,1.85,23.9,1009.1,0.0,13.6,99,100.0,3.27
1970-01-02 22:28:24.907000,185304907,1.87,23.9,1008.8,0.0,13.5,100,100.0,3.272
1970-01-02 22:28:26.907000,185306907,1.86,23.9,1009.1,0.0,13.4,100,100.0,3.274
1970-01-02 22:28:28.907000,185308907,1.85,23.9,1008.9,0.0,13.5,100,100.0,3.28
1970-01-02 22:28:30.907000,185310907,1.86,23.9,1009.1,0.0,13.6,100,100.0,3.26
1970-01-02 22:28:32.907000,185312907,1.85,24.0,1009.1,0.0,-999.0,100,100.0,3.269
1970-01-02 22:28:34.907000,185314907,1.85,24.0,1008.9,0.0,13.5,100,100.0,3.266
1970-01-02 22:28:36.907000,185316907,1.86,24.0,1008.9,0.0,-999.0,100,100.0,3.256
1970-01-02 22:28:38.907000,185318907,1.86,24.0,1009.1,0.0,13.5,100,100.0,3.269
1970-01-02 22:28:40.907000,185320907,1.85,24.0,1008.9,0.0,-999.0,89,91.3,2.948
1970-01-02 22:28:42.907000,185322907,1.84,24.0,1009.1,0.0,-999.0,67,67.8,2.21
1970-01-02 22:28:44.907000,185324907,1.65,24.0,1008.9,0.0,-999.0,45,46.0,1.524
1970-01-02 22:28:46.908000,185326908,1.35,24.0,1009.1,0.0,13.9,38,39.6,1.325
1970-01-02 22:28:48.907000,185328907,0.9,24.0,1009.1,0.0,-999.0,17,17.4,0.627
1970-01-02 22:28:50.908000,185330908,0.58,24.1,1009.1,0.0,14.3,0,0.0,0.077
1970-01-02 22:28:52.907000,185332907,0.23,24.0,1009.1,0.0,-999.0,0,0.0,0.075
1970-01-02 22:28:54.908000,185334908,0.04,24.1,1009.1,0.0,14.4,0,0.1,0.085
1970-01-02 22:28:56.908000,185336908,0.0,24.1,1009.1,0.0,-999.0,0,0.0,0.076
1970-01-02 22:28:58.908000,185338908,0.0,24.1,1009.1,0.0,-999.0,0,0.0,0.075
1970-01-02 22:29:00.908000,185340908,0.0,24.1,1008.9,0.0,14.4,0,0.0,0.073
1970-01-02 22:29:02.908000,185342908,0.0,24.1,1008.9,0.0,-999.0,0,0.0,0.081
1970-01-02 22:29:04.908000,185344908,0.0,24.2,1009.1,0.0,14.5,0,0.0,0.078
1970-01-02 22:29:06.908000,185346908,0.0,24.2,1009.1,0.0,-999.0,0,0.0,0.075
1970-01-02 22:29:08.908000,185348908,0.0,24.2,1009.1,0.0,14.3,0,0.0,0.076
1970-01-02 22:29:10.908000,185350908,0.0,24.2,1009.1,0.0,14.4,0,0.0,0.074
1970-01-02 22:29:12.908000,185352908,0.0,24.2,1008.9,0.0,14.5,0,0.0,0.075
1970-01-02 22:29:14.908000,185354908,0.0,24.2,1009.1,0.0,14.4,0,0.0,0.077
1970-01-02 22:29:16.908000,185356908,0.0,24.2,1009.1,0.0,14.3,0,0.0,0.077
1970-01-02 22:29:18.908000,185358908,0.0,24.2,1009.1,0.0,14.3,0,0.0,0.077
1970-01-02 22:29:20.908000,185360908,0.0,24.3,1009.1,0.0,14.3,0,0.0,0.074
1970-01-02 22:29:22.908000,185362908,0.0,24.2,1008.9,0.0,14.4,0,0.0,0.077
1970-01-02 22:29:24.908000,185364908,0.0,24.3,1009.1,0.0,-999.0,0,0.0,0.076
1970-01-02 22:29:26.908000,185366908,0.0,24.3,1009.1,0.0,14.4,0,0.0,0.077
1970-01-02 22:29:28.908000,185368908,0.0,24.3,1009.1,0.0,-999.0,0,0.0,0.079
1970-01-02 22:29:30.908000,185370908,0.0,24.3,1009.1,0.0,14.2,0,0.0,0.075
1970-01-02 22:29:32.908000,185372908,0.0,24.3,1009.2,0.0,14.5,0,0.0,0.071
1970-01-02 22:29:34.908000,185374908,0.0,24.3,1009.1,0.0,14.3,0,0.0,0.077
1970-01-02 22:29:36.908000,185376908,0.0,24.3,1009.1,0.0,14.3,0,0.0,0.081
1970-01-02 22:29:38.908000,185378908,0.0,24.3,1009.2,0.0,14.2,0,0.0,0.069
1970-01-02 22:29:40.908000,185380908,0.0,24.3,1009.1,0.0,14.2,0,0.0,0.077
1970-01-02 22:29:42.908000,185382908,0.0,24.3,1009.1,0.0,14.3,0,0.0,0.077
1970-01-02 22:29:44.908000,185384908,0.0,24.3,1009.1,0.0,14.2,0,0.0,0.07
1970-01-02 22:29:46.908000,185386908,0.0,24.3,1009.1,0.0,14.2,0,0.0,0.07
1970-01-02 22:29:48.908000,185388908,0.0,24.3,1009.2,0.0,14.4,0,0.0,0.075
1970-01-02 22:29:50.908000,185390908,0.0,24.3,1009.2,0.0,-999.0,0,0.0,0.076
1970-01-02 22:29:52.908000,185392908,0.0,24.3,1009.2,0.0,14.4,0,0.0,0.073
1970-01-02 22:29:54.908000,185394908,0.0,24.4,1009.2,0.0,-999.0,0,0.0,0.077
1970-01-02 22:29:56.908000,185396908,0.0,24.3,1009.2,0.0,-999.0,0,0.0,0.071
1970-01-02 22:29:58.908000,185398908,0.0,24.3,1009.2,0.0,14.2,0,0.0,0.071
1970-01-02 22:30:00.908000,185400908,0.0,24.3,1009.2,0.0,-999.0,0,0.0,0.073
1970-01-02 22:30:02.908000,185402908,0.0,24.4,1009.2,0.0,-999.0,0,0.0,0.074
1970-01-02 22:30:04.908000,185404908,0.0,24.3,1009.2,0.0,-999.0,0,0.0,0.071
1970-01-02 22:30:06.908000,185406908,0.0,24.4,1009.2,0.0,14.4,0,0.0,0.073
1970-01-02 22:30:08.908000,185408908,0.0,24.4,1009.2,0.0,-999.0,0,0.0,0.075
1970-01-02 22:30:10.908000,185410908,0.0,24.4,1009.2,0.0,14.3,0,0.0,0.077
1970-01-02 22:30:12.908000,185412908,0.0,24.4,1009.2,0.0,14.4,0,0.0,0.075
1970-01-02 22:30:14.909000,185414909,0.0,24.4,1009.2,0.0,14.2,0,0.0,0.073
1970-01-02 22:30:16.908000,185416908,0.0,24.4,1009.2,0.0,14.4,0,0.8,0.107
1970-01-02 22:30:18.908000,185418908,0.0,24.4,1009.2,0.0,14.6,0,0.0,0.077
1970-01-02 22:30:20.908000,185420908,0.0,24.4,1009.2,0.0,14.5,0,0.0,0.069
1970-01-02 22:30:22.908000,185422908,0.0,24.4,1009.2,0.0,14.4,0,0.0,0.076
1970-01-02 22:30:24.908000,185424908,0.0,24.4,1009.2,0.0,-999.0,0,0.0,0.077
1970-01-02 22:30:26.908000,185426908,0.0,24.4,1009.2,0.0,14.4,0,0.0,0.069
1970-01-02 22:30:28.909000,185428909,0.0,24.4,1009.2,0.0,14.5,0,0.0,0.051
1970-01-02 22:30:30.908000,185430908,0.0,24.4,1009.2,0.0,14.4,0,0.0,0.052
1970-01-02 22:30:32.908000,185432908,0.0,24.4,1009.2,0.0,-999.0,0,0.0,0.075
1970-01-02 22:30:34.908000,185434908,0.0,24.4,1009.2,0.0,14.4,0,0.0,0.073
1970-01-02 22:30:36.908000,185436908,0.0,24.4,1009.2,0.0,-999.0,0,0.0,0.072
1970-01-02 22:30:38.908000,185438908,0.0,24.4,1009.2,0.0,14.3,0,0.0,0.072
1970-01-02 22:30:40.908000,185440908,0.0,24.4,1009.2,0.0,-999.0,0,0.0,0.078
1970-01-02 22:30:42.908000,185442908,0.0,24.4,1009.2,0.0,14.3,0,0.0,0.071
1970-01-02 22:30:44.908000,185444908,0.0,24.4,1009.2,0.0,-999.0,0,0.0,0.079
1970-01-02 22:30:46.908000,185446908,0.0,24.4,1009.2,0.0,14.3,0,0.0,0.075
1970-01-02 22:30:48.908000,185448908,0.0,24.4,1009.2,0.0,-999.0,0,0.0,0.076
1970-01-02 22:30:50.908000,185450908,0.0,24.4,1009.2,0.0,14.4,0,0.0,0.077
1970-01-02 22:30:52.908000,185452908,0.0,24.4,1009.2,0.0,-999.0,0,0.0,0.074
1970-01-02 22:30:54.908000,185454908,0.0,24.4,1009.2,0.0,14.4,0,0.0,0.078
1970-01-02 22:30:56.908000,185456908,0.0,24.4,1009.2,0.0,-999.0,0,0.0,0.078
1970-01-02 22:30:58.908000,185458908,0.0,24.4,1009.2,0.0,14.4,0,0.0,0.078
1970-01-02 22:31:00.908000,185460908,0.0,24.4,1009.2,0.0,-999.0,0,0.0,0.076
1970-01-02 22:31:02.908000,185462908,0.0,24.4,1009.2,0.0,14.4,0,0.0,0.078
1970-01-02 22:31:04.908000,185464908,0.0,24.4,1009.1,0.0,-999.0,0,0.0,0.079
1970-01-02 22:31:06.908000,185466908,0.0,24.4,1009.2,0.0,14.3,0,0.0,0.072
1970-01-02 22:31:08.908000,185468908,0.0,24.4,1009.2,0.0,-999.0,0,0.0,0.077
1970-01-02 22:31:10.908000,185470908,0.0,24.4,1009.2,0.0,14.3,0,0.0,0.078
1970-01-02 22:31:12.908000,185472908,0.0,24.4,1009.1,0.0,-999.0,0,0.0,0.073
1970-01-02 22:31:14.908000,185474908,0.0,24.4,1009.1,0.0,14.4,0,0.0,0.076
1970-01-02 22:31:16.908000,185476908,0.0,24.4,1009.1,0.0,-999.0,0,0.0,0.081
1970-01-02 22:31:18.908000,185478908,0.0,24.4,1009.1,0.0,14.4,0,0.0,0.075
1970-01-02 22:31:20.908000,185480908,0.0,24.4,1009.2,0.0,-999.0,0,0.0,0.078
1970-01-02 22:31:22.908000,185482908,0.0,24.4,1009.2,0.0,14.4,0,0.0,0.071
1970-01-02 22:31:24.908000,185484908,0.0,24.4,1009.1,0.0,-999.0,0,0.0,0.074
1970-01-02 22:31:26.908000,185486908,0.0,24.4,1009.2,0.0,14.3,0,0.0,0.073
1970-01-02 22:31:28.908000,185488908,0.0,24.4,1009.1,0.0,-999.0,0,0.0,0.07
1970-01-02 22:31:30.908000,185490908,0.0,24.4,1009.1,0.0,-999.0,0,0.0,0.074
1970-01-02 22:31:32.908000,185492908,0.0,24.4,1009.1,0.0,-999.0,0,0.0,0.079
1970-01-02 22:31:34.908000,185494908,0.0,24.4,1009.1,0.0,-999.0,0,0.0,0.076
1970-01-02 22:31:36.908000,185496908,0.0,24.4,1009.1,0.0,-999.0,0,0.0,0.08
1970-01-02 22:31:38.908000,185498908,0.0,24.4,1009.1,0.0,-999.0,0,0.0,0.073
1970-01-02 22:31:40.908000,185500908,0.0,24.4,1009.1,0.0,-999.0,0,0.0,0.072
1970-01-02 22:31:42.908000,185502908,0.0,24.4,1009.1,0.0,-999.0,0,0.0,0.081
1970-01-02 22:31:44.908000,185504908,0.0,24.4,1009.1,0.0,14.3,0,0.0,0.074
1970-01-02 22:31:46.908000,185506908,0.0,24.4,1009.1,0.0,-999.0,0,0.0,0.076
1970-01-02 22:31:48.908000,185508908,0.0,24.4,1008.9,0.637,14.2,18,18.9,0.675
1970-01-02 22:31:50.908000,185510908,0.0,24.4,1009.1,0.0,14.4,41,41.6,1.385
1970-01-02 22:31:52.908000,185512908,0.12,24.4,1009.1,0.0,14.2,54,54.5,1.791
1970-01-02 22:31:54.908000,185514908,0.51,24.4,1009.1,0.0,14.2,54,54.6,1.795
1970-01-02 22:31:56.908000,185516908,0.85,24.4,1009.1,0.0,14.2,66,67.1,2.189
1970-01-02 22:31:58.908000,185518908,1.02,24.4,1008.9,0.0,14.0,90,91.5,2.954
1970-01-02 22:32:00.907000,185520907,1.59,24.4,1009.1,0.0,-999.0,100,100.0,3.259
1970-01-02 22:32:02.908000,185522908,2.1,24.4,1009.1,0.0,13.9,100,100.0,3.265
1970-01-02 22:32:04.907000,185524907,2.0,24.4,1009.1,0.0,-999.0,100,100.0,3.253
1970-01-02 22:32:06.908000,185526908,2.01,24.4,1009.1,0.0,13.8,100,100.0,3.255
1970-01-02 22:32:08.907000,185528907,2.02,24.4,1009.1,0.0,13.8,100,100.0,3.26
1970-01-02 22:32:10.908000,185530908,2.0,24.4,1008.9,0.0,13.9,100,100.0,3.254
1970-01-02 22:32:12.908000,185532908,1.98,24.4,1009.1,0.0,13.8,100,100.0,3.258
1970-01-02 22:32:14.908000,185534908,1.98,24.4,1009.1,0.0,13.8,100,100.0,3.257
1970-01-02 22:32:16.908000,185536908,1.97,24.4,1009.1,0.0,13.8,100,100.0,3.248
1970-01-02 22:32:18.907000,185538907,1.97,24.4,1009.1,0.0,-999.0,100,100.0,3.247
1970-01-02 22:32:20.907000,185540907,1.98,24.4,1009.1,0.0,-999.0,100,100.0,3.244
1970-01-02 22:32:22.908000,185542908,0.01,24.4,1009.1,0.0,-999.0,100,100.0,3.253
1970-01-02 22:32:24.908000,185544908,0.0,24.4,1009.1,0.0,-999.0,100,100.0,3.259
1970-01-02 22:32:26.908000,185546908,0.0,24.4,1009.1,0.0,-999.0,100,100.0,3.24
1970-01-02 22:32:28.908000,185548908,0.0,24.4,1009.1,0.0,-999.0,100,100.0,3.24
1970-01-02 22:32:30.908000,185550908,0.0,24.4,1009.1,0.0,14.6,100,100.0,3.241
1970-01-02 22:32:32.908000,185552908,0.0,24.4,1009.1,0.0,14.5,100,100.0,3.265
1970-01-02 22:32:34.908000,185554908,0.0,24.4,1009.1,0.0,14.5,100,100.0,3.251
1970-01-02 22:32:36.908000,185556908,0.0,24.4,1009.1,0.0,-999.0,100,100.0,3.254
1970-01-02 22:32:38.908000,185558908,0.0,24.4,1004.9,0.0,-999.0,100,100.0,3.257
1970-01-02 22:32:40.908000,185560908,0.0,24.4,1004.8,0.0,-999.0,100,100.0,3.254
1970-01-02 22:32:42.908000,185562908,0.0,24.4,1004.9,0.0,-999.0,100,100.0,3.248
1970-01-02 22:32:44.908000,185564908,0.0,24.4,1004.9,0.0,-999.0,100,100.0,3.245
1970-01-02 22:32:46.908000,185566908,0.0,24.4,1004.8,0.0,14.6,100,100.0,3.257
1970-01-02 22:32:48.908000,185568908,0.0,24.4,1005.2,0.0,-999.0,100,100.0,3.249
1970-01-02 22:32:50.908000,185570908,0.0,24.4,1004.9,0.0,14.6,100,100.0,3.251
1970-01-02 22:32:52.908000,185572908,0.0,24.4,1004.9,0.0,-999.0,100,100.0,3.254
1970-01-02 22:32:54.908000,185574908,0.0,24.4,1005.1,0.0,14.7,100,100.0,3.257
1970-01-02 22:32:56.908000,185576908,0.0,24.4,1004.9,0.0,14.4,100,100.0,3.236
1970-01-02 22:32:58.908000,185578908,0.0,24.4,1009.1,0.0,13.9,100,100.0,3.254
1970-01-02 22:33:00.908000,185580908,0.0,24.4,1009.1,0.0,13.9,100,100.0,3.262
1970-01-02 22:33:02.908000,185582908,0.0,24.4,1009.1,0.0,13.9,100,100.0,3.269
1970-01-02 22:33:04.908000,185584908,0.0,24.4,1008.9,0.0,14.1,100,100.0,3.274
1970-01-02 22:33:06.908000,185586908,0.0,24.4,1008.8,0.0,14.0,100,100.0,3.256
1970-01-02 22:33:08.908000,185588908,0.0,24.4,1009.1,0.0,14.0,100,100.0,3.259
1970-01-02 22:33:10.908000,185590908,0.0,24.4,1009.1,0.0,-999.0,100,100.0,3.265
1970-01-02 22:33:12.908000,185592908,0.0,24.4,1008.7,0.0,13.9,100,100.0,3.258
1970-01-02 22:33:14.908000,185594908,0.03,24.4,1008.8,0.0,-999.0,100,100.0,3.254
1970-01-02 22:33:16.908000,185596908,0.02,24.4,1008.8,0.0,13.9,100,100.0,3.259
1970-01-02 22:33:18.908000,185598908,0.04,24.4,1008.8,0.0,14.0,100,100.0,3.266
1970-01-02 22:33:20.908000,185600908,0.05,24.4,1008.3,0.0,13.9,100,100.0,3.24
1970-01-02 22:33:22.908000,185602908,0.09,24.4,1008.0,0.0,14.0,100,100.0,3.25
1970-01-02 22:33:24.908000,185604908,0.11,24.4,1008.0,0.0,14.0,97,100.0,3.248
1970-01-02 22:33:26.908000,185606908,0.13,24.4,1008.0,0.0,13.7,100,100.0,3.265
1970-01-02 22:33:28.908000,185608908,0.19,24.4,1008.1,0.0,14.2,100,100.0,3.253
1970-01-02 22:33:30.908000,185610908,0.19,24.4,1009.1,0.0,14.6,100,100.0,3.269
1970-01-02 22:33:32.907000,185612907,0.24,24.4,1008.9,0.0,-999.0,100,100.0,3.273
1970-01-02 22:33:34.908000,185614908,0.29,24.4,1009.1,0.0,14.4,100,100.0,3.257
1970-01-02 22:33:36.907000,185616907,0.32,24.4,1009.1,0.0,-999.0,100,100.0,3.241
1970-01-02 22:33:38.907000,185618907,0.33,24.4,1009.1,0.0,-999.0,100,100.0,3.252
1970-01-02 22:33:40.908000,185620908,0.33,24.4,1009.1,0.0,14.8,100,100.0,3.263
1970-01-02 22:33:42.907000,185622907,0.34,24.4,1009.1,0.0,-999.0,100,100.0,3.247
1970-01-02 22:33:44.908000,185624908,0.35,24.4,1009.1,0.0,14.6,100,100.0,3.257
1970-01-02 22:33:46.907000,185626907,0.36,24.4,1009.1,0.0,14.8,100,100.0,3.261
1970-01-02 22:33:48.908000,185628908,0.37,24.4,1009.1,0.0,14.8,100,100.0,3.255
1970-01-02 22:33:50.908000,185630908,0.37,24.4,1009.1,0.0,14.5,100,100.0,3.249
1970-01-02 22:33:52.908000,185632908,0.38,24.5,1009.1,0.0,14.6,100,100.0,3.265
1970-01-02 22:33:54.908000,185634908,0.39,24.4,1009.1,0.0,14.6,100,100.0,3.24
1970-01-02 22:33:56.908000,185636908,0.39,24.5,1009.1,0.0,14.5,100,100.0,3.266
1970-01-02 22:33:58.908000,185638908,0.4,24.5,1009.1,0.0,14.5,100,100.0,3.252
1970-01-02 22:34:00.907000,185640907,0.4,24.5,1009.1,0.0,-999.0,100,100.0,3.261
1970-01-02 22:34:02.907000,185642907,0.41,24.5,1008.9,0.0,14.8,100,100.0,3.262
1970-01-02 22:34:04.907000,185644907,0.41,24.5,1009.1,0.0,-999.0,100,100.0,3.257
1970-01-02 22:34:06.908000,185646908,0.42,24.5,1009.1,0.0,14.6,100,100.0,3.253
1970-01-02 22:34:08.908000,185648908,0.43,24.6,1009.1,0.0,14.7,100,100.0,3.254
1970-01-02 22:34:10.907000,185650907,0.43,24.6,1009.1,0.0,-999.0,100,100.0,3.282
1970-01-02 22:34:12.908000,185652908,0.43,24.5,1009.1,0.0,14.8,100,100.0,3.25
1970-01-02 22:34:14.907000,185654907,0.44,24.6,1008.9,0.0,-999.0,100,100.0,3.256
1970-01-02 22:34:16.908000,185656908,0.45,24.6,1009.1,0.0,14.8,100,100.0,3.232
1970-01-02 22:34:18.907000,185658907,0.45,24.6,1009.1,0.0,-999.0,100,100.0,3.261
1970-01-02 22:34:20.908000,185660908,0.46,24.6,1009.1,0.0,14.8,100,100.0,3.238
1970-01-02 22:34:22.908000,185662908,0.47,24.6,1009.1,0.0,14.6,100,100.0,3.249
1970-01-02 22:34:24.908000,185664908,0.47,24.6,1009.2,0.0,14.8,100,100.0,3.25
1970-01-02 22:34:26.908000,185666908,0.47,24.7,1009.1,0.0,14.6,100,100.0,3.249
1970-01-02 22:34:28.908000,185668908,0.48,24.7,1009.1,0.0,14.5,100,100.0,3.265
1970-01-02 22:34:30.907000,185670907,0.49,24.7,1009.1,0.0,-999.0,100,100.0,3.247
1970-01-02 22:34:32.908000,185672908,0.49,24.7,1008.9,0.0,13.8,100,100.0,3.249
1970-01-02 22:34:34.908000,185674908,0.49,24.7,1009.1,0.0,13.8,100,100.0,3.239
1970-01-02 22:34:36.908000,185676908,0.49,24.7,1009.1,0.0,13.8,100,100.0,3.246
1970-01-02 22:34:38.907000,185678907,0.49,24.7,1008.9,0.0,-999.0,100,100.0,3.246
1970-01-02 22:34:40.908000,185680908,0.49,24.7,1009.1,0.0,13.8,100,100.0,3.253
1970-01-02 22:34:42.908000,185682908,0.49,24.8,1008.7,0.0,13.8,100,100.0,3.237
1970-01-02 22:34:44.907000,185684907,0.52,24.8,1008.9,0.0,-999.0,100,100.0,3.26
1970-01-02 22:34:46.908000,185686908,0.53,24.8,1008.5,0.0,13.8,100,100.0,3.231
1970-01-02 22:34:48.907000,185688907,0.55,24.8,1008.7,0.0,-999.0,99,100.0,3.261
1970-01-02 22:34:50.908000,185690908,0.56,24.8,1008.3,0.0,13.8,100,100.0,3.267
1970-01-02 22:34:52.908000,185692908,0.57,24.8,1008.3,0.0,13.7,100,100.0,3.246
1970-01-02 22:34:54.908000,185694908,0.57,24.8,1008.5,0.0,13.8,100,100.0,3.258
1970-01-02 22:34:56.908000,185696908,0.59,24.8,1007.5,0.0,13.7,100,100.0,3.254
1970-01-02 22:34:58.908000,185698908,0.6,24.8,1007.9,0.0,13.6,100,100.0,3.238
1970-01-02 22:35:00.908000,185700908,0.62,24.8,1008.3,0.0,13.5,100,100.0,3.25
1970-01-02 22:35:02.907000,185702907,0.61,24.8,1009.1,0.0,-999.0,100,100.0,3.265
1970-01-02 22:35:04.908000,185704908,0.6,24.8,1008.5,0.0,13.5,100,100.0,3.252
1970-01-02 22:35:06.908000,185706908,0.6,24.8,1008.0,0.0,13.5,100,100.0,3.253
1970-01-02 22:35:08.908000,185708908,0.65,24.8,1008.0,0.0,13.6,100,100.0,3.258
1970-01-02 22:35:10.907000,185710907,0.66,24.8,1008.4,0.0,-999.0,100,100.0,3.26
1970-01-02 22:35:12.908000,185712908,0.67,24.8,1008.3,0.0,13.4,100,100.0,3.26
1970-01-02 22:35:14.908000,185714908,0.67,24.8,1008.4,0.0,13.6,100,100.0,3.266
1970-01-02 22:35:16.907000,185716907,0.68,24.8,1008.5,0.0,-999.0,100,100.0,3.238
1970-01-02 22:35:18.907000,185718907,0.69,24.8,1008.5,0.0,13.6,100,100.0,3.246
1970-01-02 22:35:20.908000,185720908,0.71,24.8,1008.7,0.0,13.5,100,100.0,3.269
1970-01-02 22:35:22.908000,185722908,0.72,24.8,1009.1,0.0,13.5,99,100.0,3.246
1970-01-02 22:35:24.908000,185724908,0.72,24.8,1008.9,0.0,13.5,100,100.0,3.25
1970-01-02 22:35:26.908000,185726908,0.75,24.8,1009.1,0.0,13.5,100,100.0,3.246
1970-01-02 22:35:28.908000,185728908,0.77,24.8,1009.1,0.0,13.5,100,100.0,3.261
1970-01-02 22:35:30.908000,185730908,0.77,24.8,1009.1,0.0,13.8,100,100.0,3.262
1970-01-02 22:35:32.908000,185732908,0.78,24.8,1008.8,0.0,13.6,100,100.0,3.249
1970-01-02 22:35:34.908000,185734908,0.8,24.8,1008.9,0.0,13.6,100,100.0,3.254
1970-01-02 22:35:36.908000,185736908,0.8,24.8,1008.8,0.0,13.6,100,100.0,3.251
1970-01-02 22:35:38.918000,185738918,0.82,24.8,1009.1,0.0,13.5,100,100.0,3.248
1970-01-02 22:35:40.917000,185740917,0.83,24.8,1009.1,0.0,-999.0,100,100.0,3.255
1970-01-02 22:35:42.917000,185742917,0.84,24.8,1008.8,0.0,13.5,100,100.0,3.248
1970-01-02 22:35:44.907000,185744907,0.86,24.8,1009.1,0.0,-999.0,100,100.0,3.26
1970-01-02 22:35:46.908000,185746908,0.87,24.8,1009.1,0.0,13.5,100,100.0,3.262
1970-01-02 22:35:48.918000,185748918,0.88,24.8,1009.1,0.0,13.5,100,100.0,3.248
1970-01-02 22:35:50.917000,185750917,0.87,24.8,1009.1,0.0,-999.0,100,100.0,3.256
1970-01-02 22:35:52.917000,185752917,0.88,24.8,1009.1,0.0,13.5,100,100.0,3.248
1970-01-02 22:35:54.917000,185754917,0.87,24.8,1008.9,0.0,13.6,100,100.0,3.252
1970-01-02 22:35:56.917000,185756917,0.87,24.8,1008.9,0.0,13.7,100,100.0,3.246
1970-01-02 22:35:58.917000,185758917,0.9,24.8,1008.9,0.0,-999.0,100,100.0,3.261
1970-01-02 22:36:00.917000,185760917,0.92,24.8,1008.9,0.0,13.5,100,100.0,3.268
1970-01-02 22:36:02.918000,185762918,0.92,24.8,1009.1,0.0,13.5,100,100.0,3.274
1970-01-02 22:36:04.917000,185764917,0.92,24.8,1008.9,0.0,13.6,100,100.0,3.271
1970-01-02 22:36:06.917000,185766917,0.92,24.8,1008.9,0.0,13.5,100,100.0,3.256
1970-01-02 22:36:08.917000,185768917,0.94,24.8,1008.9,0.0,13.7,100,100.0,3.253
1970-01-02 22:36:10.917000,185770917,0.95,24.8,1008.9,0.0,-999.0,100,100.0,3.258
1970-01-02 22:36:12.917000,185772917,0.94,24.8,1008.9,0.0,13.6,100,100.0,3.26
1970-01-02 22:36:14.917000,185774917,0.95,24.8,1008.9,0.0,-999.0,100,100.0,3.254
1970-01-02 22:36:16.918000,185776918,0.98,24.8,1009.1,0.0,-999.0,100,100.0,3.248
1970-01-02 22:36:18.917000,185778917,0.98,24.8,1008.9,0.0,13.6,100,100.0,3.248
1970-01-02 22:36:20.917000,185780917,0.98,24.8,1008.9,0.0,-999.0,100,100.0,3.248
1970-01-02 22:36:22.917000,185782917,0.97,24.8,1008.9,0.0,-999.0,100,100.0,3.24
1970-01-02 22:36:24.917000,185784917,1.0,24.8,1009.1,0.0,-999.0,100,100.0,3.257
1970-01-02 22:36:26.917000,185786917,1.01,24.8,1008.9,0.0,13.6,100,100.0,3.261
1970-01-02 22:36:28.917000,185788917,1.03,24.8,1008.8,0.0,-999.0,100,100.0,3.26
1970-01-02 22:36:30.918000,185790918,1.02,24.8,1008.9,0.0,13.5,100,100.0,3.254
1970-01-02 22:36:32.918000,185792918,1.03,24.8,1009.1,0.0,13.6,100,100.0,3.245
1970-01-02 22:36:34.918000,185794918,1.06,24.8,1009.1,0.0,13.5,100,100.0,3.237
1970-01-02 22:36:36.917000,185796917,1.06,24.8,1008.9,0.0,13.5,100,100.0,3.247
1970-01-02 22:36:38.917000,185798917,1.08,24.8,1008.8,0.0,13.4,100,100.0,3.258
1970-01-02 22:36:40.917000,185800917,1.08,24.8,1009.1,0.0,13.2,100,100.0,3.265
1970-01-02 22:36:42.917000,185802917,1.07,24.8,1008.9,0.0,13.4,100,100.0,3.27
1970-01-02 22:36:44.918000,185804918,1.08,24.8,1008.9,0.0,13.7,100,100.0,3.259
1970-01-02 22:36:46.917000,185806917,1.1,24.8,1008.9,0.0,13.5,100,100.0,3.256
1970-01-02 22:36:48.917000,185808917,1.1,24.8,1008.9,0.0,13.5,100,100.0,3.27
1970-01-02 22:36:50.917000,185810917,1.11,24.8,1009.1,0.0,-999.0,100,100.0,3.262
1970-01-02 22:36:52.917000,185812917,1.1,24.8,1009.1,0.0,13.4,99,100.0,3.254
1970-01-02 22:36:54.917000,185814917,1.11,24.8,1009.1,0.0,-999.0,100,100.0,3.265
1970-01-02 22:36:56.917000,185816917,1.11,24.8,1009.1,0.0,-999.0,100,100.0,3.256
1970-01-02 22:36:58.918000,185818918,1.13,24.8,1008.8,0.0,13.5,100,100.0,3.251
1970-01-02 22:37:00.917000,185820917,1.15,24.8,1008.8,0.0,-999.0,100,100.0,3.226
1970-01-02 22:37:02.917000,185822917,1.15,24.8,1009.1,0.0,13.8,100,96.7,3.117
1970-01-02 22:37:04.917000,185824917,1.15,24.8,1008.9,0.0,13.7,100,100.0,3.256
1970-01-02 22:37:06.917000,185826917,1.16,24.8,1008.9,0.0,13.6,100,100.0,3.259
1970-01-02 22:37:08.917000,185828917,1.17,24.8,1008.9,0.0,-999.0,100,100.0,3.269
1970-01-02 22:37:10.917000,185830917,1.17,24.8,1009.1,0.0,13.5,100,100.0,3.252
1970-01-02 22:37:12.917000,185832917,1.18,24.8,1009.1,0.0,-999.0,100,100.0,3.257
1970-01-02 22:37:14.918000,185834918,1.19,24.8,1009.1,0.0,13.6,100,100.0,3.265
1970-01-02 22:37:16.917000,185836917,1.2,24.8,1008.9,0.0,-999.0,100,100.0,3.245
1970-01-02 22:37:18.917000,185838917,1.21,24.8,1009.1,0.0,-999.0,100,100.0,3.252
1970-01-02 22:37:20.917000,185840917,1.21,24.8,1008.8,0.0,13.5,100,100.0,3.258
1970-01-02 22:37:22.917000,185842917,1.21,24.8,1008.8,0.0,-999.0,100,100.0,3.245
1970-01-02 22:37:24.917000,185844917,1.22,24.8,1008.9,0.0,13.6,100,100.0,3.249
1970-01-02 22:37:26.918000,185846918,1.22,24.8,1008.8,0.0,13.6,100,100.0,3.269
1970-01-02 22:37:28.918000,185848918,1.23,24.8,1009.1,0.0,13.6,100,100.0,3.252
1970-01-02 22:37:30.917000,185850917,1.23,24.8,1008.8,0.0,13.5,100,100.0,3.256
1970-01-02 22:37:32.917000,185852917,1.24,24.8,1009.1,0.0,13.5,100,100.0,3.222
1970-01-02 22:37:34.917000,185854917,1.25,24.8,1008.9,0.0,13.5,100,100.0,3.251
1970-01-02 22:37:36.917000,185856917,1.25,24.8,1009.1,0.0,-999.0,100,100.0,3.248
1970-01-02 22:37:38.917000,185858917,1.26,24.8,1008.8,0.0,13.4,100,100.0,3.255
1970-01-02 22:37:40.917000,185860917,1.26,24.8,1008.9,0.0,-999.0,100,100.0,3.262
1970-01-02 22:37:42.918000,185862918,1.26,24.8,1008.9,0.0,13.6,100,100.0,3.251
1970-01-02 22:37:44.917000,185864917,1.27,24.8,1008.9,0.0,-999.0,100,100.0,3.255
1970-01-02 22:37:46.917000,185866917,1.27,24.8,1009.1,0.0,13.7,100,100.0,3.269
1970-01-02 22:37:48.917000,185868917,1.26,24.8,1008.9,0.0,-999.0,100,100.0,3.252
1970-01-02 22:37:50.917000,185870917,1.26,24.8,1009.1,0.0,-999.0,100,100.0,3.245
1970-01-02 22:37:52.918000,185872918,1.27,24.8,1008.9,0.0,13.6,100,100.0,3.252
1970-01-02 22:37:54.917000,185874917,1.29,24.8,1008.9,0.0,13.4,100,100.0,3.265
1970-01-02 22:37:56.918000,185876918,1.29,24.8,1008.8,0.0,13.7,100,100.0,3.256
1970-01-02 22:37:58.917000,185878917,1.3,24.8,1008.9,0.0,13.7,100,100.0,3.257
1970-01-02 22:38:00.917000,185880917,1.3,24.8,1008.8,0.0,14.8,100,100.0,3.248
1970-01-02 22:38:02.917000,185882917,1.3,24.8,1009.1,0.0,14.6,100,100.0,3.239
1970-01-02 22:38:04.917000,185884917,1.29,24.8,1008.1,0.0,14.7,100,100.0,3.256
1970-01-02 22:38:06.917000,185886917,1.3,24.8,1007.3,0.0,14.5,100,100.0,3.246
1970-01-02 22:38:08.917000,185888917,1.33,24.9,1007.5,0.0,14.8,100,100.0,3.265
1970-01-02 22:38:10.917000,185890917,1.34,24.8,1008.0,0.0,-999.0,100,100.0,3.249
1970-01-02 22:38:12.917000,185892917,1.33,24.9,1007.3,0.0,14.5,100,100.0,3.257
1970-01-02 22:38:14.917000,185894917,1.31,24.9,1007.2,0.0,-999.0,100,100.0,3.253
1970-01-02 22:38:16.917000,185896917,1.29,24.9,1008.8,0.0,-999.0,100,100.0,3.256
1970-01-02 22:38:18.917000,185898917,1.26,24.9,1008.9,0.0,14.8,100,100.0,3.247
1970-01-02 22:38:20.917000,185900917,1.26,24.9,1009.1,0.0,-999.0,100,100.0,3.242
1970-01-02 22:38:22.918000,185902918,1.25,24.9,1009.1,0.0,14.5,100,100.0,3.254
1970-01-02 22:38:24.918000,185904918,1.23,24.9,1009.1,0.0,14.6,100,100.0,3.276
1970-01-02 22:38:26.917000,185906917,1.19,24.9,1009.1,0.0,14.4,100,100.0,3.259
1970-01-02 22:38:28.917000,185908917,1.14,24.9,1009.1,0.0,14.5,100,100.0,3.245
1970-01-02 22:38:30.917000,185910917,1.14,24.9,1009.1,0.0,14.5,100,100.0,3.258
1970-01-02 22:38:32.917000,185912917,1.15,24.9,1009.1,0.0,14.4,100,100.0,3.248
1970-01-02 22:38:34.917000,185914917,1.13,24.9,1009.1,0.0,14.6,100,100.0,3.23
1970-01-02 22:38:36.917000,185916917,1.13,24.9,1009.1,0.0,14.8,100,100.0,3.252
1970-01-02 22:38:38.917000,185918917,1.12,24.9,1009.1,0.0,-999.0,100,100.0,3.269
1970-01-02 22:38:40.917000,185920917,1.12,24.9,1009.2,0.0,14.6,100,100.0,3.249
1970-01-02 22:38:42.918000,185922918,1.11,24.9,1009.1,0.0,-999.0,100,100.0,3.261
1970-01-02 22:38:44.917000,185924917,1.1,24.9,1009.2,0.0,-999.0,100,100.0,3.256
1970-01-02 22:38:46.917000,185926917,1.09,24.9,1009.1,0.0,14.6,100,100.0,3.256
1970-01-02 22:38:48.917000,185928917,1.09,24.9,1009.2,0.0,14.7,100,100.0,3.252
1970-01-02 22:38:50.917000,185930917,1.08,24.9,1009.1,0.0,14.7,100,100.0,3.253
1970-01-02 22:38:52.917000,185932917,1.08,24.9,1009.1,0.0,14.6,100,100.0,3.266
1970-01-02 22:38:54.917000,185934917,1.08,24.9,1009.1,0.0,14.8,100,100.0,3.257
1970-01-02 22:38:56.918000,185936918,1.08,24.9,1009.1,0.0,-999.0,100,100.0,3.256
1970-01-02 22:38:58.917000,185938917,1.07,24.9,1009.2,0.0,14.6,100,100.0,3.244
1970-01-02 22:39:00.917000,185940917,1.06,24.9,1009.2,0.0,14.8,100,100.0,3.266
1970-01-02 22:39:02.917000,185942917,1.06,24.9,1009.1,0.0,14.6,98,100.0,3.258
1970-01-02 22:39:04.917000,185944917,1.04,24.9,1009.2,0.0,-999.0,100,100.0,3.223
1970-01-02 22:39:06.917000,185946917,1.03,24.9,1009.2,0.0,14.7,100,100.0,3.256
1970-01-02 22:39:08.917000,185948917,1.02,24.9,1009.2,0.0,-999.0,100,100.0,3.253
1970-01-02 22:39:10.918000,185950918,1.02,25.0,1008.9,0.0,14.6,100,100.0,3.251
1970-01-02 22:39:12.917000,185952917,1.02,25.0,1009.1,0.0,-999.0,100,100.0,3.256
1970-01-02 22:39:14.917000,185954917,1.01,25.0,1009.1,0.0,-999.0,100,100.0,3.256
1970-01-02 22:39:16.917000,185956917,1.0,25.0,1009.2,0.0,14.8,100,100.0,3.261
1970-01-02 22:39:18.917000,185958917,1.0,25.0,1009.1,0.0,14.7,100,100.0,3.25
1970-01-02 22:39:20.917000,185960917,1.0,25.0,1009.1,0.0,-999.0,100,100.0,3.261
1970-01-02 22:39:22.917000,185962917,0.99,25.0,1009.1,0.0,-999.0,100,100.0,3.24
1970-01-02 22:39:24.918000,185964918,0.98,25.0,1009.1,0.0,14.6,100,100.0,3.252
1970-01-02 22:39:26.917000,185966917,0.98,25.0,1009.1,0.0,-999.0,100,100.0,3.252
1970-01-02 22:39:28.918000,185968918,0.98,25.1,1009.1,0.0,14.6,78,77.9,2.526
1970-01-02 22:39:30.917000,185970917,0.98,25.1,1009.1,0.0,-999.0,57,57.3,1.881
1970-01-02 22:39:32.917000,185972917,0.97,25.1,1009.1,0.0,14.7,40,40.1,1.341
1970-01-02 22:39:34.917000,185974917,0.98,25.1,1009.1,0.0,14.8,39,40.2,1.344
1970-01-02 22:39:36.917000,185976917,0.97,25.1,1009.2,0.0,14.7,39,39.7,1.327
1970-01-02 22:39:38.918000,185978918,0.97,25.1,1009.1,0.0,14.6,39,40.0,1.338
1970-01-02 22:39:40.917000,185980917,0.94,25.1,1009.2,0.0,14.7,39,39.9,1.334
1970-01-02 22:39:42.917000,185982917,0.94,25.2,1009.1,0.0,14.7,39,39.8,1.33
1970-01-02 22:39:44.917000,185984917,0.92,25.1,1009.2,0.0,14.6,40,40.1,1.339
1970-01-02 22:39:46.917000,185986917,0.9,25.1,1009.1,0.0,14.6,39,40.1,1.339
1970-01-02 22:39:48.917000,185988917,0.9,25.2,1009.2,0.0,14.8,40,40.2,1.342
1970-01-02 22:39:50.917000,185990917,0.9,25.2,1009.1,0.0,14.9,40,40.1,1.34
1970-01-02 22:39:52.918000,185992918,0.91,25.2,1009.1,0.0,14.8,40,39.9,1.332
1970-01-02 22:39:54.917000,185994917,0.89,25.2,1009.2,0.0,-999.0,22,22.4,0.784
1970-01-02 22:39:56.918000,185996918,0.88,25.2,1009.3,0.0,14.8,2,2.0,0.144
1970-01-02 22:39:58.917000,185998917,0.87,25.2,1009.2,0.0,-999.0,0,0.0,0.076
1970-01-02 22:40:00.917000,186000917,0.85,25.2,1009.1,0.0,14.9,0,0.1,0.083
1970-01-02 22:40:02.917000,186002917,0.82,25.3,1009.3,0.0,-999.0,0,0.0,0.08
1970-01-02 22:40:04.917000,186004917,0.8,25.3,1009.2,0.0,-999.0,0,0.0,0.079
1970-01-02 22:40:06.918000,186006918,0.79,25.2,1009.2,0.0,-999.0,0,0.0,0.08
1970-01-02 22:40:08.917000,186008917,0.76,25.3,1009.2,0.0,-999.0,0,0.0,0.08
1970-01-02 22:40:10.918000,186010918,0.74,25.3,1009.2,0.0,-999.0,0,0.1,0.082
1970-01-02 22:40:12.918000,186012918,0.75,25.3,1009.2,0.0,14.8,0,0.0,0.08
1970-01-02 22:40:14.917000,186014917,0.73,25.3,1009.2,0.0,-999.0,0,0.0,0.078
1970-01-02 22:40:16.917000,186016917,0.7,25.3,1009.2,0.0,-999.0,0,0.0,0.08
1970-01-02 22:40:18.917000,186018917,0.71,25.3,1009.2,0.0,-999.0,0,0.0,0.08
1970-01-02 22:40:20.917000,186020917,0.68,25.3,1009.2,0.0,-999.0,0,0.0,0.077
1970-01-02 22:40:22.918000,186022918,0.68,25.3,1009.2,0.0,15.0,0,0.0,0.077
1970-01-02 22:40:24.917000,186024917,0.67,25.3,1009.2,0.0,-999.0,0,0.0,0.079
1970-01-02 22:40:26.918000,186026918,0.65,25.3,1009.2,0.0,14.8,0,0.0,0.076
1970-01-02 22:40:28.917000,186028917,0.63,25.3,1009.2,0.0,-999.0,0,0.0,0.08
1970-01-02 22:40:30.918000,186030918,0.63,25.3,1009.2,0.0,14.8,0,0.2,0.085
1970-01-02 22:40:32.917000,186032917,0.62,25.3,1009.2,0.0,-999.0,0,0.0,0.075
1970-01-02 22:40:34.918000,186034918,0.6,25.3,1009.2,0.0,14.9,0,0.0,0.075
1970-01-02 22:40:36.917000,186036917,0.61,25.3,1009.2,0.0,-999.0,0,0.1,0.083
1970-01-02 22:40:38.918000,186038918,0.6,25.3,1009.2,0.0,15.0,0,0.0,0.08
1970-01-02 22:40:40.917000,186040917,0.59,25.3,1009.2,0.0,-999.0,0,0.0,0.077
1970-01-02 22:40:42.918000,186042918,0.59,25.3,1009.2,0.0,14.8,0,0.0,0.073
1970-01-02 22:40:44.917000,186044917,0.57,25.3,1009.2,0.0,14.8,0,0.0,0.081
1970-01-02 22:40:46.918000,186046918,0.56,25.3,1009.2,0.0,14.9,0,0.0,0.081
1970-01-02 22:40:48.918000,186048918,0.55,25.3,1009.2,0.0,14.9,0,0.0,0.075
1970-01-02 22:40:50.918000,186050918,0.54,25.3,1009.2,0.0,14.8,0,0.0,0.079
1970-01-02 22:40:52.917000,186052917,0.52,25.3,1009.2,0.0,-999.0,0,0.0,0.072
1970-01-02 22:40:54.917000,186054917,0.52,25.3,1009.2,0.0,-999.0,0,0.0,0.081
1970-01-02 22:40:56.918000,186056918,0.5,25.3,1009.2,0.0,14.8,0,0.0,0.076
1970-01-02 22:40:58.917000,186058917,0.51,25.3,1009.2,0.0,-999.0,0,0.0,0.08
1970-01-02 22:41:00.918000,186060918,0.49,25.3,1009.3,0.0,14.8,0,0.0,0.077
1970-01-02 22:41:02.917000,186062917,0.48,25.3,1009.2,0.0,-999.0,0,0.0,0.079
1970-01-02 22:41:04.918000,186064918,0.48,25.3,1009.3,0.0,14.7,0,0.0,0.076
1970-01-02 22:41:06.918000,186066918,0.47,25.3,1009.2,0.0,14.8,0,0.0,0.077
1970-01-02 22:41:08.918000,186068918,0.46,25.3,1009.2,0.0,14.9,0,0.0,0.071
1970-01-02 22:41:10.918000,186070918,0.47,25.3,1009.2,0.0,14.9,0,0.0,0.077
1970-01-02 22:41:12.918000,186072918,0.46,25.3,1009.3,0.0,14.9,0,0.1,0.085
1970-01-02 22:41:14.918000,186074918,0.45,25.3,1009.2,0.0,14.8,0,0.0,0.073
1970-01-02 22:41:16.917000,186076917,0.44,25.3,1009.2,0.0,-999.0,0,0.0,0.079
1970-01-02 22:41:18.918000,186078918,0.43,25.3,1009.2,0.0,14.8,0,0.0,0.077
1970-01-02 22:41:20.917000,186080917,0.42,25.3,1009.2,0.0,-999.0,0,0.2,0.086
1970-01-02 22:41:22.917000,186082917,0.41,25.3,1009.2,0.0,-999.0,0,0.0,0.081
1970-01-02 22:41:24.918000,186084918,0.4,25.3,1009.2,0.0,14.9,0,0.0,0.081
1970-01-02 22:41:26.917000,186086917,0.4,25.3,1009.2,0.0,-999.0,0,0.0,0.076
1970-01-02 22:41:28.918000,186088918,0.4,25.3,1009.1,0.0,14.8,0,0.1,0.083
1970-01-02 22:41:30.918000,186090918,0.39,25.3,1009.2,0.0,-999.0,0,0.0,0.076
1970-01-02 22:41:32.918000,186092918,0.39,25.3,1009.3,0.0,14.8,0,0.0,0.078
1970-01-02 22:41:34.918000,186094918,0.38,25.3,1009.2,0.0,14.8,0,0.1,0.085
1970-01-02 22:41:36.918000,186096918,0.37,25.3,1009.2,0.0,14.8,0,0.0,0.077
1970-01-02 22:41:38.918000,186098918,0.37,25.3,1009.2,0.0,-999.0,0,0.0,0.078
1970-01-02 22:41:40.917000,186100917,0.37,25.3,1009.2,0.0,-999.0,0,0.1,0.083
1970-01-02 22:41:42.918000,186102918,0.36,25.3,1009.2,0.0,14.8,0,0.0,0.075
1970-01-02 22:41:44.917000,186104917,0.35,25.3,1009.2,0.0,-999.0,0,0.0,0.08
1970-01-02 22:41:46.918000,186106918,0.34,25.3,1009.2,0.0,14.8,0,0.0,0.078
1970-01-02 22:41:48.917000,186108917,0.34,25.3,1009.2,0.0,-999.0,0,0.0,0.081
1970-01-02 22:41:50.918000,186110918,0.33,25.3,1009.2,0.0,14.8,0,0.0,0.077
1970-01-02 22:41:52.917000,186112917,0.33,25.3,1009.2,0.0,-999.0,0,0.0,0.078
1970-01-02 22:41:54.917000,186114917,0.32,25.3,1009.2,0.0,-999.0,0,0.0,0.077
1970-01-02 22:41:56.918000,186116918,0.32,25.3,1009.2,0.0,14.8,0,0.0,0.08
1970-01-02 22:41:58.918000,186118918,0.31,25.3,1009.3,0.0,14.8,0,0.0,0.079
1970-01-02 22:42:00.918000,186120918,0.31,25.3,1009.2,0.0,14.8,0,0.0,0.077
1970-01-02 22:42:02.918000,186122918,0.3,25.3,1009.2,0.0,14.6,0,0.0,0.076
1970-01-02 22:42:04.918000,186124918,0.3,25.3,1009.2,0.0,14.8,0,0.0,0.075
1970-01-02 22:42:06.917000,186126917,0.29,25.3,1009.2,0.0,-999.0,0,0.0,0.077
1970-01-02 22:42:08.918000,186128918,0.29,25.3,1009.2,0.0,14.8,0,0.0,0.072
1970-01-02 22:42:10.917000,186130917,0.29,25.3,1009.2,0.0,-999.0,0,0.0,0.076
1970-01-02 22:42:12.917000,186132917,0.28,25.3,1009.2,0.0,-999.0,0,0.0,0.077
1970-01-02 22:42:14.918000,186134918,0.28,25.3,1009.2,0.0,14.8,0,0.0,0.08
1970-01-02 22:42:16.917000,186136917,0.28,25.3,1009.2,0.0,-999.0,0,0.0,0.078
1970-01-02 22:42:18.918000,186138918,0.27,25.3,1009.2,0.0,14.8,0,0.1,0.084
1970-01-02 22:42:20.917000,186140917,0.27,25.3,1009.2,0.0,-999.0,0,0.1,0.083
1970-01-02 22:42:22.918000,186142918,0.27,25.3,1009.2,0.0,14.8,0,0.0,0.074
1970-01-02 22:42:24.917000,186144917,0.26,25.3,1009.2,0.0,-999.0,0,0.0,0.076
1970-01-02 22:42:26.917000,186146917,0.25,25.3,1009.2,0.0,14.8,0,0.1,0.082
1970-01-02 22:42:28.918000,186148918,0.25,25.3,1009.2,0.0,14.8,0,0.0,0.078
1970-01-02 22:42:30.918000,186150918,0.24,25.3,1009.3,0.0,14.8,0,0.0,0.074
1970-01-02 22:42:32.918000,186152918,0.24,25.3,1009.2,0.0,14.8,0,0.1,0.085
1970-01-02 22:42:34.918000,186154918,0.24,25.3,1009.3,0.0,14.8,0,0.0,0.073
1970-01-02 22:42:36.917000,186156917,0.24,25.3,1009.2,0.0,-999.0,0,0.0,0.074
1970-01-02 22:42:38.918000,186158918,0.23,25.3,1009.6,0.0,14.8,0,0.0,0.075
1970-01-02 22:42:40.917000,186160917,0.23,25.3,1009.2,0.0,-999.0,0,0.0,0.081
1970-01-02 22:42:42.918000,186162918,0.22,25.3,1009.3,0.0,14.8,0,0.0,0.078
1970-01-02 22:42:44.917000,186164917,0.22,25.3,1009.3,0.0,-999.0,0,0.0,0.08
1970-01-02 22:42:46.918000,186166918,0.22,25.3,1009.3,0.0,14.8,0,0.0,0.076
1970-01-02 22:42:48.917000,186168917,0.21,25.3,1009.6,0.0,-999.0,0,0.0,0.076
1970-01-02 22:42:50.917000,186170917,0.21,25.3,1009.3,0.0,-999.0,0,0.0,0.077
1970-01-02 22:42:52.918000,186172918,0.21,25.3,1009.5,0.0,14.8,0,0.0,0.081
1970-01-02 22:42:54.917000,186174917,0.21,25.3,1009.5,0.0,-999.0,0,0.0,0.077
1970-01-02 22:42:56.917000,186176917,0.2,25.3,1009.5,0.0,14.8,0,0.0,0.077
1970-01-02 22:42:58.917000,186178917,0.2,25.3,1010.0,0.0,14.8,0,0.0,0.077
1970-01-02 22:43:00.918000,186180918,0.2,25.3,1009.6,0.0,14.8,0,0.0,0.077
1970-01-02 22:43:02.918000,186182918,0.2,25.3,1009.7,0.0,14.8,0,0.0,0.08
1970-01-02 22:43:04.918000,186184918,0.19,25.3,1009.6,0.0,14.8,0,0.0,0.08
1970-01-02 22:43:06.918000,186186918,0.19,25.3,1010.1,0.0,14.8,0,0.0,0.078
1970-01-02 22:43:08.918000,186188918,0.19,25.3,1009.7,0.0,14.8,0,0.0,0.081
1970-01-02 22:43:10.918000,186190918,0.19,25.3,1009.7,0.0,14.8,0,0.0,0.076
1970-01-02 22:43:12.918000,186192918,0.18,25.3,1009.9,0.0,14.8,0,0.0,0.076
1970-01-02 22:43:14.918000,186194918,0.18,25.3,1009.9,0.0,14.8,0,0.0,0.077
1970-01-02 22:43:16.918000,186196918,0.17,25.3,1010.0,0.0,14.8,0,0.0,0.079
1970-01-02 22:43:18.918000,186198918,0.17,25.3,1010.1,0.0,14.8,0,0.0,0.08
1970-01-02 22:43:20.918000,186200918,0.17,25.3,1010.1,0.0,14.8,0,0.0,0.077
1970-01-02 22:43:22.918000,186202918,0.17,25.3,1010.1,0.0,14.7,0,0.1,0.084
1970-01-02 22:43:24.918000,186204918,0.16,25.3,1010.1,0.0,14.8,0,0.0,0.077
1970-01-02 22:43:26.917000,186206917,0.16,25.3,1009.9,0.0,14.8,0,0.0,0.076
1970-01-02 22:43:28.918000,186208918,0.16,25.3,1009.9,0.0,14.8,0,0.0,0.077
1970-01-02 22:43:30.918000,186210918,0.15,25.3,1010.3,0.0,14.8,0,0.1,0.082
1970-01-02 22:43:32.918000,186212918,0.15,25.3,1009.9,0.0,14.6,0,0.0,0.08
1970-01-02 22:43:34.918000,186214918,0.15,25.3,1009.9,0.0,14.8,0,0.0,0.077
1970-01-02 22:43:36.918000,186216918,0.15,25.3,1009.9,0.0,14.8,0,0.0,0.08
1970-01-02 22:43:38.918000,186218918,0.15,25.3,1010.1,0.0,14.8,0,0.0,0.073
1970-01-02 22:43:40.918000,186220918,0.14,25.3,1009.7,0.0,14.8,0,0.2,0.085
1970-01-02 22:43:42.918000,186222918,0.14,25.3,1009.9,0.0,14.8,0,0.1,0.082
1970-01-02 22:43:44.917000,186224917,0.14,25.3,1009.9,0.0,-999.0,0,0.0,0.077
1970-01-02 22:43:46.918000,186226918,0.14,25.3,1009.5,0.0,14.8,0,0.0,0.077
1970-01-02 22:43:48.918000,186228918,0.14,25.3,1009.1,0.0,14.7,0,0.0,0.072
1970-01-02 22:43:50.918000,186230918,0.14,25.3,1008.9,0.0,14.7,0,0.1,0.085
1970-01-02 22:43:52.918000,186232918,0.13,25.3,1008.9,0.0,14.8,0,0.0,0.077
1970-01-02 22:43:54.918000,186234918,0.13,25.3,1008.9,0.0,14.8,0,0.0,0.077
1970-01-02 22:43:56.918000,186236918,0.13,25.3,1009.1,0.0,14.8,0,0.0,0.071
1970-01-02 22:43:58.918000,186238918,0.13,25.3,1009.1,0.0,14.7,0,0.0,0.076
1970-01-02 22:44:00.918000,186240918,0.13,25.3,1009.1,0.0,14.6,0,0.0,0.076
1970-01-02 22:44:02.918000,186242918,0.13,25.3,1009.1,0.0,14.7,0,0.0,0.075
1970-01-02 22:44:04.918000,186244918,0.13,25.3,1009.1,0.0,14.5,0,0.0,0.077
1970-01-02 22:44:06.917000,186246917,0.12,25.3,1008.9,0.0,-999.0,0,0.0,0.075
1970-01-02 22:44:08.927000,186248927,0.12,25.3,1009.1,0.0,14.5,0,0.1,0.083
1970-01-02 22:44:10.928000,186250928,0.12,25.3,1009.1,0.0,14.7,0,0.0,0.081
1970-01-02 22:44:12.928000,186252928,0.12,25.3,1009.1,0.0,14.4,0,0.0,0.081
1970-01-02 22:44:14.918000,186254918,0.12,25.3,1008.9,0.0,14.7,0,0.0,0.074
1970-01-02 22:44:16.927000,186256927,0.12,25.3,1009.1,0.0,-999.0,0,0.0,0.077
1970-01-02 22:44:18.927000,186258927,0.12,25.3,1009.1,0.0,14.6,0,0.0,0.078
1970-01-02 22:44:20.927000,186260927,0.12,25.3,1009.1,0.0,14.8,0,0.0,0.073
1970-01-02 22:44:22.927000,186262927,0.12,25.3,1009.1,0.0,14.7,0,0.0,0.074
1970-01-02 22:44:24.927000,186264927,0.12,25.3,1009.1,0.0,-999.0,0,0.0,0.08
1970-01-02 22:44:26.928000,186266928,0.11,25.3,1009.1,0.0,14.8,0,0.0,0.078
1970-01-02 22:44:28.927000,186268927,0.11,25.3,1009.1,0.0,14.7,0,0.0,0.074
1970-01-02 22:44:30.927000,186270927,0.11,25.3,1008.9,0.0,14.6,0,0.0,0.081
1970-01-02 22:44:32.927000,186272927,0.11,25.3,1009.1,0.0,14.6,0,0.0,0.081
1970-01-02 22:44:34.927000,186274927,0.11,25.3,1009.1,0.0,14.7,0,0.0,0.075
1970-01-02 22:44:36.927000,186276927,0.11,25.3,1009.1,0.0,-999.0,0,0.0,0.079
1970-01-02 22:44:38.929000,186278929,0.11,25.3,1009.1,0.0,14.7,0,0.0,0.077
1970-01-02 22:44:40.927000,186280927,0.11,25.3,1009.1,0.0,-999.0,0,0.1,0.084
1970-01-02 22:44:42.927000,186282927,0.11,25.3,1009.1,0.0,14.7,0,0.1,0.084
1970-01-02 22:44:44.927000,186284927,0.11,25.3,1009.1,0.0,14.6,0,0.0,0.079
1970-01-02 22:44:46.927000,186286927,0.11,25.3,1009.1,0.0,14.6,0,0.0,0.081
1970-01-02 22:44:48.927000,186288927,0.1,25.3,1009.1,0.0,-999.0,0,0.0,0.077
1970-01-02 22:44:50.927000,186290927,0.1,25.3,1009.1,0.0,14.6,0,0.0,0.078
1970-01-02 22:44:52.927000,186292927,0.1,25.3,1009.1,0.0,14.6,0,0.0,0.081
1970-01-02 22:44:54.927000,186294927,0.1,25.3,1009.1,0.0,-999.0,0,0.1,0.082
1970-01-02 22:44:56.927000,186296927,0.1,25.4,1009.1,0.0,14.6,0,0.1,0.082
1970-01-02 22:44:58.927000,186298927,0.1,25.3,1009.1,0.0,14.6,0,0.1,0.082
1970-01-02 22:45:00.927000,186300927,0.1,25.4,1009.1,0.0,14.8,0,0.0,0.08
1970-01-02 22:45:02.927000,186302927,0.1,25.4,1009.1,0.0,14.7,0,0.0,0.077
1970-01-02 22:45:04.927000,186304927,0.1,25.4,1009.1,0.0,-999.0,0,0.0,0.077
1970-01-02 22:45:06.927000,186306927,0.1,25.4,1009.1,0.0,14.6,0,0.0,0.074
1970-01-02 22:45:08.927000,186308927,0.1,25.4,1009.1,0.0,-999.0,0,0.0,0.079
1970-01-02 22:45:10.927000,186310927,0.1,25.4,1009.1,0.0,-999.0,0,0.1,0.082
1970-01-02 22:45:12.928000,186312928,0.09,25.4,1009.1,0.0,14.7,0,0.0,0.081
1970-01-02 22:45:14.928000,186314928,0.09,25.4,1009.1,0.0,14.8,0,0.2,0.087
1970-01-02 22:45:16.928000,186316928,0.09,25.4,1009.1,0.0,-999.0,0,0.0,0.077
1970-01-02 22:45:18.928000,186318928,0.09,25.4,1009.1,0.0,-999.0,0,0.2,0.088
1970-01-02 22:45:20.928000,186320928,0.09,25.4,1009.1,0.0,14.8,0,0.0,0.079
1970-01-02 22:45:22.928000,186322928,0.09,25.4,1009.1,0.0,14.6,0,0.0,0.077
1970-01-02 22:45:24.928000,186324928,0.09,25.4,1009.1,0.0,14.8,0,0.0,0.079
1970-01-02 22:45:26.928000,186326928,0.09,25.4,1009.1,0.0,14.8,0,0.2,0.085
1970-01-02 22:45:28.928000,186328928,0.09,25.4,1009.1,0.0,14.8,0,0.0,0.081
1970-01-02 22:45:30.928000,186330928,0.09,25.4,1009.1,0.0,14.8,0,0.0,0.075
1970-01-02 22:45:32.928000,186332928,0.09,25.5,1009.1,0.0,14.6,0,0.0,0.077
1970-01-02 22:45:34.928000,186334928,0.09,25.5,1009.1,0.0,14.7,0,0.0,0.076
1970-01-02 22:45:36.928000,186336928,0.09,25.5,1009.1,0.0,14.6,0,0.0,0.081
1970-01-02 22:45:38.928000,186338928,0.09,25.4,1009.1,0.0,-999.0,0,0.0,0.078
1970-01-02 22:45:40.928000,186340928,0.08,25.5,1009.1,0.0,14.8,0,0.0,0.079
1970-01-02 22:45:42.928000,186342928,0.08,25.5,1009.1,0.0,-999.0,0,0.0,0.078
1970-01-02 22:45:44.928000,186344928,0.08,25.5,1009.1,0.0,14.8,0,0.0,0.079
1970-01-02 22:45:46.928000,186346928,0.08,25.5,1009.1,0.0,-999.0,0,0.0,0.078
1970-01-02 22:45:48.928000,186348928,0.08,25.5,1009.1,0.0,-999.0,0,0.1,0.085
1970-01-02 22:45:50.928000,186350928,0.08,25.5,1009.1,0.0,14.8,0,0.0,0.077
1970-01-02 22:45:52.928000,186352928,0.08,25.5,1009.1,0.0,-999.0,0,0.0,0.079
1970-01-02 22:45:54.928000,186354928,0.08,25.5,1009.1,0.0,14.7,0,0.0,0.078
1970-01-02 22:45:56.928000,186356928,0.08,25.6,1009.1,0.0,14.7,0,0.0,0.073
1970-01-02 22:45:58.928000,186358928,0.08,25.6,1009.1,0.0,14.7,0,0.0,0.079
1970-01-02 22:46:00.928000,186360928,0.08,25.6,1009.1,0.0,14.8,0,0.0,0.077
1970-01-02 22:46:02.928000,186362928,0.08,25.6,1009.1,0.0,14.7,0,0.0,0.074
1970-01-02 22:46:04.928000,186364928,0.07,25.6,1009.1,0.0,14.5,0,0.0,0.076
1970-01-02 22:46:06.928000,186366928,0.07,25.6,1009.1,0.0,14.7,0,0.0,0.078
1970-01-02 22:46:08.928000,186368928,0.07,25.6,1009.1,0.0,14.8,0,0.1,0.083
1970-01-02 22:46:10.928000,186370928,0.07,25.6,1009.1,0.0,-999.0,0,0.0,0.074
1970-01-02 22:46:12.928000,186372928,0.07,25.6,1009.1,0.0,14.6,0,0.1,0.084
1970-01-02 22:46:14.928000,186374928,0.07,25.7,1009.1,0.0,-999.0,0,0.1,0.082
1970-01-02 22:46:16.928000,186376928,0.07,25.6,1009.1,0.0,14.7,0,0.0,0.08
1970-01-02 22:46:18.928000,186378928,0.07,25.7,1009.1,0.0,-999.0,0,0.0,0.076
1970-01-02 22:46:20.928000,186380928,0.07,25.7,1009.1,0.0,-999.0,0,0.0,0.076
1970-01-02 22:46:22.928000,186382928,0.07,25.7,1009.1,0.0,14.8,0,0.0,0.078
1970-01-02 22:46:24.928000,186384928,0.07,25.7,1009.1,0.0,14.5,0,0.1,0.083
1970-01-02 22:46:26.928000,186386928,0.07,25.7,1009.1,0.0,14.4,0,0.1,0.082
1970-01-02 22:46:28.928000,186388928,0.07,25.7,1009.1,0.0,14.8,0,0.0,0.081
1970-01-02 22:46:30.928000,186390928,0.07,25.7,1009.1,0.0,14.8,0,0.0,0.077
1970-01-02 22:46:32.928000,186392928,0.06,25.7,1009.1,0.0,14.7,0,0.0,0.073
1970-01-02 22:46:34.928000,186394928,0.06,25.7,1009.1,0.0,14.8,0,0.0,0.077
1970-01-02 22:46:36.928000,186396928,0.06,25.8,1009.1,0.0,-999.0,0,0.0,0.072
1970-01-02 22:46:38.928000,186398928,0.06,25.7,1009.1,0.0,14.7,0,0.0,0.077
1970-01-02 22:46:40.928000,186400928,0.06,25.7,1009.1,0.0,-999.0,0,0.0,0.078
1970-01-02 22:46:42.928000,186402928,0.06,25.8,1009.1,0.0,14.7,0,0.0,0.078
1970-01-02 22:46:44.928000,186404928,0.06,25.8,1009.2,0.0,-999.0,0,0.2,0.087
1970-01-02 22:46:46.928000,186406928,0.06,25.8,1009.2,0.0,-999.0,0,0.0,0.081
1970-01-02 22:46:48.928000,186408928,0.06,25.8,1009.1,0.0,14.8,0,0.0,0.079
1970-01-02 22:46:50.928000,186410928,0.06,25.8,1009.1,0.0,-999.0,0,0.0,0.081
1970-01-02 22:46:52.928000,186412928,0.06,25.8,1009.1,0.0,14.8,0,0.0,0.073
1970-01-02 22:46:54.928000,186414928,0.06,25.8,1009.1,0.0,14.8,0,0.0,0.077
1970-01-02 22:46:56.928000,186416928,0.06,25.8,1009.1,0.0,14.8,0,0.0,0.077
1970-01-02 22:46:58.928000,186418928,0.06,25.8,1008.9,0.0,14.8,0,0.0,0.081
1970-01-02 22:47:00.928000,186420928,0.06,25.8,1009.1,0.0,14.8,0,0.1,0.085
1970-01-02 22:47:02.928000,186422928,0.06,25.8,1009.1,0.0,14.8,0,0.0,0.077
1970-01-02 22:47:04.928000,186424928,0.06,25.8,1009.1,0.0,14.8,0,0.0,0.076
1970-01-02 22:47:06.928000,186426928,0.06,25.8,1008.9,0.0,14.8,0,0.0,0.073
1970-01-02 22:47:08.929000,186428929,0.05,25.8,1009.1,0.0,-999.0,0,0.0,0.07
1970-01-02 22:47:10.928000,186430928,0.05,25.8,1008.9,0.0,14.8,0,0.0,0.077
1970-01-02 22:47:12.928000,186432928,0.05,25.8,1008.9,0.0,-999.0,0,0.0,0.074
1970-01-02 22:47:14.928000,186434928,0.05,25.8,1009.1,0.0,14.8,0,0.1,0.082
1970-01-02 22:47:16.928000,186436928,0.05,25.8,1008.9,0.0,-999.0,0,0.0,0.078
1970-01-02 22:47:18.928000,186438928,0.05,25.8,1008.9,0.0,14.7,0,0.0,0.077
1970-01-02 22:47:20.928000,186440928,0.05,25.8,1009.1,0.0,-999.0,0,0.0,0.077
1970-01-02 22:47:22.928000,186442928,0.05,25.8,1009.1,0.0,-999.0,0,0.0,0.077
1970-01-02 22:47:24.928000,186444928,0.05,25.8,1009.1,0.0,14.6,0,0.0,0.077
1970-01-02 22:47:26.928000,186446928,0.05,25.8,1008.9,0.0,-999.0,0,0.0,0.077
1970-01-02 22:47:28.928000,186448928,0.05,25.8,1009.1,0.0,14.7,0,0.0,0.075
1970-01-02 22:47:30.928000,186450928,0.05,25.8,1009.1,0.0,14.7,0,0.0,0.081
1970-01-02 22:47:32.928000,186452928,0.05,25.8,1008.7,0.0,14.8,0,0.0,0.077
1970-01-02 22:47:34.928000,186454928,0.05,25.8,1008.9,0.0,-999.0,0,0.0,0.081
1970-01-02 22:47:36.928000,186456928,0.05,25.8,1009.1,0.0,14.6,0,0.0,0.073
1970-01-02 22:47:38.928000,186458928,0.05,25.8,1009.1,0.0,-999.0,0,0.0,0.075
1970-01-02 22:47:40.928000,186460928,0.05,25.8,1008.9,0.0,14.8,0,0.0,0.078
1970-01-02 22:47:42.928000,186462928,0.05,25.8,1009.1,0.0,-999.0,0,0.0,0.079
1970-01-02 22:47:44.928000,186464928,0.05,25.8,1008.9,0.0,-999.0,0,0.0,0.077
1970-01-02 22:47:46.928000,186466928,0.04,25.8,1009.1,0.0,-999.0,0,0.0,0.081
1970-01-02 22:47:48.928000,186468928,0.04,25.8,1008.8,0.0,-999.0,0,0.1,0.082
1970-01-02 22:47:50.928000,186470928,0.04,25.8,1009.1,0.0,14.9,0,0.1,0.082
1970-01-02 22:47:52.928000,186472928,0.04,25.8,1008.8,0.0,-999.0,0,0.1,0.083
1970-01-02 22:47:54.928000,186474928,0.04,25.8,1008.9,0.0,14.8,0,0.0,0.08
1970-01-02 22:47:56.928000,186476928,0.04,25.8,1009.1,0.0,-999.0,0,0.0,0.074
1970-01-02 22:47:58.928000,186478928,0.04,25.8,1008.9,0.0,14.8,0,0.0,0.08
1970-01-02 22:48:00.928000,186480928,0.04,25.8,1009.1,0.0,14.8,0,0.0,0.078
1970-01-02 22:48:02.928000,186482928,0.04,25.8,1009.1,0.0,14.8,0,0.0,0.077
1970-01-02 22:48:04.928000,186484928,0.04,25.8,1008.9,0.0,14.9,0,0.0,0.078
1970-01-02 22:48:06.928000,186486928,0.04,25.8,1009.1,0.0,14.8,0,0.0,0.08
1970-01-02 22:48:08.928000,186488928,0.04,25.8,1008.9,0.0,-999.0,0,0.0,0.08
1970-01-02 22:48:10.928000,186490928,0.04,25.8,1009.1,0.0,-999.0,0,0.0,0.078
1970-01-02 22:48:12.928000,186492928,0.04,25.8,1009.1,0.0,14.8,0,0.0,0.081
1970-01-02 22:48:14.928000,186494928,0.04,25.8,1009.1,0.0,14.8,0,0.0,0.075
1970-01-02 22:48:16.928000,186496928,0.04,25.8,1008.9,0.0,-999.0,0,0.0,0.077
1970-01-02 22:48:18.928000,186498928,0.04,25.8,1008.8,0.0,-999.0,0,0.0,0.075
1970-01-02 22:48:20.928000,186500928,0.04,25.8,1008.9,0.0,14.8,0,0.1,0.083
1970-01-02 22:48:22.928000,186502928,0.04,25.8,1009.1,0.0,-999.0,0,0.0,0.074
1970-01-02 22:48:24.928000,186504928,0.04,25.8,1009.1,0.0,14.8,0,0.1,0.085
1970-01-02 22:48:26.928000,186506928,0.04,25.8,1009.1,0.0,14.8,0,0.0,0.079
1970-01-02 22:48:28.928000,186508928,0.04,25.8,1008.9,0.0,14.8,0,0.1,0.083
1970-01-02 22:48:30.928000,186510928,0.04,25.8,1009.1,0.0,14.9,0,0.0,0.08
1970-01-02 22:48:32.928000,186512928,0.04,25.8,1009.1,0.0,14.7,0,0.0,0.077
1970-01-02 22:48:34.928000,186514928,0.04,25.8,1009.1,0.0,14.9,0,0.0,0.077
1970-01-02 22:48:36.928000,186516928,0.04,25.8,1009.1,0.0,14.8,0,0.0,0.077
1970-01-02 22:48:38.928000,186518928,0.04,25.8,1008.9,0.0,15.0,0,0.0,0.078
1970-01-02 22:48:40.928000,186520928,0.03,25.8,1008.9,0.0,-999.0,0,0.1,0.083
1970-01-02 22:48:42.928000,186522928,0.03,25.8,1009.1,0.0,14.8,0,0.0,0.077
1970-01-02 22:48:44.928000,186524928,0.04,25.8,1008.8,0.0,-999.0,0,0.1,0.083
1970-01-02 22:48:46.928000,186526928,0.03,25.8,1008.9,0.0,14.8,0,0.0,0.077
1970-01-02 22:48:48.928000,186528928,0.03,25.8,1009.1,0.0,-999.0,0,0.0,0.073
1970-01-02 22:48:50.928000,186530928,0.03,25.8,1008.9,0.0,-999.0,0,0.0,0.078
1970-01-02 22:48:52.928000,186532928,0.03,25.8,1009.1,0.0,14.8,0,0.0,0.077
1970-01-02 22:48:54.928000,186534928,0.03,25.8,1008.9,0.0,-999.0,0,0.0,0.08
1970-01-02 22:48:56.928000,186536928,0.03,25.8,1008.9,0.0,14.8,0,0.0,0.079
1970-01-02 22:48:58.928000,186538928,0.03,25.8,1009.1,0.0,14.8,0,0.0,0.074
1970-01-02 22:49:00.928000,186540928,0.03,25.8,1008.9,0.0,14.8,0,0.0,0.078
1970-01-02 22:49:02.928000,186542928,0.03,25.8,1008.9,0.0,14.8,0,0.2,0.087
1970-01-02 22:49:04.928000,186544928,0.03,25.8,1009.1,0.0,14.9,0,0.1,0.084
1970-01-02 22:49:06.928000,186546928,0.03,25.8,1008.9,0.0,14.8,0,0.2,0.088
1970-01-02 22:49:08.928000,186548928,0.03,25.8,1008.9,0.0,14.8,0,0.0,0.076
1970-01-02 22:49:10.928000,186550928,0.03,25.8,1009.1,0.0,14.8,0,0.0,0.08
1970-01-02 22:49:12.928000,186552928,0.03,25.8,1009.1,0.0,-999.0,0,0.0,0.081
1970-01-02 22:49:14.928000,186554928,0.03,25.8,1008.9,0.0,14.9,0,0.2,0.087
1970-01-02 22:49:16.928000,186556928,0.03,25.8,1008.9,0.0,-999.0,0,0.0,0.081
1970-01-02 22:49:18.928000,186558928,0.03,25.8,1008.9,0.0,14.8,0,0.1,0.082
1970-01-02 22:49:20.928000,186560928,0.03,25.8,1008.9,0.0,14.8,0,0.2,0.085
1970-01-02 22:49:22.928000,186562928,0.03,25.8,1009.1,0.0,14.8,0,0.0,0.077
1970-01-02 22:49:24.928000,186564928,0.03,25.8,1009.1,0.0,14.9,0,0.0,0.081
1970-01-02 22:49:26.928000,186566928,0.03,25.8,1008.9,0.0,14.8,0,0.1,0.084
1970-01-02 22:49:28.928000,186568928,0.03,25.8,1009.1,0.0,-999.0,0,0.0,0.081
1970-01-02 22:49:30.928000,186570928,0.03,25.8,1009.1,0.0,14.8,0,0.1,0.085
1970-01-02 22:49:32.928000,186572928,0.03,25.8,1009.1,0.0,14.6,0,0.0,0.077
1970-01-02 22:49:34.928000,186574928,0.03,25.8,1009.3,0.0,14.8,0,0.0,0.08
1970-01-02 22:49:36.928000,186576928,0.03,25.8,1009.7,0.0,14.8,0,0.0,0.073
1970-01-02 22:49:38.928000,186578928,0.03,25.8,1009.9,0.0,14.8,0,0.0,0.08
1970-01-02 22:49:40.928000,186580928,0.02,25.8,1010.3,0.0,14.9,0,0.0,0.081
1970-01-02 22:49:42.928000,186582928,0.02,25.8,1010.5,0.0,14.8,0,0.0,0.074
1970-01-02 22:49:44.928000,186584928,0.02,25.8,1010.9,0.0,14.8,0,0.0,0.081
1970-01-02 22:49:46.928000,186586928,0.02,25.8,1010.8,0.0,14.9,0,0.0,0.078
1970-01-02 22:49:48.928000,186588928,0.02,25.8,1011.1,0.0,14.8,0,0.0,0.08
1970-01-02 22:49:50.928000,186590928,0.02,25.8,1011.1,0.0,-999.0,0,0.1,0.083
1970-01-02 22:49:52.928000,186592928,0.02,25.8,1011.2,0.0,14.9,0,0.0,0.074
1970-01-02 22:49:54.928000,186594928,0.02,25.8,1011.2,0.0,-999.0,0,0.0,0.078
1970-01-02 22:49:56.928000,186596928,0.02,25.8,1011.5,0.0,14.9,0,0.1,0.085
1970-01-02 22:49:58.928000,186598928,0.02,25.8,1011.6,0.0,-999.0,0,0.0,0.08
1970-01-02 22:50:00.928000,186600928,0.02,25.8,1011.2,0.0,-999.0,0,0.0,0.074
1970-01-02 22:50:02.928000,186602928,0.02,25.8,1011.2,0.0,15.0,0,0.0,0.08
1970-01-02 22:50:04.928000,186604928,0.02,25.8,1011.2,0.0,-999.0,0,0.0,0.076
1970-01-02 22:50:06.928000,186606928,0.02,25.8,1011.3,0.0,14.9,0,0.0,0.076
1970-01-02 22:50:08.928000,186608928,0.02,25.8,1011.3,0.0,15.0,0,0.0,0.078
1970-01-02 22:50:10.928000,186610928,0.02,25.8,1011.2,0.0,15.0,0,0.1,0.083
1970-01-02 22:50:12.928000,186612928,0.02,25.8,1011.1,0.0,-999.0,0,0.0,0.075
1970-01-02 22:50:14.928000,186614928,0.02,25.8,1011.1,0.0,14.9,0,0.1,0.082
1970-01-02 22:50:16.928000,186616928,0.02,25.8,1011.6,0.0,-999.0,0,0.0,0.079
1970-01-02 22:50:18.928000,186618928,0.02,25.8,1011.1,0.0,15.0,0,0.0,0.074
1970-01-02 22:50:20.928000,186620928,0.02,25.8,1011.2,0.0,-999.0,0,0.0,0.081
1970-01-02 22:50:22.928000,186622928,0.02,25.8,1011.1,0.0,-999.0,0,0.0,0.081
1970-01-02 22:50:24.928000,186624928,0.02,25.8,1010.7,0.0,14.9,0,0.0,0.073
1970-01-02 22:50:26.928000,186626928,0.02,25.8,1010.9,0.0,-999.0,0,0.0,0.081
1970-01-02 22:50:28.928000,186628928,0.02,25.8,1011.2,0.0,15.0,0,0.0,0.081
1970-01-02 22:50:30.928000,186630928,0.02,25.8,1010.8,0.0,15.1,0,0.0,0.078
1970-01-02 22:50:32.928000,186632928,0.01,25.8,1011.2,0.0,15.1,0,0.0,0.077
1970-01-02 22:50:34.928000,186634928,0.01,25.8,1010.7,0.0,15.1,0,0.0,0.075
1970-01-02 22:50:36.928000,186636928,0.01,25.8,1010.5,0.0,-999.0,0,0.1,0.084
1970-01-02 22:50:38.928000,186638928,0.01,25.8,1010.7,0.0,15.1,0,0.0,0.079
1970-01-02 22:50:40.928000,186640928,0.01,25.8,1010.4,0.0,-999.0,0,0.1,0.083
1970-01-02 22:50:42.928000,186642928,0.01,25.8,1010.8,0.0,-999.0,0,0.0,0.079
1970-01-02 22:50:44.928000,186644928,0.01,25.8,1010.4,0.0,-999.0,0,0.1,0.085
1970-01-02 22:50:46.928000,186646928,0.01,25.8,1010.4,0.0,-999.0,0,0.0,0.076
1970-01-02 22:50:48.928000,186648928,0.01,25.8,1010.9,0.0,15.2,0,0.0,0.073
1970-01-02 22:50:50.928000,186650928,0.01,25.8,1010.7,0.0,-999.0,0,0.0,0.079
1970-01-02 22:50:52.928000,186652928,0.01,25.8,1010.5,0.0,15.0,0,0.0,0.078
1970-01-02 22:50:54.928000,186654928,0.01,25.8,1010.4,0.0,15.0,0,0.0,0.074
1970-01-02 22:50:56.928000,186656928,0.01,25.8,1010.4,0.0,15.0,0,0.0,0.078
1970-01-02 22:50:58.928000,186658928,0.01,25.8,1010.4,0.0,-999.0,0,0.0,0.081
1970-01-02 22:51:00.928000,186660928,0.01,25.8,1010.7,0.0,-999.0,0,0.0,0.081
1970-01-02 22:51:02.928000,186662928,0.01,25.8,1010.3,0.0,14.8,0,0.0,0.077
1970-01-02 22:51:04.928000,186664928,0.01,25.8,1010.3,0.0,-999.0,0,0.0,0.078
1970-01-02 22:51:06.928000,186666928,0.01,25.8,1010.8,0.0,14.9,0,0.0,0.077
1970-01-02 22:51:08.928000,186668928,0.01,25.8,1010.7,0.0,-999.0,0,0.0,0.08
1970-01-02 22:51:10.928000,186670928,0.01,25.8,1010.8,0.0,-999.0,0,0.1,0.083
1970-01-02 22:51:12.928000,186672928,0.01,25.8,1010.5,0.0,14.9,0,0.0,0.073
1970-01-02 22:51:14.928000,186674928,0.01,25.8,1010.8,0.0,15.0,0,0.0,0.081
1970-01-02 22:51:16.928000,186676928,0.01,25.8,1010.8,0.0,14.9,0,0.0,0.077
1970-01-02 22:51:18.928000,186678928,0.01,25.8,1009.6,0.0,-999.0,0,0.0,0.077
1970-01-02 22:51:20.928000,186680928,0.01,25.8,1009.5,0.0,-999.0,0,0.0,0.08
1970-01-02 22:51:22.928000,186682928,0.01,25.8,1009.2,0.0,14.9,0,0.0,0.074
1970-01-02 22:51:24.928000,186684928,0.01,25.8,1009.3,0.0,-999.0,0,0.0,0.076
1970-01-02 22:51:26.928000,186686928,0.01,25.8,1009.2,0.0,14.9,0,0.0,0.081
1970-01-02 22:51:28.928000,186688928,0.01,25.8,1009.2,0.0,15.0,0,0.0,0.077
1970-01-02 22:51:30.928000,186690928,0.01,25.8,1009.2,0.0,14.9,0,0.0,0.079
1970-01-02 22:51:32.928000,186692928,0.01,25.8,1009.1,0.0,14.9,0,0.0,0.078
1970-01-02 22:51:34.928000,186694928,0.01,25.9,1009.2,0.0,14.8,0,0.0,0.081
1970-01-02 22:51:36.928000,186696928,0.01,25.9,1009.1,0.0,14.9,0,0.0,0.079
1970-01-02 22:51:38.928000,186698928,0.01,25.9,1009.1,0.0,-999.0,0,0.1,0.084
1970-01-02 22:51:40.928000,186700928,0.01,25.9,1009.1,0.0,14.9,0,0.0,0.081
1970-01-02 22:51:42.928000,186702928,0.01,25.9,1009.1,0.0,-999.0,0,0.0,0.078
1970-01-02 22:51:44.928000,186704928,0.01,25.9,1009.1,0.0,-999.0,0,0.1,0.083
1970-01-02 22:51:46.928000,186706928,0.01,25.9,1009.1,0.0,15.0,0,0.0,0.077
1970-01-02 22:51:48.928000,186708928,0.01,25.9,1009.1,0.0,-999.0,0,0.0,0.079
1970-01-02 22:51:50.928000,186710928,0.01,25.9,1008.9,0.0,15.0,0,0.0,0.081
1970-01-02 22:51:52.928000,186712928,0.01,25.9,1009.1,0.0,14.8,0,0.0,0.077
1970-01-02 22:51:54.928000,186714928,0.01,25.9,1009.1,0.0,14.8,0,0.1,0.082
1970-01-02 22:51:56.928000,186716928,0.01,25.9,1009.1,0.0,-999.0,0,0.0,0.081
1970-01-02 22:51:58.928000,186718928,0.01,25.9,1009.1,0.0,-999.0,0,0.0,0.08
1970-01-02 22:52:00.928000,186720928,0.01,25.9,1009.1,0.0,14.9,0,0.0,0.077
1970-01-02 22:52:02.928000,186722928,0.01,25.9,1009.1,0.0,-999.0,0,0.0,0.079
1970-01-02 22:52:04.928000,186724928,0.01,25.9,1009.1,0.0,14.9,0,0.0,0.073
1970-01-02 22:52:06.928000,186726928,0.01,25.9,1008.9,0.0,-999.0,0,0.1,0.082
1970-01-02 22:52:08.928000,186728928,0.01,25.9,1009.1,0.0,14.8,0,0.0,0.071
1970-01-02 22:52:10.928000,186730928,0.01,25.9,1009.1,0.0,14.9,0,0.1,0.084
1970-01-02 22:52:12.928000,186732928,0.01,26.0,1009.1,0.0,14.8,0,0.1,0.085
1970-01-02 22:52:14.928000,186734928,0.01,26.0,1009.1,0.0,14.8,0,0.0,0.079
1970-01-02 22:52:16.928000,186736928,0.01,26.0,1008.9,0.0,14.8,0,0.0,0.077
1970-01-02 22:52:18.928000,186738928,0.01,26.0,1009.1,0.0,14.8,0,0.0,0.076
1970-01-02 22:52:20.928000,186740928,0.01,26.0,1009.1,0.0,14.7,0,0.0,0.081
1970-01-02 22:52:22.928000,186742928,0.01,26.0,1009.1,0.0,14.8,0,0.1,0.082
1970-01-02 22:52:24.928000,186744928,0.01,26.0,1009.1,0.0,-999.0,0,0.2,0.085
1970-01-02 22:52:26.928000,186746928,0.01,26.0,1009.1,0.0,14.8,0,0.0,0.08
1970-01-02 22:52:28.928000,186748928,0.01,26.0,1009.1,0.0,-999.0,0,0.1,0.082
1970-01-02 22:52:30.928000,186750928,0.01,26.0,1009.1,0.0,14.9,0,0.2,0.085
1970-01-02 22:52:32.928000,186752928,0.01,26.0,1009.1,0.0,-999.0,0,0.0,0.077
1970-01-02 22:52:34.928000,186754928,0.01,26.0,1009.1,0.0,-999.0,0,0.0,0.081
1970-01-02 22:52:36.938000,186756938,0.01,26.0,1009.1,0.0,15.0,0,0.0,0.081
1970-01-02 22:52:38.928000,186758928,0.01,26.1,1009.1,0.0,14.8,0,0.1,0.084
1970-01-02 22:52:40.928000,186760928,0.01,26.1,1009.1,0.0,14.9,0,0.0,0.081
1970-01-02 22:52:42.928000,186762928,0.01,26.0,1009.1,0.0,-999.0,0,0.1,0.082
1970-01-02 22:52:44.938000,186764938,0.01,26.1,1009.1,0.0,14.8,0,0.0,0.081
1970-01-02 22:52:46.938000,186766938,0.01,26.1,1009.1,0.0,14.9,0,0.0,0.079
1970-01-02 22:52:48.938000,186768938,0.01,26.1,1009.1,0.0,14.9,0,0.0,0.08
1970-01-02 22:52:50.938000,186770938,0.01,26.1,1009.1,0.0,-999.0,0,0.0,0.078
1970-01-02 22:52:52.938000,186772938,0.01,26.1,1009.1,0.0,14.9,0,0.0,0.076
1970-01-02 22:52:54.938000,186774938,0.01,26.1,1009.1,0.0,14.8,0,0.0,0.077
1970-01-02 22:52:56.938000,186776938,0.01,26.2,1009.1,0.0,14.8,0,0.0,0.078
1970-01-02 22:52:58.938000,186778938,0.01,26.1,1009.1,0.0,14.9,0,0.2,0.086
1970-01-02 22:53:00.938000,186780938,0.01,26.2,1009.1,0.0,14.8,0,0.1,0.085
1970-01-02 22:53:02.938000,186782938,0.01,26.2,1008.9,0.0,14.9,0,0.0,0.076
1970-01-02 22:53:04.938000,186784938,0.01,26.2,1009.1,0.0,14.8,0,0.0,0.075
1970-01-02 22:53:06.938000,186786938,0.01,26.2,1009.1,0.0,14.9,0,0.0,0.077
1970-01-02 22:53:08.938000,186788938,0.01,26.2,1009.1,0.0,-999.0,0,0.0,0.074
1970-01-02 22:53:10.938000,186790938,0.01,26.2,1009.1,0.0,14.9,0,0.0,0.081
1970-01-02 22:53:12.938000,186792938,0.01,26.2,1009.1,0.0,-999.0,0,0.0,0.079
1970-01-02 22:53:14.938000,186794938,0.01,26.2,1009.1,0.0,-999.0,0,0.0,0.077
1970-01-02 22:53:16.938000,186796938,0.01,26.2,1008.9,0.0,14.9,0,0.0,0.081
1970-01-02 22:53:18.938000,186798938,0.01,26.2,1009.1,0.0,-999.0,0,0.0,0.076
1970-01-02 22:53:20.938000,186800938,0.01,26.2,1009.1,0.0,-999.0,0,0.0,0.08
1970-01-02 22:53:22.938000,186802938,0.01,26.3,1009.1,0.0,14.8,0,0.0,0.081
1970-01-02 22:53:24.938000,186804938,0.01,26.2,1009.1,0.0,14.8,0,0.0,0.079
1970-01-02 22:53:26.938000,186806938,0.01,26.3,1009.1,0.0,14.9,0,0.0,0.078
1970-01-02 22:53:28.938000,186808938,0.01,26.3,1009.1,0.0,-999.0,0,0.0,0.078
1970-01-02 22:53:30.938000,186810938,0.01,26.3,1008.9,0.0,14.9,0,0.0,0.081
1970-01-02 22:53:32.938000,186812938,0.01,26.3,1009.1,0.0,-999.0,0,0.0,0.081
1970-01-02 22:53:35.018000,186815018,0.01,26.3,1009.1,0.0,14.9,0,0.0,0.08
1970-01-02 22:53:36.938000,186816938,0.01,26.3,1009.1,0.0,15.0,0,0.0,0.077
1970-01-02 22:53:38.938000,186818938,0.01,26.3,1008.9,0.0,14.9,0,0.0,0.081
1970-01-02 22:53:40.938000,186820938,0.01,26.3,1009.1,0.0,-999.0,0,0.0,0.08
1970-01-02 22:53:42.938000,186822938,0.01,26.3,1009.1,0.0,14.9,0,0.1,0.082
1970-01-02 22:53:44.938000,186824938,0.01,26.3,1008.9,0.0,15.0,0,0.0,0.073
1970-01-02 22:53:46.938000,186826938,0.01,26.3,1008.9,0.0,14.9,0,0.0,0.073
1970-01-02 22:53:48.938000,186828938,0.01,26.3,1008.9,0.0,15.0,0,0.0,0.081
1970-01-02 22:53:50.938000,186830938,0.01,26.3,1009.1,0.0,14.9,0,0.0,0.08
1970-01-02 22:53:52.938000,186832938,0.01,26.3,1009.1,0.0,14.9,0,0.0,0.081
1970-01-02 22:53:54.938000,186834938,0.01,26.3,1008.9,0.0,-999.0,0,0.0,0.079
1970-01-02 22:53:56.938000,186836938,0.01,26.3,1009.1,0.0,15.0,0,0.0,0.079
1970-01-02 22:53:58.938000,186838938,0.01,26.3,1008.9,0.0,-999.0,0,0.0,0.079
1970-01-02 22:54:00.938000,186840938,0.01,26.3,1009.1,0.0,-999.0,0,0.0,0.078
1970-01-02 22:54:02.938000,186842938,0.01,26.3,1009.1,0.0,14.9,0,0.0,0.077
1970-01-02 22:54:04.938000,186844938,0.01,26.3,1008.9,0.0,15.0,0,0.0,0.077
1970-01-02 22:54:06.938000,186846938,0.0,26.3,1008.9,0.0,15.0,0,0.0,0.081
1970-01-02 22:54:08.938000,186848938,0.0,26.3,1008.9,0.0,-999.0,0,0.0,0.081
1970-01-02 22:54:10.938000,186850938,0.0,26.3,1009.1,0.0,14.9,0,0.0,0.079
1970-01-02 22:54:12.938000,186852938,0.0,26.3,1008.9,0.0,15.0,0,0.0,0.075
1970-01-02 22:54:14.938000,186854938,0.0,26.3,1008.9,0.0,15.0,0,0.0,0.079
1970-01-02 22:54:16.938000,186856938,0.0,26.3,1008.9,0.0,-999.0,0,0.0,0.077
1970-01-02 22:54:18.938000,186858938,0.0,26.3,1008.7,0.0,15.0,0,0.0,0.077
1970-01-02 22:54:20.938000,186860938,0.0,26.3,1008.9,0.0,-999.0,0,0.0,0.08
1970-01-02 22:54:22.938000,186862938,0.0,26.3,1008.9,0.0,-999.0,0,0.0,0.073
1970-01-02 22:54:24.938000,186864938,0.0,26.3,1008.9,0.0,14.8,0,0.1,0.083
1970-01-02 22:54:26.938000,186866938,0.0,26.3,1009.1,0.0,15.0,0,0.1,0.083
1970-01-02 22:54:28.938000,186868938,0.0,26.3,1008.9,0.0,14.9,0,0.0,0.08
1970-01-02 22:54:30.938000,186870938,0.0,26.3,1008.9,0.0,-999.0,0,0.1,0.082
1970-01-02 22:54:32.938000,186872938,0.0,26.3,1008.7,0.0,15.0,0,0.0,0.078
1970-01-02 22:54:34.938000,186874938,0.0,26.3,1008.9,0.0,-999.0,0,0.0,0.077
1970-01-02 22:54:36.938000,186876938,0.0,26.3,1009.1,0.0,14.9,0,0.0,0.081
1970-01-02 22:54:38.938000,186878938,0.0,26.3,1008.9,0.0,15.0,0,0.0,0.073
1970-01-02 22:54:40.938000,186880938,0.0,26.3,1009.1,0.0,15.0,0,0.0,0.08
1970-01-02 22:54:42.938000,186882938,0.0,26.3,1008.9,0.0,14.9,0,0.1,0.082
1970-01-02 22:54:44.939000,186884939,0.0,26.3,1008.8,0.0,14.9,0,0.0,0.077
1970-01-02 22:54:46.938000,186886938,0.0,26.3,1008.9,0.0,14.9,0,0.0,0.079
1970-01-02 22:54:48.938000,186888938,0.0,26.3,1009.1,0.0,-999.0,0,0.1,0.084
1970-01-02 22:54:50.938000,186890938,0.0,26.3,1009.1,0.0,15.0,0,0.0,0.072
1970-01-02 22:54:52.938000,186892938,0.0,26.3,1008.9,0.0,14.9,0,0.0,0.073
1970-01-02 22:54:54.938000,186894938,0.0,26.3,1008.8,0.0,-999.0,0,0.0,0.076
1970-01-02 22:54:56.938000,186896938,0.0,26.3,1009.1,0.0,14.9,0,0.0,0.078
1970-01-02 22:54:58.938000,186898938,0.0,26.3,1008.8,0.0,14.9,0,0.0,0.08
1970-01-02 22:55:00.938000,186900938,0.0,26.3,1008.8,0.0,-999.0,0,0.0,0.076
1970-01-02 22:55:02.938000,186902938,0.0,26.3,1009.1,0.0,14.8,0,0.0,0.079
1970-01-02 22:55:04.938000,186904938,0.0,26.3,1009.1,0.0,-999.0,0,0.1,0.082
1970-01-02 22:55:06.938000,186906938,0.0,26.3,1008.9,0.0,14.8,0,0.1,0.083
1970-01-02 22:55:08.938000,186908938,0.0,26.3,1008.9,0.0,-999.0,0,0.1,0.083
1970-01-02 22:55:10.938000,186910938,0.0,26.3,1009.1,0.0,15.0,0,0.0,0.08
1970-01-02 22:55:12.938000,186912938,0.0,26.3,1008.9,0.0,15.0,0,0.0,0.078
1970-01-02 22:55:14.938000,186914938,0.0,26.3,1008.9,0.0,15.0,0,0.0,0.079
1970-01-02 22:55:16.938000,186916938,0.0,26.3,1009.1,0.0,14.9,0,0.0,0.077
1970-01-02 22:55:18.938000,186918938,0.0,26.3,1008.9,0.0,15.0,0,0.0,0.074
1970-01-02 22:55:20.938000,186920938,0.0,26.3,1009.1,0.0,15.0,0,0.0,0.078
1970-01-02 22:55:22.938000,186922938,0.0,26.3,1008.9,0.0,15.0,0,0.1,0.082
1970-01-02 22:55:24.938000,186924938,0.0,26.3,1008.9,0.0,14.9,0,0.0,0.078
1970-01-02 22:55:26.938000,186926938,0.0,26.3,1009.1,0.0,14.9,0,0.0,0.075
1970-01-02 22:55:28.938000,186928938,0.0,26.3,1008.8,0.0,15.0,0,0.0,0.078
1970-01-02 22:55:30.938000,186930938,0.0,26.3,1008.9,0.0,-999.0,0,0.0,0.08
1970-01-02 22:55:32.938000,186932938,0.0,26.3,1008.9,0.0,15.0,0,0.0,0.081
1970-01-02 22:55:34.938000,186934938,0.0,26.3,1008.7,0.0,-999.0,0,0.0,0.08
1970-01-02 22:55:36.938000,186936938,0.0,26.3,1008.9,0.0,-999.0,0,0.0,0.08
1970-01-02 22:55:38.938000,186938938,0.0,26.3,1008.9,0.0,15.0,0,0.0,0.073
1970-01-02 22:55:40.939000,186940939,0.0,26.3,1009.1,0.0,-999.0,0,0.0,0.081
1970-01-02 22:55:42.938000,186942938,0.0,26.3,1008.9,0.0,15.0,0,0.0,0.076
1970-01-02 22:55:44.938000,186944938,0.0,26.3,1008.9,0.0,-999.0,0,0.0,0.081
1970-01-02 22:55:46.938000,186946938,0.0,26.3,1009.1,0.0,15.0,0,0.0,0.075
1970-01-02 22:55:48.938000,186948938,0.0,26.3,1009.1,0.0,-999.0,0,0.0,0.076
1970-01-02 22:55:50.938000,186950938,0.0,26.3,1008.7,0.0,15.0,0,0.0,0.081
1970-01-02 22:55:52.938000,186952938,0.0,26.3,1008.9,0.0,15.0,0,0.0,0.079
1970-01-02 22:55:54.938000,186954938,0.0,26.3,1008.9,0.0,15.0,0,0.1,0.084
1970-01-02 22:55:56.938000,186956938,0.0,26.3,1008.8,0.0,15.0,0,0.0,0.077
1970-01-02 22:55:58.938000,186958938,0.0,26.3,1008.9,0.0,15.1,0,0.0,0.077
1970-01-02 22:56:00.938000,186960938,0.0,26.3,1009.1,0.0,-999.0,0,0.0,0.08
1970-01-02 22:56:02.938000,186962938,0.0,26.3,1008.9,0.0,-999.0,0,0.0,0.077
1970-01-02 22:56:04.938000,186964938,0.0,26.3,1008.8,0.0,15.1,0,0.0,0.077
1970-01-02 22:56:06.938000,186966938,0.0,26.3,1008.9,0.0,-999.0,0,0.0,0.08
1970-01-02 22:56:08.938000,186968938,0.0,26.3,1009.1,0.0,15.0,0,0.0,0.079
1970-01-02 22:56:10.938000,186970938,0.0,26.3,1009.1,0.0,14.9,0,0.0,0.073
1970-01-02 22:56:12.938000,186972938,0.0,26.3,1008.9,0.0,15.0,0,0.0,0.079
1970-01-02 22:56:14.938000,186974938,0.0,26.3,1008.9,0.0,-999.0,0,0.0,0.079
1970-01-02 22:56:16.938000,186976938,0.0,26.3,1008.9,0.0,15.0,0,0.0,0.075
1970-01-02 22:56:18.938000,186978938,0.0,26.3,1008.9,0.0,15.0,0,0.0,0.081
1970-01-02 22:56:20.938000,186980938,0.0,26.3,1009.1,0.0,14.9,0,0.0,0.081
1970-01-02 22:56:22.938000,186982938,0.0,26.3,1008.9,0.0,15.1,0,0.0,0.081
1970-01-02 22:56:24.938000,186984938,0.0,26.3,1008.8,0.0,15.0,0,0.0,0.081
1970-01-02 22:56:26.938000,186986938,0.0,26.3,1009.1,0.0,15.0,0,0.0,0.074
1970-01-02 22:56:28.938000,186988938,0.0,26.3,1008.9,0.0,-999.0,0,0.0,0.075
1970-01-02 22:56:30.938000,186990938,0.0,26.3,1008.8,0.0,14.9,0,0.1,0.082
1970-01-02 22:56:32.938000,186992938,0.0,26.3,1008.9,0.0,-999.0,0,0.0,0.077
1970-01-02 22:56:34.938000,186994938,0.0,26.3,1008.9,0.0,15.0,0,0.0,0.078
1970-01-02 22:56:36.938000,186996938,0.0,26.3,1008.9,0.0,-999.0,0,0.0,0.073
1970-01-02 22:56:38.938000,186998938,0.0,26.3,1008.9,0.0,14.9,0,0.0,0.078
1970-01-02 22:56:40.938000,187000938,0.0,26.3,1008.8,0.0,-999.0,0,0.0,0.078
1970-01-02 22:56:42.938000,187002938,0.0,26.3,1008.9,0.0,-999.0,0,0.1,0.085
1970-01-02 22:56:44.938000,187004938,0.0,26.3,1009.1,0.0,15.0,0,0.1,0.082
1970-01-02 22:56:46.938000,187006938,0.0,26.3,1009.1,0.0,-999.0,0,0.2,0.085
1970-01-02 22:56:48.938000,187008938,0.0,26.3,1008.9,0.0,15.0,0,0.0,0.077
1970-01-02 22:56:50.938000,187010938,0.0,26.3,1008.9,0.0,-999.0,0,0.0,0.081
1970-01-02 22:56:52.938000,187012938,0.0,26.3,1008.9,0.0,15.0,0,0.0,0.074
1970-01-02 22:56:54.938000,187014938,0.0,26.3,1008.9,0.0,-999.0,0,0.0,0.081
1970-01-02 22:56:56.938000,187016938,0.0,26.3,1009.1,0.0,15.0,0,0.0,0.079
1970-01-02 22:56:58.938000,187018938,0.0,26.3,1009.1,0.0,-999.0,0,0.0,0.079
1970-01-02 22:57:00.938000,187020938,0.0,26.3,1009.1,0.0,15.0,0,0.0,0.08
1970-01-02 22:57:02.938000,187022938,0.0,26.3,1009.1,0.0,-999.0,0,0.0,0.078
1970-01-02 22:57:04.938000,187024938,0.0,26.3,1008.9,0.0,15.0,0,0.0,0.074
1970-01-02 22:57:06.938000,187026938,0.0,26.3,1009.1,0.0,-999.0,0,0.0,0.078
1970-01-02 22:57:08.938000,187028938,0.0,26.3,1009.1,0.0,-999.0,0,0.1,0.083
1970-01-02 22:57:10.938000,187030938,0.0,26.3,1008.9,0.0,15.0,0,0.0,0.074
1970-01-02 22:57:12.938000,187032938,0.0,26.3,1009.1,0.0,-999.0,0,0.0,0.077
1970-01-02 22:57:14.938000,187034938,0.0,26.3,1009.1,0.0,15.1,0,0.0,0.079
1970-01-02 22:57:16.938000,187036938,0.0,26.3,1009.1,0.0,15.0,0,0.0,0.077
1970-01-02 22:57:18.938000,187038938,0.0,26.3,1009.1,0.0,15.0,0,0.0,0.077
1970-01-02 22:57:20.938000,187040938,0.0,26.3,1009.1,0.0,14.8,0,0.0,0.073
1970-01-02 22:57:22.938000,187042938,0.0,26.3,1009.1,0.0,15.0,0,0.0,0.078
1970-01-02 22:57:24.938000,187044938,0.0,26.3,1009.1,0.0,14.9,0,0.0,0.076
1970-01-02 22:57:26.938000,187046938,0.0,26.3,1008.9,0.0,-999.0,0,0.0,0.076
1970-01-02 22:57:28.938000,187048938,0.0,26.3,1008.9,0.0,15.0,0,0.1,0.084
1970-01-02 22:57:30.938000,187050938,0.0,26.3,1009.1,0.0,15.0,0,0.1,0.085
1970-01-02 22:57:32.938000,187052938,0.0,26.3,1009.1,0.0,15.0,0,0.0,0.079
1970-01-02 22:57:34.938000,187054938,0.0,26.3,1009.1,0.0,-999.0,0,0.1,0.083
1970-01-02 22:57:36.938000,187056938,0.0,26.3,1008.9,0.0,15.0,0,0.0,0.078
1970-01-02 22:57:38.938000,187058938,0.0,26.3,1009.1,0.0,-999.0,0,0.0,0.079
1970-01-02 22:57:40.938000,187060938,0.0,26.3,1009.1,0.0,15.0,0,0.0,0.078
1970-01-02 22:57:42.938000,187062938,0.0,26.3,1009.1,0.0,-999.0,0,0.0,0.078
1970-01-02 22:57:44.938000,187064938,0.0,26.3,1009.2,0.0,-999.0,0,0.1,0.083
1970-01-02 22:57:46.938000,187066938,0.0,26.3,1009.1,0.0,15.0,0,0.1,0.082
1970-01-02 22:57:48.938000,187068938,0.0,26.3,1009.1,0.0,-999.0,0,0.0,0.081
1970-01-02 22:57:50.938000,187070938,0.0,26.3,1009.1,0.0,15.0,0,0.0,0.077
1970-01-02 22:57:52.939000,187072939,0.0,26.3,1009.1,0.0,15.0,0,0.0,0.073
1970-01-02 22:57:54.938000,187074938,0.0,26.3,1009.1,0.0,15.0,0,0.0,0.076
1970-01-02 22:57:56.938000,187076938,0.0,26.3,1009.1,0.0,-999.0,0,0.0,0.081
1970-01-02 22:57:58.938000,187078938,0.0,26.3,1009.1,0.0,15.1,0,0.0,0.079
1970-01-02 22:58:00.938000,187080938,0.0,26.3,1009.1,0.0,15.0,0,0.0,0.075
1970-01-02 22:58:02.938000,187082938,0.0,26.3,1009.1,0.0,14.9,0,0.0,0.077
1970-01-02 22:58:04.938000,187084938,0.0,26.3,1009.1,0.0,-999.0,0,0.0,0.079
1970-01-02 22:58:06.938000,187086938,0.0,26.3,1009.2,0.0,14.9,0,0.0,0.078
1970-01-02 22:58:08.938000,187088938,0.0,26.3,1009.1,0.0,-999.0,0,0.1,0.083
1970-01-02 22:58:10.938000,187090938,0.0,26.3,1009.1,0.0,-999.0,0,0.0,0.081
1970-01-02 22:58:12.938000,187092938,0.0,26.3,1009.2,0.0,15.0,0,0.0,0.078
1970-01-02 22:58:14.938000,187094938,0.0,26.3,1009.1,0.0,-999.0,0,0.0,0.077
1970-01-02 22:58:16.938000,187096938,0.0,26.3,1009.1,0.0,14.9,0,0.0,0.081
1970-01-02 22:58:18.938000,187098938,0.0,26.3,1009.1,0.0,-999.0,0,0.0,0.081
1970-01-02 22:58:20.938000,187100938,0.0,26.3,1009.1,0.0,15.0,0,0.0,0.077
1970-01-02 22:58:22.938000,187102938,0.0,26.3,1009.1,0.0,-999.0,0,0.0,0.078
1970-01-02 22:58:24.938000,187104938,0.0,26.3,1009.1,0.0,14.9,0,0.0,0.076
1970-01-02 22:58:26.938000,187106938,0.0,26.3,1009.2,0.0,-999.0,0,0.0,0.077
1970-01-02 22:58:28.938000,187108938,0.0,26.3,1009.2,0.0,15.0,0,0.0,0.08
1970-01-02 22:58:30.938000,187110938,0.0,26.3,1009.2,0.0,14.9,0,0.0,0.078
1970-01-02 22:58:32.938000,187112938,0.0,26.3,1009.1,0.0,14.9,0,0.0,0.076
1970-01-02 22:58:34.938000,187114938,0.0,26.3,1009.2,0.0,14.9,0,0.0,0.081
1970-01-02 22:58:36.938000,187116938,0.0,26.3,1009.2,0.0,14.9,0,0.0,0.074
1970-01-02 22:58:38.938000,187118938,0.0,26.3,1009.2,0.0,15.0,0,0.1,0.083
1970-01-02 22:58:40.938000,187120938,0.0,26.3,1009.2,0.0,-999.0,0,0.1,0.084
1970-01-02 22:58:42.938000,187122938,0.0,26.3,1009.2,0.0,14.9,0,0.0,0.078
1970-01-02 22:58:44.938000,187124938,0.0,26.3,1009.2,0.0,-999.0,0,0.0,0.081
1970-01-02 22:58:46.938000,187126938,0.0,26.3,1009.2,0.0,14.9,0,0.1,0.083
1970-01-02 22:58:48.938000,187128938,0.0,26.3,1009.2,0.0,-999.0,0,0.0,0.078
1970-01-02 22:58:50.938000,187130938,0.0,26.3,1009.2,0.0,15.0,0,0.0,0.081
1970-01-02 22:58:52.938000,187132938,0.0,26.4,1009.1,0.0,-999.0,0,0.1,0.084
1970-01-02 22:58:54.938000,187134938,0.0,26.4,1009.2,0.0,-999.0,0,0.0,0.081
1970-01-02 22:58:56.938000,187136938,0.0,26.4,1009.2,0.0,15.0,0,0.0,0.077
1970-01-02 22:58:58.938000,187138938,0.0,26.4,1009.2,0.0,15.0,0,0.0,0.078
1970-01-02 22:59:00.938000,187140938,0.0,26.4,1009.2,0.0,15.0,0,0.0,0.08
1970-01-02 22:59:02.938000,187142938,0.0,26.4,1009.2,0.0,15.0,0,0.0,0.078
1970-01-02 22:59:04.938000,187144938,0.0,26.4,1009.2,0.0,14.9,0,0.0,0.079
1970-01-02 22:59:06.938000,187146938,0.0,26.4,1009.2,0.0,-999.0,0,0.0,0.079
1970-01-02 22:59:08.938000,187148938,0.0,26.4,1009.1,0.0,14.9,0,0.0,0.081
1970-01-02 22:59:10.938000,187150938,0.0,26.4,1009.2,0.0,-999.0,0,0.0,0.079
1970-01-02 22:59:12.938000,187152938,0.0,26.4,1009.2,0.0,15.0,0,0.1,0.082
1970-01-02 22:59:14.938000,187154938,0.0,26.4,1009.2,0.0,-999.0,0,0.0,0.071
1970-01-02 22:59:16.938000,187156938,0.0,26.4,1009.2,0.0,15.0,0,0.1,0.083
1970-01-02 22:59:18.938000,187158938,0.0,26.4,1009.1,0.0,-999.0,0,0.0,0.072
1970-01-02 22:59:20.938000,187160938,0.0,26.4,1009.2,0.0,-999.0,0,0.0,0.077
1970-01-02 22:59:22.938000,187162938,0.0,26.5,1009.2,0.0,15.2,0,0.0,0.077
1970-01-02 22:59:24.938000,187164938,0.0,26.5,1009.2,0.0,-999.0,0,0.0,0.073
1970-01-02 22:59:26.938000,187166938,0.0,26.5,1009.2,0.0,15.0,0,0.0,0.078
1970-01-02 22:59:28.938000,187168938,0.0,26.5,1009.1,0.0,-999.0,0,0.0,0.078
1970-01-02 22:59:30.938000,187170938,0.0,26.5,1009.2,0.0,15.0,0,0.0,0.079
1970-01-02 22:59:32.938000,187172938,0.0,26.5,1009.2,0.0,15.0,0,0.0,0.074
1970-01-02 22:59:34.938000,187174938,0.0,26.5,1009.2,0.0,15.1,0,0.1,0.082
1970-01-02 22:59:36.938000,187176938,0.0,26.5,1009.1,0.0,-999.0,0,0.0,0.081
1970-01-02 22:59:38.938000,187178938,0.0,26.5,1009.2,0.0,15.0,0,0.0,0.077
1970-01-02 22:59:40.938000,187180938,0.0,26.6,1009.2,0.0,-999.0,0,0.0,0.08
1970-01-02 22:59:42.938000,187182938,0.0,26.5,1009.2,0.0,15.0,0,0.0,0.077
1970-01-02 22:59:44.938000,187184938,0.0,26.6,1009.2,0.0,-999.0,0,0.0,0.079
1970-01-02 22:59:46.938000,187186938,0.0,26.5,1009.2,0.0,-999.0,0,0.1,0.083
1970-01-02 22:59:48.938000,187188938,0.0,26.6,1009.2,0.0,15.0,0,0.0,0.078
1970-01-02 22:59:50.938000,187190938,0.0,26.6,1009.2,0.0,-999.0,0,0.0,0.08
1970-01-02 22:59:52.938000,187192938,0.0,26.6,1009.2,0.0,15.1,0,0.0,0.078
1970-01-02 22:59:54.938000,187194938,0.0,26.6,1009.2,0.0,-999.0,0,0.0,0.081
1970-01-02 22:59:56.938000,187196938,0.0,26.6,1009.2,0.0,15.1,0,0.0,0.075
1970-01-02 22:59:58.938000,187198938,0.0,26.6,1009.2,0.0,15.0,0,0.0,0.077
1970-01-02 23:00:00.938000,187200938,0.0,26.6,1009.2,0.0,15.0,0,0.0,0.076
1970-01-02 23:00:02.938000,187202938,0.0,26.6,1009.2,0.0,15.0,0,0.0,0.079
1970-01-02 23:00:04.938000,187204938,0.0,26.6,1009.2,0.0,15.0,0,0.0,0.073
1970-01-02 23:00:06.938000,187206938,0.0,26.6,1009.2,0.0,15.0,0,0.0,0.08
1970-01-02 23:00:08.938000,187208938,0.0,26.6,1009.2,0.0,15.0,0,0.1,0.082
1970-01-02 23:00:10.938000,187210938,0.0,26.7,1009.2,0.0,15.1,0,0.1,0.084
1970-01-02 23:00:12.938000,187212938,0.0,26.7,1009.1,0.0,15.0,0,0.0,0.08
1970-01-02 23:00:14.938000,187214938,0.0,26.7,1009.2,0.0,15.1,0,0.0,0.076
1970-01-02 23:00:16.938000,187216938,0.0,26.7,1009.1,0.0,-999.0,0,0.0,0.075
1970-01-02 23:00:18.938000,187218938,0.0,26.7,1009.1,0.0,15.0,0,0.0,0.08
1970-01-02 23:00:20.938000,187220938,0.0,26.7,1009.2,0.0,-999.0,0,0.0,0.078
1970-01-02 23:00:22.938000,187222938,0.0,26.7,1009.1,0.0,15.0,0,0.0,0.079
1970-01-02 23:00:24.938000,187224938,0.0,26.7,1009.2,0.0,-999.0,0,0.0,0.08
1970-01-02 23:00:26.938000,187226938,0.0,26.7,1009.2,0.0,15.0,0,0.0,0.081
1970-01-02 23:00:28.938000,187228938,0.0,26.7,1009.2,0.0,-999.0,0,0.1,0.083
1970-01-02 23:00:30.938000,187230938,0.0,26.7,1009.2,0.0,-999.0,0,0.0,0.077
1970-01-02 23:00:32.938000,187232938,0.0,26.7,1009.1,0.0,15.2,0,0.0,0.081
1970-01-02 23:00:34.938000,187234938,0.0,26.7,1009.2,0.0,15.0,0,0.1,0.083
1970-01-02 23:00:36.938000,187236938,0.0,26.8,1009.2,0.0,15.0,0,0.0,0.08
1970-01-02 23:00:38.938000,187238938,0.0,26.8,1009.2,0.0,15.0,0,0.0,0.078
1970-01-02 23:00:40.938000,187240938,0.0,26.8,1009.2,0.0,15.0,0,0.0,0.08
1970-01-02 23:00:42.938000,187242938,0.0,26.7,1009.2,0.0,15.1,0,0.2,0.085
1970-01-02 23:00:44.938000,187244938,0.0,26.8,1009.2,0.0,15.0,0,0.0,0.077
1970-01-02 23:00:46.938000,187246938,0.0,26.8,1009.2,0.0,15.0,0,0.0,0.077
1970-01-02 23:00:48.938000,187248938,0.0,26.8,1009.2,0.0,15.0,0,0.0,0.079
1970-01-02 23:00:50.938000,187250938,0.0,26.8,1009.2,0.0,-999.0,0,0.0,0.078
1970-01-02 23:00:52.938000,187252938,0.0,26.8,1009.1,0.0,15.0,0,0.0,0.081
1970-01-02 23:00:54.938000,187254938,0.0,26.8,1009.1,0.0,15.0,0,0.0,0.077
1970-01-02 23:00:56.938000,187256938,0.0,26.8,1009.1,0.0,15.2,0,0.0,0.08
1970-01-02 23:00:58.938000,187258938,0.0,26.8,1009.2,0.0,-999.0,0,0.2,0.085
1970-01-02 23:01:00.938000,187260938,0.0,26.8,1009.2,0.0,15.0,0,0.1,0.084
1970-01-02 23:01:02.948000,187262948,0.0,26.8,1009.1,0.0,-999.0,0,0.1,0.082
1970-01-02 23:01:04.938000,187264938,0.0,26.8,1009.2,0.0,-999.0,0,0.1,0.083
1970-01-02 23:01:06.938000,187266938,0.0,26.8,1009.2,0.0,15.0,0,0.2,0.086
1970-01-02 23:01:08.938000,187268938,0.0,26.8,1009.1,0.0,-999.0,0,0.0,0.08
1970-01-02 23:01:10.938000,187270938,0.0,26.8,1009.2,0.0,15.0,0,0.1,0.082
1970-01-02 23:01:12.938000,187272938,0.0,26.8,1009.2,0.0,15.0,0,0.0,0.081
1970-01-02 23:01:14.948000,187274948,0.0,26.8,1009.2,0.0,15.1,0,0.0,0.074
1970-01-02 23:01:16.948000,187276948,0.0,26.8,1009.1,0.0,-999.0,0,0.0,0.078
1970-01-02 23:01:18.948000,187278948,0.0,26.8,1009.2,0.0,15.1,0,0.2,0.087
1970-01-02 23:01:20.938000,187280938,0.0,26.8,1009.2,0.0,-999.0,0,0.0,0.073
1970-01-02 23:01:22.948000,187282948,0.0,26.8,1009.2,0.0,15.1,0,0.1,0.084
1970-01-02 23:01:24.948000,187284948,0.0,26.8,1009.2,0.0,-999.0,0,0.0,0.081
1970-01-02 23:01:26.948000,187286948,0.0,26.8,1009.2,0.0,-999.0,0,0.2,0.088
1970-01-02 23:01:28.948000,187288948,0.0,26.8,1009.2,0.0,15.0,0,0.0,0.078
1970-01-02 23:01:30.948000,187290948,0.0,26.8,1009.2,0.0,-999.0,0,0.0,0.081
1970-01-02 23:01:32.948000,187292948,0.0,26.8,1009.2,0.0,14.9,0,0.1,0.082
1970-01-02 23:01:34.948000,187294948,0.0,26.8,1009.2,0.0,15.0,0,0.0,0.08
1970-01-02 23:01:36.948000,187296948,0.0,26.8,1009.2,0.0,15.1,0,0.0,0.073
1970-01-02 23:01:38.948000,187298948,0.0,26.8,1009.2,0.0,15.1,0,0.0,0.075
1970-01-02 23:01:40.948000,187300948,0.0,26.8,1009.2,0.0,15.1,0,0.1,0.082
1970-01-02 23:01:42.948000,187302948,0.0,26.8,1009.2,0.0,15.1,0,0.0,0.081
1970-01-02 23:01:44.948000,187304948,0.0,26.8,1009.2,0.0,15.0,0,0.0,0.071
1970-01-02 23:01:46.948000,187306948,0.0,26.8,1009.1,0.0,15.2,0,0.0,0.077
1970-01-02 23:01:48.948000,187308948,0.0,26.8,1009.2,0.0,15.1,0,0.0,0.074
1970-01-02 23:01:50.948000,187310948,0.0,26.8,1009.1,0.0,15.2,0,0.0,0.076
1970-01-02 23:01:52.948000,187312948,0.0,26.8,1009.2,0.0,15.1,0,0.0,0.081
1970-01-02 23:01:54.948000,187314948,0.0,26.8,1009.2,0.0,15.2,0,0.2,0.086
1970-01-02 23:01:56.948000,187316948,0.0,26.8,1009.2,0.0,-999.0,0,0.0,0.073
1970-01-02 23:01:58.948000,187318948,0.0,26.8,1009.1,0.0,15.1,0,0.0,0.079
1970-01-02 23:02:00.948000,187320948,0.0,26.8,1009.2,0.0,-999.0,0,0.0,0.081
1970-01-02 23:02:02.948000,187322948,0.0,26.8,1009.2,0.0,15.1,0,0.1,0.083
1970-01-02 23:02:04.948000,187324948,0.0,26.8,1009.2,0.0,-999.0,0,0.0,0.075
1970-01-02 23:02:06.948000,187326948,0.0,26.8,1009.2,0.0,15.1,0,0.1,0.084
1970-01-02 23:02:08.948000,187328948,0.0,26.8,1009.2,0.0,-999.0,0,0.2,0.086
1970-01-02 23:02:10.948000,187330948,0.0,26.8,1009.2,0.0,15.1,0,0.0,0.073
1970-01-02 23:02:12.948000,187332948,0.0,26.8,1009.2,0.0,-999.0,0,0.1,0.083
1970-01-02 23:02:14.948000,187334948,0.0,26.8,1009.2,0.0,15.0,0,0.0,0.073
1970-01-02 23:02:16.948000,187336948,0.0,26.8,1009.1,0.0,-999.0,0,0.1,0.083
1970-01-02 23:02:18.948000,187338948,0.0,26.8,1009.2,0.0,15.1,0,0.2,0.085
1970-01-02 23:02:20.948000,187340948,0.0,26.8,1009.2,0.0,15.1,0,0.0,0.076
1970-01-02 23:02:22.948000,187342948,0.0,26.8,1009.1,0.0,15.1,0,0.0,0.076
1970-01-02 23:02:24.948000,187344948,0.0,26.8,1009.2,0.0,15.0,0,0.0,0.075
1970-01-02 23:02:26.948000,187346948,0.0,26.8,1009.2,0.0,14.9,0,0.0,0.081
1970-01-02 23:02:28.948000,187348948,0.0,26.8,1009.2,0.0,-999.0,0,0.1,0.085
1970-01-02 23:02:30.948000,187350948,0.0,26.8,1009.2,0.0,15.2,0,0.0,0.077
1970-01-02 23:02:32.948000,187352948,0.0,26.8,1009.2,0.0,-999.0,0,0.1,0.083
1970-01-02 23:02:34.948000,187354948,0.0,26.8,1009.1,0.0,-999.0,0,0.0,0.079
1970-01-02 23:02:36.948000,187356948,0.0,26.8,1009.2,0.0,-999.0,0,0.0,0.077
1970-01-02 23:02:38.948000,187358948,0.0,26.8,1009.2,0.0,-999.0,0,0.0,0.078
1970-01-02 23:02:40.948000,187360948,0.0,26.8,1009.2,0.0,-999.0,0,0.0,0.077
1970-01-02 23:02:42.948000,187362948,0.0,26.8,1009.2,0.0,15.0,0,0.1,0.084
1970-01-02 23:02:44.948000,187364948,0.0,26.8,1009.2,0.0,-999.0,0,0.0,0.079
1970-01-02 23:02:46.948000,187366948,0.0,26.8,1009.2,0.0,15.2,0,0.0,0.081
1970-01-02 23:02:48.948000,187368948,0.0,26.8,1009.2,0.0,-999.0,0,0.2,0.086
1970-01-02 23:02:50.948000,187370948,0.0,26.8,1009.2,0.0,15.1,0,0.0,0.075
1970-01-02 23:02:52.949000,187372949,0.0,26.8,1009.2,0.0,15.1,0,0.0,0.081
1970-01-02 23:02:54.948000,187374948,0.0,26.8,1009.2,0.0,15.1,0,0.0,0.078
1970-01-02 23:02:56.948000,187376948,0.0,26.8,1009.2,0.0,15.1,0,0.0,0.078
1970-01-02 23:02:58.948000,187378948,0.0,26.8,1009.2,0.0,15.1,0,0.0,0.081
1970-01-02 23:03:00.948000,187380948,0.0,26.8,1009.2,0.0,15.2,0,0.0,0.081
1970-01-02 23:03:02.948000,187382948,0.0,26.8,1009.2,0.0,15.1,0,0.1,0.084
1970-01-02 23:03:04.948000,187384948,0.0,26.8,1009.1,0.0,15.1,0,0.0,0.081
1970-01-02 23:03:06.948000,187386948,0.0,26.8,1009.2,0.0,14.9,0,0.0,0.078
1970-01-02 23:03:08.948000,187388948,0.0,26.8,1009.2,0.0,-999.0,0,0.0,0.076
1970-01-02 23:03:10.948000,187390948,0.0,26.8,1009.2,0.0,15.0,0,0.0,0.077
1970-01-02 23:03:12.948000,187392948,0.0,26.8,1009.2,0.0,-999.0,0,0.0,0.081
1970-01-02 23:03:14.948000,187394948,0.0,26.8,1009.2,0.0,-999.0,0,0.0,0.076
1970-01-02 23:03:16.948000,187396948,0.0,26.8,1009.2,0.0,15.0,0,0.0,0.075
1970-01-02 23:03:18.948000,187398948,0.0,26.8,1009.2,0.0,-999.0,0,0.0,0.081
1970-01-02 23:03:20.948000,187400948,0.0,26.8,1009.2,0.0,14.9,0,0.2,0.085
1970-01-02 23:03:22.948000,187402948,0.0,26.8,1009.2,0.0,15.0,0,0.1,0.085
1970-01-02 23:03:24.948000,187404948,0.0,26.8,1009.2,0.0,15.1,0,0.0,0.075
1970-01-02 23:03:26.948000,187406948,0.0,26.8,1009.2,0.0,15.1,0,0.0,0.078
1970-01-02 23:03:28.948000,187408948,0.0,26.8,1009.2,0.0,14.9,0,0.2,0.085
1970-01-02 23:03:30.948000,187410948,0.0,26.8,1009.2,0.0,14.9,0,0.0,0.08
1970-01-02 23:03:32.948000,187412948,0.0,26.8,1009.2,0.0,14.8,0,0.0,0.079
1970-01-02 23:03:34.948000,187414948,0.0,26.8,1009.2,0.0,14.8,0,0.1,0.083
1970-01-02 23:03:36.948000,187416948,0.0,26.8,1009.1,0.0,-999.0,0,0.0,0.077
1970-01-02 23:03:38.948000,187418948,0.0,26.8,1009.2,0.0,14.9,0,0.0,0.077
1970-01-02 23:03:40.948000,187420948,0.0,26.8,1009.2,0.0,-999.0,0,0.0,0.078
1970-01-02 23:03:42.948000,187422948,0.0,26.8,1009.2,0.0,14.9,0,0.0,0.078
1970-01-02 23:03:44.948000,187424948,0.0,26.8,1009.5,0.0,-999.0,0,0.0,0.073
1970-01-02 23:03:46.948000,187426948,0.0,26.8,1009.2,0.0,14.8,0,0.0,0.073
1970-01-02 23:03:48.948000,187428948,0.0,26.8,1009.2,0.0,14.9,0,0.1,0.082
1970-01-02 23:03:50.948000,187430948,0.0,26.8,1009.2,0.0,-999.0,0,0.0,0.078
1970-01-02 23:03:52.948000,187432948,0.0,26.8,1009.1,0.0,15.0,0,0.0,0.081
1970-01-02 23:03:54.948000,187434948,0.0,26.8,1009.2,0.0,-999.0,0,0.1,0.082
1970-01-02 23:03:56.948000,187436948,0.0,26.8,1009.2,0.0,14.9,0,0.0,0.081
1970-01-02 23:03:58.948000,187438948,0.0,26.8,1009.2,0.0,15.1,0,0.0,0.079
1970-01-02 23:04:00.948000,187440948,0.0,26.8,1009.2,0.0,15.0,0,0.0,0.08
1970-01-02 23:04:02.948000,187442948,0.0,26.8,1009.2,0.0,-999.0,0,0.2,0.086
1970-01-02 23:04:04.948000,187444948,0.0,26.8,1009.2,0.0,15.0,0,0.1,0.084
1970-01-02 23:04:06.948000,187446948,0.0,26.8,1009.1,0.0,-999.0,0,0.0,0.077
1970-01-02 23:04:08.948000,187448948,0.0,26.8,1009.2,0.0,-999.0,0,0.0,0.081
1970-01-02 23:04:10.948000,187450948,0.0,26.8,1009.2,0.0,15.0,0,0.0,0.079
1970-01-02 23:04:12.948000,187452948,0.0,26.8,1009.2,0.0,-999.0,0,0.1,0.082
1970-01-02 23:04:14.948000,187454948,0.0,26.8,1009.3,0.0,15.1,0,0.0,0.081
1970-01-02 23:04:16.948000,187456948,0.0,26.8,1009.2,0.0,-999.0,0,0.1,0.084
1970-01-02 23:04:18.948000,187458948,0.0,26.8,1009.2,0.0,15.1,0,0.0,0.073
1970-01-02 23:04:20.948000,187460948,0.0,26.8,1009.2,0.0,-999.0,0,0.0,0.077
1970-01-02 23:04:22.948000,187462948,0.0,26.8,1009.2,0.0,15.1,0,0.0,0.081
1970-01-02 23:04:24.948000,187464948,0.0,26.8,1009.2,0.0,14.9,0,0.0,0.08
1970-01-02 23:04:26.948000,187466948,0.0,26.8,1009.1,0.0,14.8,0,0.0,0.078
1970-01-02 23:04:28.948000,187468948,0.0,26.8,1009.2,0.0,15.0,0,0.0,0.081
1970-01-02 23:04:30.948000,187470948,0.0,26.8,1009.1,0.0,14.9,0,0.0,0.074
1970-01-02 23:04:32.948000,187472948,0.0,26.8,1009.1,0.0,15.0,0,0.0,0.072
1970-01-02 23:04:34.948000,187474948,0.0,26.8,1009.2,0.0,-999.0,0,0.0,0.077
1970-01-02 23:04:36.948000,187476948,0.0,26.8,1009.2,0.0,14.9,0,0.0,0.07
1970-01-02 23:04:38.948000,187478948,0.0,26.8,1009.2,0.0,-999.0,0,0.0,0.081
1970-01-02 23:04:40.948000,187480948,0.0,26.8,1009.2,0.0,15.0,0,0.0,0.08
1970-01-02 23:04:42.948000,187482948,0.0,26.8,1009.2,0.0,-999.0,0,0.0,0.077
1970-01-02 23:04:44.948000,187484948,0.0,26.8,1009.2,0.0,-999.0,0,0.0,0.075
1970-01-02 23:04:46.948000,187486948,0.0,26.8,1009.2,0.0,15.2,0,0.0,0.078
1970-01-02 23:04:48.948000,187488948,0.0,26.8,1009.2,0.0,-999.0,0,0.0,0.081
1970-01-02 23:04:50.948000,187490948,0.0,26.8,1009.2,0.0,15.2,0,0.0,0.077
1970-01-02 23:04:52.948000,187492948,0.0,26.8,1009.2,0.0,-999.0,0,0.0,0.075
1970-01-02 23:04:54.948000,187494948,0.0,26.8,1009.2,0.0,15.0,0,0.0,0.072
1970-01-02 23:04:56.948000,187496948,0.0,26.8,1009.1,0.0,15.0,0,0.0,0.077
1970-01-02 23:04:58.948000,187498948,0.0,26.8,1009.1,0.0,15.1,0,0.0,0.08
1970-01-02 23:05:00.948000,187500948,0.0,26.8,1009.2,0.0,-999.0,0,0.0,0.074
1970-01-02 23:09:18.948000,187758948,0.0,27.3,1009.2,0.0,15.0,0,0.0,0.079
1970-01-02 23:09:20.948000,187760948,0.0,27.3,1009.2,0.0,-999.0,0,0.0,0.077
1970-01-02 23:09:22.948000,187762948,0.0,27.3,1009.2,0.0,15.3,0,0.0,0.078
1970-01-02 23:09:24.948000,187764948,0.0,27.3,1009.3,0.0,15.2,0,0.2,0.085
1970-01-02 23:09:26.948000,187766948,0.0,27.3,1009.2,0.0,15.1,0,0.0,0.077
1970-01-02 23:09:28.948000,187768948,0.0,27.3,1009.2,0.0,15.3,0,0.0,0.078
1970-01-02 23:09:30.948000,187770948,0.0,27.3,1009.2,0.0,15.1,0,0.0,0.076
1970-01-02 23:09:32.949000,187772949,0.0,27.3,1009.2,0.0,15.2,0,0.0,0.078
1970-01-02 23:09:34.948000,187774948,0.0,27.3,1009.2,0.0,15.2,0,0.0,0.077
1970-01-02 23:09:36.948000,187776948,0.0,27.3,1009.2,0.0,15.2,0,0.0,0.073
1970-01-02 23:09:38.948000,187778948,0.0,27.3,1009.2,0.0,-999.0,0,0.1,0.082
1970-01-02 23:09:40.948000,187780948,0.0,27.3,1009.2,0.0,15.2,0,0.2,0.086
1970-01-02 23:09:42.948000,187782948,0.0,27.3,1009.1,0.0,-999.0,0,0.1,0.083
1970-01-02 23:09:44.948000,187784948,0.0,27.3,1009.2,0.0,15.2,0,0.1,0.084
1970-01-02 23:09:46.948000,187786948,0.0,27.3,1009.1,0.0,-999.0,0,0.0,0.081
1970-01-02 23:09:48.948000,187788948,0.0,27.3,1009.1,0.0,15.2,0,0.0,0.079
1970-01-02 23:09:50.948000,187790948,0.0,27.3,1009.1,0.0,-999.0,0,0.0,0.077
1970-01-02 23:09:52.958000,187792958,0.0,27.3,1009.1,0.0,15.1,0,0.1,0.082
1970-01-02 23:09:54.958000,187794958,0.0,27.3,1009.1,0.0,15.2,0,0.0,0.078
1970-01-02 23:09:56.948000,187796948,0.0,27.3,1009.1,0.0,15.1,0,0.1,0.083
1970-01-02 23:09:58.948000,187798948,0.0,27.3,1008.9,0.0,15.0,0,0.0,0.077
1970-01-02 23:10:00.958000,187800958,0.0,27.3,1009.1,0.0,15.1,0,0.0,0.071
1970-01-02 23:10:02.958000,187802958,0.0,27.3,1008.9,0.0,15.2,0,0.1,0.082
1970-01-02 23:10:04.958000,187804958,0.0,27.3,1009.1,0.0,15.1,0,0.0,0.081
1970-01-02 23:10:06.948000,187806948,0.0,27.3,1008.9,0.0,15.2,0,0.0,0.077
1970-01-02 23:10:08.958000,187808958,0.0,27.3,1008.9,0.0,15.2,0,0.0,0.077
1970-01-02 23:10:10.958000,187810958,0.0,27.3,1009.1,0.0,15.2,0,0.0,0.077
1970-01-02 23:10:12.958000,187812958,0.0,27.3,1008.9,0.0,15.1,0,0.0,0.073
1970-01-02 23:10:14.958000,187814958,0.0,27.3,1008.9,0.0,15.2,0,0.0,0.076
1970-01-02 23:10:16.958000,187816958,0.0,27.3,1009.1,0.0,15.2,0,0.0,0.08
1970-01-03 15:48:18.088000,247698088,0.0,29.2,1006.1,0.0,14.1,0,0.0,0.081
1970-01-03 15:48:20.088000,247700088,0.0,29.2,1005.9,0.0,14.1,0,0.1,0.082
1970-01-03 15:48:22.088000,247702088,0.0,29.2,1006.0,0.0,14.2,0,0.0,0.079
1970-01-03 15:48:24.088000,247704088,0.0,29.2,1006.5,0.0,14.4,0,0.0,0.073
1970-01-03 16:32:08.138000,250328138,0.0,29.2,1008.7,0.0,-999.0,0,0.0,0.08
1970-01-03 16:32:10.138000,250330138,0.0,29.2,1008.8,0.0,14.2,0,0.0,0.075
1970-01-03 16:32:12.138000,250332138,0.0,29.2,1008.9,0.0,-999.0,0,0.2,0.087
1970-01-03 16:32:14.138000,250334138,0.0,29.2,1008.7,0.0,14.2,0,0.0,0.077
1970-01-03 16:32:16.138000,250336138,0.0,29.2,1008.4,0.0,-999.0,0,0.0,0.081
1970-01-03 16:32:18.138000,250338138,0.0,29.2,1008.5,0.0,14.1,0,0.0,0.075
1970-01-03 16:32:20.138000,250340138,0.0,29.2,1008.5,0.0,14.1,0,0.0,0.08
1970-01-03 16:32:22.138000,250342138,0.0,29.2,1008.4,0.0,14.1,0,0.0,0.081
1970-01-03 16:32:24.138000,250344138,0.0,29.2,1008.8,0.0,14.2,0,0.1,0.084
1970-01-03 16:32:26.138000,250346138,0.0,29.2,1008.9,0.0,14.1,0,0.0,0.073
1970-01-03 16:32:28.138000,250348138,0.0,29.2,1009.1,0.0,14.2,0,0.0,0.073
1970-01-03 16:32:30.138000,250350138,0.0,29.2,1008.7,0.0,-999.0,0,0.0,0.079
1970-01-03 16:32:32.138000,250352138,0.0,29.2,1008.8,0.0,14.2,0,0.0,0.076
1970-01-03 16:32:34.138000,250354138,0.0,29.2,1008.8,0.0,-999.0,0,0.0,0.078
1970-01-03 16:32:36.138000,250356138,0.0,29.2,1008.9,0.0,14.1,0,0.0,0.081
1970-01-03 16:32:38.138000,250358138,0.0,29.2,1008.3,0.0,-999.0,0,0.0,0.08
1970-01-03 16:32:40.138000,250360138,0.0,29.2,1008.7,0.0,14.2,0,0.1,0.083
1970-01-03 16:32:42.138000,250362138,0.0,29.2,1008.8,0.0,14.1,0,0.0,0.081
1970-01-03 16:32:44.138000,250364138,0.0,29.2,1008.8,0.0,-999.0,0,0.0,0.08
1970-01-03 16:32:46.138000,250366138,0.0,29.2,1008.7,0.0,14.2,0,0.0,0.079
1970-01-03 16:32:48.138000,250368138,0.0,29.2,1008.5,0.0,-999.0,0,0.0,0.081
1970-01-03 16:32:50.138000,250370138,0.0,29.2,1008.7,0.0,14.2,0,0.0,0.081
1970-01-03 16:32:52.138000,250372138,0.0,29.2,1008.5,0.0,14.2,0,0.1,0.083
1970-01-03 16:32:54.138000,250374138,0.0,29.2,1008.7,0.0,14.1,0,0.0,0.078
1970-01-03 16:32:56.138000,250376138,0.0,29.2,1008.8,0.0,-999.0,0,0.2,0.085
1970-01-03 16:32:58.138000,250378138,0.0,29.2,1008.9,0.0,14.2,0,0.0,0.077
1970-01-03 16:33:00.139000,250380139,0.0,29.2,1008.3,0.0,14.2,0,0.0,0.075
1970-01-03 16:33:02.138000,250382138,0.0,29.2,1008.5,0.0,14.2,0,0.0,0.073
1970-01-03 16:33:04.138000,250384138,0.0,29.2,1008.8,0.0,14.1,0,0.0,0.078
1970-01-03 16:33:06.138000,250386138,0.0,29.2,1008.1,0.0,-999.0,0,0.0,0.08
1970-01-03 16:33:08.138000,250388138,0.0,29.2,1008.7,0.0,14.2,0,0.1,0.085
1970-01-03 16:33:10.138000,250390138,0.0,29.2,1008.9,0.0,14.2,0,0.0,0.08
1970-01-03 16:33:12.138000,250392138,0.0,29.2,1008.9,0.0,14.2,0,0.0,0.081
1970-01-03 16:33:14.138000,250394138,0.0,29.2,1008.9,0.0,14.2,0,0.0,0.077
1970-01-03 16:33:16.138000,250396138,0.0,29.2,1008.8,0.0,14.2,0,0.1,0.083
1970-01-03 16:33:18.138000,250398138,0.0,29.2,1008.8,0.0,14.0,0,0.0,0.081
1970-01-03 16:33:20.138000,250400138,0.0,29.2,1008.7,0.0,-999.0,0,0.0,0.071
1970-01-03 16:33:22.138000,250402138,0.0,29.2,1008.8,0.0,14.2,0,0.0,0.081
1970-01-03 16:33:24.138000,250404138,0.0,29.2,1008.8,0.0,-999.0,0,0.0,0.08
1970-01-03 16:33:26.138000,250406138,0.0,29.2,1008.3,0.0,14.2,0,0.0,0.069
1970-01-03 16:33:28.138000,250408138,0.0,29.2,1008.8,0.0,-999.0,0,0.0,0.08
1970-01-03 16:33:30.138000,250410138,0.0,29.2,1008.9,0.0,14.2,0,0.0,0.075
1970-01-03 16:33:32.138000,250412138,0.0,29.2,1008.9,0.0,14.2,0,0.0,0.077
1970-01-03 16:33:34.138000,250414138,0.0,29.2,1008.9,0.0,14.2,0,0.0,0.077
1970-01-03 16:33:36.138000,250416138,0.0,29.2,1008.7,0.0,14.2,0,0.0,0.076
1970-01-03 16:33:38.138000,250418138,0.0,29.2,1008.8,0.0,-999.0,0,0.1,0.084
1970-01-03 16:33:40.138000,250420138,0.0,29.2,1008.9,0.0,14.2,0,0.1,0.082
1970-01-03 16:33:42.138000,250422138,0.0,29.2,1008.7,0.0,-999.0,0,0.0,0.08
1970-01-03 16:33:44.138000,250424138,0.0,29.2,1008.8,0.0,-999.0,0,0.1,0.085
1970-01-03 16:33:46.138000,250426138,0.0,29.2,1008.8,0.0,14.2,0,0.0,0.079
1970-01-03 16:33:48.138000,250428138,0.0,29.2,1008.5,0.0,-999.0,0,0.0,0.078
1970-01-03 16:33:50.138000,250430138,0.0,29.2,1008.9,0.0,14.2,0,0.0,0.073
1970-01-03 16:33:52.138000,250432138,0.0,29.2,1008.7,0.0,-999.0,0,0.0,0.078
1970-01-03 16:33:54.138000,250434138,0.0,29.2,1008.7,0.0,14.2,0,0.1,0.083
1970-01-03 16:33:56.139000,250436139,0.0,29.2,1008.9,0.0,14.1,0,0.0,0.073
1970-01-03 16:33:58.138000,250438138,0.0,29.2,1008.9,0.0,14.2,0,0.0,0.077
1970-01-03 16:34:00.138000,250440138,0.0,29.2,1009.1,0.0,14.0,0,0.1,0.083
1970-01-03 16:34:02.138000,250442138,0.0,29.2,1008.7,0.0,14.1,0,0.0,0.081
1970-01-03 16:34:04.138000,250444138,0.0,29.2,1008.9,0.0,14.2,0,0.0,0.081
1970-01-03 16:34:06.138000,250446138,0.0,29.2,1008.8,0.0,-999.0,0,0.0,0.077
1970-01-03 16:34:08.138000,250448138,0.0,29.2,1009.1,0.0,-999.0,0,0.0,0.079
1970-01-03 16:34:10.138000,250450138,0.0,29.2,1008.9,0.0,14.1,0,0.1,0.085
1970-01-03 16:34:12.138000,250452138,0.0,29.2,1008.5,0.0,-999.0,0,0.0,0.081
1970-01-03 16:34:14.138000,250454138,0.0,29.2,1008.5,0.0,14.1,0,0.0,0.081
1970-01-03 16:34:16.138000,250456138,0.0,29.2,1008.9,0.0,14.2,0,0.0,0.073
1970-01-03 16:34:18.138000,250458138,0.0,29.2,1008.5,0.0,14.0,0,0.0,0.08
1970-01-03 16:34:20.138000,250460138,0.0,29.2,1008.7,0.0,14.2,0,0.2,0.087
1970-01-03 16:34:22.138000,250462138,0.0,29.2,1008.8,0.0,14.2,0,0.1,0.082
1970-01-03 16:34:24.138000,250464138,0.0,29.2,1008.9,0.0,14.1,0,0.0,0.079
1970-01-03 16:34:26.138000,250466138,0.0,29.2,1009.1,0.0,-999.0,0,0.0,0.078
1970-01-03 16:34:28.138000,250468138,0.0,29.2,1008.9,0.0,14.1,0,0.0,0.081
1970-01-03 16:34:30.138000,250470138,0.0,29.2,1008.9,0.0,-999.0,0,0.0,0.079
1970-01-03 16:34:32.138000,250472138,0.0,29.2,1008.8,0.0,14.2,0,0.0,0.076
1970-01-03 16:34:34.138000,250474138,0.0,29.2,1009.1,0.0,14.2,0,0.0,0.075
1970-01-03 16:34:36.138000,250476138,0.0,29.2,1009.1,0.0,14.1,0,0.1,0.082
1970-01-03 16:34:38.138000,250478138,0.0,29.2,1009.1,0.0,14.2,0,0.0,0.081
1970-01-03 16:34:40.138000,250480138,0.0,29.2,1008.9,0.0,-999.0,0,0.0,0.08
1970-01-03 16:34:42.138000,250482138,0.0,29.2,1008.8,0.0,14.2,0,0.1,0.084
1970-01-03 16:34:44.138000,250484138,0.0,29.2,1009.1,0.0,-999.0,0,0.2,0.088
1970-01-03 16:34:46.138000,250486138,0.0,29.2,1008.0,0.0,14.2,0,0.0,0.08
1970-01-03 16:34:48.138000,250488138,0.0,29.2,1008.8,0.0,-999.0,0,0.1,0.084
1970-01-03 16:34:50.138000,250490138,0.0,29.2,1008.8,0.0,-999.0,0,0.1,0.083
1970-01-03 16:34:52.138000,250492138,0.0,29.2,1008.8,0.0,14.5,0,0.0,0.081
1970-01-03 16:34:54.138000,250494138,0.0,29.2,1008.7,0.0,-999.0,0,0.0,0.077
1970-01-03 16:34:56.138000,250496138,0.0,29.2,1008.9,0.0,14.2,0,0.0,0.07
1970-01-03 16:34:58.138000,250498138,0.0,29.2,1008.9,0.0,14.1,0,0.0,0.078
1970-01-03 16:35:00.138000,250500138,0.0,29.2,1008.9,0.0,14.2,0,0.0,0.081
1970-01-03 16:35:02.138000,250502138,0.0,29.2,1008.9,0.0,14.1,0,0.0,0.079
1970-01-03 16:35:04.148000,250504148,0.0,29.2,1008.7,0.0,-999.0,0,0.1,0.085
1970-01-03 16:35:06.148000,250506148,0.0,29.2,1008.9,0.0,14.2,0,0.0,0.076
1970-01-03 16:35:08.138000,250508138,0.0,29.2,1008.9,0.0,-999.0,0,0.0,0.081
1970-01-03 16:35:10.148000,250510148,0.0,29.2,1008.8,0.0,14.2,0,0.0,0.077
1970-01-03 16:35:12.148000,250512148,0.0,29.2,1008.7,0.0,-999.0,0,0.0,0.077
1970-01-03 16:35:14.148000,250514148,0.0,29.2,1008.8,0.0,-999.0,0,0.0,0.074
1970-01-03 16:35:16.148000,250516148,0.0,29.2,1008.8,0.0,14.1,0,0.1,0.085
1970-01-03 16:35:18.148000,250518148,0.0,29.2,1008.9,0.0,-999.0,0,0.0,0.077
1970-01-03 16:35:20.148000,250520148,0.0,29.2,1008.9,0.0,14.2,0,0.0,0.078
1970-01-03 16:35:22.148000,250522148,0.0,29.2,1008.7,0.0,14.2,0,0.0,0.079
1970-01-03 16:35:24.148000,250524148,0.0,29.2,1008.8,0.0,14.2,0,0.0,0.08
1970-01-03 16:35:26.148000,250526148,0.0,29.2,1008.8,0.0,-999.0,0,0.0,0.079
1970-01-03 16:35:28.148000,250528148,0.0,29.2,1008.7,0.0,-999.0,0,0.1,0.082
1970-01-03 16:35:30.148000,250530148,0.0,29.2,1008.9,0.0,14.2,0,0.0,0.075
1970-01-03 16:35:32.148000,250532148,0.0,29.2,1008.9,0.0,-999.0,0,0.0,0.079
1970-01-03 16:35:34.148000,250534148,0.0,29.2,1008.8,0.0,14.2,0,0.0,0.076
1970-01-03 16:35:36.148000,250536148,0.0,29.2,1008.9,0.0,-999.0,0,0.0,0.081
1970-01-03 16:35:38.148000,250538148,0.0,29.2,1008.8,0.0,-999.0,0,0.0,0.077
1970-01-03 16:35:40.148000,250540148,0.0,29.2,1009.1,0.0,14.2,0,0.0,0.073
1970-01-03 16:35:42.148000,250542148,0.0,29.2,1008.7,0.0,14.2,0,0.0,0.077
1970-01-03 16:35:44.148000,250544148,0.0,29.2,1008.9,0.0,14.1,0,0.2,0.085
1970-01-03 16:35:46.148000,250546148,0.0,29.2,1008.7,0.0,-999.0,0,0.0,0.077
1970-01-03 16:35:48.148000,250548148,0.0,29.2,1008.5,0.0,14.2,0,0.0,0.081
1970-01-03 16:35:50.148000,250550148,0.0,29.2,1008.9,0.0,-999.0,0,0.0,0.079
1970-01-03 16:35:52.148000,250552148,0.0,29.2,1008.7,0.0,-999.0,0,0.0,0.081
1970-01-03 16:35:54.148000,250554148,0.0,29.2,1008.7,0.0,14.1,0,0.0,0.074
1970-01-03 16:35:56.148000,250556148,0.0,29.2,1008.1,0.0,-999.0,0,0.2,0.085
1970-01-03 16:35:58.148000,250558148,0.0,29.2,1008.9,0.0,14.2,0,0.0,0.081
1970-01-03 16:36:00.148000,250560148,0.0,29.2,1008.5,0.0,-999.0,0,0.0,0.081
1970-01-03 16:36:02.148000,250562148,0.0,29.2,1008.5,0.0,14.2,0,0.0,0.076
1970-01-03 16:36:04.148000,250564148,0.0,29.2,1008.9,0.0,14.2,0,0.0,0.078
1970-01-03 16:36:06.148000,250566148,0.0,29.2,1008.8,0.0,14.2,0,0.1,0.084
1970-01-03 16:36:08.148000,250568148,0.0,29.2,1008.4,0.0,14.2,0,0.1,0.082
1970-01-03 16:36:10.148000,250570148,0.0,29.2,1008.7,0.0,14.2,0,0.0,0.072
1970-01-03 16:36:12.148000,250572148,0.0,29.2,1008.7,0.0,14.2,0,0.0,0.081
1970-01-03 16:36:14.148000,250574148,0.0,29.2,1008.7,0.0,-999.0,0,0.0,0.081
1970-01-03 16:36:16.148000,250576148,0.0,29.2,1008.9,0.0,14.2,0,0.2,0.085
1970-01-03 16:36:18.148000,250578148,0.0,29.2,1008.8,0.0,-999.0,0,0.0,0.078
1970-01-03 16:36:20.148000,250580148,0.0,29.2,1008.7,0.0,14.2,0,0.1,0.084
1970-01-03 16:36:22.148000,250582148,0.0,29.2,1008.9,0.0,14.1,0,0.1,0.082
1970-01-03 16:36:24.148000,250584148,0.0,29.2,1008.5,0.0,-999.0,0,0.0,0.075
1970-01-03 16:36:26.148000,250586148,0.0,29.2,1008.9,0.0,14.1,0,0.0,0.077
1970-01-03 16:36:28.148000,250588148,0.0,29.2,1008.8,0.0,14.0,0,0.1,0.083
1970-01-03 16:36:30.148000,250590148,0.0,29.2,1008.8,0.0,14.0,0,0.0,0.078
1970-01-03 16:36:32.148000,250592148,0.0,29.2,1008.7,0.0,14.2,0,0.1,0.082
1970-01-03 16:36:34.148000,250594148,0.0,29.2,1008.9,0.0,13.9,0,0.1,0.085
1970-01-03 16:36:36.148000,250596148,0.0,29.2,1008.9,0.0,-999.0,0,0.1,0.085
1970-01-03 16:36:38.148000,250598148,0.0,29.2,1008.9,0.0,14.1,0,0.0,0.073
1970-01-03 16:36:40.148000,250600148,0.0,29.2,1008.9,0.0,14.2,0,0.2,0.085
1970-01-03 16:36:42.148000,250602148,0.0,29.2,1008.9,0.0,14.2,0,0.1,0.082
1970-01-03 16:36:44.148000,250604148,0.0,29.2,1008.8,0.0,14.2,0,0.0,0.08
1970-01-03 16:36:46.148000,250606148,0.0,29.2,1008.8,0.0,-999.0,0,0.0,0.078
1970-01-03 16:36:48.148000,250608148,0.0,29.2,1008.5,0.0,14.1,0,0.0,0.08
1970-01-03 16:36:50.148000,250610148,0.0,29.2,1008.8,0.0,-999.0,0,0.1,0.083
1970-01-03 16:36:52.148000,250612148,0.0,29.2,1008.7,0.0,14.1,0,0.0,0.073
1970-01-03 16:36:54.148000,250614148,0.0,29.2,1008.5,0.0,14.1,0,0.0,0.073
1970-01-03 16:36:56.148000,250616148,0.0,29.2,1008.5,0.0,14.0,0,0.1,0.082
1970-01-03 16:36:58.148000,250618148,0.0,29.2,1008.9,0.0,14.1,0,0.0,0.08
1970-01-03 16:37:00.148000,250620148,0.0,29.2,1008.7,0.0,14.1,0,0.0,0.078
1970-01-03 16:37:02.148000,250622148,0.0,29.2,1008.7,0.0,14.2,0,0.0,0.079
1970-01-03 16:37:04.148000,250624148,0.0,29.2,1008.8,0.0,14.1,0,0.0,0.081
1970-01-03 16:37:06.148000,250626148,0.0,29.2,1008.9,0.0,14.2,0,0.0,0.076
1970-01-03 16:37:08.148000,250628148,0.0,29.2,1008.9,0.0,-999.0,0,0.0,0.075
1970-01-03 16:37:10.148000,250630148,0.0,29.2,1008.9,0.0,14.1,0,0.0,0.079
1970-01-03 16:37:12.148000,250632148,0.0,29.2,1008.9,0.0,14.2,0,0.0,0.078
1970-01-03 16:37:14.148000,250634148,0.0,29.2,1008.8,0.0,-999.0,0,0.0,0.08
1970-01-03 16:37:16.148000,250636148,0.0,29.2,1008.9,0.0,-999.0,0,0.0,0.079
1970-01-03 16:37:18.148000,250638148,0.0,29.2,1008.4,0.0,14.2,0,0.0,0.077
1970-01-03 16:37:20.148000,250640148,0.0,29.2,1008.8,0.0,-999.0,0,0.1,0.083
1970-01-03 16:37:22.148000,250642148,0.0,29.2,1008.9,0.0,-999.0,0,0.0,0.073
1970-01-03 16:37:24.148000,250644148,0.0,29.2,1008.7,0.0,-999.0,0,0.1,0.085
1970-01-03 16:37:26.148000,250646148,0.0,29.2,1009.1,0.0,14.2,0,0.2,0.088
1970-01-03 16:37:28.148000,250648148,0.0,29.2,1009.1,0.0,14.2,0,0.1,0.083
1970-01-03 16:37:30.148000,250650148,0.0,29.2,1008.9,0.0,14.2,0,0.0,0.077
1970-01-03 16:37:32.148000,250652148,0.0,29.2,1008.9,0.0,14.1,0,0.0,0.08
1970-01-03 16:37:34.148000,250654148,0.0,29.2,1008.9,0.0,14.1,0,0.0,0.075
1970-01-03 16:37:36.148000,250656148,0.0,29.2,1008.4,0.0,14.1,0,0.0,0.079
1970-01-03 16:37:38.148000,250658148,0.0,29.2,1008.8,0.0,14.1,0,0.0,0.08
1970-01-03 16:37:40.148000,250660148,0.0,29.2,1008.8,0.0,14.2,0,0.0,0.079
1970-01-03 16:37:42.148000,250662148,0.0,29.2,1008.8,0.0,14.1,0,0.0,0.081
1970-01-03 16:37:44.148000,250664148,0.0,29.2,1008.8,0.0,14.1,0,0.0,0.081
1970-01-03 16:37:46.148000,250666148,0.0,29.2,1008.7,0.0,14.0,0,0.0,0.077
1970-01-03 16:37:48.148000,250668148,0.0,29.2,1008.8,0.0,14.1,0,0.0,0.075
1970-01-03 16:37:50.148000,250670148,0.0,29.2,1008.8,0.0,14.2,0,0.0,0.071
1970-01-03 16:37:52.148000,250672148,0.0,29.2,1008.7,0.0,14.2,0,0.2,0.086
1970-01-03 16:37:54.148000,250674148,0.0,29.2,1009.1,0.0,-999.0,0,0.1,0.084
1970-01-03 16:37:56.148000,250676148,0.0,29.2,1008.7,0.0,14.2,0,0.0,0.081
1970-01-03 16:37:58.148000,250678148,0.0,29.2,1008.9,0.0,-999.0,0,0.0,0.073
1970-01-03 16:38:00.148000,250680148,0.0,29.2,1008.9,0.0,-999.0,0,0.0,0.081
1970-01-03 16:38:02.148000,250682148,0.0,29.2,1009.1,0.0,14.3,0,0.0,0.079
1970-01-03 16:38:04.148000,250684148,0.0,29.2,1008.9,0.0,14.2,0,0.0,0.078
1970-01-03 16:38:06.148000,250686148,0.0,29.2,1008.8,0.0,-999.0,0,0.1,0.082
1970-01-03 16:38:08.148000,250688148,0.0,29.2,1008.8,0.0,14.2,0,0.0,0.077
1970-01-03 16:38:10.148000,250690148,0.0,29.2,1008.4,0.0,14.2,0,0.0,0.081
1970-01-03 16:38:12.148000,250692148,0.0,29.2,1008.8,0.0,-999.0,0,0.0,0.076
1970-01-03 16:38:14.148000,250694148,0.0,29.2,1008.7,0.0,14.2,0,0.0,0.081
1970-01-03 16:38:16.148000,250696148,0.0,29.2,1008.5,0.0,14.4,0,0.0,0.076
1970-01-03 16:38:18.148000,250698148,0.0,29.2,1008.7,0.0,14.2,0,0.0,0.079
1970-01-03 16:38:20.148000,250700148,0.0,29.2,1008.5,0.0,14.2,0,0.2,0.088
1970-01-03 16:38:22.148000,250702148,0.0,29.2,1008.8,0.0,-999.0,0,0.0,0.078
1970-01-03 16:38:24.148000,250704148,0.0,29.2,1008.9,0.0,14.1,0,0.0,0.074
1970-01-03 16:38:26.148000,250706148,0.0,29.2,1008.5,0.0,-999.0,0,0.0,0.081
1970-01-03 16:38:28.148000,250708148,0.0,29.2,1009.1,0.0,14.2,0,0.2,0.086
1970-01-03 16:38:30.148000,250710148,0.0,29.2,1008.9,0.0,14.2,0,0.1,0.083
1970-01-03 16:38:32.148000,250712148,0.0,29.2,1008.9,0.0,14.2,0,0.0,0.078
1970-01-03 16:38:34.148000,250714148,0.0,29.2,1008.9,0.0,14.1,0,0.0,0.078
1970-01-03 16:38:36.148000,250716148,0.0,29.2,1008.9,0.0,14.2,0,0.1,0.082
1970-01-03 16:38:38.148000,250718148,0.0,29.2,1008.9,0.0,14.1,0,0.0,0.08
1970-01-03 16:38:40.148000,250720148,0.0,29.2,1008.7,0.0,14.1,0,0.1,0.083
1970-01-03 16:38:42.148000,250722148,0.0,29.2,1008.9,0.0,14.2,0,0.0,0.078
1970-01-03 16:38:44.148000,250724148,0.0,29.2,1008.7,0.0,14.1,0,0.0,0.081
1970-01-03 16:38:46.148000,250726148,0.0,29.2,1008.8,0.0,-999.0,0,0.1,0.083
1970-01-03 16:38:48.148000,250728148,0.0,29.2,1008.8,0.0,14.2,0,0.2,0.086
1970-01-03 16:38:50.148000,250730148,0.0,29.2,1008.9,0.0,14.2,0,0.0,0.076
1970-01-03 16:38:52.148000,250732148,0.0,29.2,1008.5,0.0,14.2,0,0.0,0.079
1970-01-03 16:38:54.148000,250734148,0.0,29.2,1008.8,0.0,14.1,0,0.0,0.078
1970-01-03 16:38:56.148000,250736148,0.0,29.2,1008.9,0.0,14.2,0,0.0,0.077
1970-01-03 16:38:58.148000,250738148,0.0,29.2,1008.9,0.0,-999.0,0,0.0,0.08
1970-01-03 16:39:00.148000,250740148,0.0,29.2,1008.4,0.0,14.2,0,0.0,0.073
1970-01-03 16:39:02.148000,250742148,0.0,29.2,1008.9,0.0,14.2,0,0.0,0.081
1970-01-03 16:39:04.148000,250744148,0.0,29.2,1008.9,0.0,14.1,0,0.0,0.08
1970-01-03 16:39:06.148000,250746148,0.0,29.2,1008.9,0.0,14.1,0,0.2,0.087
1970-01-03 16:39:08.148000,250748148,0.0,29.2,1009.1,0.0,-999.0,0,0.2,0.086
1970-01-03 16:39:10.148000,250750148,0.0,29.2,1008.8,0.0,14.2,0,0.1,0.082
1970-01-03 16:39:12.148000,250752148,0.0,29.2,1008.7,0.0,14.2,0,0.1,0.082
1970-01-03 16:39:14.148000,250754148,0.0,29.2,1008.7,0.0,14.2,0,0.0,0.081
1970-01-03 16:39:16.148000,250756148,0.0,29.2,1008.9,0.0,14.1,0,0.0,0.081
1970-01-03 16:39:18.148000,250758148,0.0,29.2,1008.5,0.0,14.1,0,0.2,0.085
1970-01-03 16:39:20.148000,250760148,0.0,29.2,1008.8,0.0,14.1,0,0.2,0.087
1970-01-03 16:39:22.148000,250762148,0.0,29.2,1008.7,0.0,14.0,0,0.0,0.077
1970-01-03 16:39:24.148000,250764148,0.0,29.2,1008.9,0.0,14.2,0,0.0,0.081
1970-01-03 16:39:26.148000,250766148,0.0,29.2,1008.5,0.0,14.1,0,0.1,0.085
1970-01-03 16:39:28.148000,250768148,0.0,29.2,1008.9,0.0,14.2,0,0.2,0.085
1970-01-03 16:39:30.148000,250770148,0.0,29.2,1009.1,0.0,14.2,0,0.0,0.081
1970-01-03 16:39:32.148000,250772148,0.0,29.2,1008.9,0.0,14.1,0,0.0,0.078
1970-01-03 16:39:34.148000,250774148,0.0,29.2,1008.9,0.0,-999.0,0,0.3,0.089
1970-01-03 16:39:36.148000,250776148,0.0,29.2,1008.9,0.0,14.1,0,0.0,0.073
1970-01-03 16:39:38.148000,250778148,0.0,29.2,1008.7,0.0,14.1,0,0.0,0.077
1970-01-03 16:39:40.148000,250780148,0.0,29.2,1008.5,0.0,-999.0,0,0.0,0.077
1970-01-03 16:39:42.148000,250782148,0.0,29.2,1008.8,0.0,14.1,0,0.0,0.074
1970-01-03 16:39:44.148000,250784148,0.0,29.2,1009.1,0.0,14.2,0,0.1,0.083
1970-01-03 16:39:46.148000,250786148,0.0,29.2,1008.9,0.0,14.2,0,0.1,0.084
1970-01-03 16:39:48.148000,250788148,0.0,29.2,1008.9,0.0,14.2,0,0.0,0.077
1970-01-03 16:39:50.148000,250790148,0.0,29.2,1008.9,0.0,14.1,0,0.0,0.077
1970-01-03 16:39:52.148000,250792148,0.0,29.2,1008.9,0.0,14.1,0,0.0,0.08
1970-01-03 16:39:54.148000,250794148,0.0,29.2,1008.9,0.0,14.0,0,0.0,0.081
1970-01-03 16:39:56.148000,250796148,0.0,29.2,1008.9,0.0,14.2,0,0.0,0.076
1970-01-03 16:39:58.148000,250798148,0.0,29.2,1008.9,0.0,14.2,0,0.0,0.077
1970-01-03 16:51:32.158000,251492158,0.0,29.2,1008.9,0.0,-999.0,0,0.0,0.074
1970-01-03 16:51:34.158000,251494158,0.0,29.2,1008.9,0.0,14.2,0,0.0,0.078
1970-01-03 16:51:36.158000,251496158,0.0,29.2,1008.9,0.0,-999.0,0,0.0,0.075
1970-01-03 16:51:38.158000,251498158,0.0,29.2,1009.1,0.0,14.2,0,0.0,0.079
1970-01-03 16:51:40.158000,251500158,0.0,29.2,1009.1,0.0,-999.0,0,0.0,0.079
1970-01-03 16:51:42.158000,251502158,0.0,29.2,1009.1,0.0,14.2,0,0.0,0.075
1970-01-03 16:51:44.158000,251504158,0.0,29.2,1008.9,0.0,-999.0,0,0.0,0.081
1970-01-03 16:51:46.158000,251506158,0.0,29.2,1009.1,0.0,-999.0,0,0.0,0.078
1970-01-03 16:51:48.158000,251508158,0.0,29.2,1009.1,0.0,14.2,0,0.0,0.077
1970-01-03 16:51:50.158000,251510158,0.0,29.2,1009.1,0.0,14.2,0,0.0,0.074
1970-01-03 16:51:52.158000,251512158,0.0,29.2,1009.1,0.0,14.2,0,0.0,0.077
1970-01-03 16:51:54.158000,251514158,0.0,29.2,1009.1,0.0,14.2,0,0.0,0.077
1970-01-03 16:51:56.158000,251516158,0.0,29.2,1009.1,0.0,14.1,0,0.1,0.085
1970-01-03 16:51:58.158000,251518158,0.0,29.2,1009.1,0.0,-999.0,0,0.0,0.077
1970-01-03 16:52:00.158000,251520158,0.0,29.2,1009.1,0.0,14.2,0,0.0,0.077
1970-01-03 16:52:02.158000,251522158,0.0,29.2,1008.9,0.0,-999.0,0,0.0,0.078
1970-01-03 16:52:04.158000,251524158,0.0,29.2,1009.1,0.0,14.2,0,0.1,0.082
1970-01-03 16:52:06.158000,251526158,0.0,29.2,1009.1,0.0,-999.0,0,0.0,0.08
1970-01-03 16:52:08.158000,251528158,0.0,29.2,1009.1,0.0,14.2,0,0.0,0.08
1970-01-03 16:52:10.158000,251530158,0.0,29.2,1009.1,0.0,-999.0,0,0.1,0.082
1970-01-03 16:52:12.158000,251532158,0.0,29.2,1009.1,0.0,14.2,0,0.0,0.081
1970-01-03 16:52:14.158000,251534158,0.0,29.2,1008.9,0.0,14.4,0,0.1,0.083
1970-01-03 16:52:16.158000,251536158,0.0,29.2,1009.1,0.0,-999.0,0,0.0,0.081
1970-01-03 16:52:18.158000,251538158,0.0,29.2,1009.1,0.0,14.2,0,0.1,0.083
1970-01-03 16:52:20.158000,251540158,0.0,29.2,1009.1,0.0,-999.0,0,0.0,0.074
1970-01-03 16:52:22.158000,251542158,0.0,29.2,1009.1,0.0,14.4,0,0.1,0.082
1970-01-03 16:52:24.248000,251544248,0.0,29.2,1008.9,0.0,14.2,0,0.0,0.077
1970-01-03 16:52:26.168000,251546168,0.0,29.2,1009.1,0.0,14.2,0,0.0,0.079
1970-01-03 16:52:28.168000,251548168,0.0,29.2,1008.9,0.0,14.1,0,0.0,0.077
1970-01-03 16:52:30.158000,251550158,0.0,29.2,1009.1,0.0,14.2,0,0.0,0.076
1970-01-03 16:52:32.158000,251552158,0.0,29.2,1009.1,0.0,14.1,0,0.0,0.075
1970-01-03 16:52:34.158000,251554158,0.0,29.2,1009.1,0.0,14.2,0,0.1,0.082
1970-01-03 16:52:36.168000,251556168,0.0,29.2,1008.9,0.0,-999.0,0,0.2,0.085
1970-01-03 16:52:38.168000,251558168,0.0,29.2,1009.1,0.0,-999.0,0,0.0,0.079
1970-01-03 16:52:40.168000,251560168,0.0,29.2,1008.9,0.0,-999.0,0,0.0,0.073
1970-01-03 16:52:42.168000,251562168,0.0,29.2,1009.1,0.0,-999.0,0,0.0,0.077
1970-01-03 16:52:44.168000,251564168,0.0,29.2,1009.1,0.0,14.2,0,0.0,0.08
1970-01-03 16:52:46.168000,251566168,0.0,29.2,1008.9,0.0,14.1,0,0.0,0.081
1970-01-03 16:52:48.168000,251568168,0.0,29.2,1008.9,0.0,14.2,0,0.0,0.079
1970-01-03 16:52:50.168000,251570168,0.0,29.2,1009.1,0.0,14.0,0,0.0,0.08
1970-01-03 16:52:52.168000,251572168,0.0,29.2,1009.1,0.0,14.2,0,0.1,0.082
1970-01-03 16:52:54.168000,251574168,0.0,29.2,1008.9,0.0,14.2,0,0.0,0.081
1970-01-03 16:52:56.168000,251576168,0.0,29.2,1009.1,0.0,14.2,0,0.0,0.073
1970-01-03 16:52:58.168000,251578168,0.0,29.2,1008.9,0.0,14.1,0,0.0,0.079
1970-01-03 16:53:00.168000,251580168,0.0,29.2,1009.1,0.0,14.2,0,0.2,0.087
1970-01-03 16:53:02.168000,251582168,0.0,29.2,1009.1,0.0,14.1,0,0.0,0.076
1970-01-03 16:53:04.168000,251584168,0.0,29.2,1009.1,0.0,-999.0,0,0.0,0.077
1970-01-03 16:53:06.168000,251586168,0.0,29.2,1009.1,0.0,14.2,0,0.0,0.079
1970-01-03 16:53:08.168000,251588168,0.0,29.2,1009.1,0.0,-999.0,0,0.0,0.081
1970-01-03 16:53:10.168000,251590168,0.0,29.2,1009.1,0.0,14.2,0,0.0,0.079
1970-01-03 16:53:12.168000,251592168,0.0,29.2,1009.1,0.0,-999.0,0,0.0,0.077
1970-01-03 16:53:14.168000,251594168,0.0,29.2,1008.9,0.0,-999.0,0,0.1,0.084
1970-01-03 16:53:16.168000,251596168,0.0,29.2,1009.1,0.0,14.2,0,0.0,0.073
1970-01-03 16:53:18.168000,251598168,0.0,29.2,1009.1,0.0,14.1,0,0.0,0.081
1970-01-03 16:53:20.168000,251600168,0.0,29.2,1009.1,0.0,-999.0,0,0.0,0.077
1970-01-03 16:53:22.168000,251602168,0.0,29.2,1009.1,0.0,-999.0,0,0.0,0.077
1970-01-03 16:53:24.168000,251604168,0.0,29.2,1009.1,0.0,-999.0,0,0.0,0.08
1970-01-03 16:53:26.168000,251606168,0.0,29.2,1009.1,0.0,14.2,0,0.0,0.073
1970-01-03 16:53:28.168000,251608168,0.0,29.2,1008.9,0.0,-999.0,0,0.0,0.077
1970-01-03 16:53:30.168000,251610168,0.0,29.2,1009.1,0.0,14.2,0,0.0,0.073
1970-01-03 16:53:32.168000,251612168,0.0,29.2,1009.1,0.0,14.2,0,0.2,0.085
1970-01-03 16:53:34.168000,251614168,0.0,29.2,1009.1,0.0,14.2,0,0.0,0.078
1970-01-03 16:53:36.168000,251616168,0.0,29.2,1009.1,0.0,14.1,0,0.0,0.081
1970-01-03 16:53:38.168000,251618168,0.0,29.2,1009.1,0.0,14.1,0,0.0,0.079
1970-01-03 16:53:40.168000,251620168,0.0,29.2,1009.1,0.0,14.2,0,0.0,0.081
1970-01-03 16:53:42.168000,251622168,0.0,29.2,1009.1,0.0,14.1,0,0.0,0.077
1970-01-03 16:53:44.169000,251624169,0.0,29.2,1009.1,0.0,14.2,0,0.0,0.076
1970-01-03 16:53:46.168000,251626168,0.0,29.2,1009.1,0.0,14.1,0,0.0,0.08
1970-01-03 16:53:48.168000,251628168,0.0,29.2,1009.1,0.0,14.2,0,0.0,0.077
1970-01-03 16:53:50.168000,251630168,0.0,29.2,1009.1,0.0,14.2,0,0.2,0.085
1970-01-03 16:53:52.168000,251632168,0.0,29.2,1009.1,0.0,14.1,0,0.1,0.082
1970-01-03 16:53:54.168000,251634168,0.0,29.2,1009.1,0.0,14.1,0,0.1,0.083
1970-01-03 16:53:56.168000,251636168,0.0,29.2,1009.1,0.0,14.2,0,0.0,0.073
1970-01-03 16:53:58.168000,251638168,0.0,29.2,1009.1,0.0,14.2,0,0.0,0.07
1970-01-03 16:54:00.168000,251640168,0.0,29.2,1009.1,0.0,14.2,0,0.0,0.081
1970-01-03 16:54:02.168000,251642168,0.0,29.2,1009.1,0.0,-999.0,0,0.0,0.075
1970-01-03 16:54:04.168000,251644168,0.0,29.2,1008.9,0.0,14.1,0,0.0,0.075
1970-01-03 16:54:06.168000,251646168,0.0,29.2,1008.9,0.0,14.1,0,0.1,0.083
1970-01-03 16:54:08.168000,251648168,0.0,29.2,1009.1,0.0,14.2,0,0.0,0.074
1970-01-03 16:54:10.168000,251650168,0.0,29.2,1009.1,0.0,-999.0,0,0.1,0.083
1970-01-03 16:54:12.168000,251652168,0.0,29.2,1008.9,0.0,14.1,0,0.1,0.083
1970-01-03 16:54:14.168000,251654168,0.0,29.2,1008.9,0.0,14.1,0,0.0,0.073
1970-01-03 16:54:16.168000,251656168,0.0,29.2,1009.1,0.0,14.0,0,0.0,0.077
1970-01-03 16:54:18.169000,251658169,0.0,29.2,1009.1,0.0,-999.0,0,0.0,0.079
1970-01-03 16:54:20.168000,251660168,0.0,29.2,1009.1,0.0,14.0,0,0.0,0.076
1970-01-03 16:54:22.168000,251662168,0.0,29.2,1008.9,0.0,14.1,0,0.0,0.079
1970-01-03 16:54:24.168000,251664168,0.0,29.2,1009.1,0.0,14.1,0,0.0,0.08
1970-01-03 16:54:26.168000,251666168,0.0,29.2,1008.9,0.0,14.1,0,0.1,0.082
1970-01-03 16:54:28.168000,251668168,0.0,29.2,1008.9,0.0,14.0,0,0.0,0.074
1970-01-03 16:54:30.168000,251670168,0.0,29.2,1009.1,0.0,14.2,0,0.0,0.076
1970-01-03 16:54:32.168000,251672168,0.0,29.2,1008.9,0.0,14.1,0,0.1,0.082
1970-01-03 16:54:34.168000,251674168,0.0,29.2,1009.1,0.0,14.1,0,0.1,0.083
1970-01-03 16:54:36.168000,251676168,0.0,29.2,1008.9,0.0,14.2,0,0.0,0.073
1970-01-03 16:54:38.168000,251678168,0.0,29.2,1009.1,0.0,14.1,0,0.0,0.08
1970-01-03 16:54:40.168000,251680168,0.0,29.2,1009.1,0.0,14.1,0,0.0,0.078
1970-01-03 16:54:42.168000,251682168,0.0,29.2,1009.1,0.0,14.1,0,0.0,0.073
1970-01-03 16:54:44.168000,251684168,0.0,29.2,1009.1,0.0,14.2,0,0.0,0.078
1970-01-03 16:54:46.168000,251686168,0.0,29.2,1008.9,0.0,14.2,0,0.0,0.081
1970-01-03 16:54:48.168000,251688168,0.0,29.2,1009.1,0.0,-999.0,0,0.0,0.077
1970-01-03 16:54:50.168000,251690168,0.0,29.2,1009.1,0.0,14.1,0,0.1,0.082
1970-01-03 16:54:52.168000,251692168,0.0,29.2,1009.1,0.0,-999.0,0,0.0,0.073
1970-01-03 16:54:54.168000,251694168,0.0,29.2,1009.1,0.0,14.1,0,0.0,0.079
1970-01-03 16:54:56.168000,251696168,0.0,29.2,1009.1,0.0,-999.0,0,0.2,0.087
1970-01-03 16:54:58.168000,251698168,0.0,29.2,1008.8,0.0,14.1,0,0.0,0.077
1970-01-03 16:55:00.168000,251700168,0.0,29.2,1009.1,0.0,14.2,0,0.0,0.075
1970-01-03 16:55:02.168000,251702168,0.0,29.2,1009.1,0.0,14.2,0,0.0,0.077
1970-01-03 16:55:04.168000,251704168,0.0,29.2,1009.1,0.0,14.2,0,0.2,0.087
1970-01-03 16:55:06.168000,251706168,0.0,29.2,1009.1,0.0,14.1,0,0.1,0.082
1970-01-03 16:55:08.168000,251708168,0.0,29.2,1009.1,0.0,14.2,0,0.0,0.081
1970-01-03 16:55:10.168000,251710168,0.0,29.2,1009.1,0.0,14.1,0,0.1,0.082
1970-01-03 16:55:12.168000,251712168,0.0,29.2,1009.1,0.0,14.1,0,0.0,0.078
1970-01-03 16:55:14.168000,251714168,0.0,29.2,1009.1,0.0,14.1,0,0.3,0.089
1970-01-03 16:55:16.168000,251716168,0.0,29.2,1009.1,0.0,14.2,0,0.0,0.073
1970-01-03 16:55:18.168000,251718168,0.0,29.2,1009.1,0.0,14.2,0,0.1,0.083
1970-01-03 16:55:20.168000,251720168,0.0,29.2,1009.1,0.0,14.1,0,0.0,0.075
1970-01-03 16:55:22.168000,251722168,0.0,29.2,1009.1,0.0,14.1,0,0.0,0.08
1970-01-03 16:55:24.168000,251724168,0.0,29.2,1009.1,0.0,-999.0,0,0.0,0.079
1970-01-03 16:55:26.168000,251726168,0.0,29.2,1009.1,0.0,-999.0,0,0.0,0.077
1970-01-03 16:55:28.168000,251728168,0.0,29.2,1009.1,0.0,14.2,0,0.0,0.078
1970-01-03 16:55:30.168000,251730168,0.0,29.2,1009.1,0.0,-999.0,0,0.1,0.083
1970-01-03 16:55:32.168000,251732168,0.0,29.2,1009.1,0.0,14.2,0,0.0,0.081
1970-01-03 16:55:34.168000,251734168,0.0,29.2,1009.1,0.0,-999.0,0,0.0,0.081
1970-01-03 16:55:36.168000,251736168,0.0,29.2,1009.1,0.0,14.1,0,0.0,0.08
1970-01-03 16:55:38.168000,251738168,0.0,29.2,1009.1,0.0,-999.0,0,0.0,0.081
1970-01-03 16:55:40.168000,251740168,0.0,29.2,1009.1,0.0,14.2,0,0.0,0.079
1970-01-03 16:55:42.169000,251742169,0.0,29.2,1009.1,0.0,-999.0,0,0.0,0.079
1970-01-03 16:55:44.168000,251744168,0.0,29.2,1009.1,0.0,14.1,0,0.0,0.081
1970-01-03 16:55:46.168000,251746168,0.0,29.2,1008.9,0.0,-999.0,0,0.3,0.089
1970-01-03 16:55:48.168000,251748168,0.0,29.2,1009.1,0.0,14.2,0,0.2,0.087
1970-01-03 16:55:50.168000,251750168,0.0,29.2,1009.1,0.0,-999.0,0,0.0,0.076
1970-01-03 16:55:52.168000,251752168,0.0,29.2,1009.1,0.0,14.2,0,0.0,0.077
1970-01-03 16:55:54.168000,251754168,0.0,29.2,1008.8,0.0,-999.0,0,0.0,0.077
1970-01-03 16:55:56.168000,251756168,0.0,29.2,1009.1,0.0,14.2,0,0.2,0.087
1970-01-03 16:55:58.168000,251758168,0.0,29.2,1008.9,0.0,-999.0,0,0.0,0.073
1970-01-03 16:56:00.168000,251760168,0.0,29.2,1009.1,0.0,14.2,0,0.0,0.081
1970-01-03 16:56:02.168000,251762168,0.0,29.2,1009.1,0.0,-999.0,0,0.0,0.075
1970-01-03 16:56:04.168000,251764168,0.0,29.2,1009.1,0.0,-999.0,0,0.2,0.085
1970-01-03 16:56:06.168000,251766168,0.0,29.2,1009.1,0.0,-999.0,0,0.0,0.077
1970-01-03 16:56:08.168000,251768168,0.0,29.2,1009.1,0.0,-999.0,0,0.1,0.083
1970-01-03 16:56:10.168000,251770168,0.0,29.2,1009.1,0.0,14.2,0,0.0,0.079
1970-01-03 16:56:12.168000,251772168,0.0,29.2,1009.1,0.0,14.2,0,0.1,0.082
1970-01-03 16:56:14.168000,251774168,0.0,29.2,1009.1,0.0,14.1,0,0.1,0.085
1970-01-03 16:56:16.168000,251776168,0.0,29.2,1009.1,0.0,14.2,0,0.0,0.078
1970-01-03 16:56:18.168000,251778168,0.0,29.2,1009.1,0.0,14.1,0,0.0,0.073
1970-01-03 16:56:20.168000,251780168,0.0,29.2,1009.1,0.0,14.2,0,0.0,0.078
1970-01-03 16:56:22.168000,251782168,0.0,29.2,1009.1,0.0,14.2,0,0.0,0.077
1970-01-03 16:56:24.168000,251784168,0.0,29.2,1008.9,0.0,14.2,0,0.0,0.08
1970-01-03 16:56:26.168000,251786168,0.0,29.2,1009.1,0.0,14.1,0,0.1,0.083
1970-01-03 16:56:28.168000,251788168,0.0,29.2,1008.9,0.0,14.2,0,0.0,0.081
1970-01-03 16:56:30.168000,251790168,0.0,29.2,1009.1,0.0,14.0,0,0.0,0.078
1970-01-03 16:56:32.168000,251792168,0.0,29.2,1008.9,0.0,14.2,0,0.1,0.083
1970-01-03 16:56:34.168000,251794168,0.0,29.2,1009.1,0.0,14.1,0,0.1,0.085
1970-01-03 16:56:36.168000,251796168,0.0,29.2,1008.9,0.0,-999.0,0,0.1,0.085
1970-01-03 16:56:38.169000,251798169,0.0,29.2,1009.1,0.0,14.2,0,0.0,0.081
1970-01-03 16:56:40.168000,251800168,0.0,29.2,1009.1,0.0,-999.0,0,0.0,0.076
1970-01-03 16:56:42.168000,251802168,0.0,29.2,1009.1,0.0,14.2,0,0.0,0.077
1970-01-03 16:56:44.168000,251804168,0.0,29.2,1009.1,0.0,14.2,0,0.1,0.082
1970-01-03 16:56:46.168000,251806168,0.0,29.2,1009.1,0.0,14.1,0,0.0,0.081
1970-01-03 16:56:48.168000,251808168,0.0,29.2,1009.1,0.0,-999.0,0,0.0,0.077
1970-01-03 16:56:50.168000,251810168,0.0,29.2,1009.1,0.0,14.2,0,0.1,0.083
1970-01-03 16:56:52.168000,251812168,0.0,29.2,1009.1,0.0,-999.0,0,0.0,0.081
1970-01-03 16:56:54.168000,251814168,0.0,29.2,1009.1,0.0,14.2,0,0.1,0.083
1970-01-03 16:56:56.168000,251816168,0.0,29.2,1008.9,0.0,-999.0,0,0.0,0.076
1970-01-03 16:56:58.168000,251818168,0.0,29.2,1009.1,0.0,14.2,0,0.1,0.082
1970-01-03 16:57:00.168000,251820168,0.0,29.2,1008.9,0.0,-999.0,0,0.1,0.083
1970-01-03 16:57:02.168000,251822168,0.0,29.2,1008.9,0.0,14.2,0,0.1,0.082
1970-01-03 16:57:04.168000,251824168,0.0,29.2,1009.1,0.0,-999.0,0,0.0,0.073
1970-01-03 16:57:06.168000,251826168,0.0,29.2,1009.1,0.0,14.2,0,0.2,0.085
1970-01-03 16:57:08.168000,251828168,0.0,29.2,1009.1,0.0,14.2,0,0.0,0.078
1970-01-03 16:57:10.168000,251830168,0.0,29.2,1009.1,0.0,14.4,0,0.0,0.079
1970-01-03 16:57:12.168000,251832168,0.0,29.2,1008.9,0.0,14.2,0,0.0,0.071
1970-01-03 16:57:14.168000,251834168,0.0,29.2,1008.9,0.0,14.2,0,0.0,0.077
1970-01-03 16:57:16.168000,251836168,0.0,29.2,1009.1,0.0,14.1,0,0.1,0.084
1970-01-03 16:57:18.168000,251838168,0.0,29.2,1009.1,0.0,-999.0,0,0.0,0.077
1970-01-03 16:57:20.168000,251840168,0.0,29.2,1008.9,0.0,14.2,0,0.0,0.077
1970-01-03 16:57:22.168000,251842168,0.0,29.2,1009.1,0.0,-999.0,0,0.0,0.078
1970-01-03 16:57:24.168000,251844168,0.0,29.2,1008.9,0.0,14.1,0,0.0,0.074
1970-01-03 16:57:26.168000,251846168,0.0,29.2,1008.9,0.0,-999.0,0,0.0,0.081
1970-01-03 16:57:28.168000,251848168,0.0,29.2,1009.1,0.0,14.2,0,0.0,0.079
1970-01-03 16:57:30.168000,251850168,0.0,29.2,1008.9,0.0,-999.0,0,0.0,0.077
1970-01-03 16:57:32.168000,251852168,0.0,29.2,1009.1,0.0,14.2,0,0.0,0.081
1970-01-03 16:57:34.168000,251854168,0.0,29.2,1009.1,0.0,14.1,0,0.1,0.083
1970-01-03 16:57:36.168000,251856168,0.0,29.2,1009.1,0.0,14.3,0,0.2,0.085
1970-01-03 16:57:38.168000,251858168,0.0,29.2,1009.1,0.0,14.0,0,0.0,0.08
1970-01-03 16:57:40.168000,251860168,0.0,29.2,1008.9,0.0,14.0,0,0.0,0.08
1970-01-03 16:57:42.168000,251862168,0.0,29.2,1009.1,0.0,14.2,0,0.0,0.077
1970-01-03 16:57:44.168000,251864168,0.0,29.2,1009.1,0.0,13.4,0,0.0,0.077
1970-01-03 16:57:46.168000,251866168,0.0,29.2,1009.1,0.0,13.6,0,0.0,0.077
1970-01-03 16:57:48.168000,251868168,0.0,29.2,1009.1,0.0,13.6,0,0.0,0.079
1970-01-03 16:57:50.168000,251870168,0.0,29.2,1009.1,0.0,13.7,0,0.0,0.079
1970-01-03 16:57:52.168000,251872168,0.0,29.2,1008.9,0.0,14.0,0,0.0,0.077
1970-01-03 16:57:54.168000,251874168,0.0,29.2,1009.1,0.0,14.2,0,0.0,0.077
1970-01-03 16:57:56.168000,251876168,0.0,29.2,1008.9,0.0,14.2,0,0.1,0.084
1970-01-03 16:57:58.168000,251878168,0.0,29.2,1009.1,0.0,14.1,0,0.1,0.084
1970-01-03 16:58:00.168000,251880168,0.0,29.2,1008.9,0.0,14.2,0,0.0,0.077
1970-01-03 16:58:02.168000,251882168,0.0,29.2,1009.1,0.0,14.2,0,0.1,0.082
1970-01-03 16:58:04.168000,251884168,0.0,29.2,1009.1,0.0,14.2,0,0.0,0.079
1970-01-03 16:58:06.168000,251886168,0.0,29.2,1009.1,0.0,14.1,0,0.0,0.081
1970-01-03 16:58:08.168000,251888168,0.0,29.2,1009.1,0.0,-999.0,0,0.0,0.081
1970-01-03 16:58:10.168000,251890168,0.0,29.2,1009.1,0.0,13.8,0,0.0,0.08
1970-01-03 16:58:12.168000,251892168,0.0,29.2,1009.1,0.0,-999.0,0,0.1,0.084
1970-01-03 16:58:14.168000,251894168,0.0,29.2,1009.1,0.0,13.7,0,0.0,0.076
1970-01-03 16:58:16.168000,251896168,0.0,29.2,1009.1,0.0,-999.0,0,0.0,0.081
1970-01-03 16:58:18.168000,251898168,0.0,29.2,1008.9,0.0,13.8,0,0.1,0.083
1970-01-03 16:58:20.168000,251900168,0.0,29.2,1009.1,0.0,-999.0,0,0.0,0.078
1970-01-03 16:58:22.168000,251902168,0.0,29.2,1009.1,0.0,13.8,0,0.0,0.077
1970-01-03 16:58:24.168000,251904168,0.0,29.2,1008.9,0.0,13.8,0,0.0,0.08
1970-01-03 16:58:26.168000,251906168,0.0,29.2,1009.1,0.0,13.9,0,0.0,0.081
1970-01-03 16:58:28.168000,251908168,0.0,29.2,1009.1,0.0,13.8,0,0.0,0.08
1970-01-03 16:58:30.168000,251910168,0.0,29.2,1008.9,0.0,13.8,0,0.0,0.079
1970-01-03 16:58:32.168000,251912168,0.0,29.2,1009.1,0.0,13.8,0,0.0,0.067
1970-01-03 16:58:34.168000,251914168,0.0,29.2,1009.1,0.0,13.8,0,0.2,0.085
1970-01-03 16:58:36.168000,251916168,0.0,29.2,1009.1,0.0,13.8,0,0.1,0.085
1970-01-03 16:58:38.168000,251918168,0.0,29.2,1009.1,0.0,13.2,0,0.0,0.074
1970-01-03 16:58:40.168000,251920168,0.0,29.2,1008.9,0.0,13.4,0,0.0,0.079
1970-01-03 16:58:42.168000,251922168,0.0,29.2,1009.1,0.0,13.8,0,0.0,0.065
1970-01-03 16:58:44.168000,251924168,0.0,29.2,1009.1,0.0,13.6,0,0.0,0.077
1970-01-03 16:58:46.168000,251926168,0.0,29.2,1009.1,0.0,13.5,0,0.0,0.068
1970-01-03 16:58:48.168000,251928168,0.0,29.2,1009.1,0.0,13.6,0,0.0,0.077
1970-01-03 16:58:50.169000,251930169,0.0,29.2,1009.1,0.0,13.8,0,0.0,0.073
1970-01-03 16:58:52.168000,251932168,0.0,29.2,1009.1,0.0,13.7,0,0.1,0.082
1970-01-03 16:58:54.168000,251934168,0.0,29.2,1009.1,0.0,13.6,0,0.0,0.078
1970-01-03 16:58:56.168000,251936168,0.0,29.2,1009.1,0.0,13.7,0,0.0,0.078
1970-01-03 16:58:58.168000,251938168,0.0,29.2,1008.9,0.0,13.8,0,0.0,0.081
1970-01-03 16:59:00.168000,251940168,0.0,29.2,1009.1,0.0,-999.0,0,0.0,0.081
1970-01-03 16:59:02.168000,251942168,0.0,29.2,1009.1,0.0,13.8,0,0.2,0.085
1970-01-03 16:59:04.168000,251944168,0.0,29.2,1009.1,0.0,-999.0,0,0.0,0.079
1970-01-03 16:59:06.168000,251946168,0.0,29.2,1009.1,0.0,13.6,0,0.0,0.077
1970-01-03 16:59:08.168000,251948168,0.0,29.2,1009.1,0.0,-999.0,0,0.0,0.079
1970-01-03 16:59:10.168000,251950168,0.0,29.2,1008.9,0.0,13.8,0,0.0,0.077
1970-01-03 16:59:12.168000,251952168,0.0,29.2,1008.9,0.0,-999.0,0,0.0,0.078
1970-01-03 16:59:14.168000,251954168,0.0,29.2,1009.1,0.0,13.8,0,0.0,0.077
1970-01-03 16:59:16.168000,251956168,0.0,29.2,1009.1,0.0,-999.0,0,0.1,0.082
1970-01-03 16:59:18.168000,251958168,0.0,29.2,1009.1,0.0,13.6,0,0.0,0.081
1970-01-03 16:59:20.168000,251960168,0.0,29.2,1009.1,0.0,13.8,0,0.0,0.081
1970-01-03 16:59:22.168000,251962168,0.0,29.2,1008.9,0.0,13.8,0,0.0,0.073
1970-01-03 16:59:24.168000,251964168,0.0,29.2,1009.1,0.0,13.8,0,0.0,0.081
1970-01-03 16:59:26.168000,251966168,0.0,29.2,1009.1,0.0,13.7,0,0.0,0.072
1970-01-03 16:59:28.168000,251968168,0.0,29.2,1008.9,0.0,13.9,0,0.0,0.074
1970-01-03 16:59:30.168000,251970168,0.0,29.2,1009.1,0.0,13.7,0,0.2,0.088
1970-01-03 16:59:32.168000,251972168,0.0,29.2,1009.1,0.0,13.8,0,0.0,0.076
1970-01-03 16:59:34.168000,251974168,0.0,29.2,1009.1,0.0,-999.0,0,0.3,0.089
1970-01-03 16:59:36.168000,251976168,0.0,29.2,1009.1,0.0,13.6,0,0.0,0.073
1970-01-03 16:59:38.168000,251978168,0.0,29.2,1008.9,0.0,-999.0,0,0.1,0.084
1970-01-03 16:59:40.168000,251980168,0.0,29.2,1009.1,0.0,13.8,0,0.0,0.075
1970-01-03 16:59:42.168000,251982168,0.0,29.2,1008.9,0.0,13.6,0,0.0,0.079
1970-01-03 16:59:44.168000,251984168,0.0,29.2,1009.1,0.0,13.5,0,0.1,0.083
1970-01-03 16:59:46.169000,251986169,0.0,29.2,1009.1,0.0,13.6,0,0.0,0.079
1970-01-03 16:59:48.168000,251988168,0.0,29.2,1008.9,0.0,13.6,0,0.0,0.081
1970-01-03 16:59:50.168000,251990168,0.0,29.2,1009.1,0.0,13.6,0,0.0,0.081
1970-01-03 16:59:52.168000,251992168,0.0,29.2,1009.1,0.0,13.8,0,0.1,0.082
1970-01-03 16:59:54.168000,251994168,0.0,29.2,1008.9,0.0,13.6,0,0.1,0.082
1970-01-03 16:59:56.168000,251996168,0.0,29.2,1008.9,0.0,13.8,0,0.1,0.084
1970-01-03 16:59:58.168000,251998168,0.0,29.2,1009.1,0.0,13.8,0,0.0,0.081
1970-01-03 17:00:00.168000,252000168,0.0,29.2,1008.9,0.0,-999.0,0,0.1,0.082
1970-01-03 17:00:02.168000,252002168,0.0,29.2,1009.1,0.0,13.6,0,0.0,0.081
1970-01-03 17:00:04.168000,252004168,0.0,29.2,1009.1,0.0,-999.0,0,0.0,0.075
1970-01-03 17:00:06.168000,252006168,0.0,29.2,1009.1,0.0,13.5,0,0.0,0.077
1970-01-03 17:00:08.168000,252008168,0.0,29.2,1008.9,0.0,13.5,0,0.0,0.079
1970-01-03 17:00:10.168000,252010168,0.0,29.2,1009.1,0.0,13.5,0,0.2,0.085
1970-01-03 17:00:12.168000,252012168,0.0,29.2,1008.9,0.0,-999.0,0,0.0,0.078
1970-01-03 17:00:14.168000,252014168,0.0,29.2,1009.1,0.0,13.5,0,0.0,0.077
1970-01-03 17:00:16.168000,252016168,0.0,29.2,1008.9,0.0,-999.0,0,0.1,0.085
1970-01-03 17:00:18.168000,252018168,0.0,29.2,1009.1,0.0,13.7,0,0.0,0.079
1970-01-03 17:00:20.168000,252020168,0.0,29.2,1009.1,0.0,-999.0,0,0.0,0.081
1970-01-03 17:00:22.168000,252022168,0.0,29.2,1008.9,0.0,13.6,0,0.0,0.079
1970-01-03 17:00:24.168000,252024168,0.0,29.2,1009.1,0.0,-999.0,0,0.0,0.08
1970-01-03 17:00:26.168000,252026168,0.0,29.2,1009.1,0.0,13.4,0,0.1,0.082
1970-01-03 17:00:28.168000,252028168,0.0,29.2,1009.1,0.0,-999.0,0,0.2,0.085
1970-01-03 17:00:30.168000,252030168,0.0,29.2,1009.1,0.0,13.3,0,0.1,0.083
1970-01-03 17:00:32.168000,252032168,0.0,29.2,1009.1,0.0,-999.0,0,0.0,0.08
1970-01-03 17:00:34.168000,252034168,0.0,29.2,1009.1,0.0,13.3,0,0.0,0.065
1970-01-03 17:00:36.168000,252036168,0.0,29.2,1009.1,0.0,-999.0,0,0.1,0.082
1970-01-03 17:00:38.168000,252038168,0.0,29.2,1008.9,0.0,13.1,0,0.0,0.077
1970-01-03 17:00:40.168000,252040168,0.0,29.2,1009.1,0.0,-999.0,0,0.1,0.083
1970-01-03 17:00:42.168000,252042168,0.0,29.2,1009.1,0.0,13.1,0,0.0,0.079
1970-01-03 17:00:44.168000,252044168,0.0,29.2,1009.1,0.0,-999.0,0,0.0,0.077
1970-01-03 17:00:46.168000,252046168,0.0,29.2,1009.1,0.0,12.9,0,0.0,0.077
1970-01-03 17:00:48.168000,252048168,0.0,29.2,1008.9,0.0,-999.0,0,0.0,0.077
1970-01-03 17:00:50.168000,252050168,0.0,29.2,1009.1,0.0,12.8,0,0.0,0.073
1970-01-03 17:00:52.168000,252052168,0.0,29.2,1009.1,0.0,-999.0,0,0.0,0.077
1970-01-03 17:00:54.168000,252054168,0.0,29.2,1008.9,0.0,12.9,0,0.0,0.079
1970-01-03 17:00:56.168000,252056168,0.0,29.2,1008.9,0.0,-999.0,0,0.0,0.073
1970-01-03 17:00:58.168000,252058168,0.0,29.2,1009.1,0.0,12.8,0,0.1,0.083
1970-01-03 17:01:00.168000,252060168,0.0,29.2,1009.1,0.0,-999.0,0,0.0,0.077
1970-01-03 17:01:02.168000,252062168,0.0,29.2,1009.1,0.0,12.8,0,0.0,0.08
1970-01-03 17:01:04.168000,252064168,0.0,29.2,1009.1,0.0,-999.0,0,0.1,0.083
1970-01-03 17:01:06.168000,252066168,0.0,29.2,1009.1,0.0,12.7,0,0.1,0.083
1970-01-03 17:01:08.168000,252068168,0.0,29.2,1009.1,0.0,-999.0,0,0.0,0.078
1970-01-03 17:01:10.168000,252070168,0.0,29.2,1009.1,0.0,12.6,0,0.1,0.084
1970-01-03 17:01:12.168000,252072168,0.0,29.2,1008.9,0.0,-999.0,0,0.1,0.083
1970-01-03 17:01:14.168000,252074168,0.0,29.2,1009.1,0.0,12.6,0,0.3,0.091
1970-01-03 17:01:16.168000,252076168,0.0,29.2,1008.9,0.0,-999.0,0,0.0,0.081
1970-01-03 17:01:18.168000,252078168,0.0,29.2,1009.1,0.0,12.4,0,0.0,0.079
1970-01-03 17:01:20.168000,252080168,0.0,29.2,1009.1,0.0,-999.0,0,0.0,0.079
1970-01-03 17:01:22.178000,252082178,0.0,29.2,1009.1,0.0,12.3,0,0.0,0.08
1970-01-03 17:01:24.178000,252084178,0.0,29.2,1008.9,0.0,-999.0,0,0.0,0.077
1970-01-03 17:01:26.178000,252086178,0.0,29.2,1009.1,0.0,12.2,0,0.0,0.074
1970-01-03 17:01:28.178000,252088178,0.0,29.2,1009.1,0.0,-999.0,0,0.0,0.081
1970-01-03 17:01:30.178000,252090178,0.0,29.2,1009.1,0.0,-999.0,0,0.0,0.078
1970-01-03 17:01:32.178000,252092178,0.0,29.2,1009.1,0.0,-999.0,0,0.0,0.08
1970-01-03 17:01:34.178000,252094178,0.0,29.2,1009.1,0.0,-999.0,0,0.0,0.073
1970-01-03 17:01:36.178000,252096178,0.0,29.2,1009.1,0.0,-999.0,0,0.0,0.077
1970-01-03 17:01:38.178000,252098178,0.0,29.2,1009.1,0.0,-999.0,0,0.0,0.074
1970-01-03 17:01:40.178000,252100178,0.0,29.2,1009.1,0.0,-999.0,0,0.0,0.079
1970-01-03 17:01:42.178000,252102178,0.0,29.2,1009.1,0.0,12.5,0,0.0,0.079
1970-01-03 17:01:44.178000,252104178,0.0,29.2,1009.1,0.0,-999.0,0,0.0,0.081
1970-01-03 17:01:46.178000,252106178,0.0,29.2,1008.9,0.0,12.2,0,0.1,0.084
1970-01-03 17:01:48.178000,252108178,0.0,29.2,1009.1,0.0,-999.0,0,0.0,0.08
1970-01-03 17:01:50.178000,252110178,0.0,29.2,1009.1,0.0,-999.0,0,0.0,0.074
1970-01-03 17:01:52.178000,252112178,0.0,29.2,1008.9,0.0,-999.0,0,0.3,0.09
1970-01-03 17:01:54.178000,252114178,0.0,29.2,1009.1,0.0,-999.0,0,0.1,0.083
1970-01-03 17:01:56.178000,252116178,0.0,29.2,1009.1,0.0,-999.0,0,0.1,0.082
1970-01-03 17:01:58.178000,252118178,0.0,29.2,1008.9,0.0,-999.0,0,0.0,0.08
1970-01-03 17:02:00.178000,252120178,0.0,29.2,1011.1,0.0,-999.0,0,0.0,0.068
1970-01-03 17:02:02.178000,252122178,0.0,29.2,1012.7,0.0,12.4,0,0.2,0.085
1970-01-03 17:02:04.178000,252124178,0.0,29.2,1012.3,0.0,12.2,0,0.0,0.077
1970-01-03 17:02:06.178000,252126178,0.0,29.2,1013.3,0.0,12.5,0,0.0,0.076
1970-01-03 17:02:08.178000,252128178,0.0,29.2,1013.3,0.0,12.5,0,0.0,0.081
1970-01-03 17:02:10.178000,252130178,0.0,29.2,1013.3,0.0,12.5,0,0.1,0.085
1970-01-03 17:02:12.178000,252132178,0.0,29.2,1013.1,0.0,12.7,0,0.0,0.064
1970-01-03 17:02:14.178000,252134178,0.0,29.2,1013.3,0.0,-999.0,0,0.2,0.087
1970-01-03 17:02:16.178000,252136178,0.0,29.2,1013.3,0.0,-999.0,0,0.0,0.078
1970-01-03 17:02:18.178000,252138178,0.0,29.2,1013.3,0.0,12.6,0,0.1,0.082
1970-01-03 17:02:20.178000,252140178,0.0,29.2,1013.3,0.0,12.6,0,0.0,0.081
1970-01-03 17:02:22.178000,252142178,0.0,29.2,1013.5,0.0,12.8,0,0.0,0.076
1970-01-03 17:02:24.178000,252144178,0.0,29.2,1013.6,0.0,12.7,0,0.0,0.078
1970-01-03 17:02:26.178000,252146178,0.0,29.2,1013.6,0.0,12.8,0,0.0,0.078
1970-01-03 17:02:28.178000,252148178,0.0,29.2,1013.7,0.0,12.8,0,0.1,0.082
1970-01-03 17:02:30.178000,252150178,0.0,29.2,1013.7,0.0,12.8,0,0.0,0.078
1970-01-03 17:02:32.178000,252152178,0.0,29.2,1013.7,0.0,-999.0,0,0.0,0.081
1970-01-03 17:02:34.178000,252154178,0.0,29.2,1013.7,0.0,12.8,0,0.3,0.089
1970-01-03 17:02:36.178000,252156178,0.0,29.2,1013.7,0.0,-999.0,0,0.0,0.079
1970-01-03 17:02:38.178000,252158178,0.0,29.2,1013.7,0.0,12.8,0,0.0,0.08
1970-01-03 17:02:40.178000,252160178,0.0,29.2,1013.7,0.0,-999.0,0,0.0,0.077
1970-01-03 17:02:42.178000,252162178,0.0,29.2,1013.7,0.0,12.9,0,0.0,0.077
1970-01-03 17:02:44.178000,252164178,0.0,29.2,1013.9,0.0,12.9,0,0.0,0.075
1970-01-03 17:02:46.178000,252166178,0.0,29.2,1013.9,0.0,-999.0,0,0.0,0.077
1970-01-03 17:02:48.178000,252168178,0.0,29.2,1013.9,0.0,12.9,0,0.0,0.079
1970-01-03 17:02:50.178000,252170178,0.0,29.2,1014.0,0.0,12.9,0,0.1,0.082
1970-01-03 17:02:52.178000,252172178,0.0,29.2,1013.7,0.0,13.0,0,0.0,0.077
1970-01-03 17:02:54.179000,252174179,0.0,29.2,1013.9,0.0,13.0,0,0.0,0.078
1970-01-03 17:02:56.178000,252176178,0.0,29.2,1013.9,0.0,12.9,0,0.0,0.081
1970-01-03 17:02:58.178000,252178178,0.0,29.2,1013.7,0.0,12.9,0,0.2,0.085
1970-01-03 17:03:00.178000,252180178,0.0,29.2,1013.9,0.0,12.9,0,0.0,0.081
1970-01-03 17:03:02.178000,252182178,0.0,29.2,1013.9,0.0,13.0,0,0.1,0.083
1970-01-03 17:03:04.178000,252184178,0.0,29.2,1013.9,0.0,12.9,0,0.1,0.084
1970-01-03 17:03:06.178000,252186178,0.0,29.2,1013.9,0.0,13.0,0,0.0,0.077
1970-01-03 17:03:08.178000,252188178,0.0,29.2,1014.0,0.0,-999.0,0,0.5,0.096
1970-01-03 17:03:10.178000,252190178,0.0,29.2,1013.9,0.0,12.8,0,0.0,0.079
1970-01-03 17:03:12.178000,252192178,0.0,29.2,1013.9,0.0,12.8,0,0.0,0.076
1970-01-03 17:03:14.178000,252194178,0.0,29.2,1013.9,0.0,12.9,0,0.1,0.084
1970-01-03 17:03:16.178000,252196178,0.0,29.2,1013.7,0.0,12.9,0,0.0,0.081
1970-01-03 17:03:18.178000,252198178,0.0,29.2,1013.9,0.0,12.9,0,0.2,0.088
1970-01-03 17:03:20.178000,252200178,0.0,29.2,1013.9,0.0,12.9,0,0.0,0.081
1970-01-03 17:03:22.178000,252202178,0.0,29.2,1013.7,0.0,-999.0,0,0.0,0.075
1970-01-03 17:03:24.178000,252204178,0.0,29.2,1013.9,0.0,12.9,0,0.0,0.08
1970-01-03 17:03:26.178000,252206178,0.0,29.2,1013.9,0.0,12.9,0,0.1,0.085
1970-01-03 17:03:28.178000,252208178,0.0,29.2,1014.0,0.0,12.8,0,0.1,0.082
1970-01-03 17:03:30.178000,252210178,0.0,29.2,1013.7,0.0,12.8,0,0.1,0.083
1970-01-03 17:03:32.178000,252212178,0.0,29.2,1013.6,0.0,12.9,0,0.0,0.08
1970-01-03 17:03:34.178000,252214178,0.0,29.2,1013.9,0.0,12.8,0,0.0,0.081
1970-01-03 17:03:36.178000,252216178,0.0,29.2,1013.6,0.0,12.8,0,0.0,0.073
1970-01-03 17:03:38.178000,252218178,0.0,29.2,1013.9,0.0,-999.0,0,0.0,0.078
1970-01-03 17:03:40.178000,252220178,0.0,29.2,1013.6,0.0,12.9,0,0.0,0.077
1970-01-03 17:03:42.178000,252222178,0.0,29.2,1013.6,0.0,-999.0,0,0.0,0.075
1970-01-03 17:03:44.178000,252224178,0.0,29.2,1013.6,0.0,12.8,0,0.5,0.097
1970-01-03 17:03:46.178000,252226178,0.0,29.2,1013.6,0.0,-999.0,0,0.0,0.063
1970-01-03 17:03:48.178000,252228178,0.0,29.2,1013.7,0.0,12.9,0,0.0,0.077
1970-01-03 17:03:50.179000,252230179,0.0,29.2,1013.9,0.0,-999.0,0,0.0,0.077
1970-01-03 17:03:52.178000,252232178,0.0,29.2,1013.7,0.0,-999.0,0,0.0,0.075
1970-01-03 17:03:54.178000,252234178,0.0,29.2,1013.9,0.0,12.9,0,0.0,0.079
1970-01-03 17:03:56.178000,252236178,0.0,29.2,1013.9,0.0,12.9,0,0.0,0.076
1970-01-03 17:03:58.178000,252238178,0.0,29.2,1013.5,0.0,-999.0,0,0.0,0.077
1970-01-03 17:04:00.178000,252240178,0.0,29.2,1013.6,0.0,-999.0,0,0.0,0.073
1970-01-03 17:04:02.178000,252242178,0.0,29.2,1013.3,0.0,12.8,0,0.0,0.08
1970-01-03 17:04:04.178000,252244178,0.0,29.2,1013.5,0.0,-999.0,0,0.0,0.077
1970-01-03 17:04:06.178000,252246178,0.0,29.2,1013.5,0.0,12.6,0,0.0,0.078
1970-01-03 17:04:08.178000,252248178,0.0,29.2,1013.3,0.0,12.6,0,0.0,0.081
1970-01-03 17:04:10.178000,252250178,0.0,29.2,1013.3,0.0,12.6,0,0.0,0.075
1970-01-03 17:04:12.178000,252252178,0.0,29.2,1013.5,0.0,12.7,0,0.0,0.076
1970-01-03 17:04:14.178000,252254178,0.0,29.2,1013.5,0.0,12.6,0,0.0,0.077
1970-01-03 17:04:16.178000,252256178,0.0,29.2,1013.5,0.0,12.6,0,0.0,0.077
1970-01-03 17:04:18.178000,252258178,0.0,29.2,1013.5,0.0,12.6,0,0.0,0.081
1970-01-03 17:04:20.178000,252260178,0.0,29.2,1013.5,0.0,12.7,0,0.0,0.073
1970-01-03 17:04:22.178000,252262178,0.0,29.2,1013.5,0.0,12.8,0,0.0,0.066
1970-01-03 17:04:24.178000,252264178,0.0,29.2,1013.5,0.0,12.7,0,0.0,0.078
1970-01-03 17:04:26.178000,252266178,0.0,29.2,1013.5,0.0,12.8,0,0.0,0.081
1970-01-03 17:04:28.178000,252268178,0.0,29.2,1013.5,0.0,12.6,0,0.1,0.083
1970-01-03 17:04:30.178000,252270178,0.0,29.2,1013.5,0.0,12.8,0,0.1,0.082
1970-01-03 17:04:32.178000,252272178,0.0,29.2,1013.6,0.0,12.6,0,0.5,0.097
1970-01-03 17:04:34.178000,252274178,0.0,29.2,1013.6,0.0,12.5,0,0.1,0.083
1970-01-03 17:04:36.178000,252276178,0.0,29.2,1013.6,0.0,12.8,0,0.1,0.085
1970-01-03 17:04:38.178000,252278178,0.0,29.2,1013.6,0.0,13.1,0,0.0,0.073
1970-01-03 17:04:40.178000,252280178,0.0,29.2,1013.6,0.0,12.6,0,0.0,0.077
1970-01-03 17:04:42.178000,252282178,0.0,29.2,1013.7,0.0,12.6,0,0.0,0.078
1970-01-03 17:04:44.178000,252284178,0.0,29.2,1013.7,0.0,12.7,0,0.1,0.084
1970-01-03 17:04:46.178000,252286178,0.0,29.2,1013.7,0.0,12.7,0,0.0,0.077
1970-01-03 17:04:48.178000,252288178,0.0,29.2,1013.9,0.0,12.6,0,0.0,0.073
1970-01-03 17:04:50.178000,252290178,0.0,29.2,1013.7,0.0,12.6,0,0.1,0.082
1970-01-03 17:04:52.178000,252292178,0.0,29.2,1013.9,0.0,12.7,0,0.1,0.082
1970-01-03 17:04:54.178000,252294178,0.0,29.2,1013.7,0.0,12.8,0,0.0,0.076
1970-01-03 17:04:56.178000,252296178,0.0,29.2,1013.9,0.0,-999.0,0,0.1,0.084
1970-01-03 17:04:58.178000,252298178,0.0,29.2,1013.9,0.0,12.6,0,0.1,0.082
1970-01-03 17:05:00.178000,252300178,0.0,29.2,1013.9,0.0,-999.0,0,0.0,0.077
1970-01-03 17:05:02.178000,252302178,0.0,29.2,1013.9,0.0,12.8,0,0.2,0.087
1970-01-03 17:05:04.178000,252304178,0.0,29.2,1013.9,0.0,-999.0,0,0.0,0.078
1970-01-03 17:05:06.178000,252306178,0.0,29.2,1013.9,0.0,12.8,0,0.1,0.084
1970-01-03 17:05:08.178000,252308178,0.0,29.2,1013.7,0.0,-999.0,0,0.0,0.076
1970-01-03 17:05:10.178000,252310178,0.0,29.2,1013.9,0.0,12.8,0,0.1,0.082
1970-01-03 17:05:12.178000,252312178,0.0,29.2,1013.7,0.0,-999.0,0,0.0,0.077
1970-01-03 17:05:14.178000,252314178,0.0,29.2,1014.0,0.0,12.8,0,0.1,0.085
1970-01-03 17:05:16.178000,252316178,0.0,29.2,1014.0,0.0,-999.0,0,0.1,0.082
1970-01-03 17:05:18.178000,252318178,0.0,29.2,1014.0,0.0,12.8,0,0.0,0.078
1970-01-03 17:05:20.178000,252320178,0.0,29.2,1014.0,0.0,-999.0,0,0.0,0.081
1970-01-03 17:05:22.178000,252322178,0.0,29.2,1014.0,0.0,12.9,0,0.2,0.086
1970-01-03 17:05:24.178000,252324178,0.0,29.2,1014.0,0.0,-999.0,0,0.0,0.081
1970-01-03 17:05:26.178000,252326178,0.0,29.2,1014.1,0.0,12.6,0,0.0,0.078
1970-01-03 17:05:28.178000,252328178,0.0,29.2,1014.0,0.0,-999.0,0,0.0,0.072
1970-01-03 17:05:30.178000,252330178,0.0,29.2,1014.0,0.0,12.8,0,0.2,0.085
1970-01-03 17:05:32.178000,252332178,0.0,29.2,1014.0,0.0,-999.0,0,0.0,0.081
1970-01-03 17:05:34.178000,252334178,0.0,29.2,1014.0,0.0,12.9,0,0.0,0.08
1970-01-03 17:05:36.178000,252336178,0.0,29.2,1014.0,0.0,-999.0,0,0.0,0.077
1970-01-03 17:05:38.178000,252338178,0.0,29.2,1014.0,0.0,-999.0,0,0.0,0.077
1970-01-03 17:05:40.178000,252340178,0.0,29.2,1014.1,0.0,-999.0,0,0.0,0.077
1970-01-03 17:05:42.178000,252342178,0.0,29.2,1014.1,0.0,12.8,0,0.0,0.078
1970-01-03 17:05:44.178000,252344178,0.0,29.2,1014.1,0.0,-999.0,0,0.3,0.089
1970-01-03 17:05:46.178000,252346178,0.0,29.2,1014.1,0.0,13.0,0,0.0,0.081
1970-01-03 17:05:48.178000,252348178,0.0,29.2,1013.9,0.0,-999.0,0,0.0,0.077
1970-01-03 17:05:50.178000,252350178,0.0,29.2,1014.0,0.0,12.8,0,0.1,0.083
1970-01-03 17:05:52.178000,252352178,0.0,29.2,1014.0,0.0,12.8,0,0.0,0.076
1970-01-03 17:05:54.178000,252354178,0.0,29.2,1014.1,0.0,12.8,0,0.0,0.077
1970-01-03 17:05:56.178000,252356178,0.0,29.2,1014.0,0.0,12.8,0,0.0,0.081
1970-01-03 17:05:58.178000,252358178,0.0,29.2,1014.0,0.0,13.0,0,0.0,0.074
1970-01-03 17:06:00.178000,252360178,0.0,29.2,1014.0,0.0,12.8,0,0.1,0.082
1970-01-03 17:06:02.178000,252362178,0.0,29.2,1014.0,0.0,13.0,0,0.1,0.083
1970-01-03 17:06:04.178000,252364178,0.0,29.2,1014.0,0.0,12.9,0,0.0,0.068
1970-01-03 17:06:06.178000,252366178,0.0,29.2,1013.9,0.0,12.9,0,0.1,0.083
1970-01-03 17:06:08.178000,252368178,0.0,29.2,1014.0,0.0,12.8,0,0.0,0.077
1970-01-03 17:06:10.178000,252370178,0.0,29.2,1014.0,0.0,13.0,0,0.0,0.081
1970-01-03 17:06:12.178000,252372178,0.0,29.2,1014.0,0.0,12.8,0,0.0,0.077
1970-01-03 17:06:14.178000,252374178,0.0,29.2,1014.0,0.0,13.0,0,0.0,0.081
1970-01-03 17:06:16.178000,252376178,0.0,29.2,1014.0,0.0,12.8,0,0.0,0.079
1970-01-03 17:06:18.178000,252378178,0.0,29.2,1013.9,0.0,12.8,0,0.0,0.08
1970-01-03 17:06:20.178000,252380178,0.0,29.2,1013.9,0.0,12.9,0,0.0,0.078
1970-01-03 17:06:22.178000,252382178,0.0,29.2,1013.9,0.0,13.0,0,0.0,0.076
1970-01-03 17:06:24.178000,252384178,0.0,29.2,1014.0,0.0,13.0,0,0.0,0.077
1970-01-03 17:06:26.178000,252386178,0.0,29.2,1014.0,0.0,-999.0,0,0.1,0.083
1970-01-03 17:06:28.178000,252388178,0.0,29.2,1013.9,0.0,12.9,0,0.0,0.073
1970-01-03 17:06:30.178000,252390178,0.0,29.2,1014.0,0.0,-999.0,0,0.1,0.084
1970-01-03 17:06:32.178000,252392178,0.0,29.2,1014.1,0.0,13.0,0,0.0,0.075
1970-01-03 17:06:34.178000,252394178,0.0,29.2,1014.0,0.0,-999.0,0,0.1,0.085
1970-01-03 17:06:36.178000,252396178,0.0,29.2,1014.1,0.0,13.0,0,0.0,0.073
1970-01-03 17:06:38.178000,252398178,0.0,29.2,1014.3,0.0,-999.0,0,0.0,0.081
1970-01-03 17:06:40.178000,252400178,0.0,29.2,1014.0,0.0,12.9,0,0.0,0.081
1970-01-03 17:06:42.178000,252402178,0.0,29.2,1014.0,0.0,12.8,0,0.0,0.08
1970-01-03 17:06:44.178000,252404178,0.0,29.2,1014.0,0.0,12.9,0,0.0,0.079
1970-01-03 17:06:46.178000,252406178,0.0,29.2,1013.9,0.0,-999.0,0,0.0,0.078
1970-01-03 17:06:48.178000,252408178,0.0,29.2,1013.9,0.0,12.9,0,0.0,0.077
1970-01-03 17:06:50.178000,252410178,0.0,29.2,1014.0,0.0,-999.0,0,0.0,0.081
1970-01-03 17:06:52.178000,252412178,0.0,29.2,1013.9,0.0,13.0,0,0.0,0.076
1970-01-03 17:06:54.178000,252414178,0.0,29.2,1014.0,0.0,13.1,0,0.0,0.081
1970-01-03 17:06:56.178000,252416178,0.0,29.2,1014.0,0.0,13.0,0,0.0,0.081
1970-01-03 17:06:58.178000,252418178,0.0,29.2,1014.0,0.0,-999.0,0,0.0,0.08
1970-01-03 17:07:00.178000,252420178,0.0,29.2,1014.0,0.0,12.9,0,0.0,0.081
1970-01-03 17:07:02.178000,252422178,0.0,29.2,1014.0,0.0,-999.0,0,0.0,0.079
1970-01-03 17:07:04.178000,252424178,0.0,29.2,1014.1,0.0,13.0,0,0.0,0.081
1970-01-03 17:07:06.178000,252426178,0.0,29.2,1014.0,0.0,-999.0,0,0.0,0.081
1970-01-03 17:07:08.178000,252428178,0.0,29.2,1014.0,0.0,-999.0,0,0.0,0.074
1970-01-03 17:07:10.178000,252430178,0.0,29.2,1014.0,0.0,-999.0,0,0.0,0.073
1970-01-03 17:07:12.178000,252432178,0.0,29.2,1014.0,0.0,-999.0,0,0.0,0.08
1970-01-03 17:07:14.178000,252434178,0.0,29.2,1014.0,0.0,13.0,0,0.0,0.072
1970-01-03 17:07:16.178000,252436178,0.0,29.2,1014.0,0.0,-999.0,0,0.0,0.073
1970-01-03 17:07:18.178000,252438178,0.0,29.2,1014.1,0.0,-999.0,0,0.0,0.077
1970-01-03 17:07:20.178000,252440178,0.0,29.2,1014.1,0.0,-999.0,0,0.3,0.089
1970-01-03 17:07:22.178000,252442178,0.0,29.2,1014.1,0.0,-999.0,0,0.0,0.081
1970-01-03 17:07:24.178000,252444178,0.0,29.2,1014.1,0.0,-999.0,0,0.0,0.077
1970-01-03 17:07:26.178000,252446178,0.0,29.2,1014.1,0.0,-999.0,0,0.0,0.077
1970-01-03 17:07:28.178000,252448178,0.0,29.2,1014.1,0.0,-999.0,0,0.0,0.078
1970-01-03 17:07:30.178000,252450178,0.0,29.2,1014.0,0.0,13.1,0,0.0,0.08
1970-01-03 17:07:32.178000,252452178,0.0,29.2,1014.0,0.0,13.0,0,0.1,0.082
1970-01-03 17:07:34.178000,252454178,0.0,29.2,1014.0,0.0,13.0,0,0.2,0.086
1970-01-03 17:07:36.178000,252456178,0.0,29.2,1013.9,0.0,12.9,0,0.1,0.083
1970-01-03 17:07:38.178000,252458178,0.0,29.2,1013.9,0.0,13.2,0,0.0,0.076
1970-01-03 17:07:40.178000,252460178,0.0,29.2,1013.9,0.0,13.0,0,0.0,0.081
1970-01-03 17:07:42.178000,252462178,0.0,29.2,1013.9,0.0,-999.0,0,0.0,0.073
1970-01-03 17:07:44.178000,252464178,0.0,29.2,1013.9,0.0,-999.0,0,0.0,0.077
1970-01-03 17:07:46.178000,252466178,0.0,29.2,1013.7,0.0,-999.0,0,0.0,0.08
1970-01-03 17:07:48.178000,252468178,0.0,29.2,1013.9,0.0,12.9,0,0.0,0.077
1970-01-03 17:07:50.178000,252470178,0.0,29.2,1013.7,0.0,-999.0,0,0.0,0.081
1970-01-03 17:07:52.178000,252472178,0.0,29.2,1013.9,0.0,13.1,0,0.0,0.072
1970-01-03 17:07:54.178000,252474178,0.0,29.2,1013.7,0.0,13.1,0,0.0,0.081
1970-01-03 17:07:56.178000,252476178,0.0,29.2,1013.6,0.0,12.9,0,0.2,0.086
1970-01-03 17:07:58.178000,252478178,0.0,29.2,1013.6,0.0,13.2,0,0.0,0.081
1970-01-03 17:08:00.178000,252480178,0.0,29.2,1013.6,0.0,13.2,0,0.0,0.08
1970-01-03 17:08:02.178000,252482178,0.0,29.2,1013.6,0.0,13.0,0,0.0,0.075
1970-01-03 17:08:04.178000,252484178,0.0,29.2,1014.0,0.0,13.1,0,0.0,0.077
1970-01-03 17:08:06.178000,252486178,0.0,29.2,1013.7,0.0,13.1,0,0.0,0.064
1970-01-03 17:08:08.178000,252488178,0.0,29.2,1013.9,0.0,13.2,0,0.0,0.074
1970-01-03 17:08:10.178000,252490178,0.0,29.2,1013.9,0.0,13.1,0,0.0,0.079
1970-01-03 17:08:12.178000,252492178,0.0,29.2,1013.7,0.0,13.1,0,0.0,0.077
1970-01-03 17:08:14.178000,252494178,0.0,29.2,1014.0,0.0,13.0,0,0.1,0.083
1970-01-03 17:08:16.178000,252496178,0.0,29.2,1014.0,0.0,13.0,0,0.0,0.078
1970-01-03 17:08:18.178000,252498178,0.0,29.2,1013.9,0.0,12.8,0,0.0,0.079
1970-01-03 17:08:20.178000,252500178,0.0,29.2,1014.1,0.0,12.7,0,0.1,0.082
1970-01-03 17:08:22.178000,252502178,0.0,29.2,1014.0,0.0,12.9,0,0.0,0.08
1970-01-03 17:08:24.178000,252504178,0.0,29.2,1014.0,0.0,12.9,0,0.1,0.082
1970-01-03 17:08:26.178000,252506178,0.0,29.2,1014.0,0.0,-999.0,0,0.0,0.081
1970-01-03 17:08:28.178000,252508178,0.0,29.2,1014.0,0.0,13.0,0,0.0,0.079
1970-01-03 17:08:30.178000,252510178,0.0,29.2,1014.0,0.0,-999.0,0,0.0,0.081
1970-01-03 17:08:32.178000,252512178,0.0,29.2,1014.1,0.0,13.1,0,0.0,0.081
1970-01-03 17:08:34.178000,252514178,0.0,29.2,1014.0,0.0,13.0,0,0.0,0.074
1970-01-03 17:08:36.178000,252516178,0.0,29.2,1014.0,0.0,13.1,0,0.0,0.081
1970-01-03 17:08:38.178000,252518178,0.0,29.2,1014.0,0.0,-999.0,0,0.0,0.081
1970-01-03 17:08:40.178000,252520178,0.0,29.2,1014.0,0.0,-999.0,0,0.1,0.083
1970-01-03 17:08:42.178000,252522178,0.0,29.2,1014.1,0.0,-999.0,0,0.0,0.078
1970-01-03 17:08:44.178000,252524178,0.0,29.2,1014.0,0.0,-999.0,0,0.2,0.086
1970-01-03 17:08:46.178000,252526178,0.0,29.2,1014.0,0.0,13.5,0,0.0,0.077
1970-01-03 17:08:48.178000,252528178,0.0,29.2,1014.0,0.0,13.5,0,0.0,0.077
1970-01-03 17:08:50.178000,252530178,0.0,29.2,1014.0,0.0,13.4,0,0.0,0.077
1970-01-03 17:08:52.178000,252532178,0.0,29.2,1014.0,0.0,13.6,0,0.1,0.082
1970-01-03 17:08:54.178000,252534178,0.0,29.2,1013.9,0.0,13.6,0,0.1,0.083
1970-01-03 17:08:56.179000,252536179,0.0,29.2,1013.9,0.0,13.6,0,0.0,0.077
1970-01-03 17:08:58.178000,252538178,0.0,29.2,1014.0,0.0,13.6,0,0.0,0.075
1970-01-03 17:09:00.178000,252540178,0.0,29.2,1014.0,0.0,13.5,0,0.0,0.077
1970-01-03 17:09:02.178000,252542178,0.0,29.2,1013.9,0.0,13.8,0,0.1,0.084
1970-01-03 17:09:04.178000,252544178,0.0,29.2,1013.9,0.0,13.9,0,0.0,0.079
1970-01-03 17:09:06.178000,252546178,0.0,29.2,1013.9,0.0,-999.0,0,0.1,0.084
1970-01-03 17:09:08.178000,252548178,0.0,29.2,1014.0,0.0,13.6,0,0.0,0.079
1970-01-03 17:09:10.178000,252550178,0.0,29.2,1014.0,0.0,-999.0,0,0.0,0.079
1970-01-03 17:09:12.178000,252552178,0.0,29.2,1014.0,0.0,-999.0,0,0.0,0.077
1970-01-03 17:09:14.178000,252554178,0.0,29.2,1014.0,0.0,13.5,0,0.0,0.076
1970-01-03 17:09:16.178000,252556178,0.0,29.2,1014.0,0.0,-999.0,0,0.0,0.075
1970-01-03 17:09:18.178000,252558178,0.0,29.2,1014.0,0.0,13.6,0,0.0,0.08
1970-01-03 17:09:20.178000,252560178,0.0,29.2,1014.0,0.0,13.5,0,0.0,0.071
1970-01-03 17:09:22.178000,252562178,0.0,29.2,1013.9,0.0,13.6,0,0.1,0.085
1970-01-03 17:09:24.178000,252564178,0.0,29.2,1013.9,0.0,13.6,0,0.0,0.078
1970-01-03 17:09:26.188000,252566188,0.0,29.2,1013.9,0.0,13.5,0,0.0,0.081
1970-01-03 17:09:28.178000,252568178,0.0,29.2,1014.0,0.0,13.5,0,0.0,0.079
1970-01-03 17:09:30.178000,252570178,0.0,29.2,1014.0,0.0,13.7,0,0.1,0.082
1970-01-03 17:09:32.178000,252572178,0.0,29.2,1013.9,0.0,-999.0,0,0.0,0.077
1970-01-03 17:09:34.178000,252574178,0.0,29.2,1013.9,0.0,-999.0,0,0.1,0.085
1970-01-03 17:09:36.178000,252576178,0.0,29.2,1013.9,0.0,13.8,0,0.0,0.079
1970-01-03 17:09:38.178000,252578178,0.0,29.2,1013.7,0.0,-999.0,0,0.0,0.077
1970-01-03 17:09:40.178000,252580178,0.0,29.2,1013.9,0.0,13.5,0,0.3,0.089
1970-01-03 17:09:42.178000,252582178,0.0,29.2,1013.9,0.0,13.6,0,0.0,0.076
1970-01-03 17:09:44.178000,252584178,0.0,29.2,1013.7,0.0,13.7,0,0.2,0.086
1970-01-03 17:09:46.178000,252586178,0.0,29.2,1014.0,0.0,13.8,0,0.0,0.074
1970-01-03 17:09:48.178000,252588178,0.0,29.2,1013.9,0.0,-999.0,0,0.0,0.081
1970-01-03 17:09:50.188000,252590188,0.0,29.2,1013.9,0.0,13.5,0,0.0,0.081
1970-01-03 17:09:52.179000,252592179,0.0,29.2,1014.0,0.0,13.8,0,0.0,0.073
1970-01-03 17:09:54.178000,252594178,0.0,29.2,1014.0,0.0,13.5,0,0.0,0.072
1970-01-03 17:09:56.178000,252596178,0.0,29.2,1013.9,0.0,-999.0,0,0.0,0.076
1970-01-03 17:09:58.188000,252598188,0.0,29.2,1013.9,0.0,-999.0,0,0.1,0.085
1970-01-03 17:10:00.188000,252600188,0.0,29.2,1013.7,0.0,13.6,0,0.0,0.074
1970-01-03 17:10:02.188000,252602188,0.0,29.2,1013.7,0.0,-999.0,0,0.1,0.084
1970-01-03 17:10:04.188000,252604188,0.0,29.2,1013.9,0.0,13.8,0,0.0,0.078
1970-01-03 17:10:06.178000,252606178,0.0,29.2,1013.7,0.0,13.8,0,0.0,0.081
1970-01-03 17:10:08.188000,252608188,0.0,29.2,1013.7,0.0,13.6,0,0.0,0.08
1970-01-03 17:10:10.188000,252610188,0.0,29.2,1013.6,0.0,13.8,0,0.0,0.076
1970-01-03 17:10:12.188000,252612188,0.0,29.2,1013.6,0.0,13.8,0,0.0,0.081
1970-01-03 17:10:14.188000,252614188,0.0,29.2,1013.6,0.0,-999.0,0,0.0,0.073
1970-01-03 17:10:16.188000,252616188,0.0,29.2,1013.6,0.0,13.9,0,0.0,0.081
1970-01-03 17:10:18.188000,252618188,0.0,29.2,1013.6,0.0,13.6,0,0.0,0.081
1970-01-03 17:10:20.188000,252620188,0.0,29.2,1013.6,0.0,-999.0,0,0.0,0.078
1970-01-03 17:10:22.188000,252622188,0.0,29.2,1013.6,0.0,13.8,0,0.0,0.081
1970-01-03 17:10:24.188000,252624188,0.0,29.2,1013.7,0.0,-999.0,0,0.0,0.077
1970-01-03 17:10:26.188000,252626188,0.0,29.2,1013.7,0.0,13.8,0,0.0,0.077
1970-01-03 17:10:28.188000,252628188,0.0,29.2,1013.6,0.0,13.9,0,0.0,0.077
1970-01-03 17:10:30.188000,252630188,0.0,29.2,1013.6,0.0,13.8,0,0.1,0.083
1970-01-03 17:10:32.188000,252632188,0.0,29.2,1013.6,0.0,13.8,0,0.0,0.079
1970-01-03 17:10:34.188000,252634188,0.0,29.2,1013.6,0.0,13.8,0,0.0,0.073
1970-01-03 17:10:36.188000,252636188,0.0,29.2,1013.6,0.0,13.8,0,0.1,0.082
1970-01-03 17:10:38.188000,252638188,0.0,29.2,1013.6,0.0,-999.0,0,0.1,0.083
1970-01-03 17:10:40.188000,252640188,0.0,29.2,1013.7,0.0,13.8,0,0.1,0.083
1970-01-03 17:10:42.188000,252642188,0.0,29.2,1013.6,0.0,-999.0,0,0.1,0.083
1970-01-03 17:10:44.188000,252644188,0.0,29.2,1013.5,0.0,14.0,0,0.0,0.078
1970-01-03 17:10:46.188000,252646188,0.0,29.2,1013.6,0.0,-999.0,0,0.0,0.08
1970-01-03 17:10:48.188000,252648188,0.0,29.2,1013.5,0.0,-999.0,0,0.1,0.085
1970-01-03 17:10:50.188000,252650188,0.0,29.2,1013.5,0.0,13.9,0,0.3,0.089
1970-01-03 17:10:52.188000,252652188,0.0,29.2,1013.5,0.0,-999.0,0,0.0,0.08
1970-01-03 17:10:54.188000,252654188,0.0,29.2,1013.5,0.0,13.8,0,0.2,0.085
1970-01-03 17:10:56.188000,252656188,0.0,29.2,1013.5,0.0,13.8,0,0.0,0.077
1970-01-03 17:10:58.188000,252658188,0.0,29.2,1013.5,0.0,-999.0,0,0.0,0.077
1970-01-03 17:11:00.188000,252660188,0.0,29.2,1013.5,0.0,13.6,0,0.2,0.085
1970-01-03 17:11:02.188000,252662188,0.0,29.2,1013.5,0.0,-999.0,0,0.0,0.075
1970-01-03 17:11:04.188000,252664188,0.0,29.2,1013.6,0.0,13.8,0,0.1,0.082
1970-01-03 17:11:06.188000,252666188,0.0,29.2,1013.5,0.0,13.8,0,0.0,0.069
1970-01-03 17:11:08.188000,252668188,0.0,29.2,1013.5,0.0,13.8,0,0.0,0.075
1970-01-03 17:11:10.188000,252670188,0.0,29.2,1013.7,0.0,-999.0,0,0.0,0.073
1970-01-03 17:11:12.188000,252672188,0.0,29.2,1013.5,0.0,13.9,0,0.1,0.085
1970-01-03 17:11:14.188000,252674188,0.0,29.2,1013.5,0.0,-999.0,0,0.0,0.081
1970-01-03 17:11:16.188000,252676188,0.0,29.2,1013.7,0.0,13.9,0,0.0,0.078
1970-01-03 17:11:18.188000,252678188,0.0,29.2,1013.3,0.0,13.9,0,0.0,0.077
1970-01-03 17:11:20.188000,252680188,0.0,29.2,1013.5,0.0,13.9,0,0.0,0.08
1970-01-03 17:11:22.188000,252682188,0.0,29.2,1013.7,0.0,13.9,0,0.2,0.085
1970-01-03 17:11:24.188000,252684188,0.0,29.2,1013.6,0.0,13.9,0,0.0,0.078
1970-01-03 17:11:26.188000,252686188,0.0,29.2,1013.6,0.0,13.9,0,0.0,0.081
1970-01-03 17:11:28.188000,252688188,0.0,29.2,1013.9,0.0,13.8,0,0.3,0.091
1970-01-03 17:11:30.188000,252690188,0.0,29.2,1013.9,0.0,13.9,0,0.3,0.09
1970-01-03 17:11:32.188000,252692188,0.0,29.2,1013.9,0.0,-999.0,0,0.0,0.08
1970-01-03 17:11:34.188000,252694188,0.0,29.2,1014.0,0.0,13.9,0,0.0,0.077
1970-01-03 17:11:36.188000,252696188,0.0,29.2,1013.9,0.0,-999.0,0,0.1,0.082
1970-01-03 17:11:38.188000,252698188,0.0,29.2,1013.9,0.0,-999.0,0,0.1,0.085
1970-01-03 17:11:40.188000,252700188,0.0,29.2,1014.0,0.0,14.0,0,0.0,0.073
1970-01-03 17:11:42.188000,252702188,0.0,29.2,1013.9,0.0,-999.0,0,0.0,0.074
1970-01-03 17:11:44.188000,252704188,0.0,29.2,1014.0,0.0,13.8,0,0.1,0.082
1970-01-03 17:11:46.188000,252706188,0.0,29.2,1013.9,0.0,13.9,0,0.4,0.092
1970-01-03 17:11:48.188000,252708188,0.0,29.2,1013.9,0.0,13.9,0,0.1,0.085
1970-01-03 17:11:50.188000,252710188,0.0,29.2,1013.9,0.0,14.0,0,0.1,0.084
1970-01-03 17:11:52.188000,252712188,0.0,29.2,1013.9,0.0,-999.0,0,0.0,0.076
1970-01-03 17:11:54.188000,252714188,0.0,29.2,1013.9,0.0,13.8,0,0.0,0.072
1970-01-03 17:11:56.188000,252716188,0.0,29.2,1013.9,0.0,-999.0,0,0.0,0.079
1970-01-03 17:11:58.188000,252718188,0.0,29.2,1013.9,0.0,13.8,0,0.2,0.085
1970-01-03 17:12:00.188000,252720188,0.0,29.2,1013.9,0.0,-999.0,0,0.0,0.073
1970-01-03 17:12:02.188000,252722188,0.0,29.2,1013.9,0.0,-999.0,0,0.1,0.083
1970-01-03 17:12:04.188000,252724188,0.0,29.2,1013.9,0.0,13.8,0,0.0,0.077
1970-01-03 17:12:06.188000,252726188,0.0,29.2,1013.9,0.0,-999.0,0,0.0,0.077
1970-01-03 17:12:08.188000,252728188,0.0,29.2,1013.7,0.0,13.8,0,0.0,0.081
1970-01-03 17:12:10.188000,252730188,0.0,29.2,1014.0,0.0,13.8,0,0.0,0.08
1970-01-03 17:12:12.188000,252732188,0.0,29.2,1013.9,0.0,13.8,0,0.0,0.08
1970-01-03 17:12:14.188000,252734188,0.0,29.2,1013.9,0.0,-999.0,0,0.0,0.081
1970-01-03 17:12:16.188000,252736188,0.0,29.2,1013.9,0.0,-999.0,0,0.0,0.077
1970-01-03 17:12:18.188000,252738188,0.0,29.2,1013.9,0.0,13.4,0,0.0,0.078
1970-01-03 17:12:20.188000,252740188,0.0,29.2,1013.9,0.0,-999.0,0,0.1,0.082
1970-01-03 17:12:22.188000,252742188,0.0,29.2,1013.7,0.0,13.9,0,0.0,0.077
1970-01-03 17:12:24.188000,252744188,0.0,29.2,1013.7,0.0,-999.0,0,0.0,0.073
1970-01-03 17:12:26.188000,252746188,0.0,29.2,1013.7,0.0,13.7,0,0.0,0.079
1970-01-03 17:12:28.188000,252748188,0.0,29.2,1013.7,0.0,13.9,0,0.0,0.079
1970-01-03 17:12:30.188000,252750188,0.0,29.2,1013.7,0.0,13.9,0,0.0,0.081
1970-01-03 17:12:32.188000,252752188,0.0,29.2,1013.6,0.0,13.9,0,0.0,0.081
1970-01-03 17:12:34.188000,252754188,0.0,29.2,1013.7,0.0,13.8,0,0.0,0.079
1970-01-03 17:12:36.188000,252756188,0.0,29.2,1013.7,0.0,13.9,0,0.0,0.081
1970-01-03 17:12:38.188000,252758188,0.0,29.2,1013.9,0.0,-999.0,0,0.1,0.082
1970-01-03 17:12:40.188000,252760188,0.0,29.2,1013.7,0.0,13.9,0,0.0,0.073
1970-01-03 17:12:42.188000,252762188,0.0,29.2,1013.7,0.0,-999.0,0,0.0,0.078
1970-01-03 17:12:44.188000,252764188,0.0,29.2,1013.7,0.0,13.9,0,0.0,0.081
1970-01-03 17:12:46.188000,252766188,0.0,29.2,1013.6,0.0,13.9,0,0.0,0.077
1970-01-03 17:12:48.188000,252768188,0.0,29.2,1013.6,0.0,-999.0,0,0.2,0.087
1970-01-03 17:12:50.188000,252770188,0.0,29.2,1013.7,0.0,13.9,0,0.0,0.076
1970-01-03 17:12:52.188000,252772188,0.0,29.2,1013.7,0.0,13.9,0,0.1,0.085
1970-01-03 17:12:54.188000,252774188,0.0,29.2,1013.7,0.0,14.0,0,0.0,0.073
1970-01-03 17:12:56.188000,252776188,0.0,29.2,1013.9,0.0,13.8,0,0.0,0.079
1970-01-03 17:12:58.188000,252778188,0.0,29.2,1013.7,0.0,13.8,0,0.0,0.073
1970-01-03 17:13:00.189000,252780189,0.0,29.2,1013.6,0.0,-999.0,0,0.1,0.083
1970-01-03 17:13:02.188000,252782188,0.0,29.2,1013.7,0.0,-999.0,0,0.2,0.086
1970-01-03 17:13:04.188000,252784188,0.0,29.2,1013.6,0.0,13.9,0,0.0,0.08
1970-01-03 17:13:06.188000,252786188,0.0,29.2,1013.6,0.0,13.8,0,0.0,0.076
1970-01-03 17:13:08.188000,252788188,0.0,29.2,1013.6,0.0,13.8,0,0.0,0.076
1970-01-03 17:13:10.188000,252790188,0.0,29.2,1013.5,0.0,-999.0,0,0.1,0.085
1970-01-03 17:13:12.188000,252792188,0.0,29.2,1013.5,0.0,13.8,0,0.0,0.075
1970-01-03 17:13:14.188000,252794188,0.0,29.2,1013.6,0.0,-999.0,0,0.0,0.079
1970-01-03 17:13:16.188000,252796188,0.0,29.2,1013.5,0.0,-999.0,0,0.1,0.082
1970-01-03 17:13:18.188000,252798188,0.0,29.2,1013.5,0.0,13.8,0,0.0,0.077
1970-01-03 17:13:20.188000,252800188,0.0,29.2,1013.6,0.0,-999.0,0,0.1,0.082
1970-01-03 17:13:22.188000,252802188,0.0,29.2,1013.5,0.0,-999.0,0,0.0,0.081
1970-01-03 17:13:24.188000,252804188,0.0,29.2,1013.6,0.0,13.9,0,0.0,0.081
1970-01-03 17:13:26.188000,252806188,0.0,29.2,1013.5,0.0,13.9,0,0.0,0.074
1970-01-03 17:13:28.188000,252808188,0.0,29.2,1013.6,0.0,13.9,0,0.3,0.089
1970-01-03 17:13:30.188000,252810188,0.0,29.2,1013.6,0.0,13.8,0,0.1,0.085
1970-01-03 17:13:32.188000,252812188,0.0,29.2,1013.6,0.0,-999.0,0,0.1,0.082
1970-01-03 17:13:34.188000,252814188,0.0,29.2,1013.5,0.0,13.8,0,0.1,0.082
1970-01-03 17:13:36.188000,252816188,0.0,29.2,1013.6,0.0,-999.0,0,0.0,0.077
1970-01-03 17:13:38.188000,252818188,0.0,29.2,1013.5,0.0,13.8,0,0.0,0.081
1970-01-03 17:13:40.188000,252820188,0.0,29.2,1013.5,0.0,13.8,0,0.0,0.074
1970-01-03 17:13:42.188000,252822188,0.0,29.2,1013.5,0.0,13.8,0,0.0,0.076
1970-01-03 17:13:44.188000,252824188,0.0,29.2,1013.3,0.0,-999.0,0,0.0,0.078
1970-01-03 17:13:46.188000,252826188,0.0,29.2,1013.5,0.0,13.8,0,0.2,0.085
1970-01-03 17:13:48.188000,252828188,0.0,29.2,1013.5,0.0,13.9,0,0.0,0.073
1970-01-03 17:13:50.188000,252830188,0.0,29.2,1013.3,0.0,-999.0,0,0.0,0.077
1970-01-03 17:13:52.188000,252832188,0.0,29.2,1013.3,0.0,13.8,0,0.1,0.082
1970-01-03 17:13:54.188000,252834188,0.0,29.2,1013.5,0.0,13.8,0,0.0,0.077
1970-01-03 17:13:56.189000,252836189,0.0,29.2,1013.5,0.0,13.8,0,0.1,0.084
1970-01-03 17:13:58.188000,252838188,0.0,29.2,1013.3,0.0,-999.0,0,0.0,0.078
1970-01-03 17:14:00.188000,252840188,0.0,29.2,1013.5,0.0,13.8,0,0.0,0.078
1970-01-03 17:14:02.188000,252842188,0.0,29.2,1013.3,0.0,-999.0,0,0.2,0.085
1970-01-03 17:14:04.188000,252844188,0.0,29.2,1013.5,0.0,13.9,0,0.0,0.077
1970-01-03 17:14:06.188000,252846188,0.0,29.2,1013.3,0.0,-999.0,0,0.0,0.073
1970-01-03 17:14:08.188000,252848188,0.0,29.2,1013.3,0.0,-999.0,0,0.1,0.082
1970-01-03 17:14:10.188000,252850188,0.0,29.2,1013.3,0.0,14.0,0,0.2,0.085
1970-01-03 17:14:12.188000,252852188,0.0,29.2,1013.2,0.0,-999.0,0,0.0,0.078
1970-01-03 17:14:14.188000,252854188,0.0,29.2,1013.3,0.0,13.7,0,0.0,0.081
1970-01-03 17:14:16.188000,252856188,0.0,29.2,1013.1,0.0,13.7,0,0.0,0.08
1970-01-03 17:14:18.188000,252858188,0.0,29.2,1013.3,0.0,13.8,0,0.3,0.09
1970-01-03 17:14:20.188000,252860188,0.0,29.2,1013.3,0.0,13.7,0,0.3,0.089
1970-01-03 17:14:22.188000,252862188,0.0,29.2,1013.1,0.0,13.7,0,0.0,0.076
1970-01-03 17:14:24.188000,252864188,0.0,29.2,1013.3,0.0,13.8,0,0.0,0.076
1970-01-03 17:14:26.188000,252866188,0.0,29.2,1012.8,0.0,-999.0,0,0.2,0.088
1970-01-03 17:14:28.188000,252868188,0.0,29.2,1013.1,0.0,13.6,0,0.0,0.08
1970-01-03 17:14:30.188000,252870188,0.0,29.2,1013.1,0.0,13.8,0,0.0,0.073
1970-01-03 17:14:32.188000,252872188,0.0,29.2,1013.1,0.0,13.7,0,0.0,0.077
1970-01-03 17:14:34.188000,252874188,0.0,29.2,1012.7,0.0,-999.0,0,0.0,0.08
1970-01-03 17:14:36.188000,252876188,0.0,29.2,1013.1,0.0,13.2,0,0.0,0.075
1970-01-03 17:14:38.188000,252878188,0.0,29.2,1013.3,0.0,-999.0,0,0.0,0.076
1970-01-03 17:14:40.188000,252880188,0.0,29.2,1013.3,0.0,-999.0,0,0.0,0.077
1970-01-03 17:14:42.188000,252882188,0.0,29.2,1013.3,0.0,-999.0,0,0.0,0.077
1970-01-03 17:14:44.188000,252884188,0.0,29.2,1013.1,0.0,-999.0,0,0.1,0.082
1970-01-03 17:14:46.188000,252886188,0.0,29.2,1013.3,0.0,13.0,0,0.0,0.063
1970-01-03 17:14:48.188000,252888188,0.0,29.2,1013.3,0.0,13.1,0,0.0,0.078
1970-01-03 17:14:50.188000,252890188,0.0,29.2,1013.2,0.0,13.1,0,0.0,0.077
1970-01-03 17:14:52.188000,252892188,0.0,29.2,1013.2,0.0,13.2,0,0.0,0.081
1970-01-03 17:14:54.188000,252894188,0.0,29.2,1013.3,0.0,13.5,0,0.1,0.083
1970-01-03 17:14:56.188000,252896188,0.0,29.2,1010.5,0.0,13.4,0,0.0,0.081
1970-01-03 17:14:58.188000,252898188,0.0,29.2,1009.6,0.0,13.0,0,0.1,0.085
1970-01-03 17:15:00.188000,252900188,0.0,29.2,1009.2,0.0,13.4,0,0.0,0.075
1970-01-03 17:15:02.188000,252902188,0.0,29.2,1009.2,0.0,13.8,0,0.3,0.089
1970-01-03 17:15:04.188000,252904188,0.0,29.2,1009.2,0.0,-999.0,0,0.0,0.081
1970-01-03 17:15:06.188000,252906188,0.0,29.2,1009.2,0.0,-999.0,0,0.0,0.073
1970-01-03 17:15:08.188000,252908188,0.0,29.2,1009.2,0.0,13.8,0,0.0,0.077
1970-01-03 17:15:10.188000,252910188,0.0,29.2,1009.1,0.0,-999.0,0,0.0,0.081
1970-01-03 17:15:12.188000,252912188,0.0,29.2,1009.2,0.0,13.6,0,0.0,0.079
1970-01-03 17:15:14.188000,252914188,0.0,29.2,1009.2,0.0,13.6,0,0.0,0.077
1970-01-03 17:15:16.188000,252916188,0.0,29.2,1009.2,0.0,13.8,0,0.1,0.084
1970-01-03 17:15:18.188000,252918188,0.0,29.2,1009.2,0.0,13.8,0,0.0,0.078
1970-01-03 17:15:20.188000,252920188,0.0,29.2,1009.1,0.0,13.8,0,0.0,0.077
1970-01-03 17:15:22.188000,252922188,0.0,29.2,1009.2,0.0,-999.0,0,0.0,0.079
1970-01-03 17:15:24.188000,252924188,0.0,29.2,1009.1,0.0,13.7,0,0.1,0.084
1970-01-03 17:15:26.188000,252926188,0.0,29.2,1009.1,0.0,-999.0,0,0.0,0.08
1970-01-03 17:15:28.188000,252928188,0.0,29.2,1009.2,0.0,13.8,0,0.1,0.084
1970-01-03 17:15:30.188000,252930188,0.0,29.2,1009.1,0.0,13.6,0,0.0,0.074
1970-01-03 17:15:32.188000,252932188,0.0,29.2,1009.2,0.0,13.6,0,0.0,0.081
1970-01-03 17:15:34.188000,252934188,0.0,29.2,1009.2,0.0,13.5,0,0.1,0.084
1970-01-03 17:15:36.188000,252936188,0.0,29.2,1009.2,0.0,13.8,0,0.0,0.075
1970-01-03 17:15:38.188000,252938188,0.0,29.2,1009.2,0.0,13.8,0,0.0,0.08
1970-01-03 17:15:40.188000,252940188,0.0,29.2,1009.1,0.0,13.8,0,0.0,0.079
1970-01-03 17:15:42.188000,252942188,0.0,29.2,1009.3,0.0,13.8,0,0.3,0.089
1970-01-03 17:15:44.188000,252944188,0.0,29.2,1009.2,0.0,13.8,0,0.0,0.077
1970-01-03 17:15:46.188000,252946188,0.0,29.2,1009.2,0.0,13.6,0,0.1,0.084
1970-01-03 17:15:48.188000,252948188,0.0,29.2,1009.1,0.0,13.7,0,0.0,0.073
1970-01-03 17:15:50.188000,252950188,0.0,29.2,1009.2,0.0,13.8,0,0.0,0.078
1970-01-03 17:15:52.188000,252952188,0.0,29.2,1009.1,0.0,13.6,0,0.0,0.077
1970-01-03 17:15:54.188000,252954188,0.0,29.2,1009.2,0.0,13.6,0,0.1,0.082
1970-01-03 17:15:56.188000,252956188,0.0,29.2,1009.2,0.0,13.6,0,0.0,0.08
1970-01-03 17:15:58.188000,252958188,0.0,29.2,1009.2,0.0,13.6,0,0.0,0.075
1970-01-03 17:16:00.188000,252960188,0.0,29.2,1009.1,0.0,13.8,0,0.1,0.083
1970-01-03 17:16:02.188000,252962188,0.0,29.2,1009.2,0.0,-999.0,0,0.0,0.075
1970-01-03 17:16:04.188000,252964188,0.0,29.2,1009.2,0.0,13.8,0,0.0,0.077
1970-01-03 17:16:06.188000,252966188,0.0,29.2,1009.3,0.0,-999.0,0,0.0,0.072
1970-01-03 17:16:08.188000,252968188,0.0,29.2,1009.2,0.0,13.6,0,0.4,0.094
1970-01-03 17:16:10.188000,252970188,0.0,29.2,1009.2,0.0,-999.0,0,0.0,0.081
1970-01-03 17:16:12.188000,252972188,0.0,29.2,1009.1,0.0,13.6,0,0.0,0.081
1970-01-03 17:16:14.188000,252974188,0.0,29.2,1009.2,0.0,-999.0,0,0.0,0.081
1970-01-03 17:16:16.188000,252976188,0.0,29.2,1009.2,0.0,13.8,0,0.0,0.081
1970-01-03 17:16:18.188000,252978188,0.0,29.2,1009.2,0.0,-999.0,0,0.0,0.081
1970-01-03 17:16:20.188000,252980188,0.0,29.2,1009.2,0.0,13.7,0,0.2,0.088
1970-01-03 17:16:22.188000,252982188,0.0,29.2,1009.2,0.0,-999.0,0,0.1,0.085
1970-01-03 17:16:24.188000,252984188,0.0,29.2,1009.2,0.0,-999.0,0,0.0,0.073
1970-01-03 17:16:26.188000,252986188,0.0,29.2,1009.2,0.0,14.2,0,0.0,0.077
1970-01-03 17:16:28.188000,252988188,0.0,29.2,1009.2,0.0,-999.0,0,0.0,0.078
1970-01-03 17:16:30.188000,252990188,0.0,29.2,1009.2,0.0,13.9,0,0.0,0.08
1970-01-03 17:16:32.188000,252992188,0.0,29.2,1009.2,0.0,13.9,0,0.0,0.079
